"","Name","Position","1B_total","2B_total","3B_total","HR_total","BB_total","SO_total","RBI_total","SB_total","R_total","H_total","FPTS"
"1","A.J. Ewing","CF/2B/RF",16.26361776503,3.66694808705381,1.24760312181043,0.695281449820594,16.6876751183661,22.1123542695519,9.39396398983122,6.19472871303784,13.5618969397752,21.8734504237148,80.9065853243733
"2","A.J. Vukovich","LF/RF",15.6389617645575,4.14157743945292,0.550180593286161,3.07252630461802,14.5355977356128,35.3627750690738,11.9648148883638,1.034283168923,11.9425037062781,23.4032461019146,74.2480825401142
"3","Aaron Bracho",NA,6.41450073906299,1.77381326980838,0.157729919565003,1.74618095881711,7.90667834410095,15.7841055266086,6.806325806071,0.522161881900151,5.24258027140167,10.0922248872535,34.3914530799144
"4","Aaron Judge","RF",76.5370328353926,24.8577920768181,0.895261051839871,46.8450389266149,254.767762974788,157.363572552571,115.286673147886,8.75372844652549,107.602238882426,149.135124890666,688.867873556606
"5","Aaron McKeithan","C",4.73182920413386,0.641746543606415,0.000453811496055777,0.349262810605601,5.46644034022303,7.50799764844466,3.30540127597802,0.00122332575178601,2.18915400426535,5.72329236984193,16.8481006654916
"6","Aaron Parker","C",4.89161647184245,1.91437747454544,0.156166791078589,1.21657201022833,5.11806853394147,12.0325614042,5.28056061620683,0.345264368519282,4.3621084046979,8.1787327476948,28.3679973156961
"7","Aaron Sabato","1B",8.17517289632926,2.72419239840791,0.156889527905641,1.92110350770625,10.6156134195944,24.3163811008101,7.45683488658122,0.346487694271068,5.90171609729679,12.9773583303491,37.1220145457241
"8","Aaron Schunk","3B/SS/2B",11.9803917954105,3.57473580629585,0.376271352608087,1.41911742439961,9.49310950090299,21.3170143783613,8.45879924390715,0.825657752827454,8.6135542426737,17.350516378714,57.2171767818999
"9","Aaron Zavala","LF/CF/RF",10.0738653059542,2.59233120573122,0.316485116954429,1.23914811575169,18.6517141467304,31.578053177877,7.197936611882,0.876560416032768,8.66108333184667,14.2218297443916,34.7657622019542
"10","Abel Bastidas",NA,5.05580360046488,1.11861359687202,0.156267638077713,0.174556539809171,3.75467193110284,13.603014626375,2.80869162843694,0.173031804005225,3.52328335870195,6.50524137522378,14.3725347828954
"11","Abimelec Ortiz","1B/RF",35.8565945202925,11.0085482992903,1.09286107870927,9.74142091576319,44.1661873988456,74.952299616641,33.2781522093226,1.09799549950121,30.9416091961539,57.6994248140552,205.882264934501
"12","Abraham Toro","1B/3B/2B",13.4255409311364,4.45063145589174,0.566866464196789,2.43274913512249,14.8985520134118,20.5864780453352,10.1486671080297,0.932788659433425,10.6059815327068,20.8757879863475,76.61093500353
"13","Abrahan Gutierrez","C",5.70706921135427,1.2795568012237,0.000487427162430279,0.349179626723791,4.78163485498054,9.24688496766327,3.79949463473413,0.173374335215725,3.0254066508587,7.33629306646419,22.0883403882578
"14","Adael Amador","2B",28.2872795011023,7.10434300279354,0.576477799828683,3.77483407463216,34.8828793467596,31.2316726356818,18.5250665213257,5.78552398432986,20.0502228234833,39.7429343783567,151.939744654875
"15","Adam Frazier","2B",37.2328128481391,9.21307432345574,1.17727793466317,3.17344981801487,33.4525796126347,45.5960460297734,20.3781112033732,3.95670899189476,24.0616636257723,50.7966149242729,176.278262210912
"16","Adam Hackenberg","C",6.85524530139885,1.60021415860556,0.000403387996494024,0.696895217127717,6.83840622897401,17.2908478292708,4.46404275506432,0.518198306464364,4.20260763560476,9.15275806512862,23.0439816492302
"17","Adam Hall",NA,6.35642257500034,1.27862670833175,0.312552083988612,0.174240441058291,5.80068263690866,16.7349852058601,3.96095483486447,2.23941480292332,4.19438572612179,8.12184180837899,20.4517477826703
"18","Adam Retzbach","1B/C",6.83845813975836,2.2334902133746,0.31219911949168,1.38948150917765,10.5646883120924,27.8647363983726,6.76082290112468,0.344791349228592,4.69711417461044,10.7736289818023,23.2852119518889
"19","Adam Zebrowski","C",7.81476426712328,1.91512487061932,0.156234022411338,1.3894149620722,8.18064127461687,22.2971244998039,6.10299505198724,0.344921837308782,5.19852386138003,11.2755381222261,29.5717684192092
"20","Addison Barger","RF",61.1957378794838,24.9390006645005,0.956979946087597,18.0276393402534,81.3939245931467,116.597191845229,63.1653021204776,4.11027755893161,57.9617511480423,105.119357830325,404.934091050635
"21","Addison Kopack",NA,2.12962667017029,0.640799841912826,0.312098272492557,0.175255284416379,3.42092024238929,8.39803300396317,1.4926084319946,0.00225091938328626,2.01892405032215,3.25778006899205,6.67985284486011
"22","Adley Rutschman","C",79.3422852284677,25.6882864987588,1.17783383491571,17.3611458283619,127.411296809029,88.4248481119335,65.7195820210151,1.01047521903884,66.8992092167322,123.569551390504,496.040464170041
"23","Adolis García","RF",71.5587363783519,24.2233323363196,1.01151755870628,23.9493108109777,76.2821328164477,144.748856204355,76.4468595431825,11.3487734886499,66.719696827819,120.742897084355,470.089464795028
"24","Adrian De Leon","C",5.05169142276464,1.75458027750705,0.000302540997370518,0.521673206264062,10.2254091068934,20.0417936466064,4.12506552363317,0.173015492995201,4.19306696440274,7.32824744753311,13.754301655318
"25","Adrian Del Castillo","C",28.9423126610817,10.4463578776911,0.931879937825856,6.96445434136816,38.8054758974916,65.365936459837,27.9332774763059,0.552802968228401,24.6855323791689,47.2850048179668,162.864171595214
"26","Adrian Pinto","2B/CF",2.45901627993372,0.482962483468182,0.000420195829681275,0.696595755153199,2.74026857131042,4.20568164433061,2.64871912192943,0.518198306464364,3.02569970901849,3.63899471438479,15.4775097768232
"27","Adrian Placencia","2B",9.43690386940319,2.2329753405237,0.468063369572899,2.25580913899501,17.0312062593231,32.3804623060621,8.73485364619135,0.861097578530193,9.21204813476183,14.3937517184948,39.5453217055602
"28","Adrian Rodriguez","SS/2B/3B",7.49021450436507,0.958517441404071,0.312115080325744,0.17430698816374,8.51871031348473,18.2974173866298,3.95967234036204,0.345329612559377,5.19539790767561,8.93515401425862,20.1141130832899
"29","Adrian Santana","SS/2B",13.0162417352885,2.23320786374669,0.312148695992118,0.174140620400119,8.17769762678438,12.193660577433,5.44186691699688,3.78877388809877,9.04325090959983,15.7357389154274,56.6673750004761
"30","Adrián Sugastey","C",8.96955707108059,1.76050961969321,0.156939951405203,0.697161405549511,4.78497098919069,8.03305032462435,4.95993160612383,0.174140952686844,4.70494533988036,11.5841680477285,40.7243454564044
"31","Aeverson Arteaga","SS",10.2572133784622,2.55424722356631,0.312434429156302,1.04233156917004,7.83989024550163,23.6878880291548,6.43424311655039,0.517333822933102,6.20386679129518,14.1662266003549,38.2723462920775
"32","Agustín Ramírez","C",70.1783380065635,26.1260365837874,0.99401387032529,18.391134208955,78.7927282590551,103.817374858069,65.8360422372146,11.7816711210331,62.3937825645763,115.689522669631,466.550156024952
"33","Ahbram Liendo","3B/SS/2B",13.0146848614267,1.59710831269852,0.312417621323114,0.52125728685501,11.9239638079656,24.7243853825516,5.93649037348067,3.95978312686104,7.87420671030123,15.4454680823033,43.1682144909112
"34","Aidan Longwell","1B/LF",11.3920206603455,3.98494803617297,0.312131888158931,1.38964787694127,10.2197507616154,17.5874147827328,8.07906068833111,0.516893425662459,7.20655591676335,17.0787484616187,58.2294960761948
"35","Aidan Miller","SS",17.0213191237431,5.68257284981174,0.404817427634577,2.82105318894363,25.2891321803143,36.434419910324,13.933625685025,6.86604605090853,15.9396641063767,25.929762590133,93.049570974297
"36","Aidan Smith","CF/RF/LF",9.59997411025518,2.86917454438172,0.312031041159808,2.25592559642955,13.2841551053866,28.0361600077933,9.06420361889089,3.61453506935178,11.552790337806,15.0371052922263,51.5676983109242
"37","Akil Baddoo","OF",13.0954694070307,4.04495369147462,0.923339430402906,3.04263083366854,23.5365710382073,28.7770816041502,12.1793305980911,3.85241708100043,13.3762777177226,21.1063933625768,78.9696489336804
"38","Alan Roden","LF/RF/CF",36.2232535380725,10.586739036458,1.04622287417899,3.94149522573466,39.9932139045788,40.2174178762992,22.9024569736785,3.61090429357485,27.6592528656446,51.7977106744442,193.851998741951
"39","Alan Trejo",NA,8.45772857970748,3.13947009874375,0.162015917027752,1.43814408003678,7.76109116627962,17.4828782839392,6.3376915459325,0.364397183277215,7.25986421470378,13.1973586755158,43.8490848594312
"40","Albert Almora Jr.",NA,10.2596701904855,3.01471747316979,0.328032098354071,0.741548324883581,7.87389829266016,12.8100882279191,6.23777398199225,1.26194986921063,7.00650770431028,14.343968086893,50.6234742328017
"41","Albert Fabian","LF/RF/1B",6.35522107452002,1.91642035714739,0.156183598911776,1.56392159155229,7.16254200143477,14.8109192530593,5.94124415310302,0.173749488446272,5.36793976487936,9.99174662213147,33.5678063493916
"42","Albert Feliz",NA,4.7262278427397,1.11773333038499,0.000268925330996016,1.21692138253193,5.11551737248664,22.4839367467069,4.2924593983281,0.000913416561333555,3.02281797044723,7.06115148098763,10.7847438102354
"43","Alberto Rios","C",3.75450772425037,0.640500883483272,0.156250830244525,0.348747070538376,4.43908492996767,11.3435180592094,2.48009405251216,0.345248057509258,2.68764939044592,4.90000650851654,10.868736722395
"44","Alec Bohm","3B",98.5153801408289,26.5270203557665,1.84158333131626,14.4650103500011,75.8488241033202,89.081954867908,68.7827225614435,2.94646580274779,64.0826715722384,141.348994177913,544.382105670663
"45","Alec Burleson","1B",95.2554772846976,25.1156059730395,1.01486469697275,19.3497070531176,80.4895958024698,81.0005590475746,72.4173361821413,5.5399484408619,64.9023447722162,140.735655007827,569.260491897465
"46","Alec Makarewicz","1B/3B",8.95146687370793,2.55097528964286,0.623978043153679,1.56244091845606,8.85713913153212,25.5970717646027,6.92474549069969,0.688979191086302,6.7021179623426,13.6888611249605,38.2716083857258
"47","Alejandro Kirk","C",79.1733693970338,19.4906263853825,0.192586256972036,15.092547480386,97.5877771183451,57.8845014791289,59.7344588790534,0.760851290090781,54.0275079307029,113.949129519774,463.639146520525
"48","Alejandro Nunez","2B/3B/SS",10.2538288700669,2.2332909077549,0.156334869410462,0.868390590086263,7.15567348982563,23.3323476348104,5.77255068397896,1.89436247753435,6.7026877976533,13.5118452373186,36.7239214531465
"49","Alejandro Osuna","LF/CF/RF",18.1475482412548,5.25887299116867,0.456876160317698,2.18238407434103,22.9972223569794,27.5236898448659,12.4486793282469,3.85630673481424,14.7359744451218,26.0456814670822,94.3740925993909
"50","Alejo Lopez",NA,13.3418576181912,3.0298021815022,0.1562844459109,0.521190739749561,13.2863137804638,12.5432546192895,7.58255623991042,1.72188524786993,7.70767254537316,17.0491349853539,60.5222076624984
"51","Alek Thomas","LF",58.1855532794573,17.7992245229413,2.71324928554075,8.73616110549876,46.2255300970496,90.4526358209158,40.669840519467,7.03979554281243,45.3061929947057,87.4341881934381,314.299964226903
"52","Alex Binelas","1B/3B",7.04055176240769,1.92701677259493,0.31372863231172,1.74732889638609,11.3093152627307,21.8827164538448,6.46974256437773,0.864522890635194,6.57270449765449,11.0286260637004,32.9065924163006
"53","Alex Bregman","3B",89.6150684042562,27.3380016154454,1.11722327098035,21.1633748771877,134.73141848016,89.1886590199437,76.9779892593738,2.48969716857655,77.9986945244285,139.23366816787,579.041299225013
"54","Alex Call","OF",26.4996819607293,8.03917916023444,0.469711276438101,4.80313168213734,45.7280232958507,37.1627851706247,21.1745713090429,3.09839949767897,24.2682991148778,39.8117040795392,154.201593749115
"55","Alex De Goti",NA,7.32885344025268,1.91565635227186,0.000369772330119522,0.347865321391185,10.9096585697676,14.9893347274932,3.96119423383826,0.517676354143602,5.36522083639688,9.59274488624585,26.5929832167288
"56","Alex De Jesus",NA,7.56985198690552,2.09790864913012,0.315459839130007,0.877241355110898,9.62534797202842,21.9367727186314,5.49470569049712,0.523189475531651,5.91946239697291,10.8604618302765,27.9425227279227
"57","Alex Freeland","SS/3B/2B",19.0889735394355,6.46844163723028,0.26217383073064,4.65759684303055,34.2119142156065,42.9870993079573,17.4537199756005,3.58164901687914,19.5559808742496,30.477185850427,110.001387937836
"58","Alex Jackson","C",8.64514947278874,4.01857301421014,0.202931481264303,3.01786193215488,11.7529616339954,27.7338003369769,9.61353711443841,0.309737149791054,10.0201632468291,15.8845159004181,53.3412066485392
"59","Alex Mooney","SS/3B/2B",8.3016566014285,2.71185205878797,0.156234022411338,0.695031898175163,11.923832979173,26.2900684538297,5.77184958698429,2.23928431484313,7.5390544113088,11.864774580803,29.9638593998515
"60","Alex Ramírez",NA,10.4872199426356,2.3507483529665,0.164637939004964,0.741198952579977,11.3423748011432,21.1231321032673,5.70228170069759,3.39227202742208,7.98440085325851,13.7438051871871,42.0908591283885
"61","Alex Verdugo","LF/RF",21.500488915793,6.37725215671774,0.227960576531058,2.55073403942835,21.3578908516173,21.1527726878059,13.4778210902609,0.805559298030862,16.1126515919907,30.6564356884702,115.697941785952
"62","Alexander Canario",NA,6.48599847891284,2.1162115485395,0.160251094543091,1.95411087200864,8.69804388087949,17.8006744381038,5.91239388452426,0.702745683546401,5.98919395799385,10.7165719940041,35.2524214236246
"63","Alexander Ramirez","LF/RF/CF",5.21430475498327,1.27714852498562,0.156217214578151,1.38923195753222,5.79610362916924,28.3979571411565,5.77217448559157,1.03350956415451,5.86524663741191,8.03690245207926,14.1409597289779
"64","Alexander Vargas","SS/3B/2B",9.29373453791533,2.07919052967968,0.62476801131348,1.21708775029555,6.82718766001242,18.1302248357101,6.11217771262466,2.07029764132381,7.04746217289214,13.214780829204,43.724044981936
"65","Alexis Hernandez","2B/SS/3B",5.94767239145486,1.35710525431056,0.156158387161995,0.782143800316127,7.16051415515017,14.905166687371,4.20895056017433,1.3778849826275,5.03012552093552,8.24307983324355,24.4568873056799
"66","Alexis Hernandez","RF/LF/CF",5.94767239145486,1.35710525431056,0.156158387161995,0.782143800316127,7.16051415515017,14.905166687371,4.20895056017433,1.3778849826275,5.03012552093552,8.24307983324355,24.4568873056799
"67","Alfonsin Rosario","CF/RF/LF",10.250207446084,3.0299184431137,0.312165503825306,3.12338452703953,13.6249715488981,31.6826137852722,10.8768254636073,1.37722438672153,10.0496195430742,16.7156759200626,53.7924864002015
"68","Alfredo Velásquez","2B/SS/3B",10.5830830994946,1.12035752104442,0.312552083988612,0.174606450138257,3.07127285538031,8.36670030046944,3.79862253847248,1.72258662130096,6.20166885509676,12.1905991546659,42.1972562178347
"69","Ali Camarillo","SS/3B/2B",11.5535678724196,2.39209157669477,0.156166791078589,0.174356898492826,9.19713789509017,16.545036421381,5.27720903057381,1.54948957325564,5.36401604173997,14.2761831386858,41.7017234945763
"70","Ali Sánchez","C",6.64412271113935,1.51377803841949,0.00344560580338646,0.907869660393515,6.4130669465662,12.0039801523571,4.81137915841396,0.189701656249562,4.38630625876594,9.06921601575575,28.8353331995464
"71","Alika Williams","SS/3B/2B",14.5923246043695,3.40698773101957,0.551103840337873,1.34079882220475,11.4128470133115,19.1434537879595,8.29268803155323,0.758001509714656,9.92107730686162,19.8912149979317,68.0335499322746
"72","Allan Castro","CF/RF/LF",11.0802474167794,3.19596054956945,0.468634835901265,1.21845196595724,13.6495673618984,19.0085798559846,7.59695437819107,1.55190360273916,7.8885665601309,15.9632947682074,53.7073151089424
"73","Allan Cerda",NA,3.75119090602301,1.59680935426897,0.156603794741458,1.39151119589383,9.89172283257615,18.4792307767711,4.78925454550267,0.345867875890163,4.53206158149018,6.89611525092726,17.9608495103271
"74","Ambioris Tavarez","2B/SS",9.76312896381706,1.59657683104598,0.156318061577274,1.04136663614103,11.5832454860485,31.8661097971339,5.935789276486,1.89397101329378,6.70241102050239,12.5573904925813,25.3715458535159
"75","Amed Rosario","INF/OF",46.702961159242,11.2759667727826,1.59875735197212,4.88252139812438,23.1908199307177,47.4840987813484,27.8591961467199,5.60631865663137,29.6195292968591,64.4602066821211,238.102611036325
"76","Anderdson Rojas","3B/2B/RF",11.7155889156691,2.39275592876045,0.468130600905648,0.347815411062099,10.2185405952843,16.5434354803266,5.60732849997481,2.23788156798108,8.70918943820217,14.9242908563973,49.1562999587814
"77","Anderson De Los Santos","3B/1B",8.13921249462963,1.91421138652902,0.468080177406086,1.38866630713591,12.2657941746194,21.0755138573578,6.43049823260328,1.37800731520268,5.53274814286646,11.9101703657006,35.0126215931655
"78","Andre Lipcius",NA,11.4566047503322,2.82522373879566,0.16319246535086,2.3274470980102,14.1184904616137,18.7817751725943,9.52766562445418,0.540218169996512,8.83849748558126,16.772468052489,60.5759602284325
"79","Andrew Benintendi","LF",73.7459447807107,19.3995821265991,1.14619929698874,15.2142437413012,87.6403729257805,84.0016629844125,56.3271206301926,3.19741055091653,53.9741928327051,109.5059699456,425.349682810681
"80","Andrew Cossetti","C/1B",5.5723949959385,2.72445813923418,0.313106742483792,1.57004392525354,12.3343811691163,20.3136518029925,6.46179109846265,0.347140134672021,6.23400293872683,10.18000380291,31.3300971775615
"81","Andrew Jenkins","1B",9.60408628795543,2.23300855812699,0.312098272492557,1.21550725654115,6.81744091496707,20.205522937286,7.25392446413224,0.00070137343102398,7.70591419641442,13.3647003751161,41.3528450947756
"82","Andrew Knizner","C",17.069971387701,4.42253045232662,0.131829720321293,1.8898752530588,18.0953559472667,26.1324645432522,11.3257091496033,0.466338717508988,11.9796847597199,23.5142068134077,78.5377041759488
"83","Andrew McCutchen","OF",31.3272899599462,8.9962327342753,0.142584172240536,6.65502343620555,56.4620864861806,56.8081260247942,24.2649193873058,1.37448040673899,25.7402020540068,47.1211303026676,165.181338118633
"84","Andrew Miller",NA,3.59118364526873,0.799683554860911,0.00033615666374502,0.696146562191423,4.43852890759931,15.0014398022006,2.97511080731002,0.173309091175629,3.35725390504907,5.08734991898481,9.65507931305119
"85","Andrew Navigato",NA,7.96457953123943,2.76299055904342,0.317191045948294,2.28372564973061,9.34840868648188,20.0522153083969,9.35021968509753,1.4035014238699,8.9949494311378,13.3284867859618,49.9304651897254
"86","Andrew Pinckney","CF/LF/RF",14.5398013212565,2.22473345846776,0.487089836740867,2.02079107166792,11.472222377754,28.9519869528618,10.189936762296,3.40781641997477,10.8412913309827,19.272415688133,62.565590971744
"87","Andrew Pintar","CF/RF/LF",8.63480301551067,2.39554620743629,0.312484852655863,0.869438706997075,8.86789979971977,19.0005914868457,5.9416203514904,2.24032821948465,6.20601588446697,12.2122727825999,37.6530233501353
"88","Andrew Stevenson",NA,10.255233441051,2.39445002652792,0.468046561739711,1.21602299660838,8.18044503142803,15.337540198027,7.09174606708054,3.27140744314562,7.20733740518946,14.333753025927,52.2128219350021
"89","Andrew Vaughn","1B",77.9847800282392,24.8633481541653,0.737568309915175,19.3856023880756,78.1096758913569,106.387075213091,73.0026612656106,0.665232811013253,57.3339267153463,122.971298880395,478.023934158288
"90","Andrew Velazquez","SS/2B/LF",7.72801469058438,2.09654672739548,0.00112612482354582,1.22513995005481,7.90258994433361,21.0829218981695,5.82255086964715,2.9472168995771,6.92115838089957,11.0508274928582,33.5347055577359
"91","Andrick Nava","C",4.56865742803001,1.12017482422635,0.000487427162430279,0.17573775093088,5.46774862814858,8.5531858247083,2.48238544268984,0.173243847135534,2.02159413577801,5.86505743034967,15.367572823288
"92","Andruw Monasterio","INF",22.4198016318499,6.33045813502665,0.325085916494151,3.36061980030195,26.747717516055,37.3126389395641,15.46608884415,4.27606195452594,17.8588455152742,32.4359654836726,114.658743194325
"93","Andruw Musett","C/1B",8.79061348585483,1.91402868971096,0.00033615666374502,0.868773235942591,9.20165148843332,18.6411304205313,5.60775599814229,0.000880794541285928,5.19741675277638,11.5737515681721,31.4071985403113
"94","Andrés Chaparro","1B/3B",39.4869759577781,12.9241280815624,0.459446992599966,10.0802002538655,48.5938630879075,71.3798952074817,36.5169664787554,1.22856311874627,30.8443183854933,62.950751285806,230.14582946129
"95","Andrés Giménez","SS",88.2181659515295,22.7495575766422,1.91857308915979,10.9156225837468,66.2619069141939,96.5596647239207,54.310725269297,20.6481800932558,63.2802286170151,123.801919201078,472.418798365084
"96","Andy Garriola","LF/RF/CF",7.00212066957953,2.71168597077155,0.156200406744964,1.73684772727797,6.81698301419313,20.9008556935618,7.25636975365021,0.689028124116374,6.70410424542562,11.606854774374,36.8038407188479
"97","Andy Ibáñez","INF",31.8837834845019,10.470217833533,0.47533191178258,5.10168291495537,29.7966520135685,42.2147000151894,23.4832415290393,3.06116504375137,23.5190637501551,47.9310161447729,178.367749144039
"98","Andy Lugo","1B/3B/LF",7.81770878942715,3.02998487832026,0.312115080325744,0.695481091136939,6.13675653669006,15.334877408314,5.44424380680806,1.37774633904229,5.69990098613187,11.8552898392101,38.4935415536811
"99","Andy Pages","CF",79.3663183740355,27.8513985468236,1.47318941330059,23.2025052014471,73.4409863094615,124.677563280156,77.2060639510788,9.04564813282126,72.1419556241671,131.893411535607,529.801632012498
"100","Andy Perez","SS/3B",15.1291489339862,3.98471551294998,0.623944427487305,1.21482514871031,5.79011821190985,19.1460243083318,8.73516144487193,2.06546958235676,9.88015479654827,20.9526340231338,73.2697433989022
"101","Andy Weber","2B/SS/3B",12.3680052594129,2.71193510279618,0.468601220234891,0.695115082056973,9.54099610802859,16.5444646567187,6.59652411316228,0.345003392358901,8.37612110834602,16.2436566645009,53.2386367400881
"102","Andy Yerzy","C/1B",4.24074007941851,0.95981292793214,0.156183598911776,0.697311136536769,6.14555477298939,12.2151916010016,2.9775047970479,0.173292780165606,2.69057997204382,6.0540477427992,15.1524427120193
"103","Aneudis Mordán",NA,4.2415354388914,1.4366633723961,0.000285733164183267,0.695847100216905,4.43951012354347,12.213263937283,3.30413588140229,0.00141905787207177,3.19023130985468,6.37433164466859,16.9302933852269
"104","Angel Genao","SS",11.3933913862456,2.87261256632159,0.468248255737959,1.04139990969376,9.20017966451707,14.4552154973828,6.92566888674144,1.03339538708435,8.71086638211652,15.7756521179989,56.474980319435
"105","Angel Martínez","INF/OF",41.4870247025441,13.1402731051351,1.28232409380409,6.32482860486866,37.4102506884066,63.1691725513753,29.0368128139387,4.7936527149908,31.8906126238096,62.234450506352,223.934664227769
"106","Angel Mateo","RF/LF/CF",11.3896515044688,3.34715438735733,0.156133175412215,1.38861639680682,8.51700953918152,20.54802709733,8.73451164765736,1.54945695123559,8.37467209855595,16.2815554640452,54.7805499208567
"107","Angel Ortiz","RF/LF",11.3906499344454,3.50716749881706,0.623961235320492,1.21549061976479,10.2191947392471,19.8502602572062,7.9132058070391,0.344938148318806,8.04163633071755,16.7372692883478,55.062889722665
"108","Angel Tejada",NA,4.89478098719202,1.11922812253277,0.156250830244525,0.348281240800238,2.39186405783071,10.1187872153204,2.81002542271947,1.89643397580737,3.52465096344763,6.51854118076955,20.1445201943852
"109","Anthony Donofrio","RF/LF",5.21464320582279,2.71010813461557,0.000201693998247012,0.522272130213097,8.86253581922501,21.2595326254822,4.29076650558489,0.861276999640455,5.02964523117364,8.44722516464971,18.5411595181173
"110","Anthony Gutierrez","CF/RF/1B",9.92978678356803,2.23310821093684,0.000352964496932271,0.175088916652758,7.15796299369534,16.2039861771925,4.784859864341,3.96130005079326,7.20486269184012,12.3383368756546,39.5211279466345
"111","Anthony Hall",NA,5.2163523825624,1.27763018023324,0.312098272492557,0.522238856660373,6.82254323787672,15.6937667099661,3.13920439615203,0.689582698457183,4.3609687340765,7.32831969194857,17.9494914897648
"112","Anthony Prato",NA,8.67309872800303,3.04415218612082,0.469861807723935,0.525416480945534,14.0505323427871,15.4170481583523,6.29444852354782,1.73041590611239,7.57555643321143,12.7125292027933,43.8810855573046
"113","Anthony Rendon","3B",4.94517169082903,1.3386841350689,0.00458853846011952,0.374234611925107,7.11144591903628,5.51435531311272,2.60858290172926,0.543512994021322,3.34809197192777,6.66267897628316,23.4444345311796
"114","Anthony Santander","OF",20.0546575636661,7.03691706481224,0.0998092744693252,9.03914173074236,34.8918482029367,40.9445910671899,25.8578453015576,0.385586493635296,21.4771154720967,36.23052563369,149.821493907148
"115","Anthony Scull","CF/LF/RF",12.2019058835471,2.71014135221886,0.156116367579027,1.73576633681444,7.49456020864696,23.6787397945581,9.39326289283655,1.03310178890392,9.04367421583063,16.8039299401595,54.4327620213116
"116","Anthony Seigler","3B/2B/C",8.72427232298858,2.94015060506816,0.340480328769646,1.36581893099822,18.6085981225511,17.6424882939348,7.04583532234386,2.47629637939221,8.61810339965777,13.3707221878246,48.328481426535
"117","Anthony Servideo",NA,6.06196109187598,1.76589087142519,0.313493322647099,0.524218633047463,10.9624479875635,24.8524933391719,3.81832165402985,1.03887588645235,5.05496219997765,8.66556391899573,15.0218915741369
"118","Anthony Sherwin",NA,4.24121391059385,0.641746543606415,0.000521042828804781,0.522322040542184,7.16613979323003,19.7011681418814,2.64591473395077,0.345672143769878,2.18791664759068,5.40580353757125,3.90550074703431
"119","Anthony Stephan","LF/1B/RF",7.49028219453297,2.71030744023528,0.156166791078589,1.21642227924107,9.54250063914297,17.4233097609895,6.76119909951206,0.689435899366969,5.8676073836991,11.5731787050879,37.286376596968
"120","Anthony Vilar","C/2B/SS",7.16365095911167,1.59636091662464,0.312232735158055,1.04203210719552,13.6320363036961,21.9503076005928,5.11378233887307,0.86168477489105,5.69998239117626,10.1142767180899,25.4148947671445
"121","Anthony Volpe","SS",60.2436705895645,21.7479124195569,2.57023674738636,14.1435057967485,72.840201491353,114.298909908083,51.6676011541743,17.4549713508164,57.0294228878693,98.7053255532562,377.287965449121
"122","Antonio Anderson","3B/1B",8.7891412247029,2.55104172484943,0.156183598911776,0.695098445280611,10.5602074259474,24.7304624241051,5.60690100180734,0.172868693904986,6.36724244050108,12.1914649937447,28.9396489518573
"123","Antonis Macias","2B/1B/RF",10.2535750319373,2.55109155125435,0.156166791078589,0.347549222640305,15.6679077780789,17.2452536814862,5.27695253167332,0.345182813469163,6.20077339960852,13.3083825969105,38.4088756553289
"124","Anyelo Encarnación","SS/3B/2B",8.78863354844361,2.07317814348531,0.312047848992995,0.868057854559021,11.2421346777537,26.8165587097318,5.4415249184629,1.54945695123559,6.19956860495161,12.0419173954809,27.8011913565095
"125","Aramis Garcia","C",5.41308155940525,1.28797746365615,0.000924430825298805,1.22345963564224,6.52120438251867,16.1418512989361,4.48627265977315,0.174532416927415,4.55640168976156,7.92544308952893,21.8118899683463
"126","Archer Brookman",NA,4.73010310485228,1.11841429125231,0.00033615666374502,0.521856210804045,4.78032656705499,9.07799345888986,3.30353738396782,0.172966559965129,3.85921714612048,6.37070976357238,20.0545121588726
"127","Ariel Almonte",NA,6.5128761019396,2.5507925928248,0.156116367579027,1.90970731589821,9.54017842807512,30.4716216294115,6.76060060207759,0.172917626935058,6.03350658928097,11.1294923782416,24.4760275992845
"128","Ariel Armas","C",7.49080679333424,2.71025761383035,0.156149983245402,0.695214902715146,8.86070421612924,15.6798319883393,5.60741399960831,0.689664253507302,4.02687470066108,11.0524292931251,32.9096111332794
"129","Arjun Nimmala","SS",9.60004180042309,3.18827067440924,0.623793156988619,2.25565940800776,12.2609535092948,26.8067080214071,10.7098761870066,1.37715914268144,10.8838859065846,15.6677650398287,54.3703435467614
"130","Armando Alvarez",NA,6.89609169136123,2.30479179882333,0.00393303296581673,1.26290543239676,7.74548983276744,12.8039544054976,5.2952980607841,0.358753573808976,5.87070505026232,10.4677219555471,36.2253423079444
"131","Armando Cruz","2B/SS",8.3035857712138,1.27739765701025,0.312182311658493,0.174240441058291,4.09182516842282,15.3288330390269,3.63063016634308,0.861456420750717,4.3585428637538,10.0674061809408,26.1484985581453
"132","Arol Vera","SS/3B/2B",9.46389532385539,2.23973512279196,0.156671026074207,0.870104178051559,7.86075743791415,20.9439177406992,5.78484553127561,0.518279861514483,6.04661280142709,12.7304056507731,34.7604271149324
"133","Aron Estrada","2B/LF/SS",12.3682083299166,2.71201814680439,0.780262489064579,1.56219136681063,10.5627912946004,16.5422266064692,8.57269234906635,2.92715435724781,8.21119876329678,17.4226803325962,64.3959770862958
"134","Aroon Escobar","2B/3B",14.7996747115129,1.91381277528961,0.624045274486428,2.42846908629891,12.9429461754974,22.4563450177179,11.0385592625648,1.8933675059229,11.7201711151957,19.7660018475879,71.9410689918883
"135","Arturo Disla",NA,8.95229607826477,2.86970602603426,0.000218501831434263,1.56307311595782,8.85746620351351,20.2030071727719,7.09075427133199,0.516958669702554,5.53281326690197,13.3852937220883,40.6527625790001
"136","Arxy Hernandez","3B/SS",10.7386058866251,1.91391242809946,0.46799613824015,0.868423863638987,8.51586478724666,25.9418466471628,6.75856571080039,0.516877114652435,7.53711697125242,13.9889383166037,36.2927043948504
"137","Austin Barnes","C",7.41248548617503,1.19105367869503,0.0412777961059743,0.476825554572134,8.27616117786459,11.708345511185,3.49648359291546,0.44038275534991,4.93087591198729,9.12164251554817,27.2284102303355
"138","Austin Callahan","3B/2B/1B",7.16987845455895,2.3954299458248,0.156301253744087,0.69667893903501,7.50528816963647,21.4394510241713,4.78963074389006,0.689990473707779,5.36878637734098,10.4182885931628,25.4618916206741
"139","Austin Charles","3B/SS",7.97879909286792,1.75584254643183,0.31219911949168,0.868174311993555,7.49665346932784,20.3773222777705,5.27821792624905,1.72235826716062,6.03329493616556,10.915015070785,30.3863577855556
"140","Austin Deming",NA,5.21562471325742,1.91575600508171,0.156301253744087,1.3903798951012,7.50116706267099,22.9973090876426,5.11716812435949,0.68969687552735,4.69776541496552,8.67806186718443,19.9410051266365
"141","Austin Gauthier","2B/3B",12.0769067357734,3.08436209489588,0.472635100199831,1.0570052059214,22.8467959396773,19.4776804847289,7.37581274164348,0.874244252609387,10.7007819494961,16.6909091367905,56.7465337824514
"142","Austin Hays","RF",62.2715146733362,20.5713330341838,1.93307840089734,13.792342176737,60.0390570309111,106.944598473412,50.8426070399071,4.76559418413329,50.891288850087,98.5682682851543,361.074212822368
"143","Austin Hedges","C",17.0934866947584,3.94109374534774,0.0550028182932474,3.11265995028081,22.5821018196046,38.2082006400883,11.412412155724,1.58531764868168,12.4589803088599,24.2022432086802,73.2443183319945
"144","Austin Hendrick","RF/CF",8.5715250046929,2.10405390573762,0.00149589715366534,2.28518968605048,7.94527283790467,31.3132358949038,8.17341808385679,1.04502513723133,6.62252438481864,12.9622644936347,32.3771399501033
"145","Austin Martin","OF/INF",52.5921381127449,14.7744863126651,0.968194334646647,3.18375179075008,68.5712733281006,55.6243476694063,26.2110002459271,11.8711625701506,38.1150887838825,71.5185705508066,261.390745937182
"146","Austin Murr","LF/RF/1B",7.32824422874153,2.55260295220376,0.468281871404333,1.21592317595021,9.88750360401625,14.6392506016404,6.92611348483562,0.861847884991289,6.8722013872059,11.5650522282998,41.8530050631549
"147","Austin Nola",NA,4.40873477998561,0.961075196856925,0.000537850661992032,0.522222219884011,5.12500245994688,6.29194129128939,2.4830865396845,0.000897105551309742,2.85778165833586,5.89257004738854,19.2563517122808
"148","Austin Overn","CF/RF/LF",11.5500987513145,1.91540722024723,0.46829867923752,1.90954094813459,14.3073567014783,26.120049751865,8.24279517871243,5.33743159984319,10.551533941119,15.8433455989338,54.1223751877373
"149","Austin Riley","3B",87.2210787281146,28.4422584064281,2.21813612432632,28.2355245760256,96.7366017999803,159.306622254459,87.5330270076093,2.49057132422399,80.9356572188413,146.116997834895,567.588731184057
"150","Austin Shenton",NA,7.25814180713891,3.13005290821278,0.00413472696406375,2.15500342879901,15.4625571103523,24.0372681188866,8.16519032687715,0.00724208845057319,7.78356260262623,12.5473328711148,39.1640581609497
"151","Austin Slater","RF/LF/CF",13.4210283450899,3.44858307741304,0.277509690593237,2.30469760906272,19.8145776077713,28.1079560949805,9.63196194650918,1.09373003981918,11.6210423237869,19.4518187221589,63.5119296673993
"152","Austin Wells","C",50.4232523946143,18.4255562889887,1.06053744276183,17.3981542344301,75.3766869790052,107.347738916697,55.4606618741268,4.17901598012405,49.1731463946923,87.3075003607949,336.128680292433
"153","Austin Wynns","C",20.6204345978517,5.85376780839541,0.0577647535895109,3.81820298943321,19.2479546335564,39.7382090396012,15.7837541376575,0.612934822094234,14.4660041414945,30.3501701492698,99.5989007933285
"154","Avery Owusu-Asiedu","LF/CF/RF",8.95190685979931,2.23260994688758,0.623944427487305,1.04214856463005,10.9027246437621,22.8173416805539,6.75991660500962,2.23814254414146,8.37530705790216,12.8506097988043,39.7147984186644
"155","Axel Sanchez","SS/2B",5.05370520525982,1.43812494694059,0.156250830244525,0.869189155351643,6.82143119314,17.7757952984239,4.29237389869461,0.862337215292003,4.36214096671566,7.51727013779657,18.6510612691527
"156","Axiel Plaz","C/1B",5.37833958072791,1.91436086574379,0.000302540997370518,1.39021352733758,6.48074557842104,13.7721511771465,5.44556050116389,0.00104390464152406,4.52963571116748,8.68321651480666,28.3393450139976
"157","BJ Murray","1B/3B",10.1479906661788,2.72837781642168,0.157057606237513,2.09457865705188,19.5176595341711,22.7593398439992,8.78405013530468,1.73057901621263,8.42782959253993,15.1280047458899,50.89336213778
"158","Ben Cowles","SS/2B/3B",12.3257376403428,3.6346023056192,0.347897271974938,1.38881438793762,12.95832965531,31.7539201268886,9.01936987773636,2.09519663544022,9.55318315938603,17.6970516058745,50.5018243766795
"159","Ben Gamel","RF/LF/CF",13.9094123292104,4.49473805190316,0.254704570226055,2.61464957722663,25.1640498982715,31.7556719488254,11.0093917189316,0.846166602214416,12.2877929534044,21.2735045285663,69.056288835459
"160","Ben Gobbel","3B/1B/2B",10.5786324709548,3.18949972573074,0.15609955974584,2.08321573879657,7.1559024402126,20.3759337064478,9.23108449578485,1.03344432011442,8.37675606769223,16.007447495228,56.0390397244397
"161","Ben Hartl","C",6.5162267652509,1.75477958312675,0.156183598911776,0.348281240800238,5.4604222157655,16.5591835127395,6.42899343905376,0.345182813469163,5.53120144702313,8.77547118808966,25.1845982544265
"162","Ben Malgeri","RF/CF/LF",9.34028845089212,2.89232721387054,0.627474072456627,1.57240634749696,9.94990893806498,19.8082351589293,8.78304123962943,1.04036018836451,9.42638334175329,14.4324960847162,51.6035322662414
"163","Ben McCabe","C",2.78050306259423,1.5975733591445,0.000571466328366534,0.00246224290159013,2.73791365304443,12.9168791130955,2.97521340687022,0.173586378346034,1.85323649785569,4.38111013096868,6.83459058338846
"164","Ben McLaughlin","1B/3B",8.14224162964339,3.03131358245162,0.000386580163306773,0.869937810287938,13.6315784029221,15.158961362261,5.77622716821926,0.000929727571357369,5.20161725306669,12.0438796025463,37.5933517678771
"165","Ben Newton",NA,5.21684313627971,1.27761357143159,0.312064656826182,0.175771024483604,4.09404925789625,15.1731084536195,3.3038280827217,0.173292780165606,3.02268772237621,6.98229238902109,14.7026332572421
"166","Ben Rice","1B",63.4896037620143,21.9389372009486,1.92164202245296,25.2959206226591,106.828041186538,109.373391452819,72.7186328399376,4.54303476519911,70.6848118353136,112.646103608075,478.181381925688
"167","Ben Rortvedt","C",9.4624514796154,2.48480302330246,0.0216478656925561,1.30183621015513,13.4841480466441,21.2329040365297,7.1328645348826,0.0969338870991864,6.88459478414295,13.2707385787655,39.1273122910446
"168","Ben Ross","SS/CF/3B",9.66412746688732,3.05018118111683,0.157376955068071,1.74566521874988,12.6788608188194,24.3355597211968,7.46570974853805,1.55958608846038,8.08876985141698,14.6173508218221,45.2324891801876
"169","Ben Williamson","INF",46.1858591659164,12.9242895149431,1.06696957187161,2.83899530998301,37.3524348149261,59.1943454435154,24.9862384600027,5.32306967639581,29.6070295873882,63.0161135627142,213.345547557049
"170","Bennett Hostetler","C/3B/RF",4.89115956320909,1.59737405352479,0.000420195829681275,0.349146353171067,5.80146760966399,14.4791642686664,4.12713461476377,0.690577670068636,3.52556269994475,6.83810016573463,17.024064718012
"171","Bennett Lee","C",2.77612012422237,0.958500832602429,0.000252117497808765,0.521806300474959,6.82538876411479,16.7412909532785,2.80797343151558,0.00101128262147644,2.85436264647165,4.25667937479756,4.21651850074578
"172","Bennett Thompson","C",7.4919067585627,2.55125763927077,0.156166791078589,0.69493207751699,9.5424352247467,13.2443213583214,5.27797852727527,0.517431688993245,6.20052918447536,10.894263266429,36.3827952956885
"173","Benny Montgomery","RF/CF/LF",10.578514013161,2.0753538965004,0.000521042828804781,0.869671621866144,8.86054068013855,25.6011231256384,5.44566310072408,1.03375422930487,6.53724446032,13.5240605743563,32.6731312355359
"174","Bill Knight","CF/RF/LF",11.3890253704157,2.55178912092331,0.468231447904771,0.868556957849884,10.2197834688136,23.8541820927481,8.07637599983935,3.61492653359235,10.0480402852132,15.2776028970937,49.8118923074603
"175","Billy Amick","3B/1B",4.89281797232277,2.07399197476576,0.156166791078589,0.695763916335094,6.8230338458488,14.3011408614295,4.95008204834515,0.00122332575178601,5.19808427414035,7.81874065450222,23.7780880562427
"176","Billy Cook","CF/1B/LF",11.9008704623731,3.33735120690538,0.508468765116543,1.9921196404052,12.4453027663102,25.8199812668065,8.8480235475749,2.49006729070696,9.17649784452776,17.7388100748003,58.241685298758
"177","Billy McKinney",NA,7.98255127081826,1.80113474850932,0.317258277281043,1.42052573386932,12.1742719953214,17.5925762096302,6.23141550149754,0.529681257521128,6.16254986564146,11.5214700304779,36.5927090111432
"178","Bladimir Restituyo",NA,10.3579871159311,2.09965257330252,0.314266482973712,0.880934719463283,3.45676733154936,18.0725823940859,6.16617928114045,2.25902063697195,6.93043855595956,13.6528408916706,43.6125684526375
"179","Blaine Crim","1B",33.8501150626894,10.8148334222019,0.602102958223899,7.38126883009491,38.7621686067296,49.793188518926,28.3076159354739,1.21675246933242,26.7849110844366,52.6483202732101,198.623897618882
"180","Blake Burke","1B",14.3127146870398,3.34841665628211,0.156318061577274,2.25694043978764,14.6435287228541,32.1982568487238,10.7130054735925,1.37704496561127,8.54524395368556,20.0743898446868,59.0920811770255
"181","Blake Dunn","CF/LF/RF",16.5809014829156,3.31030355086245,0.382481345812857,1.98369987114148,19.8253049174393,32.0895059544761,11.3632034852404,4.0300955024138,13.8366509593733,22.2573862507324,73.9389686006612
"182","Blake Hunt","C",6.72470216042531,2.14799159106065,0.333288580111567,1.16572651532242,7.84566140931557,14.7569126552556,5.67194419197557,0.191867509519613,5.05823841576569,10.3717088469199,33.5920123000161
"183","Blake Mitchell","C",6.35051660785061,1.59538099732776,0.312047848992995,1.21562371397569,16.3547738168041,25.0827846002074,5.60719170056122,1.37787682712249,6.03430435871595,9.47356916814706,22.2236436278743
"184","Blake Perkins","OF",30.5553282428188,8.41953132322904,1.31004094426999,4.21980824720516,45.9937655568435,62.9899386254768,21.1554096983035,7.83002605775911,25.8578578206731,44.504708757523,149.066519177212
"185","Blake Rambusch","2B/LF/3B",9.76857802233343,1.59700865988867,0.468449949736206,0.000915022699915251,10.5675665455286,12.8961322239208,4.78438106639343,2.92783941966881,8.3762025133904,11.8349516546582,41.2337993669673
"186","Blake Sabol","C/1B",8.26776803609675,2.14912856006576,0.174189024154816,1.7158252906121,11.5943246791737,20.8069006071853,7.22170658584857,0.94442741835993,6.8235415205944,12.3069109109294,38.7484901306176
"187","Blake Wright","3B/2B",13.666001239942,3.66630034378977,0.312165503825306,1.04274748857909,8.85534023563449,16.1934003628735,7.91392400396046,0.861276999640455,8.04196195089509,18.6872145761362,64.1042801372087
"188","Blayberg Diaz","C/1B",6.35569490569535,1.43702876603222,0.000302540997370518,0.00143076276714021,3.41447692435596,12.0325287319335,3.13822970033018,0.00125594777183364,3.18918932528654,7.79445697549209,19.1214433042596
"189","Blaze Alexander","2B",42.4535191845608,11.8604829995785,1.34997975599479,7.5660060835973,52.717265405441,98.1976522376452,31.5831423375404,6.09744546447936,35.4306053740891,63.2299880237313,201.861965772018
"190","Blaze Jordan","1B/3B",14.3485608417218,4.30893313005437,0.168353157083665,2.21698157694288,10.2592818677167,12.7182919823129,10.2618211391628,0.370094119731167,10.3485761267016,21.0428287058027,82.6872696957411
"191","Bligh Madris","1B/RF/LF",7.75390155343972,2.47340826953357,0.475055428178795,1.95683930333203,13.3228075746808,18.4009627801766,7.62809065247278,1.06598478511193,7.74102032643017,12.6592045544841,45.3057836831779
"192","Bo Bichette","3B",111.965117596982,29.958153124733,1.79177797770482,17.7946194270691,79.3172441380582,100.222828057292,76.4978726779862,5.8739196962233,75.4388674921635,161.509668126488,629.042403549897
"193","Bo Davidson","CF",14.167328502553,2.23902094432136,0.936799052473287,1.91300139761791,16.0289699772383,23.3611155653904,9.24431983904996,1.72333692776205,10.7318255585483,19.2561498969656,65.9584396929882
"194","Bo Naylor","C",48.6649766868943,17.9473665839575,1.23730790817911,15.7518748124802,92.7873928965051,108.821757731241,50.4373137055606,4.5814799921463,50.0881776148807,83.6015259915111,314.767398393636
"195","Bob Seymour",NA,11.3955190001662,2.91762241877117,0.317880167108971,3.52012869738256,12.1076474327128,25.4696732429822,11.6946915267217,0.52382560492258,11.026328453251,18.1511502834289,66.3423920373366
"196","Bobby Dalbec",NA,9.54219129921131,2.79280335799065,0.47318975869501,2.68233313902619,13.6751369519372,31.5707905798711,8.8323034362122,1.05451814506518,9.1165685674503,15.4905175549232,45.6903345260853
"197","Bobby Witt Jr.","SS",102.28624565211,36.162905583061,6.39724451918383,28.9249433521519,106.962945762716,111.945385068134,93.9951690578647,34.0036586151872,101.865453670065,173.771339106507,774.965138272389
"198","Boston Baro","SS/3B/2B",10.4155114624769,2.55139050968391,0.623894003987743,0.694416337449765,8.85746620351351,18.1119937110495,6.10037876320228,2.23773476889087,7.5381263938028,14.2852123135983,46.50231068565
"199","Braden Montgomery","CF/RF/LF",25.4673336088118,9.37112728112767,0.747311440806827,4.26526803119475,29.3098144591343,58.5348562094124,20.0050694944712,2.45470514902528,19.9229853178313,39.851040361941,127.062579094064
"200","Braden Shewmake","SS/2B/3B",8.05833041378811,2.30552258609557,0.32112407891411,1.07805072801946,8.40311563635663,13.0930720822166,5.95018472252929,2.1117276067843,7.04404743590449,11.7630278068172,43.4838940314354
"201","Brady Allen",NA,7.85212923980694,2.8843051626775,0.313089934650604,1.56994410459537,10.9534862152735,24.1382760129072,7.61497770093193,0.521117977258626,7.06913219570766,12.6194684417304,37.1456745319471
"202","Brady House","3B",78.1760760343012,20.9105502957003,1.14078306896068,12.8917184632513,46.7958099305208,137.776090337955,55.0284168586581,5.26248327487487,50.3948517103584,113.119127862213,374.134316915952
"203","Brady Lindsly",NA,4.4050287432928,0.960244756774829,0.000352964496932271,0.522438497976718,5.12271295607717,11.8678029371283,2.81060682022724,0.173162292085415,2.52183158990844,5.88806496254128,13.8302588324155
"204","Braedon Karpathios","RF/CF/LF",9.76312896381706,2.87050324851307,0.46799613824015,1.73601588845987,18.390906948772,32.2043992348102,7.9131374073323,0.689028124116374,8.7113059693562,14.8376442390301,38.6365481734581
"205","Braiden Ward","CF/LF/2B",10.0931447076336,2.07576911654145,0.468718875067202,0.521723116593148,7.50182120663376,14.463775631184,8.07741909536799,5.6833320977534,10.0509220237844,13.1593558158354,53.4043412496833
"206","Branden Boissiere","1B",10.5775663508103,2.87105133896725,0.312182311658493,1.21580671851567,9.88060238520898,24.0287259036116,7.41923214776988,0.000717684441047794,6.70348556708828,14.9766067199517,42.167365773374
"207","Brandon Butterworth","2B/SS/LF",11.0658463335576,3.66726365428501,0.780212065565017,1.90859265188195,8.85874178424092,20.7160037826438,9.39464798689918,1.89397101329378,10.5510617918616,17.4219147052896,64.3428868663403
"208","Brandon Drury","3B/1B/2B",7.82951147098981,2.82022448950145,0.16520940533333,1.62792327021727,9.5573422681922,15.7361659569138,6.87207233199171,0.182704232949346,6.62064006266545,12.4428686360419,43.3022696896382
"209","Brandon Eike","3B/1B",5.86406425963677,2.86915793558008,0.000201693998247012,1.04291385634271,5.79469721964927,25.6016948903007,5.60838869543016,0.172770827844843,4.3606105518812,9.7763377455578,19.8673913141336
"210","Brandon Lockridge","CF/RF/LF",18.7677754747604,5.05528221898152,0.706035651047826,1.14811639084791,18.7940299625575,31.9160225190248,10.4247740878288,6.738386926515,13.7079711146755,25.6772097356377,85.8984415105284
"211","Brandon Lowe","2B",67.6810919175195,22.2469489700124,1.12355959829772,22.0543319909002,89.578460342275,132.279048261015,68.4460711402835,4.11913084834326,64.3201155089597,113.10593247673,434.581130806069
"212","Brandon Marsh","LF",68.6445016415492,20.630594428734,2.57609924490448,13.1189668391642,93.2331909857915,131.848338795066,52.1068043112814,10.0940991705765,57.4281696556463,104.970162154352,367.83091424153
"213","Brandon Nimmo","RF",89.0016376728675,25.0442794677314,2.76456974020761,20.5984436616642,121.209977704611,135.465403692471,70.8086098629913,8.84626943063332,79.0932116777579,137.408930542471,527.878228839463
"214","Brandon Pimentel",NA,7.97979752284452,2.07374284274114,0.156200406744964,0.695464454360577,3.07065141861567,16.032105156042,5.77224288529837,0.517333822933102,4.69475342832325,10.9052052266912,32.1403776798991
"215","Brandon Valenzuela","C/1B",10.9393733360616,3.33639945767024,0.183142693443327,2.42341920137696,15.5661836280748,25.66447815991,9.99314321566986,0.446411647378935,8.62709279473329,16.8823346885521,55.0221160122162
"216","Brandon Winokur","CF/SS/3B",10.2508505026791,3.34707134334912,0.312081464659369,2.42888500570796,10.2173304289531,28.1999219707392,9.88703135298538,2.40951062512426,10.0474216068758,16.3388883163956,54.4185958532246
"217","Braxton Fulford","C",28.4964052689537,9.82286395006068,1.1806656425285,5.90424352619173,29.941370929733,56.9613252718694,24.5138915845841,2.5858548590143,24.6552342472687,45.4041783877346,160.903116395894
"218","Brayan Buelvas","CF/RF/LF",7.65692309174196,2.87304439516428,0.312232735158055,1.04359596417356,8.52701794181197,22.6520604572196,6.60047419622978,1.37856188954349,6.20632522363563,11.8857961862379,33.818987168904
"219","Brayan Rocchio","2B",68.157693639284,21.7631941599152,1.70455982816021,8.37105726194365,72.8968958238113,90.4102205002911,44.6408373470239,11.7365108384707,51.6204243637185,99.996504889303,367.862552318898
"220","Brayden Jobert",NA,6.3517350308729,1.59549725893926,0.156200406744964,1.04241475305185,9.54423412064433,19.3408412605069,5.44301261208572,0.861570597820884,5.19753071983852,9.14584744960897,24.6339573496498
"221","Brayden Taylor","3B/2B/SS",7.97818988135677,2.71269910767171,0.468449949736206,2.08369820531107,14.9984092615653,24.9155267047548,7.58756651843326,1.89490074086513,8.88187782448582,13.2430371440758,43.078623434334
"222","Braylen Wimmer","LF/2B/3B",15.6162104937112,3.9863099579076,0.312232735158055,1.90930803326552,9.87749520138579,23.673871626862,10.3834503017726,3.26980896416329,11.0538390833769,21.8240612200424,76.8441099105982
"223","Brendan Donovan","3B",91.734242501946,26.204491685079,0.911111723904091,12.4036482056461,101.085631406607,77.880423728512,58.4048150111674,4.79136078491658,65.3876720078895,131.253494116575,509.701566175013
"224","Brendan Durfee","C/1B",6.83976117549054,2.07331101389845,0.156116367579027,1.04196556009007,8.1798235946634,20.7300365210698,5.60707200107433,0.000815550501190675,4.69501392446528,10.1111541170581,25.417767735472
"225","Brendan Jones","CF/LF/RF",11.0639002412303,2.87042020450486,0.936345240977232,1.56267383332513,21.115737722561,22.1109166898296,7.91383850432697,4.30415038982901,12.05732597828,16.4333395200375,60.8955489291537
"226","Brendan Rodgers","2B",17.3796243581511,4.8090046961435,0.287474479063175,2.58916160109773,16.7176513393692,33.234179845051,12.0622762894434,0.15980696754786,12.3964568892395,25.0652651344555,79.7315941621092
"227","Brenden Dixon",NA,4.72792009693733,1.27841079391041,0.156351677243649,0.697094858444062,7.50777391669502,15.8682778485632,3.47106805807634,0.690267760878183,3.69458785923104,6.85977742653545,16.2493768329586
"228","Brennan Milone","1B/LF/RF",11.4676044026168,3.47152109405196,0.164436245006717,2.15500342879901,16.5578126639437,23.5621386657918,10.1946077345222,0.712940064811284,9.86225423653649,17.2585651704745,59.2487627519642
"229","Brennan Orf","1B/LF/RF",2.77933540719786,0.959597013510795,0.312165503825306,0.349046532512894,7.17189626010245,9.43359919776706,2.64579503446388,0.173455890265844,3.19169660065362,4.40014445704686,12.4088493174569
"230","Brennen Davis","LF/RF",4.52572720637645,1.57144379772021,0.00811818342944223,1.71155634498952,7.81082994770238,16.6006074328048,7.04890822207614,0.554506614777373,4.9509307400135,7.81684553251563,26.1266239411568
"231","Brenner Cox","RF/CF/LF",4.23864168421345,1.91367990487648,0.311963809827059,1.04209865430097,8.18109917539081,25.6113005366273,4.78337217071818,1.20593786078886,4.86135271728683,7.50638405321795,13.422417859254
"232","Brenny Escanio",NA,7.32787193281805,1.11848072645888,0.312098272492557,0.347931868496634,10.2244933053455,18.6437932102442,3.63133126333774,1.20628039199936,5.1966189833414,9.10638280026613,21.4960587061665
"233","Brent Rooker","DH",84.5295344985464,30.732555283019,1.65757675396552,33.1469879063024,126.389709442843,160.586654887475,97.3274592583377,6.40714774106334,87.1834433569851,150.066654441833,614.020031304268
"234","Brenton Doyle","CF",80.6724064323323,23.6640707105116,3.0413000053132,18.3828680524415,70.1105891985656,146.251377745935,63.88737245068,19.9949533464057,67.2534435432409,125.760645200599,467.06160207465
"235","Brett Auerbach",NA,6.67961853440044,1.59750692393793,0.156620602574645,0.86923906568073,8.5253498747069,14.8183358575359,4.78667245657111,1.03377054031489,5.03187572938981,9.30298512659375,28.4614035746506
"236","Brett Bateman","CF/RF/LF",11.2365824859248,1.75717125056318,0.156418908576398,0.521789663698597,16.3626562515556,17.9482807565031,5.11745882311338,2.06752476961976,7.54470392138918,13.671962308763,41.43267174272
"237","Brett Baty","DH",62.3549763786285,15.7201560653842,0.777225400079677,15.716776467415,72.1944276375407,107.872674613806,51.4808969549437,4.06294628904008,50.1530423437711,94.5691343115074,345.95655017626
"238","Brett Callahan","RF/CF/LF",5.86827797258887,1.43692911322237,0.312535276155425,1.21637236891198,4.77699043284484,12.5548532738674,5.77436327620906,1.03390102839508,5.36579067170758,8.83411473087864,31.8326626673494
"239","Brett Harris","3B/1B/2B",24.639975071848,6.54682739113704,0.322951767563588,3.84318226708743,29.4361193589801,35.9135294420756,18.0868318390485,2.22440154986305,19.262892766301,35.3529364976361,128.441683933572
"240","Brett Squires","1B/RF/LF",10.0905217136273,2.87130047099188,0.468584412401703,1.38953141950674,11.5821334413117,27.1601083823012,7.58541192766917,1.89384052521359,7.03984266073762,14.8199380165276,41.7958643352176
"241","Brett Sullivan","C/1B",12.9660569854044,4.06526389734543,0.923689503617956,1.48567202700439,12.5624987944116,15.9354017820673,9.11618506341669,1.08283603326059,9.85516959934002,19.4406824133722,72.8104951396612
"242","Brett Wisely","INF/OF",16.5991009948128,4.9599633534134,0.218562134892493,2.34740441321222,19.5643878093399,26.6022416953213,12.0269022458011,2.20750915899766,13.1815554268497,24.1250308963309,85.628118688155
"243","Brewer Hicklen","RF/LF/CF",7.69176197930275,2.45377666599283,0.321577890410166,2.48174004421034,12.5713448196316,25.6775832103256,9.25402990517769,3.16039009925093,9.23751590752229,12.9488565799161,45.3630750208177
"244","Brian Kalmer","1B",6.02606838034425,1.75484601833332,0.312081464659369,1.73658153885618,10.2238391613828,22.6472739701895,6.10292665228045,0.172950248955105,6.03430435871595,9.82957740219312,26.740393060562
"245","Brian Navarreto","C",5.07394456546347,1.12485850628937,0.156973567071577,0.699557101345652,4.79609143655787,9.45609405319504,3.48428630141475,0.174075708646749,3.87323509476373,7.05533374017007,22.7789812166099
"246","Brian O'Keefe","C",4.24030009332713,1.91540722024723,0.000285733164183267,1.39097881905024,7.16398111815287,14.6462914750533,4.95334813434468,0.173145981075391,4.36355741448797,7.54697186578879,23.5735907959475
"247","Brian Serven","C",5.89015419299582,1.32916729172809,0.00263882981039841,0.550188640948694,7.76256299019586,13.9432387090417,3.60087360164927,0.0096724289441214,3.9990872933843,7.772148955483,19.9678523555799
"248","Brice Matthews","INF/OF",17.0223738045652,4.65718890558765,0.814096046188962,4.86385846964775,26.8022205352164,49.4144026451107,16.5139793674595,6.75191974393081,17.3216932452277,27.3575172259896,94.1226977963849
"249","Brice Turang","2B",102.688434078387,24.8263751579931,2.92075374744047,13.7717115600017,116.929390818913,130.447501859424,63.6739947570328,28.8188376128968,77.7689552855741,144.207274543822,544.419126760425
"250","Brock Jones","LF/RF/CF",5.21093716912999,1.91484252099141,0.312215927324867,2.25718999143307,11.930897733971,26.4840685993445,7.25556605709535,2.06793254487036,7.20631170163019,9.69518560887933,28.4421428808298
"251","Brock Rodden","SS/2B/3B",8.14190317880387,2.71221745242409,0.156250830244525,1.38879940134681,9.20152065964076,20.9020155590196,7.09029257331111,2.23861556343215,7.37304123866479,12.3991708628193,40.1885637217999
"252","Brock Vradenburg","1B",6.51338377819889,2.07296222906397,0.312098272492557,0.868939603706212,13.2891265995037,22.2950824831529,5.11359423967938,1.37751798490196,5.53209690251137,9.76738388346162,24.3342558794924
"253","Brock Wilken","3B",9.75871487685789,3.5216148810968,0.204849744607098,3.28883054902067,24.6950589802634,36.1838328206193,11.6307991941162,0.268009826736949,10.7298372583334,16.7740100515825,50.5646496306876
"254","Brody Moore","SS/2B/3B",10.5808831690377,1.91572278747843,0.156318061577274,0.347865321391185,7.49701324850737,16.3721425599716,4.78482566448761,1.54999521456638,7.03691207913973,13.0007893394845,39.2739132914823
"255","Brooks Baldwin","CF",53.9945963534393,15.1233946265812,1.40710213527828,12.1687627174211,50.6143810127195,87.5622828709557,42.0216264790371,7.39651383289744,41.387277144476,82.6938558327199,305.768589133016
"256","Brooks Brannon","C/1B",9.44086374422565,1.91608818111455,0.312266350824429,1.38974769759944,7.15956564640414,22.29501713862,6.26890123305935,0.51694235869253,6.53706536922235,13.0589659737641,36.9146537192082
"257","Brooks Lee","SS",81.4420648601733,22.3644386170738,1.24909263890809,13.3389266439146,70.4442115847701,92.3426540444984,58.0099787188553,3.80357661382337,54.8430247389808,118.39452276007,444.376898134004
"258","Bryan Broecker","C/1B",4.40188115048521,0.799367987629715,0.000268925330996016,0.348331151129324,8.53156424235326,12.3924472099778,2.64358914391969,0.345182813469163,3.18962891252622,5.54984921457524,12.2804005953427
"259","Bryan De La Cruz","RF/LF",17.6439649066323,4.87463371402926,0.0537079538990799,3.91261389276107,14.7523706914193,35.3161712506249,14.9591449235143,1.12296152955869,11.9488400693458,26.4849204673217,88.8894279738697
"260","Bryan Gonzalez",NA,8.14112474187295,2.07399197476576,0.62391081182093,1.21637236891198,7.15662199857166,24.2091017140305,5.77431197642896,1.37831722439313,6.36891938441543,12.0553998973716,32.4495772684655
"261","Bryan Lavastida","C",8.52463264087658,2.40992942965819,0.313963941976342,1.39881474071679,10.3023364369158,14.5666279258642,7.13362378756665,2.08067144369896,6.91832548535494,12.6473407532279,46.7423165862013
"262","Bryan Ramos","3B",13.0895977906714,4.13801211447117,0.220730419336993,2.90363985971808,14.4052562718462,26.7353743082341,12.8179240888173,1.3946843347569,11.4390103311361,20.3519801841977,73.2625775313685
"263","Bryan Reynolds","LF",92.452113693997,27.8231147863124,3.55838606729589,18.582057175661,113.4086250408,152.078374707038,73.412068799357,5.57610478698763,74.3287749588079,142.415671723266,519.1716474558
"264","Bryan Rincon","SS",5.21405091685362,2.23231098845802,0.312031041159808,1.04163282456283,10.5674357167361,20.7312944033269,5.11267084363763,2.75596569737528,8.04021988294524,8.80002577103429,27.5589108782003
"265","Bryan Torres","2B/RF/LF",20.1474757038551,4.14561471032985,0.240002727462721,0.869544515759543,24.3497412476092,18.9064895643816,9.80630490161253,3.73478401810443,12.3677642826224,25.4026376574072,90.4445303227134
"266","Bryant Betancourt","C/1B",10.2543703914102,1.59758996794614,0.156301253744087,1.38983088148126,9.54338373349272,14.6328141651563,6.26910643217974,0.689158612196564,6.20350860909988,13.3980924945817,44.802922091943
"267","Bryce Arnold","2B/SS",5.37822112293408,1.7551948031678,0.156133175412215,1.38883267489953,8.52384534359251,17.7752398698948,6.26573774662001,0.689191234216612,6.36792624287393,8.67838177641362,27.8167198617474
"268","Bryce Eldridge","DH",50.9911419768387,17.1404967904302,0.371281745239352,15.8081908479088,72.0799662307974,120.728327253728,52.0265970449459,1.46066216256083,42.5297302407927,84.311111360417,293.529629100457
"269","Bryce Harper","1B",83.532487516692,31.6237318347723,0.731981058073948,26.7468654253791,160.79361164974,129.122572097286,86.7774999651317,9.96420331745776,82.7853777235277,142.635065834917,591.637996640641
"270","Bryce Johnson","OF",26.0729338270606,6.48573443321763,0.839020800851435,2.04883405940347,28.8064483428682,48.6513187384549,14.1128688688666,6.66813550155745,19.1949123168296,35.4465231205331,111.974445523529
"271","Bryce Madron",NA,3.26604159354135,0.799484249241208,0.000302540997370518,0.17542165218,8.87051637557087,10.8270745252305,1.98630849243663,0.174010464606653,3.52489517858079,4.24125003595993,8.90824400604927
"272","Bryce Teodosio","OF",33.6405226800839,8.86885277737757,1.90958670367023,3.26561440405947,26.2142173864199,77.6869901401482,19.45444516835,10.6591738161625,25.2195612563933,47.6845765651912,143.184789193228
"273","Bryce Willits",NA,8.30502418728179,1.597457097533,0.156318061577274,0.522272130213098,9.20459513626581,14.9870149965776,4.62165547168736,0.517660043133578,5.03172920030992,10.5810714766052,30.4041537596956
"274","Bryson Brigman",NA,9.49354361739786,1.60878430025279,0.157208876736199,0.698775172856634,6.16965997801764,11.3865474340803,4.97633043582828,0.86595825951729,6.22830458561982,11.9583119672435,40.5785093209106
"275","Bryson Horne",NA,7.20776802604388,1.76776766601072,0.157192068903011,1.2227276174823,5.83656243326687,20.8346857904029,5.14550270289991,0.347874130123092,4.22287749165685,10.3554553784399,25.6982693258604
"276","Bryson Stott","2B",90.7740545986382,23.4502792293346,2.56131498938467,12.8313042827903,100.406294078676,94.6560995664177,58.9253938394442,22.9609588490388,67.4645502003375,129.616953100148,510.612484679321
"277","Bryson Ware","3B/RF/1B",7.65230323778243,2.23413795663864,0.312182311658493,1.73658153885618,7.49956440996219,23.3395191972889,7.09152376803345,0.689305411286779,7.37318776774469,11.9352050449357,35.6883600811074
"278","Bubba Alleyne",NA,5.86716108481843,1.43837407896521,0.312283158657616,0.696030104756888,5.80100970889005,16.9056573531532,4.29293819627568,1.72261924332101,4.86438098493798,8.31384842719815,23.066857063527
"279","Buddy Kennedy","3B/2B/1B",11.6428465775182,3.26440542113576,0.318401209937776,1.41664936497695,14.9893419287751,14.2825985590414,8.23860300443378,0.530692540142605,9.22066506333441,16.6423025735687,61.7854257055176
"280","Byron Buxton","CF",60.7107988314315,24.6307082866993,3.40811949533906,26.964952112268,84.8666309027219,140.476980711596,72.632288094993,15.1471956422616,76.0475012778506,115.714578725738,482.835544094905
"281","C.J. Pittaro","1B/LF/RF",11.5508264206195,2.39144383343074,0.62391081182093,0.174922548889137,11.9201370657833,23.853708344885,6.1000709645217,0.51694235869253,6.20018728328894,14.7411036147603,37.350836209639
"282","C.J. Stubbs","C",4.23691558493187,1.43709520123879,0.156217214578151,1.38996397569215,8.52656004103803,22.3103894399691,6.10231105491928,0.689305411286778,5.69999867218513,7.22019197644096,17.7612231852165
"283","CJ Abrams","SS",89.4859534257712,29.3208711683109,3.84455657578197,18.1364392738314,79.3631511760799,117.81443967891,66.5745106492908,30.6037447830474,80.6183883582101,140.787820443695,573.764967584094
"284","CJ Alexander","1B/LF/RF",8.40364876191964,3.22211941215546,0.474937773346484,2.62635038656774,10.665491896756,22.895713884023,9.4862864940797,0.696074480446661,8.6263233778939,14.7270563339893,52.1451855889168
"285","CJ Kayfus","1B/RF/LF",40.3913659679705,13.8077756801328,2.37664414684526,8.36615622150617,54.4194115373371,85.6867261330462,34.776742205865,3.36955853709993,35.8660838590666,64.9419420164548,226.811017156691
"286","Cade Bunnell",NA,5.6990479264575,1.75569306721705,0.156250830244525,1.21607290693746,11.931846242717,26.8318329942816,5.11426113682065,0.517105468792768,4.36201071864464,8.82706473085655,15.3591519710646
"287","Cade Doughty","SS/3B/2B",9.44727738763466,2.23601475122417,0.1562844459109,1.21617272759564,6.8194033468554,19.5151236932391,6.43566241046641,0.517594799093483,6.03798386672219,13.0557493123654,38.840467145972
"288","Cade Fergus","CF/RF/LF",4.56606827910764,1.1195602985656,0.156385292910023,1.73897723465232,7.84986594093395,28.4155838288883,6.10815922985037,1.37963841620506,5.87197069407819,7.58099110523558,14.3364204152947
"289","Cade Hunter","C/1B/LF",7.16439555095863,1.43747720367655,0.000268925330996016,1.04303031377724,9.54711235408054,21.254893163651,5.27991081899227,0.51715440182284,5.8676073836991,9.64517199374342,23.9124014177638
"290","Cade Marlowe","RF/CF/LF",9.2604094263956,2.43514159055061,0.472954449030389,1.41801358063865,12.4710645501382,20.7582809041906,7.20351118798591,3.31362033708725,7.83207573420366,13.5865190466152,45.9855747254592
"291","Caden Connor","LF/1B/RF",13.178939680217,2.71183544998633,0.156217214578151,1.21550725654115,13.6254948640683,17.2387519004692,8.07774399397528,0.861309621660503,8.20952181938243,17.2624996013227,58.3681139872831
"292","Caden Kendle","RF/CF/LF",7.49151754009724,2.8700382020671,0.312064656826182,1.0423482059464,7.15966376799856,14.4629751606568,6.43143872857173,1.20579106169864,7.03774241059247,11.7159686049369,41.9811149885754
"293","Caden Rose",NA,5.05177603547452,0.959895971940349,0.312602507488174,0.696778759693182,6.48287154630006,21.0921440409639,4.78674085627791,0.862271971251908,4.86442982796462,7.02105327459623,14.1598957043154
"294","Caeden Trenkle",NA,5.8677533737876,0.960361018386323,0.312434429156302,0.522588228963977,5.80163114565469,16.7370108863779,3.63442635007028,0.517562177073435,4.69677227342402,7.6631370502942,18.2541556286633
"295","Cal Conley","SS/2B/3B",13.371704355869,2.43750004038376,0.472920833364014,0.53030769319599,10.0267381464929,21.3687801207152,6.53034470459937,2.78891393762338,9.15327796759178,16.8124329228128,52.5153200442375
"296","Cal Raleigh","C",62.2685625249666,22.7819272031951,0.524011609819884,39.6387265460559,164.192567907212,168.324395419226,102.311918915636,7.84011204211711,84.991729425997,125.213227884038,545.205178677639
"297","Cal Stevenson","LF/CF/RF",7.80073085345653,2.27381638376116,0.317796127943035,0.885376738751962,15.9790513539728,15.7847830805385,5.70476388230633,2.44767838857998,7.82443994104026,11.2777201039127,39.5907982990293
"298","Caleb Bonemer","SS/3B",9.27696429881682,2.71060639866483,0.312047848992995,1.56209154615246,17.0254824996488,22.8099904206101,8.24082868714203,2.23770214687082,11.0509899068234,13.8617100926271,48.3256373332156
"299","Caleb Cali","3B/1B/2B",7.97541458447266,2.71088874829274,0.312232735158055,2.08309928136204,12.9440582202341,29.9484476085508,8.24272677900563,0.861717396911098,7.54016151991245,13.0816353492855,35.5257161978298
"300","Caleb Durbin","3B",80.4201067277284,24.5793881086636,1.62266331483454,9.60066333933514,70.2146676183381,56.7377693682938,51.9764715756356,20.4655461528033,59.9926955414387,116.222821490562,480.992113129607
"301","Caleb Hobson","CF/RF/LF",5.70244935739474,1.43629797875998,0.46811379307246,0.175388378627276,12.6089328291987,28.5625195746296,3.46727187434914,2.7550196587939,7.03692836014861,7.78224950785445,10.9421395430121
"302","Caleb Ketchup","LF/RF/2B",7.97780066289132,1.59677613666568,0.468231447904771,1.04161618778647,11.2446204248122,25.7734288862524,5.44255091406485,3.10003936216282,8.70956390140634,11.0844244352482,30.390086192961
"303","Caleb Knight",NA,1.80659993618995,0.483145180286243,0.000420195829681275,0.176586226525347,1.72076288860835,4.91297245011498,1.66036140515021,0.174157263696868,1.0180746788571,2.46675153883122,6.35361976560449
"304","Caleb Lomavita","C",10.4164422022856,2.39189227107507,0.312081464659369,0.69524817626787,5.1130316254281,18.9827851016485,7.41750505517327,0.688913947046207,5.69838685230629,13.8156641142879,41.3708128249384
"305","Caleb Pendleton",NA,1.96836714130976,0.322351455149338,0.000386580163306773,0.349379268040136,1.03324270592034,7.3543640880879,1.32923304007396,0.173602689356058,1.18258999868441,2.64048444466254,4.62377739361051
"306","Caleb Ricketts","C",7.49334517463068,1.43858999338656,0.156267638077713,0.869821352853403,5.11914787148004,11.8536395096366,5.11716812435949,0.17288500491501,5.03242928369164,9.95802415894836,32.7035047082768
"307","Caleb Roberts","LF/RF/1B",9.07136308360999,2.75294223405006,0.629457396772723,1.23573757659746,12.7687729065028,22.8955341865577,7.51449583941061,0.872107510296267,7.46958762130645,13.6895002910302,41.7482274149342
"308","Callan Moss","1B",11.2274104681737,4.46128360778602,0.156217214578151,1.38923195753222,16.0063693033244,23.5043266727602,8.40678616799424,1.37742011884182,9.37985221838233,17.2341432480701,56.3035754862074
"309","Calvin Harris","C",8.14318929199406,1.27879279634817,0.312182311658493,0.348830254420187,7.16123371350922,15.6826908116508,4.12744241344435,0.345231746499235,5.69957536595432,10.0829946544209,27.6881908604356
"310","Cam Collier","1B/3B",9.76448276717516,3.02993505191534,0.15609955974584,1.56308975273418,14.9915080427581,24.2059488403213,7.74935161717088,0.000766617471119234,8.21017305973752,14.5136071315705,43.3265672783794
"311","Cam Devanney",NA,9.76813340987364,3.88221868157618,0.161242756701139,1.94431181073137,11.779979282853,22.5173923563213,8.05176651308197,0.703544923037568,7.67806166510213,15.7559066588823,51.22134034872
"312","Cam Eden",NA,7.3734612609022,1.7676015779943,0.314081596808652,0.700987864112793,8.23483710193277,18.5692755430158,5.30870709555356,3.28709863478853,5.73308168222355,10.1561322998179,30.7267371329536
"313","Cam Fisher",NA,3.58646225605734,0.639753487409386,0.156133175412215,1.56348903536687,9.8877979687995,25.7938327166297,4.6207833754257,1.37843140146329,4.52870769366149,5.94583795424582,8.21409056099268
"314","Cam Smith","RF",65.7776798297886,19.063842114075,2.16597913865827,10.7915568442595,78.7644216531865,118.607352415471,46.9592523772858,6.53966105622659,53.28185606141,97.7990579267813,337.341061783965
"315","Cameron Barstad","C",5.21581086121916,1.91580583148664,0.000302540997370518,0.869355523115264,5.80182738884352,19.173240306257,4.78588585994295,0.172803449864891,3.52567666700689,8.00127475681843,17.8394274238402
"316","Cameron Cauley","SS/CF/2B",10.9180655330627,3.93840686229687,0.661829283491368,2.20933153146062,12.3699830020374,29.4866233099462,8.84137210906591,3.10152254765453,11.1459037374696,17.7276332103116,58.6751347388401
"317","Cameron Decker","1B/LF/RF",3.75156320194649,1.91414495132245,0.156116367579027,1.73686436405434,8.18253829210892,19.5214784490572,6.26806333665109,0.173325402185653,5.19873551449543,7.5586888849023,22.2316832376254
"318","Cameron Leary","LF/RF/CF",11.0626310505821,4.14268574180776,0.467878483407839,1.21565698752841,16.0049956010026,26.9848457815765,8.40548657356511,3.78619674851501,9.04497669654081,16.8888522633261,53.6437846982314
"319","Cameron Sisneros","1B/LF",7.65391087927018,1.91421138652902,0.156234022411338,1.21607290693746,11.2473351222578,12.5523538454865,6.59645571345549,0.861456420750717,4.69753748084124,10.940429195148,38.299281507169
"320","Canyon Brown","C",6.02941904365556,1.43696233082565,0.00033615666374502,0.34861397632748,5.79813147545384,13.4256283283332,3.46810977075739,0.689729497547397,4.86247610689936,7.81533150747244,21.5241581424238
"321","Capri Ortiz","SS/2B",10.7408058170821,1.91434425694215,0.468063369572899,0.694682525871558,8.85834929786325,20.7230283199234,6.42930123773435,2.75407362021252,7.87233439428036,13.8178959694687,42.7208874144124
"322","Carlos Arroyo",NA,2.94387790920179,0.800165210108527,0.000369772330119522,0.174856001783689,2.3948077056632,10.3012050423904,2.15072697988592,0.346161474070592,1.68416249554277,3.91926889342413,6.96312534750108
"323","Carlos Colmenarez","3B/SS/LF",7.00096993672514,0.958567267808996,0.156217214578151,0.868041217782659,10.2251147421102,22.3046227849466,5.11176454752258,0.345476411649592,5.36305546221621,8.98379563689494,19.3421858974399
"324","Carlos Correa","SS",85.8724008770844,23.4819132480912,0.754526529006752,16.0828718741514,99.9757675738496,106.745192792299,62.8378295955932,0.471427319704448,62.8700095582672,126.191712528334,471.248793194826
"325","Carlos Cortes","OF",24.6011837969017,9.21731681686797,0.371333118448332,5.7861172517649,31.6937205969995,41.0532428609312,21.9273943101974,0.598575852645493,21.2138074703179,39.9759509839829,149.932722533238
"326","Carlos De La Cruz",NA,10.7830444818549,3.04280687318782,0.470298811386803,1.7451328419063,8.89956036751808,31.80887575884,8.27884182419415,1.03704905332968,7.57383064627045,16.0412830083358,42.423497811642
"327","Carlos Franco",NA,6.84424564911426,1.12022465063128,0.1562844459109,0.348996622183808,3.41542543310198,10.1140334005568,3.30545257575812,0.00110914868161932,3.0244135093172,8.46975136784024,24.1059793457254
"328","Carlos Jorge","CF/RF/LF",10.2527289048385,2.86987211405068,0.468012946073337,1.38879940134681,10.5614175922785,21.9383005426847,7.58317183727159,3.27085286880481,9.54646778835479,14.9794133663093,51.3727282609122
"329","Carlos Linarez","C/1B",3.59373894910715,0.641812978812983,0.156402100743211,0.349678730014654,2.73912381937556,11.1774363653478,2.15365106735146,0.173309091175629,2.02056843221875,4.741632758678,9.39864387177537
"330","Carlos Mendoza","3B/2B/LF",11.4660690776654,2.13409922790784,0.318283555105465,0.883047590061269,15.3198556048729,12.6424717287325,7.877327468587,1.58449300076674,9.87055327618729,14.80149945074,56.514209477331
"331","Carlos Narváez","C",52.0812277864227,17.0636350629499,0.253731137329551,11.319305599986,75.8875079346952,106.117675282153,44.3589986451127,2.69057397066026,42.267740454295,80.7178995866883,276.882350685547
"332","Carlos Pacheco","RF/CF/LF",4.07790675415419,0.958534050205713,0.156166791078589,0.348730433762014,7.50584419200483,13.9580159283235,4.28982600961644,1.37792576015256,4.19368564274007,5.5413380292005,14.844494505436
"333","Carlos Pérez","C/1B",7.64899871572866,2.76901955403943,0.159595589048788,2.65390088822337,11.1165315979951,15.4572591546466,8.90275782644989,0.00570885350833472,7.85973716828598,13.2315147470402,52.0554023315255
"334","Carlos Rodríguez","LF/RF/CF",15.1882209016571,2.5968820173811,0.316871697117736,0.88456153671022,14.8591999873811,13.9590038687843,7.20626427618446,2.09357345262779,8.66937036536515,18.9865361528661,66.8541227057387
"335","Carlos Rojas",NA,6.51884975925723,1.27791252986115,0.000352964496932271,0.348198056918427,5.46038950856736,7.85249481674013,3.30348608418772,0.000897105551309742,3.35764464926212,8.14531331053374,25.5686855834725
"336","Carlos Sanchez","C",7.81529732719553,1.75470484351936,0.312089868575963,0.521723116593148,9.88292459627683,19.0789847038786,4.53695818862799,0.689582698457183,5.53105491794323,10.403815155884,26.8341104992525
"337","Carlos Sanchez","SS/3B",7.81529732719553,1.75470484351936,0.312089868575963,0.521723116593148,9.88292459627683,19.0789847038786,4.53695818862799,0.689582698457183,5.53105491794323,10.403815155884,26.8341104992525
"338","Carlos Santana","1B",45.3968546600947,13.3111401237289,0.217738413276279,9.41672076838861,73.5565955361461,65.9977395385398,38.5845360138353,3.31210981418046,36.5546823224434,68.3424539654885,259.477729763832
"339","Carson Benge","RF",52.8398353601416,16.3159431764668,1.89014101373477,9.32331285023381,69.7314841701403,82.2650703901499,40.9995180931837,7.44338848229836,45.9579978062827,80.369232400577,301.309694947984
"340","Carson DeMartini","3B/SS",11.7130843794566,2.87033716049665,0.46829867923752,1.56272374365422,12.6036342631003,27.5068926092458,9.06540061375983,3.78771367244722,9.88235273274669,16.614443962845,53.5670120481773
"341","Carson Jones",NA,5.19604533219085,1.59132844972714,0.155847442248031,1.03955322751757,7.13928718355812,26.2426446591257,5.10068379502155,2.40646046624981,5.51819292093027,7.98277445168358,15.7526988949025
"342","Carson Kelly","C",48.9667620896957,12.4564814208021,0.772746880769015,11.4857784138062,67.4472754389357,71.7893186690748,41.3079211651904,1.70155167432446,39.4469707786169,73.6817688050731,280.171741788035
"343","Carson McCusker",NA,9.42645803463542,3.55740912378384,0.15860392689074,2.29322524903337,9.68333783432842,28.991702466281,8.70441308442957,0.528278510659081,7.65681494851741,15.4356963343434,44.9591858050206
"344","Carson Roccaforte","CF/LF",9.60087100497993,3.34898135553794,0.935874621647989,2.08271663550571,17.0284915618776,31.6795262560958,9.0659820112676,3.2713911321356,10.0503359074648,15.9684436176716,50.0823941531379
"345","Carson Williams","SS/3B",46.863883946526,14.2074595298004,2.58305823366833,13.8763963929584,65.2136457686452,139.593805972234,46.2204865867154,11.0345377664159,48.2682644885647,77.5307981029531,259.524642354333
"346","Carter Aldrete",NA,6.84113190139062,2.23437047986162,0.156351677243649,1.21688810897921,5.45875414866043,16.0342941978919,5.44646679727894,0.00132119181192889,5.36650703609817,10.4487421674751,32.323965491009
"347","Carter Cunningham","1B/LF/RF",6.34983970617156,1.59541421493105,0.311980617660246,2.08273327228207,14.3085668678095,28.2137260033003,7.08919817800237,1.03321596597408,8.37533961991991,10.3399678110449,27.7715064608285
"348","Carter Dorighi","3B/1B/2B",11.3903284061479,3.66542007730275,0.31201423332662,0.174672997243706,8.8560270867954,24.0272066432232,6.42948933692804,1.89304128572242,8.87547938799709,15.542435714021,44.6115780451744
"349","Carter Frederick","RF/LF",7.65203247711081,3.34740351938195,0.46799613824015,0.348547429222031,10.2206338559652,27.6879055288599,5.11349164011919,1.37759953995208,7.53832176590933,11.8159795639549,27.1184841925139
"350","Carter Graham","3B/1B",8.140380150026,2.07370962513785,0.156082751912653,1.21625591147745,6.13590614953845,20.2044774247607,6.59637021382199,0.861293310650479,6.20111530079494,11.586428438554,34.2482295795641
"351","Carter Howell",NA,11.8534784140604,2.86439120950885,0.467542326744094,0.693035485011711,9.8590156344374,18.9433660122166,7.23968022519188,1.03134019982135,8.19368039774494,15.878447435325,51.0352594345488
"352","Carter Jensen","DH",54.1968590118237,17.293243703287,2.94767063673067,12.1970413443634,82.3590621175204,105.527068098033,47.2562623596547,4.40212515417707,48.4628853255296,86.6348146962047,314.278357839781
"353","Carter Kieboom","1B/2B/3B",10.7649204393983,1.92097116879727,0.156637410407832,1.21883461181357,10.2437578450493,15.7127492967543,6.28220497603126,0.862728679532575,6.71776401187357,14.061363630417,46.2247890869877
"354","Carter Trice","CF/LF/1B",5.37600426993518,2.07405840997233,0.156234022411338,2.08371484208743,13.9713155088951,24.2120258818748,7.09148956818005,1.37857820055351,6.87252700738344,9.69001154440629,28.8382745085184
"355","Carter Young","SS/3B/2B",8.30343346833601,1.9154736554538,0.156234022411338,0.521473564947717,7.15796299369534,23.6859603654362,4.29074940565819,0.689403277346921,4.69542094968721,10.8966147111489,22.4718197958224
"356","Casey Cook","2B/SS/LF",9.43939148307371,2.55074276641987,0.312031041159808,0.694665889095196,11.5798112302439,21.4173972443399,6.26448945197098,2.0666602860885,7.53789845967852,12.9968311797486,38.7009470086689
"357","Casey Opitz","C",4.40316726367541,0.800447559736439,0.156351677243649,0.695913647322354,7.50705435833596,16.7387751887644,3.30440948022947,0.173194914105463,3.52577435306016,6.05588014797785,11.633135858755
"358","Casey Schmitt","INF",39.5772338356131,12.0415156333773,0.554666300289523,9.08208385818032,38.2269358138179,64.4814381990485,32.7011992960661,1.73236280542179,30.6980123931614,61.2554996274603,224.813734986479
"359","Casey Yamauchi","2B/SS",13.6690811425817,2.55197181774137,0.312182311658493,0.174090710071033,5.45355370415637,8.18800711177098,7.25274456919,1.37764847298215,5.69960792797208,16.7073259820526,59.9625803758025
"360","Cavan Biggio","2B/RF/1B",9.24952057614396,2.60555934966859,0.206875918301695,1.3344923747756,16.7017109854579,22.0946715249027,6.7633018638019,0.694494018008302,9.28444200624851,13.3964482188898,41.8596993304243
"361","Cayden Wallace","3B/2B",11.2323010828048,3.03209419612879,0.468332294903895,1.21685483542648,10.5659638928198,21.4249772101486,8.08171117696947,1.37813780328287,8.0455274918392,15.949582409264,51.5484697819509
"362","Ceddanne Rafaela","CF",85.3047268127535,27.8457948648333,3.71449556039202,16.3482775813484,52.3815201695592,120.872047687935,65.4735002299435,20.347527405246,70.1123600444138,133.213294819327,519.020843179313
"363","Cedric Mullins","CF",56.7267166541747,18.3926551876228,2.00443569753312,13.9444180526923,82.455049891151,102.231317110006,49.2483118170682,20.0111697824737,54.6828910685243,91.0682255920229,359.150513074895
"364","Chad Stevens","SS/3B/2B",12.5475411336078,3.99220608249048,0.625272246309098,2.08571125525088,12.6211980285008,25.107762547883,9.40995242129488,1.72469074159403,9.73040635177256,19.2507307176583,65.0093634606146
"365","Chad Wallach","C",5.86169631702376,1.72766565286749,0.160431398960168,1.31234498703341,7.333168338151,15.9676259366828,5.49536853723938,0.0112128081646641,4.39180873200897,9.06213835588483,27.1027426202728
"366","Chadwick Tromp","C",8.82091180319412,2.43769002451513,0.0114391626152563,1.45351989332923,8.89773506443108,18.7120003858499,6.13916592553684,0.212132119689437,5.85247679409421,12.7235608836537,38.4835851341652
"367","Chandler Seagle",NA,3.7536954422355,1.27910836357937,0.000369772330119522,0.175405015403638,2.73477376202311,13.0907694786307,2.48081224943352,0.173374335215725,2.35353907602163,5.20857859354863,9.34875491713658
"368","Chandler Simpson","LF",99.6618770123401,15.3642309955483,3.13849944875461,0.866500316119514,50.5536895606332,48.6620932446931,33.0811139377516,40.761587367784,55.3477290996272,119.031107772763,461.862391320173
"369","Charles Leblanc",NA,8.6347814666003,2.12242324035358,0.160822560871458,1.41674918563513,13.560759880046,18.468137751126,7.21377114400537,0.526810519756937,6.49920001745059,12.3347764534605,39.4702892094701
"370","Charles McAdoo","3B/1B",10.7519408497025,3.19351905572809,0.312400813489927,2.60616997684051,12.2761623564294,26.6649344937597,10.3943771549333,2.7574173772674,9.39181875990705,16.864030695761,58.1076014988605
"371","Charlie Condon","1B/LF/3B",30.5563592058106,8.22290562756545,1.20293313770194,5.70109424929341,31.3173625207033,61.1640829171986,24.1262570126139,1.34768800343015,22.9055752310773,45.6832922203714,151.997368641887
"372","Charlie Pagliarini","2B/1B/LF",6.67428793367791,3.18765614874849,0.467828059908277,1.90939121714733,15.6677115348901,29.9503752722694,8.07663249873984,0.172803449864891,7.53916837837094,12.239163359482,32.4072050531593
"373","Charlie Szykowny","1B/3B",11.3900576454763,3.50725054282527,0.468029753906524,1.73574970003808,6.81387583036995,19.3295039840603,10.2169798231194,0.516844492632387,9.54614216817724,17.1010876422461,61.9042845773597
"374","Chas McCormick","CF/LF/RF",16.9896333711506,3.77971212269786,0.298337959007453,3.34250684464481,21.7134315058284,34.5481209053903,12.9023421951442,3.89692892355475,14.3101374676774,24.4101902975008,84.1957671481356
"375","Chase Adkison","C/1B",4.08223892490012,0.959563795907511,0.000319348830557769,0.175271921192741,5.12565660390965,5.59843818193292,2.64558983534349,0.00125594777183364,2.52209208605048,5.21739399083093,16.7086999168725
"376","Chase Davis","CF/RF/LF",10.5766017659177,2.71127075073051,0.000252117497808765,1.21598972305565,14.9885643949256,26.9872471931581,7.2547452606138,0.861032334490098,8.04199451291285,14.5041143572016,39.0426121413566
"377","Chase DeLauter","RF",58.3860549928371,19.1269150606082,0.863143323202721,10.7965794945653,70.2025596147381,76.0131307935731,44.3236382404569,2.93302118717412,44.3249087118744,89.1726928712133,336.329456150282
"378","Chase Jaworsky","SS/2B",6.19193084062234,1.91449373615693,0.156318061577274,0.521490201724079,7.84162372700298,14.6409168872277,4.94838915560194,2.58357002276098,5.53167359628057,8.78423284008062,28.5670148721414
"379","Chase Meidroth","2B",89.2750201276883,19.0090351961905,1.05536675135421,6.90819048933887,111.737118039004,80.1845842631739,42.038808363437,11.6592612724515,60.957673344473,116.247612564572,425.058336577819
"380","Chase Strumpf",NA,6.51262226380995,2.07455667402159,0.156301253744087,1.7366148124089,16.3540215512469,26.4745773059504,7.09070297155189,0.689191234216612,7.20660475978998,10.4800950039845,27.5492102902982
"381","Chase Valentine",NA,5.37905032749091,1.27759696262995,0.156133175412215,0.347832047838461,6.47832524575877,19.5157608024343,3.3018957910047,0.862076239131622,4.52681909663173,7.16061251337154,13.2902273214182
"382","Chris Brito","1B",5.86743184549005,1.27782948585294,0.000319348830557769,0.522405224423994,9.54989246592233,11.3392053200424,3.30458047949646,0.345492722659616,3.35928903115871,7.66798590459754,21.5197984838511
"383","Chris Meyers","LF/1B/RF",9.61856735751874,2.60533589741684,0.162671422522055,2.11562417914993,9.72575907031438,18.2760162609303,9.20190932859881,0.351593040408522,8.34032344470166,14.5021988566076,52.4019574025121
"384","Chris Newell","CF/RF/LF",8.46591142021884,3.18959937854059,0.312115080325744,3.6452740113963,17.3786295568586,33.4375268511683,10.8823145400777,2.23832196525173,9.88806736686258,15.6128998904815,51.1595282658492
"385","Chris Okey",NA,4.57019737934985,0.801361043826744,0.15658698690827,0.522455134753081,2.73608204994866,8.55772726974024,2.97646170151925,0.173162292085415,2.85698388890087,6.05060054483795,18.2825826691817
"386","Chris Suero","C/LF/1B",9.43651465093774,2.23287568771385,0.156217214578151,2.25595886998227,16.3530730425009,26.121699701319,9.88716815239897,2.41061977380588,10.3839089485962,14.081566423212,48.117883169935
"387","Chris Taylor","2B/LF/CF",19.8382751518312,6.3743987047779,0.501248174501978,3.64823152735804,28.4954063946032,52.6170406897626,14.9321294754498,3.46465072910442,17.6068873982008,30.3621535584691,92.7946772242557
"388","Chris Williams",NA,5.37475200182894,1.75604185205153,0.000352964496932271,1.91093843734901,10.9116210016559,20.2171542641304,6.10475634443725,0.173276469155582,5.86915407954243,9.04208525572641,26.5458514892765
"389","Christian Arroyo","3B/1B/2B",6.29042003492438,1.78680135269235,0.00169759115191235,0.878905032747107,4.1638137115262,9.40665235044153,4.02449816247836,0.350010872436212,4.4225272286411,8.95782401151575,30.6907675808989
"390","Christian Bethancourt","C",4.71468204274347,1.64030780576914,0.00233628881302789,1.24808206465814,3.50775785344767,12.8717742581106,4.41304808141021,0.360449918851452,4.30271955919052,7.60540820198377,24.4098944846625
"391","Christian Cairo","2B/3B/LF",9.18442721292203,2.09360696950486,0.62629752413352,0.352257430350778,13.0408388195267,18.9416748268313,6.14003349321751,3.11897644480047,7.25297307307218,12.2565891369112,38.7430499038167
"392","Christian Cerda","C",8.97317849506352,2.39961536383856,0.000689121160677291,1.39387361813724,15.3718347816212,16.4079350278312,6.45043674713444,0.173733177436249,6.05455793375916,12.7673565982,41.1554770856703
"393","Christian Encarnacion-Strand","1B/3B",17.0629624950699,5.64034667661439,0.425209171116735,5.03420869388422,12.9698276117087,34.3994086371051,18.1339724697436,0.423891485512656,15.0247961540493,28.1627270366852,105.264823682757
"394","Christian Franklin","CF/LF/RF",15.0007900375927,3.47063317612436,0.526869522881007,1.65401248192808,21.7719193882122,24.9051542136353,9.37853426076728,2.40707621722299,12.1713501791306,20.6523052185261,70.4951317667345
"395","Christian Knapczyk","2B/3B/SS",13.0150910024341,2.39345349842941,0.468029753906524,0.694798983306093,13.9656244564189,21.0650423959712,7.58243654042353,1.03331383203423,8.87749823309785,16.5713732380762,51.5562358799736
"396","Christian Koss","2B/3B/SS",19.5491811456291,5.40764184304111,0.425392368590374,2.29668621506127,11.7890459930615,30.029913885605,12.2691850803822,2.4999225823861,14.5712066717668,27.6789015723218,95.4955903913013
"397","Christian Martin","2B/3B/LF",8.79151038057958,2.23202863883011,0.156116367579027,0.174240441058291,9.88194338033266,13.9393764003327,4.78270527357692,1.3780236262127,5.86503498429651,11.353895828047,35.2150576650575
"398","Christian Moore","2B",54.1914760804684,13.9902059377022,2.59222756884727,11.1498462816286,73.4271286666423,127.992061047727,41.4611959294579,7.00905404669425,45.254605789122,81.9237558686465,264.128262243769
"399","Christian Vázquez","C",19.319976854335,4.58250303992581,0.040655761593782,2.1525870729498,16.496146176625,24.6538041324964,11.3951106607023,1.04257199109618,11.7125148562825,26.0957227288044,88.9051373439605
"400","Christian Walker","1B",68.4819144703425,21.6628486554792,0.718850225193128,25.2925823129558,96.0227271573353,144.870082115288,75.3444598928691,3.26185512294876,66.2619129292601,116.156195663971,447.445028866434
"401","Christian Yelich","DH",85.2392997622877,21.4571264124904,1.53109788577939,18.2633609717311,133.164536464843,137.433713183773,69.7406777014083,16.0601373487824,71.8708895760287,126.490885032289,479.020051638555
"402","Christopher Familia",NA,4.24200927006674,1.27772983304309,0.312232735158055,1.21747039615188,5.11878809230052,11.5189440212662,4.78826274975413,0.00146799090214321,4.69734210873472,7.04944223441976,24.6710620231989
"403","Christopher Morel","1B",43.1450101385233,14.6701744450634,1.69157213451349,14.5535157282408,69.6205539608131,111.406529446498,45.2343608927298,7.13600016723272,44.3717670615843,74.0602724463409,269.230281912885
"404","Christopher Paciolla","3B/2B",4.56605135656566,1.59524812691463,0.000252117497808765,0.348430971787496,3.41339758681738,15.5179160084459,3.30240878880568,0.517529555053387,2.68694930706421,6.50998257276559,13.1599646380469
"405","Chuckie Robinson","C",8.23038652442952,1.33247244325483,0.161595721198071,1.0779009970322,5.99725289772254,15.4558946919254,5.61502077475205,0.182606366889203,5.36281552195961,10.8023556859146,33.0009819061669
"406","Clark Elliott","LF/RF/CF",9.11430019897226,2.23383899820908,0.312400813489927,1.3894149620722,16.0151675396237,19.6808296560369,8.40699136711463,1.20530173139793,7.87655117557954,13.0499549727435,43.9847650476912
"407","Clay Dungan","2B/SS/CF",10.6711264590288,3.26689674138205,0.63473505639352,1.24047905786066,17.7410907266323,26.4868037148621,8.24325418449594,2.63026844445916,10.0697634259319,15.8132373146651,50.1539983117711
"408","Coby Mayo","3B",26.9441493001658,10.7121601883839,0.935263012946492,9.26092268173271,41.4172620784148,66.1771855858477,29.1433343643182,1.76188737680173,27.9712405175757,47.8524951832289,176.62221648201
"409","Coby Morales","1B/RF/LF",11.2271227849601,3.02953644067593,0.312098272492557,1.21565698752841,10.2224000446647,25.248163840341,7.58365063521916,1.37782789409241,7.70739576822224,15.784414485657,46.0746578624101
"410","Coco Montes",NA,10.2527965950064,2.55374895951706,0.156418908576398,1.56234109779789,10.9021359141956,21.9438548279755,7.42022394351843,1.03306916688387,8.04204335593948,14.5253055608977,45.681008391123
"411","Cody Bellinger","LF",87.8907037826122,24.5694484122417,2.76267164806095,22.1541948383435,104.846135167459,90.4966989597753,77.8218743927639,11.2635777542021,76.2929713878299,137.377018681258,583.570156842189
"412","Cody Freeman","INF/OF",35.08550571768,10.0421149550437,0.386766693239602,5.44862832860872,26.6045341173157,37.0894103593477,24.6347189611084,3.05973672993169,24.7088266384272,50.963015694572,195.364452381185
"413","Cody Milligan",NA,9.81107052523591,2.40471426594263,0.470517313218237,0.523120605807564,12.3262697839779,20.6523986523986,5.46686700983098,2.59484093068744,7.7362457159526,13.2094227102043,39.6889338444872
"414","Cody Morissette","2B/3B",7.67486098623684,2.24084791250197,0.157040798404326,1.219084163459,9.9069643869088,19.7294949968647,6.11850468550333,1.55466016343319,6.71918045964588,11.2918338606021,34.7505338932117
"415","Cody Roberts",NA,4.40590871547557,1.27932427800071,0.000554658495179283,0.349046532512894,5.12238588409578,13.6087322729979,2.8113421170753,0.173358024205701,3.52605113021107,6.03483418448435,13.3340947444769
"416","Cody Schrier",NA,6.51610830745707,1.11809872402112,0.312232735158055,0.869588437984334,5.79522053481949,14.9918341558741,4.45684368592399,2.06613833376774,5.19722138066986,8.81602820462057,27.5277833666394
"417","Colby Halter","2B/3B/1B",10.414716103004,3.34861596190181,0.780312912564141,0.868324042980814,13.9665075507687,27.8570584157646,7.5828811385177,2.41034248663547,8.20953810039131,15.4119690204508,44.0958242871047
"418","Colby Jones","2B/3B/SS",12.6885951473486,1.11783298319485,0.312148695992118,0.174107346847395,13.2817674799225,22.983227340817,5.27625143467866,4.64793045643613,9.21024094277646,14.292684173383,41.2937004289445
"419","Colby Shade","CF/LF/RF",8.62794938601027,2.39342028082613,0.468164216572022,0.69533136014968,12.2677566065077,23.3372974831726,6.924557391506,4.3046234091197,9.21281334217906,12.1848652435581,39.0750351847257
"420","Colby Smelley",NA,5.70733997202589,1.12020804182964,0.156385292910023,0.175521472838173,5.12238588409578,10.8174035343712,3.30511057722413,0.00119070373173838,2.69033575691066,7.15945477960372,18.6171408884708
"421","Colby Thomas","OF",37.4758353171534,15.5425273271709,1.14911124014297,11.0664889579849,33.9095160950851,92.2512455544638,39.0584169162426,4.85234655621981,36.2457442856653,65.2339628424522,234.647367412432
"422","Cole Carrigg","CF/RF/LF",12.6902027888364,2.87091846855412,1.09244480072307,2.08341538011292,11.5809232749806,24.0249032484408,9.72598155109582,4.30455816507961,11.7235250030244,18.7369814382265,69.2461599957775
"423","Cole Conn","C",6.35432417979528,1.75665637771228,0.312232735158055,0.522455134753081,8.5273777209915,16.0328729543028,4.62153577220046,0.345753698819997,4.86498338226644,8.9456684274187,24.5848924335278
"424","Cole Fontenelle","3B",7.32557046710928,1.43689589561908,0.468096985239273,1.21627254825381,8.86093316651622,30.3057686414149,6.43095993062416,1.55037036779692,6.20105017675943,10.4468358962214,21.239027033289
"425","Cole Foster","3B/SS/2B",4.56600058893973,1.1183312472441,0.00033615666374502,0.695198265938783,5.45724961754605,15.8653046723193,3.79655344734189,0.345411167609497,3.6909083512248,6.37986625878636,14.3117654286039
"426","Cole Gabrielson",NA,4.72753087847188,1.11951047216068,0.156301253744087,0.869205792128005,8.18819663738692,19.0003954532471,4.45643328768321,1.20675341129005,3.35951696528299,6.87254839650465,14.6796837565559
"427","Cole McConnell","LF/RF",7.81383352731458,1.75429792787913,0.000235309664621514,0.695863736993267,9.88161630835128,24.2128426885352,5.27808112683546,0.345460100639568,5.8655396955717,10.2642305018516,21.9112894982545
"428","Cole Messina","C",10.7410935002957,3.0292873086513,0.156250830244525,0.868939603706212,11.243868159255,14.8055610013669,6.10249915411297,1.20559532957836,5.86785159883226,14.7955712428977,48.7057065901087
"429","Cole Roberts",NA,2.94538401543768,0.322550760769041,0.000453811496055777,0.00124775822715716,3.41961195446374,4.38295358943994,1.16332685900185,0.345965741950306,1.85182005008337,3.26963634592994,9.11426975782802
"430","Cole Urman",NA,5.21650468544019,1.59719135670673,0.156402100743211,0.522255493436735,6.14162990921274,18.4773357853189,3.46894766716565,0.173292780165606,3.52541617086486,7.49235363632687,14.6441437803612
"431","Cole Young","2B",55.1663083039325,16.5434897452,1.8230701485526,7.08011329255941,75.1184165428261,68.3827811486704,38.0896069718101,5.55627959895739,42.9213109571013,80.6129814902445,301.453330769915
"432","Colin Barber",NA,7.49217751923432,2.23435387105998,0.312602507488174,1.21645555279379,9.20590342419136,20.9082069535056,5.77566287063819,0.517382755963173,5.70221288939243,11.2555894505763,31.3627454586347
"433","Colin Davis","LF/CF/RF",4.07853288820731,1.27870975233996,0.000369772330119522,0.696645665482286,5.12127383935906,13.7788816640284,3.63504194743145,0.689859985627588,3.35912622106994,6.05425807835968,15.4373070186267
"434","Colin Houck","SS/3B/2B",8.94987615476216,2.70959326176467,0.62391081182093,1.38806738318687,11.2395508091007,35.5120408183502,7.25170147366136,1.03297130082373,9.20947573535924,13.6714476115346,31.1180675610652
"435","Colin Summerhill",NA,7.65157556847745,3.18744023432715,0.000252117497808765,1.04238147949912,11.5809886893769,23.6840817101172,6.10113115997704,0.173064426025272,6.20025240732445,11.8816493998015,30.7504033904342
"436","Colin Tuft","C/1B/LF",5.05277446545112,1.2767831313495,0.312182311658493,0.521822937251321,8.52616755466036,15.3458879620965,3.96083513537758,1.72304332958162,4.5284146355017,7.16356284571043,19.8237102419162
"437","Collin Price","C/1B",7.32557046710928,2.23367291019266,0.156385292910023,2.25667425136584,10.9051122692263,24.0364692307524,7.58510412898859,0.345068636398996,6.53743983242652,11.9723029215778,35.6645183819054
"438","Colson Montgomery","SS",63.6729634392748,19.4753106505283,2.24094352804336,22.6081079087722,96.111463402383,164.111237276781,69.664227131261,2.91287849450223,64.2371769593943,107.997325526619,388.476543321164
"439","Colt Emerson","SS/3B/2B",47.3724917359208,14.4925049419498,1.32468215063015,6.15502695172784,58.2576954812345,74.7737707732592,33.8408056118774,5.56428650461341,36.1895613018714,69.3447057802287,244.461950084183
"440","Colt Keith","3B",75.1297991436606,22.2920639818732,3.12249556403167,14.9261657860891,91.2344248512261,103.668566958009,58.2252084538032,3.22159819168972,61.9897253905399,115.470524475655,439.495090973191
"441","Colton Becker","SS/3B/2B",8.95661132646872,1.75743699138945,0.156502947742334,0.174539903032809,10.9044908324616,13.5892759383467,3.96257932790089,4.30672752941278,6.03606270767469,11.0450911686333,36.4454297285141
"442","Colton Cowser","CF",58.7654389542326,20.979945660025,0.908713564103633,19.4518303396158,95.9922225324606,152.667531405676,60.7191181306526,12.0646459656075,61.7774929012922,100.105928517977,363.364374952887
"443","Colton Ledbetter","RF/CF/LF",12.8524776702155,3.34873222351331,0.468197832238397,1.56244091845606,11.2415132409891,25.0692092735112,8.90118732543094,3.27144006516567,9.88217364164904,18.2318486444233,60.6535883353625
"444","Conner Capel","RF/LF/1B",9.20837260981849,2.09885535082371,0.472231712203337,1.5779630308019,12.0476951385244,16.8797723544862,6.82860701055994,2.25603572213759,6.60640618603024,13.3574227036474,46.6607525428199
"445","Connor Burns","C",4.40057811475303,1.59644396063285,0.156116367579027,1.56358885602505,8.18394470162888,26.3065189399706,5.11573173051677,0.000848172521238301,4.69644665324647,7.71672729898995,13.2561327771498
"446","Connor Caskenette","C",5.38089488456633,1.27954019242206,0.156368485076836,0.00201304993981355,7.84885201779165,10.4685119462426,2.64622253263136,0.862467703372193,3.02485309655688,6.81881661200504,18.1197975347281
"447","Connor Charping","C",5.7071199789802,0.642194981250747,0.156435716409585,0.175122190205482,7.17127482333781,7.68497554315623,3.13992259307339,0.862010995091527,4.0288609837441,6.68087286684601,21.8688706139772
"448","Connor Joe","1B/RF/LF",9.26122470214839,3.35593409485791,0.388859842326684,1.19199806195645,16.6863837182048,18.3390796563146,6.63559436970896,1.11610808272721,8.66740919408617,14.1980167012894,48.3837300594566
"449","Connor Kaiser","SS/2B/3B",5.73148843942606,1.92588737408328,0.313375667814788,0.872400053189528,11.2937139292185,20.289784712375,4.47712419898913,0.691637885720184,5.38907251440194,8.84315153451366,21.9673433595587
"450","Connor Norby","3B",66.8314913458035,21.8349702001267,1.70421555023353,13.6700605384992,66.4239152648501,127.202525156687,53.5347129493725,8.31843513833758,54.0582932291188,104.040737634663,367.084711980222
"451","Connor Pavolony","C",3.26668465013645,0.801161738207042,0.000470619329243028,0.349196263500153,5.12523141033385,11.8694365504491,2.3171974585391,0.173358024205701,2.35544395406026,4.41751327117288,8.07879446724057
"452","Connor Scott","RF/LF",5.38099641981819,2.23588188081104,0.312350389990365,0.522721323174874,5.11983472264096,13.5959900890954,4.4585194787405,0.51762742111353,4.19629060416042,8.45195001379446,25.3610440866189
"453","Connor Wong","C",35.3819475683044,11.0898343702754,0.677833573334562,5.39983520931724,32.832692451289,59.5882508280305,23.7994673896754,3.81817518599722,26.303842092163,52.5494507212316,180.626593148396
"454","Cooper Bowman","2B/LF/1B",8.4759249387004,2.44774767099682,0.318367594271401,1.2379169943009,12.1335188264405,19.4914681811568,7.04500927517451,3.31714351525239,7.83956499828716,12.4799571982695,42.9483550448081
"455","Cooper Hummel",NA,7.91682411778232,1.94716324898657,0.474568001016365,1.75742741963789,16.5768229849681,16.9775931201382,7.17909249265958,1.218366850427,8.1372546958532,12.0959827874231,44.013650791004
"456","Cooper Ingle","C",9.49413127999863,4.38014569532373,0.00213459481478088,1.4190450607731,20.1641901586855,16.1717215229094,8.06633565062961,0.182263835678703,9.21579704168014,15.2954566309102,55.8205949650823
"457","Cooper Johnson","C",5.8634719706676,2.07468954443473,0.000369772330119522,1.04279739890818,11.5899504616669,20.0397352938222,5.27963722016508,0.344807660238615,4.86436470392911,8.98132868634062,22.596881635352
"458","Cooper Kinney","2B/3B/1B",12.6889335981882,3.19018068659806,0.312299966490804,2.0821509851094,8.8576297395042,23.5045063702255,9.2300414002562,0.172738205824796,8.71039423285908,18.2735652363864,59.4905967527817
"459","Cooper Pratt","SS",11.5522140690615,3.18920076730119,0.312131888158931,1.04194892331371,15.3280725505115,19.4979054088375,8.24151268421,2.75446508445309,9.38011271452436,16.0954956478354,56.1039833314162
"460","Corbin Carroll","RF",76.3391848145349,27.4206980318352,10.0609425486171,25.5177464817534,135.600422728093,129.515533452746,80.8695786291279,33.4209557392767,100.492834945631,139.338571876741,627.379374065841
"461","Corey Collins","1B",3.75164781465637,0.639919575425805,0.156234022411338,0.869155881798919,9.88773255440322,16.0455007852729,3.96151913244554,0.345476411649592,3.19067089709436,5.41695729429243,11.2628928044391
"462","Corey Joyce","3B/2B/SS",8.6292862668264,2.23422100064684,0.312182311658493,0.694815620082455,13.6344893435565,16.3784319712568,6.43058373223678,1.20587261674876,6.70460895670081,11.8705051992142,38.5171814162833
"463","Corey Julks","LF/RF/CF",11.2651046389601,3.62384433035149,0.317039775449608,1.96673818526747,13.0256879478827,18.7098798503441,9.48484740799961,1.94484505355805,9.980612896197,17.1727269300286,64.3767447345496
"464","Corey Rosier","LF/RF",9.12985201504847,2.39913370859094,0.312518468322238,0.696911853904079,11.6036220704889,15.1817012596871,5.78279354007172,2.58712582294618,7.38391695259475,12.5384160458657,43.3022894004704
"465","Corey Seager","SS",75.0222804507209,23.8467544973727,0.397056466413412,26.1777236054701,133.208299095729,97.1944037212526,77.8866327703839,2.26466253274555,70.9459311508685,125.443815019977,533.408306039287
"466","Cortland Lawson","SS/2B",9.48939759461367,1.76886384691909,0.157057606237513,0.349761913896464,7.53649083666084,19.9426247543665,4.97161085605932,0.693220053692494,5.38887714229541,11.7650809616667,29.5385909837644
"467","Creed Willems","C/1B",8.62739094212505,2.8709516861574,0.156166791078589,2.43096460275322,10.2231523102218,18.2851162783239,9.06849570049237,0.172787138854867,6.037479155447,14.0854740221143,49.7262468593874
"468","Cristian Gonzalez",NA,6.3555933704435,1.27794574746443,0.00033615666374502,0.521822937251321,3.41241637087322,17.7693098535401,3.30374258308821,0.00119070373173838,3.52401600410142,8.155698211823,16.3708209453961
"469","Cristian Hernandez","SS/2B",11.8770684375753,3.82490170710995,0.312081464659369,1.04113372127197,13.9626481013883,24.0231226099211,7.4169236576655,4.13137956198417,8.70933596728206,17.0551853306166,54.972538369105
"470","Cristian Pache","CF/RF/LF",7.63413127696713,1.70408094804463,0.191657999229867,0.827896631857889,9.75320010664096,18.579458207363,5.09213118626958,0.800471514603571,5.41897586753561,10.3577668560995,28.3765077714223
"471","Cristofer Torin","SS/2B",15.4525141188061,3.3476194338033,0.312165503825306,0.694333153567954,16.6876751183661,17.9315035476981,7.91137611488229,1.54921228608523,11.051706271214,19.8066322100027,68.0556376566491
"472","Curtis Mead","3B/1B/2B",20.0931864353379,5.85236301741485,0.292086076874581,3.01840194269571,18.1997078858963,28.2225396778442,13.7606993206153,2.03428665425144,14.7063880486137,29.256037472323,105.538687761856
"473","Curtis Washington Jr.","LF/CF/RF",6.5155160184879,1.59586265257538,0.312064656826182,0.5216565694877,6.47822712416436,18.4719611974933,4.4547061950866,2.41048928572569,6.19982910109364,8.94509989737716,25.2133247512349
"474","Cutter Coffey","3B/2B/SS",8.78959813333626,2.86980567884411,0.000201693998247012,1.909008571291,11.2426907001221,21.9404895845346,8.24168368347699,1.03313441092397,9.37900560592071,13.5686140774696,46.0164111289095
"475","César Prieto","3B/SS/2B",19.5358304555051,5.84640227542177,0.380870367764157,1.56067181238453,10.9117208898646,18.1200743904408,12.0482452322714,1.33476042842167,12.8188342611082,27.3237749110756,101.343248712691
"476","César Salazar","C",17.1941411527352,4.58867709022383,0.131532868574831,2.6145594911362,23.1283060968538,27.9249043784524,13.3661044096376,0.929384251950264,13.2751074708514,24.52891060267,85.9278448627791
"477","D'Andre Smith","RF/LF/2B",9.93098828404834,2.39371923925568,0.312535276155425,1.04193228653735,5.79610362916924,14.8092693036052,6.76152399811934,2.06714961638922,6.53740727040877,13.6791750859968,47.738923490481
"478","DJ Gladney","CF/LF/RF",8.63111390135984,2.39415106809837,0.468231447904771,2.25795528314573,6.47816170976808,26.4747733395489,9.56395705338441,0.861913129031384,7.37641140750237,13.7514517005087,42.6863431652405
"479","DJ LeMahieu",NA,17.6104232192311,3.27131777669887,0.306526221275568,1.75572234732759,21.7499785964782,23.3699984647292,10.0420773735464,0.396902391991293,11.2655174890259,22.9439895645331,76.3180047446665
"480","DJ Stewart",NA,5.17280142932059,1.67420636992028,0.0050759656225498,1.4754437326406,11.1425263816097,15.9237701106791,4.90279536654739,0.367447342151669,4.96952801514334,8.32752749750401,25.4092726047625
"481","DaShawn Keirsey Jr.","CF/RF/LF",12.5585989865647,3.13159969630737,0.676643180708903,1.46456254758412,10.6632207002428,24.4960027343631,8.54466908660942,4.65726414740887,9.69055644871871,17.8314044111651,60.7692738823467
"482","Dairon Blanco","LF/CF/RF",9.33559893264831,2.25534930088106,0.514788611940668,1.05253237307659,8.3059638168335,17.0363007917677,6.67253403469132,6.27551876583176,9.18713118989641,13.1582692185466,51.0162144982838
"483","Dakota Harris","3B/2B/1B",12.2120932538169,2.87302778636264,0.000352964496932271,1.04271421502636,5.79816418265198,16.375230089148,7.58804531638084,1.72307595160167,8.37968664929012,16.1281882197028,55.7020188476687
"484","Dalton Rushing","C",26.1942611945502,8.89528545071776,0.449020891913587,8.0685663482961,44.9290715861563,62.2645174850827,28.1034956106474,0.681755432466427,26.9648709811708,43.6071338854776,158.306032475068
"485","Dalvy Rosario",NA,7.00885584128609,1.27962323643027,0.312484852655863,0.696712212587734,5.4615996748985,18.484082608334,4.29589648359462,1.3790512198442,5.87009837805731,9.29767614295995,24.9487214815472
"486","Damiano Palmegiani","1B/3B/LF",7.09297779745026,2.74199703376804,0.158133307561497,2.27996573827278,12.4138923677916,23.7916792558962,9.64542110417896,0.177990351052464,7.29129856796905,12.2730738770526,40.0404132621714
"487","Damon Dues",NA,5.05756354483041,0.960842673633938,0.156738257406956,0.174573176585533,8.53578347091316,7.86321132012485,2.48105164840731,1.37896966479408,4.029007512824,6.34971765245684,20.8730091814755
"488","Damon Keith","RF/LF",7.97656531732705,2.55218773216272,0.312249542991242,2.08418067182557,10.9039021028951,24.9066561844227,7.58720741997258,0.862059928121598,7.54231061308424,12.9251832643066,39.2897004032974
"489","Dane Myers","OF",39.2464690020008,9.04484523068227,0.541975933262953,6.58124421927043,34.2736508418352,63.8692206269241,26.9590278309291,8.83799937744924,27.9790439954687,55.4145343852164,196.022983487592
"490","Daniel Cope",NA,3.10564511432161,0.960244756774829,0.156418908576398,0.349445815145584,3.7635028746003,7.52823811748988,2.31776175612017,0.0012070147417622,2.02099173844955,4.57175459481842,12.8484061956412
"491","Daniel Guilarte","2B/3B/CF",7.8140365978183,1.43606545553699,0.156200406744964,0.347416128429409,10.2213534143242,29.4267601758121,3.7944330564312,1.89475394177492,6.19849405836571,9.75371858852966,14.5127913006639
"492","Daniel Johnson","RF/CF/LF",9.18831477120817,2.6215294790177,0.32045176558662,1.95913517847,8.03024613866914,17.6507491799853,7.76959523814526,1.58870124135289,8.38600795561102,14.0894311942825,51.5016873835722
"493","Daniel Schneemann","2B/3B/CF",28.1041950428039,9.18393843644562,0.758494593220159,5.66953150828353,43.2498396044938,61.3384605130544,21.9697163227014,4.36554143214848,24.836910922247,43.7161595807532,148.691709054038
"494","Daniel Susac","C",20.3827478175645,5.33341367836731,0.321936038660648,3.63195252061261,15.4204685755967,41.1371827307252,16.1608384270267,1.46360907394039,13.1525301416752,29.6700500552051,95.5230883950588
"495","Daniel Vazquez","SS",12.0406971223125,2.86995515805889,0.468029753906524,0.347316307771236,12.9413435227886,22.2834021479088,5.93525917875833,2.06607308972764,8.37436275938728,15.7259983420492,46.1182514952976
"496","Daniel Vellojin","C",5.53895605299334,1.11934438414426,0.156318061577274,0.86900615081166,8.86953515962671,14.8207372691175,3.9622715292203,0.345036014378949,3.6928295102723,7.68362464952653,20.2692726930674
"497","Danny De Andrade","3B/2B/SS",9.27657508035136,3.82518405673786,0.779842293234898,1.21489169581576,9.19910032697849,23.3302892820262,8.24024728963426,1.20566057361845,7.7059304774233,15.0964931261399,48.1405721677244
"498","Danny Jansen","C",35.7682879972254,12.3413772246078,0.24601769067165,12.2425723092554,71.324773145001,77.7985923622728,38.1852084006287,0.649849417406196,36.534669573614,60.5982552217603,228.927030228374
"499","Danny Serretti","3B/2B/SS",7.0043544451204,2.07543694050861,0.156418908576398,0.694798983306093,9.88769984720508,14.9873743915082,5.27890192331702,0.517480622023316,5.36596976280523,9.9310092775115,30.4406774567516
"500","Dansby Swanson","SS",86.7941709358877,24.5157429890182,1.9269673692355,20.78068192561,103.988870820887,157.599309814079,72.7729358802272,15.1476856273745,74.5665121831061,134.017563219751,497.652237040202
"501","Dante Nori","CF/LF",14.7996916340549,2.39146044223238,1.40353460322439,0.521756390145873,16.0049301866063,19.4997023834904,7.58216294159634,3.95885339928968,9.37915213500061,19.1164430696575,65.5335941204876
"502","Danyer Cueva",NA,3.75846759907282,1.2783277499022,0.00033615666374502,0.174939185665499,2.0518980014708,8.55883812679841,1.98721478855168,0.517855775253864,3.18974287958836,5.21207069130426,14.5760050107345
"503","Darell Hernaiz","SS/3B/2B",41.5013873889164,11.3271698341538,0.902680151630214,3.13928208724833,36.1962956810446,36.9574873106291,23.4997798308938,4.46251238564312,27.0685383176276,56.8705194619487,211.235278008541
"504","Darick Hall",NA,8.4337370415535,2.11127873445186,0.00245394364533865,1.76820805072052,10.0450214702525,18.0596192767868,6.21604266739504,0.177615197821916,5.47103111308964,12.3156777703712,38.1729137865375
"505","Dario Laverde","C",9.60244480138372,1.91414495132245,0.312081464659369,0.694898803964266,6.81724467177824,19.508213508892,5.77097749072264,0.172705583804748,5.19601658601295,12.5235700213298,33.8252005081718
"506","Darius Hill",NA,8.51488525669824,2.56630521355834,0.313274820815664,0.524867467325584,7.53835514695475,13.6589985548802,5.30528711021374,0.347678398002807,5.89417799018665,11.9193327583978,38.4136004758829
"507","Darlin Moquete",NA,7.00494673408957,1.2787263611416,0.156385292910023,1.04359596417356,6.1399945493058,14.2938712821517,4.78824564982743,1.37942637307475,6.03589989758591,9.48365435231475,31.0829485347629
"508","Darlyn Montero",NA,6.67892471017942,1.27754713622503,0.156183598911776,0.522471771529443,3.7530365711959,17.7779026596078,4.45602288944243,0.689158612196564,4.19324605550039,8.63512721684566,20.6232361967055
"509","Darren Baker","2B/LF/CF",13.8695240259225,2.30620354696289,0.319023099765704,0.183773313913772,11.5603430084456,15.4057590991088,5.92908341298259,2.99781365267097,8.72378149703267,16.6785239865649,55.7760611115078
"510","Darrien Miller","C",5.59153439091369,1.77218560724747,0.157729919565003,0.877723821625398,14.0973363433237,18.7860155859567,6.30749576761924,0.34811879527345,6.41761588196707,8.39917373935156,24.2055529882115
"511","Dasan Brown","CF/LF/RF",7.65694001428394,1.91658644516381,0.312367197823553,0.869971083840662,9.55061202428138,23.8715964107482,6.27026922719528,3.44597248209308,7.54374334186543,10.755864741112,30.8072169560743
"512","Daulton Varsho","CF",59.3740164322396,21.3629082113745,2.83925712324228,24.7667115097934,86.4466228664332,137.290045526693,71.8234789594163,8.78520887671124,68.9418308023922,108.34289327665,438.630709929015
"513","David Bañuelos","C/1B",2.31911299904728,0.651097298930812,0.00109250915717131,0.530041504774196,3.46442081591383,8.66521902625158,2.01358287552171,0.00344162311502465,2.04525044167654,3.50134431190946,8.14449568135782
"514","David Calabrese","LF/CF/RF",8.65656540449219,2.08249568120642,0.156839104406079,1.56921208643543,10.9424638895007,21.8342798188819,6.94924968565951,1.38275381911961,6.89414818717233,12.4651122765401,37.8910188520149
"515","David Fletcher",NA,9.50124337399707,1.44966806408172,0.157091221903888,0.35004473909462,5.4886158205611,8.5895010488306,4.48213447751197,0.694166092273875,4.38910231741626,11.4580473990773,38.1640287607767
"516","David Fry","UTL",25.6373756716912,8.34721575472017,0.362620223331631,6.86877877192172,34.5127278992923,56.1447132125928,24.5684762151682,1.75910715476687,22.3598630920095,41.2159904216647,145.869497031495
"517","David García",NA,5.54071599735887,1.27839418510876,0.156334869410462,0.175488199285449,8.18943951091619,14.9968820210355,3.63283605688726,0.173325402185653,4.19462994125495,7.15093325116355,16.5742376545691
"518","David Hamilton","INF",28.1238804614729,7.57403253886276,1.31501557322261,5.39873726395222,35.9891015038834,55.0815107847255,20.3943129603898,18.891614812231,27.3593181974937,42.4116658375105,165.199008175085
"519","David Hensley",NA,7.23455178362396,2.62863804612044,0.318182708106342,1.24518726557113,15.8014438291736,19.9985993280104,5.93802667464622,1.23893503406703,8.55794741548632,11.4265598034219,37.0165544655013
"520","David McCabe","3B/1B",11.7140489643493,3.34811769785256,0.156166791078589,1.90922484938371,16.6901935726227,22.9857104330647,8.24291487819932,0.34474241619852,8.04298765445436,17.1275583026641,54.4157352519408
"521","David Mershon","SS/2B/CF",6.52660028348237,1.91801480210501,0.312417621323114,0.17502236954731,12.6256135002495,17.9717231076572,3.63688873951495,2.24161678927654,4.86988396593847,8.93205507645781,22.6407487698394
"522","David Villar",NA,8.46246689146085,2.4992183472851,0.00448769146099602,2.34047369390172,13.8194084029272,20.6659070521689,8.37400022403732,0.357905401287738,8.32445373592297,13.3066466241087,45.8400069933173
"523","Davis Diaz","C/2B/3B",8.95265145164627,2.23270959969743,0.312031041159808,0.174889275336413,11.584782724361,14.2862749802098,5.27746552947429,0.689093368156469,5.69920090275015,11.6722813678399,35.7777684317172
"524","Davis Schneider","INF/OF",36.5580010424279,12.9928321120339,1.05548719805439,13.3633245571103,84.0262728077526,97.2950998697244,41.0816105818529,4.14410771237433,41.666967803162,63.9696449096265,236.700301136018
"525","Davis Wendzel","SS/3B/1B",9.59132651737633,3.09765596154978,0.0136452345840334,1.96276239422341,13.1124662451227,18.1531014794928,7.74282230495555,0.396218562580769,7.98539240635739,14.6653901077336,50.9807357309897
"526","Dayan Frias","3B/1B/SS",9.83576051397932,2.57372934789228,0.157192068903011,1.05106587676014,14.0676382074137,24.1864512697388,6.47877132567486,1.39022426171051,7.59081173852934,13.6177478075347,38.1679105947589
"527","Daylen Lile","LF",86.915814439232,26.2388002803275,7.24068254393714,9.86741333201864,70.832082813366,96.7158115289736,57.187103111067,14.0491437033189,64.9483873808188,130.262710595515,500.579359817035
"528","Dayson Croes","3B/2B",10.5818646764723,3.35032666847093,0.468382718403457,0.521190739749561,8.17956193707829,11.5019381065962,6.59631891404189,0.173064426025272,6.70421821248776,14.9217648030962,52.5876221797739
"529","Daz Cameron",NA,7.94083257847828,2.80466204236298,0.323090595397019,2.32658198563937,10.60082232713,18.746554469397,8.66489246159057,2.12808754983818,8.4545021599573,13.3951672018776,51.1170184976971
"530","Demetrio Crisantes","2B/3B",7.98231898159899,2.07468954443472,0.312165503825306,0.868473773968073,8.52459760914971,9.59105541329458,5.44456870541534,1.54976686042604,6.70438102257653,11.2376478038271,43.1250464605942
"531","Deniel Ortiz","3B/1B",9.76478737293074,3.0281745189413,0.156116367579027,1.90912502872554,14.6453603259499,25.7713051889353,8.73517854479863,3.09795155287978,8.37589317422174,14.8582032881766,48.0801102877706
"532","Denzel Clarke","CF",48.5994651177368,16.5269162742645,2.81817544466962,8.26112893434594,54.738462635603,123.444463849124,35.7217269125278,12.458888304745,44.9202642940935,76.2056857710169,245.220126941934
"533","Denzer Guzman","SS/3B",15.2512868761022,4.97044196862613,0.355748861927921,2.7966165562741,18.5560669262088,37.3383707031874,12.5383689541655,1.66858125070696,11.7513468817433,23.3740942629303,72.8139985335237
"534","Derek Berg","C/1B",5.70189091350952,1.59524812691463,0.467979330406962,0.868673415284418,9.88334978985263,24.2153257807829,4.4548429945002,0.689403277346921,5.36377182660681,8.63379178611553,17.3312947095994
"535","Derek Hill","OF",23.1746888895634,5.74707554344222,0.870178177202646,4.01217450529879,19.3095137030596,45.8277111999112,15.5875914024254,5.12349002032577,18.5489040815887,33.804117115507,114.368581064694
"536","Derlin Figueroa","3B/1B",11.0638663961464,2.23272620849907,0.312098272492557,1.38866630713591,12.2610843380874,23.5027910762386,6.59539551800014,1.72152640564941,8.20779603244145,14.9973571842739,45.0369201075659
"537","Devin Mann","3B/1B/2B",8.16053489751977,3.19785395295662,0.156570179075083,1.21870151760268,12.9824891780472,16.6005466020232,6.77652063383446,0.345818942860092,7.55686583502043,12.7336605471541,43.446739315069
"538","Devin Ortiz","3B/1B",12.2028704684398,1.75552697920063,0.156166791078589,0.868324042980814,13.2848419565475,19.5029206017324,6.59512191917296,1.37751798490196,7.87392993315032,14.9828882816998,45.9651467708925
"539","Devin Saltiban","CF/2B/RF",7.00191759907581,1.75484601833332,0.312098272492557,1.90885884030374,7.15698177775118,22.8171619830886,7.41798385312084,1.89426461147421,7.70562113825463,10.9777207302054,35.239488894607
"540","Devonte Brown",NA,6.71451281595557,1.76726940196147,0.156939951405203,1.57087576407164,12.3327131020113,22.9357949824481,6.62757758004786,1.3828843071998,6.40185586537396,10.2095979333939,28.899093167342
"541","Deyvison De Los Santos","1B/3B",24.163730804491,5.37244331306258,0.295638866193495,4.98535599356752,18.1608266982535,42.3748844717996,18.4285676120999,1.96298421958273,17.2185901610105,34.8171689773146,120.60655347899
"542","Diego Cartaya","C",6.26661001836373,1.7782976462517,0.00220182614752988,1.75493190318357,10.0020115047,22.0085046795496,5.84154888820986,0.00543156633792989,6.26700454372087,9.80204139394653,26.5591015086562
"543","Diego Castillo",NA,10.4192251689749,2.80864815475703,0.161578913364884,1.08357413777167,13.7343696877665,14.9326716626651,6.48542050492345,0.545437693204132,7.77265432667852,14.4730263748685,49.6724483815483
"544","Diego Guzman",NA,3.59296051217624,1.11879629369008,0.1562844459109,0.174606450138257,3.07346423765561,14.4767465209515,2.15041918120533,0.690300382898231,2.68722608421512,5.04264770191547,8.13432676904023
"545","Diego Hernandez",NA,8.71031139780891,1.2971123045592,0.626936221794635,0.704548134254281,4.14176905998068,17.0372122338805,4.99953503635897,1.21523513650243,5.41212642297202,11.338908058417,33.2710376881153
"546","Diego Mosquera",NA,6.51825747028806,0.799666946059269,0.156217214578151,0.000815202041742678,5.45983348619901,9.77071243385233,2.80807603107578,0.517643732123554,2.52059423323378,7.47495683296722,19.6150190428232
"547","Diego Velasquez","2B/SS",16.1204315110002,3.03506717162269,0.312518468322238,0.348347787905686,16.3671371377006,16.3860282731987,7.75571278990295,1.89579784641644,8.72102573165588,19.8163649388508,66.1407503833131
"548","Dillon Dingler","C",58.1614725449222,18.7692421242392,1.45473657417842,12.0921752931118,53.2312284356758,102.867763618078,48.6030456609271,1.28149093151428,44.0689488333971,90.4776265364515,320.473842569046
"549","Dillon Lewis","CF/LF/RF",9.60066793447621,2.86929080599321,0.468012946073337,2.94960991571938,11.9192212642354,26.8080475843302,9.39463088697248,1.89344906097302,9.88072463185897,15.8875816022621,54.6776482475587
"550","Dixon Machado",NA,7.8173195709617,1.27814505308413,0.000302540997370518,0.521423654618631,12.2714852270955,11.5067245936263,4.45518499303418,0.517023913742649,4.69656062030861,9.61719081966183,29.8566384913794
"551","Dom Keegan","C",16.4098517114339,5.21510858769158,0.430065895590899,3.21077508881804,18.3549539073101,34.1315038055923,13.7357131455557,0.0968535822743857,13.0637821558659,25.2658012835344,84.2698145740344
"552","Dom Nuñez","C",5.11393613071434,1.68788671390203,0.171309831689649,0.853009279415603,13.1331595394296,19.2241364646593,4.41841462332753,0.206019542627043,5.00568517030497,7.82614195572163,18.4739429542933
"553","Dominic Canzone","DH",56.2905880509155,17.0722245976493,0.509138726446361,14.8649798235155,62.1682347528605,94.2536128963283,50.7921110261052,3.89873051835381,45.6463739994663,88.7369311985267,334.979837764266
"554","Dominic Fletcher","CF/RF/LF",12.9800604273974,4.05137042387585,0.670021520198681,1.58607152021645,10.2773050015629,19.4176515121361,9.04476694103161,0.804912458388882,9.31695796754651,19.2875238916883,67.7611855548185
"555","Dominic Pitelli","2B/SS/3B",8.64055667978261,1.75956291799962,0.468584412401704,0.521989305014942,9.55741512149424,24.0651718167995,4.46180266466673,2.41435499510133,6.20893018505598,11.3906933151989,27.454695631469
"556","Dominic Smith","DH",38.684667612347,10.6567011843243,0.366976170540098,6.05175361513907,40.5591942168171,52.924463522971,27.5693322831699,1.69765223065957,27.316684764034,55.7600985823504,200.485415872766
"557","Donovan Solano",NA,10.4765900276228,2.41473166103514,0.18595842534321,0.895307865026527,8.28803194591108,14.5328337626947,5.50164772950089,0.0272279259697341,4.88985030055569,13.9725879790277,43.2762282372159
"558","Donovan Walton","2B/SS/LF",11.0549605126984,2.5904211935424,0.158839236555362,1.23324206014315,11.4001104447638,11.8443846945758,7.01799139098992,0.524575911383675,8.30323530647946,15.0374630029393,55.7216327701778
"559","Donta' Williams",NA,5.06257261725539,1.60036363782034,0.156536563408709,0.35012792297643,8.20605476757067,15.5408682756037,3.31087325252173,1.03626612484854,4.03558504041037,7.16960074146087,17.3144789001266
"560","Douglas Hodo III","CF/LF/RF",7.65152480085152,2.55228738497257,0.156166791078589,1.21595644950293,13.2898788650609,24.7309851803678,6.43176362717902,2.92826350592943,6.70514622999376,11.5759354264056,32.5744847775898
"561","Drake Baldwin","C",80.0371614284684,22.1706225687288,1.04410592652138,18.8563592733182,95.1536863082402,95.1624148932349,68.0024467395451,0.651381463620183,62.8817140635122,122.108249197037,483.525787206279
"562","Drake Logan","RF/CF/LF",7.49158523026515,1.27854366432354,0.156435716409585,0.869571801207972,6.47933916890107,25.6098956291713,5.28006471833256,1.72320643968186,5.70008007722952,9.79613641220624,20.681995343458
"563","Drew Avans","CF/LF/RF",14.5969072306213,3.62366163353343,0.948631767037112,1.25452049711027,16.4950475507154,21.2428355149502,7.50895277092273,4.06624508928647,12.8414716652106,20.4237211283021,73.7294840543145
"564","Drew Bowser","3B/2B/1B",5.70182322334161,1.91346399045513,0.156200406744964,0.695115082056973,10.2248203773269,22.9968026675132,4.78340637057158,1.03386840637504,5.36380438862456,8.46660270259868,17.89529465597
"565","Drew Brutcher","RF/LF/CF",10.0893709807729,2.71017456982214,0.312148695992118,0.522155672778563,11.5817736621322,24.5533048319282,5.60782439784909,0.173031804005225,6.86984064091871,13.6338499193657,33.899880749084
"566","Drew Cavanaugh","C",8.13987247376671,1.91549026425544,0.1562844459109,1.2160562701611,11.9291969596678,20.7314087562593,6.76106230009846,0.517023913742649,7.03873555213398,11.4277034540942,33.7447513385588
"567","Drew Compton","1B",10.7412119580895,3.03033366315475,0.156200406744964,0.695580911795112,11.2445877176141,21.94240091212,5.77396997789498,0.172721894814772,5.86829118607194,14.6233269397843,39.1720401780446
"568","Drew Ehrhard","1B",5.38250252605408,1.59822110240853,0.156620602574645,0.697194679102235,3.75859679487949,8.90261650523272,3.80224772293269,0.345704765789925,2.85954000729459,7.83453891013949,25.6115390660675
"569","Drew Ellis",NA,5.21386476889189,1.75645707209258,0.156301253744087,1.56433751096134,10.9145646494884,14.2965994163975,5.61167188135638,0.172917626935058,5.20107997977375,8.6909606056899,29.5240240012021
"570","Drew Gilbert","CF/RF/LF",24.4767550469826,7.65046990218836,0.830192051565093,4.47596110394885,30.0470878056513,37.3946823635782,19.7331382501509,2.13899802825445,19.9197935058498,37.4333781046849,139.436119051897
"571","Drew Millas","C",25.6464013649124,6.64411795095895,1.06392042563838,2.38898106424303,25.743762772736,27.8673485716664,15.3586036525883,3.56401886612516,16.4232212554369,35.7434208057527,130.647659614707
"572","Drew Romo","C",9.70509532828934,2.22386607773177,0.179438061837881,1.38869161728796,6.95484625043602,17.2817143363534,6.86002926654813,0.587647696976585,6.42259034801674,13.497091085147,43.8286432839003
"573","Drew Swift","SS/3B/2B",11.0661678618551,2.23415456544028,0.312215927324867,0.174223804281929,11.2435083800755,22.1174348069797,5.11296154239151,1.89377528117349,7.37180388199013,13.7867621589022,37.0026502082178
"574","Drew Vogel",NA,6.33268024860759,1.27306275978171,0.155847442248031,1.21281209877049,8.83911746535767,33.7157156547708,6.25245110357481,1.89079036633913,5.18375698632843,8.97440254940783,11.7576843902843
"575","Drew Waters","CF/LF/RF",12.7701325489514,4.35381335175919,1.40705619676299,1.99087425821205,15.8621264832018,31.6833568557734,9.92140449203631,2.62969809493018,12.3126361576852,20.5218763556856,67.8865594758565
"576","Dru Baker","CF/RF/LF",12.4204989846234,1.6078375985592,0.313510130480286,0.700671765361913,8.89828478679066,20.293002930617,6.29653471460511,2.93878410739479,7.5702976673441,15.0425184790247,45.9770421514067
"577","Druw Jones","CF/RF",13.8259915781543,3.50638688513989,0.624045274486428,0.694865530411541,12.9441563418285,27.50503029006,7.74690632765291,2.92506654796477,10.549417409965,18.6512892681922,56.5093018254465
"578","Dub Gleed","3B/1B/2B",6.68048158404124,2.07576911654145,0.000453811496055777,0.349578909356481,9.88734006802556,10.9888761521915,4.29360509341694,0.517676354143602,3.6948320743642,9.10628342143522,27.9615011016419
"579","Duce Gourson","3B/2B/1B",8.79250881055618,3.1903135570112,0.312215927324867,1.04224838528823,9.54338373349272,17.7674802066208,6.9263357838827,2.58295020438008,7.03969613165773,13.3372866801805,45.7348525213667
"580","Duke Ellis","CF/LF/RF",6.73974432604223,1.45260782197233,0.157578649066318,0.704115578068867,6.54043621502425,14.4190060625281,4.49624191703874,4.69228009269088,6.08236589692137,9.05404637514974,31.8941328238837
"581","Dustin Dickerson","SS/2B",10.0908432419248,1.27837757630712,0.1562844459109,0.521240650078648,15.3319319998919,20.7224075468615,4.94876535398932,1.55023987971673,6.87096403053124,12.0467459142215,31.9424678784052
"582","Dustin Harris","CF/RF/LF",15.8219293376826,3.76376524894837,0.55821849461502,2.37261470683361,18.110291715643,24.3521151669977,10.8871641550149,4.63226655748499,13.3751065431089,22.5165277880796,84.0900518115293
"583","Dyan Jorge","SS/2B",13.6676765715977,2.23455317667968,0.156351677243649,0.174406808821912,10.219423689634,18.4565562238778,5.44309811171922,2.06695388426893,8.71005233167266,16.2329882343429,49.5329897644445
"584","Dylan Beavers","OF",54.9070431013298,17.3728512660746,1.79905472330246,11.8414639312396,91.4493152421493,96.1274600867173,44.3354006909634,11.0461550596338,51.291776526224,85.9204130219465,324.802463762342
"585","Dylan Campbell","CF/RF/2B",10.738673576793,3.03008453113012,0.312064656826182,1.90955758491095,11.5834090220392,23.5017945721129,8.73687143754184,3.27148899819574,9.21356226858741,15.9903803496603,55.0741557807083
"586","Dylan Carlson","OF",17.7246750509305,5.1707945434066,0.5113266172419,2.97129288400959,28.1948166553,30.9831043873531,13.4497364996131,1.77015336582369,14.7333589797688,26.3780890955886,93.2117381745375
"587","Dylan Crews","RF",77.0062557030316,21.2008893263131,3.48595457113448,15.8115493624182,75.251471411669,121.229725983508,58.8248817332017,23.0193185619414,64.4272381393917,117.504648962897,453.163105895555
"588","Dylan Dreiling","CF/LF/RF",8.78893815419918,3.02842365096593,0.467928906907401,1.56264055977241,13.9657879924096,20.5489255846565,6.92530978828076,1.20570950664852,6.70363209616818,13.8479312718449,44.4817227660736
"589","Dylan Jasso","3B/2B/1B",13.1756397845317,2.7117856235814,0.936025892146674,1.9091416655019,10.8993230951557,25.9383833869226,9.39466508682588,0.172624028754629,9.37949403618703,18.7325929657616,59.5174410665103
"590","Dylan Moore","INF/OF",17.3253735719394,6.12223094976336,0.694872431056988,6.04295106736221,31.5235507473829,48.9622722973166,18.016104367086,8.98000331832356,21.7231881855403,30.185428020122,115.954136647963
"591","Dylan Shockley",NA,3.10432515604746,0.323165286429791,0.000403387996494024,0.175321831521828,3.76252165865614,11.5301669447803,1.98666759089731,0.00112545969164313,1.85221079429643,3.60321566199557,3.96942144308002
"592","E.J. Exposito",NA,8.79025811247333,2.39350332483434,0.312266350824429,1.90892538740919,8.51864489908845,23.1597478237987,7.58423203272693,1.37805624823275,7.37292727160265,13.4049531755413,42.1351394440983
"593","EJ Andrews Jr.",NA,5.21366169838817,1.59566334695568,0.312131888158931,0.869538527655247,8.18306160727913,19.1721131130656,4.29158730206645,0.861521664790812,4.86283428909465,7.99099546115802,19.6453592325997
"594","Echedry Vargas","3B/SS/1B",8.14120935458284,2.39257323194239,0.312148695992118,1.38878276457044,4.43208558956598,18.1157020132878,6.59572041660743,1.20590523876881,7.37087586448413,12.2347140470878,40.9441605654739
"595","Ed Howard","SS/2B",6.51752980098308,1.27864331713339,0.000420195829681275,0.174722907572792,5.4567917167721,21.6010892898001,2.97401641200128,0.689533765427112,3.85881012089855,7.97131622151894,11.6388721045948
"596","Eddie Micheletti Jr.","RF/LF",7.00181606382395,3.18807136878954,0.311997425493433,1.90939121714733,16.3535963576711,15.5032624969579,8.7358112420865,0.34474241619852,6.70503226293162,12.4112760752543,47.0563915212399
"597","Eddie Rosario",NA,7.46517681204532,2.48451955783201,0.318787790101083,1.80151487699744,8.15315978927455,14.8376848205265,6.84594364399547,1.24816706574051,6.2588194711322,12.0699990369759,44.2518822402957
"598","Eddinson Paulino",NA,7.82823461053641,2.23907077072628,0.312837817152796,1.73779602353061,8.53300335907137,20.4016141078514,7.26486841721967,1.03554844040749,6.54629670125571,12.1179392219461,38.8770515924935
"599","Eddy Alvarez",NA,5.68317458208374,1.90959413967256,0.155847442248031,1.03955322751757,9.17908352171758,15.293726688762,5.26522198195773,1.54701029973202,6.35428275743485,8.7881693915219,29.5772452316496
"600","Eddys Leonard","3B/2B/LF",10.2519335453656,3.18943329052417,0.468365910570269,2.77678360065187,9.19782474625108,21.5892292570908,10.877697559869,1.03372160728482,8.37765152318047,16.6865163471119,61.2159063881995
"601","Edgar Alvarez","LF/1B/3B",10.0902001853297,2.39194209748,0.000302540997370518,1.21532425200117,11.5837033868224,21.7699317901739,6.43084023113726,0.688962880076278,6.36861004524677,13.6977690758083,38.8503085291895
"602","Edgar Quero","C",70.2055802102283,17.5304241670249,0.339661867869402,8.8976745740329,76.3406119060433,78.7299798405013,44.0225612911076,0.955203278183718,43.5622046780583,96.9733408191556,345.632783489177
"603","Edmundo Sosa","INF",36.9335457827689,10.6896620472477,1.65153255419537,7.35102527136508,21.1047223218265,56.669923578764,28.8997914801029,2.97697315253401,28.960224001231,56.6257656555771,210.090164991569
"604","Edouard Julien","2B",50.6529375984515,14.4488658635235,1.39121238332457,8.83662253466446,92.401151742967,102.466848451032,35.7978487712886,4.02642206298312,40.972006917412,75.3296383799641,248.05950267471
"605","Eduardo Garcia","SS/CF/3B",9.43959455357743,3.18956616093731,0.468029753906524,1.56219136681063,9.87841100293368,32.3758391803641,8.57094815654304,2.75454663950321,8.54314370354041,14.6593818352319,40.2831445941004
"606","Eduardo Guerrero",NA,8.79093501415238,1.11951047216068,0.468181024405209,0.348131509812979,14.3100059845276,15.1578341690696,4.45592028988224,0.68935434431685,6.36973343485929,10.7267580205312,31.6377150119926
"607","Eduardo Lopez",NA,4.40435184161375,1.27787931225786,0.156301253744087,1.0429637666718,6.14391941308245,13.0812128407038,3.96362242342953,0.517660043133578,4.19505324748576,6.88149617428749,20.958984515969
"608","Eduardo Quintero","CF/RF/LF",10.4133453771039,2.55115798646092,0.623843580488181,2.60317535709534,18.7298917891878,25.0736690378771,10.0538609300992,3.44218832776756,12.7262629715192,16.1915223011484,61.3315813136772
"609","Eduardo Tait","C",9.76539658444188,4.46193135105006,0.156116367579027,1.73616561944713,7.49527976700602,19.6788529839187,8.24284647849253,0.000815550501190675,7.87402761920358,16.1196099225181,54.7803273763824
"610","Eduardo Valencia","C/1B",10.2843922218512,2.68454179302047,0.169994481090918,2.97413600189292,10.874353908356,17.3482205596086,10.81954051719,0.0269652834994734,9.08686328071408,16.1130644978555,62.8712807762427
"611","Edward Duran","C",9.60276632968127,2.23272620849907,0.467979330406963,0.868390590086263,9.20093193007426,17.5926750176259,6.75931810757515,0.86099971247005,6.86975923587433,13.1718624586736,42.1868460538861
"612","Edwin Amparo","2B/3B/SS",6.51507603239652,1.75472975672182,0.1562844459109,1.04153300390466,10.2234466750051,20.2103257604493,4.61924438202278,2.75692804696668,5.0302476285021,9.46762323893389,25.7908616741016
"613","Edwin Arroyo","SS/2B",20.8036094360397,4.72674744684117,0.564140263357392,1.16881640578133,12.7478057215074,24.555021023354,10.7849653280527,1.63670981887246,12.1232108271708,27.2633135520195,91.1412827977005
"614","Edwin Díaz","SS/3B/1B",5.5401237083897,1.9156729610735,0.156183598911776,2.25710680755126,9.20266541157562,19.6857468321326,6.76328529056935,0.345133880439092,6.3705800473209,9.86908707592624,32.3998741955263
"615","Edwin Rios",NA,7.92636843145695,3.06735468201457,0.158385425059306,2.98095360238557,13.7856620133538,29.2478048177858,9.17241195504285,0.00384939836561998,8.47563063460331,14.1330621409164,43.1302599322651
"616","Eguy Rosario",NA,6.65857456198711,2.50479890463679,0.32149385124423,1.8112307543929,10.9556047442467,20.4046673823684,6.54742483913442,1.43437816584498,6.80239697089368,11.296098072261,36.8493056805917
"617","Eli Serrano III","CF/RF/LF",6.83994732345228,2.71034065783856,0.311980617660246,1.21565698752841,10.5649826768757,15.5103360426372,6.26642174368798,0.689435899366969,7.03770984857472,11.0779255864795,38.6982810641752
"618","Eli White","OF",25.5524813403998,5.66056360562737,1.26989578344582,4.58969917295844,22.2122250143531,47.0960229157334,17.8506394093721,6.4373125807353,21.9998369973561,37.0726399024314,132.379138470419
"619","Eli Wilson",NA,2.78236454221162,0.642792898109856,0.000521042828804781,0.697061584891338,2.74098812966947,7.68943530752213,2.64931761936389,0.173814732486368,2.18978896361156,4.12274006804162,12.426725950506
"620","Elias Díaz","C",14.2338035697271,3.55784713347933,0.0380172941150171,2.55294222835352,14.4983933938917,25.8607464270707,10.7467446114364,0.0971136135773067,9.73538650567057,20.3826102256749,67.1590373874084
"621","Eliezer Alfonzo","C",8.81585345721248,1.76130684217202,0.000512638912211156,0.871094066245103,5.4761216708721,6.83984821782764,5.95230780567734,0.00247927352361965,5.54697774462511,11.4487670045418,43.3838319383556
"622","Elih Marrero","C",3.43210712432314,1.12095543790352,0.000470619329243028,0.348896801525635,4.44677112153027,8.3866467191169,1.98894188114829,0.691148555419469,2.69114980735452,4.90242998308155,13.8604705551889
"623","Elijah Green","CF/RF",7.00034380267202,1.75453045110212,0.312064656826182,1.73563324260354,8.85910156342045,34.478957716794,6.75885640955428,1.89382421420356,8.37346730389904,10.8025721532039,22.5404661630396
"624","Elijah Hainline","SS/2B/3B",8.95221146555489,2.70994204659915,0.311963809827059,1.3884500290432,17.0281317826981,23.3337688783996,7.91153001422258,2.23814254414146,9.54680968954121,13.3625673510243,43.9496351759615
"625","Elijah Nunez","CF/RF/LF",6.02921597315185,1.11816515922768,0.156183598911776,0.175005732770948,8.86973140281554,13.4293529667047,2.80881132792384,1.72319012867184,4.69560004078486,7.47857046406225,20.1895094782266
"626","Elio Prado",NA,7.0040667619068,1.43807512053566,0.1562844459109,0.86932224956254,7.16381758216218,17.0765091979116,4.78648435737742,0.690430870978422,5.19899601063747,9.4677485779159,26.3612585358745
"627","Elis Cuevas","RF/LF/1B",7.49117908925771,1.43659693718953,0.156166791078589,1.04233156917004,8.18299619288286,14.6433182988093,5.60816639638307,3.09976207499242,6.70363209616818,10.1262743866959,36.0229906556788
"628","Elly De La Cruz","SS",90.5164353142344,30.2580531887186,5.72933016211656,23.4318882008466,131.182378229098,173.417920627326,79.4123344944358,39.9267028307004,93.7551060757508,149.935706865916,601.495721486801
"629","Eloy Jiménez","LF/RF/1B",13.2548196129007,3.22368927052427,0.0191387370715031,2.43450920219045,12.6663494406128,17.7752648820824,10.3248508751075,0.253086085313093,7.75654640846285,18.932156822687,67.9211833061005
"630","Elvis Rijo",NA,2.45701941998052,0.959397707891092,0.000386580163306773,0.0010980272398983,2.39546184962597,7.86388110158639,2.15009428259805,0.173667933396153,1.34953118883441,3.41790173527482,7.02658245900408
"631","Emaarion Boyd","CF/LF/RF",9.11753240448973,1.9159885283047,0.468181024405209,0.348647249880204,7.84162372700298,15.5048471018792,5.60854259477045,4.13488642913929,7.20608376750591,11.8503492070798,40.8940056375317
"632","Emmanuel Rivera",NA,11.062617222664,2.6729038917176,0.338942937083418,1.17001117394866,9.16290723757358,15.6690498904391,6.96741940685566,0.378981795956108,6.574719188507,15.2444752254137,50.8463194648512
"633","Emmanuel Rodriguez","CF/RF/LF",11.4529019463532,3.70279145179886,0.641880904903211,2.43636611396242,29.678554833926,34.6969973910724,9.85965206065972,2.17752958806844,13.5183895814384,18.2339404170177,57.8560466936398
"634","Endy Rodríguez","C/1B",17.7890115442341,6.79387329513221,0.668881810547979,2.62581408721951,21.0850855221434,27.6050916653809,13.3841939717651,0.509801664453994,15.4394908867806,27.8775807371338,101.370216246907
"635","Engelth Urena","C",7.81291971004786,2.23197881242519,0.000218501831434263,1.56204163582337,13.624709891313,18.8109204166311,6.92361689553755,0.517040224752673,8.20734016419289,11.6071586601279,38.5770935717937
"636","Enmanuel Terrero",NA,5.54110521582433,0.640451057078346,0.312098272492557,0.696396113836854,5.11944223626329,15.1729450922874,3.30490537810375,1.20619883694924,4.36142460232506,7.19005065923209,18.623571646361
"637","Enmanuel Valdez","1B/2B",12.6068193506342,4.25777451335217,0.241085316667409,2.78231787530257,18.192753744443,21.421786614887,10.8266401747005,0.758624569408704,10.7219794861098,19.8879970559564,73.636347555796
"638","Enrique Bradfield Jr.","CF/LF",8.96097734229861,2.23584866320775,0.312434429156302,0.696179835744147,11.2569510385105,14.1218432358023,5.44850168855613,4.48178189866095,8.55007941332208,12.2054402704068,45.9240976047101
"639","Enrique Hernández","INF/OF",27.1480689141421,9.05412875819055,0.154160232176074,6.34320236806909,30.3234200294188,48.3468679389956,24.4447407419241,0.739451855275129,23.3547152571457,42.6995602725778,156.682777059833
"640","Eriandys Ramon","SS/3B/2B",4.08000514935925,1.2772980042004,0.312148695992118,0.521190739749561,3.07179617055053,13.2544170886442,3.13756280318891,0.345509033669639,3.69006173876318,6.19064258930133,15.9558118703148
"641","Eric Brown Jr.","2B/LF/SS",6.90755287864758,1.61590947615717,0.0017480146514741,0.527496077990795,7.57528157365339,14.5752534041982,4.166789344779,1.73547231921977,5.24093588950507,9.05270644744702,26.9279572310792
"642","Eric Haase","C",8.56470235252022,1.99806181602858,0.0356246187829726,1.68212165481343,8.4478879299896,19.9528383626089,6.55839712152005,0.270822051481271,6.07626155703569,12.2805104421452,36.9098497118986
"643","Eric Rataczak","RF/LF",6.67897547780535,1.27890905795966,0.312333582157178,0.69627965640232,10.2289414842924,18.473741836013,4.29307499568927,1.03399889445523,4.19591614095625,8.96649777432451,21.9411567095422
"644","Eric Wagaman","1B/LF/3B",26.9245676356288,9.34090411188636,0.650736546727213,4.3617769674578,23.4878913602953,35.0809795876916,19.4849050801011,1.76374906683945,19.8982489086969,41.2779852617002,153.62758736076
"645","Eric Yang","C",2.83507826046778,0.655814198597114,0.00151270498685259,0.182159546606649,3.49150237597271,7.31057468742451,1.69435605942804,0.00414299654604863,1.3891266024237,3.6745647106584,8.00606335133924
"646","Erick Brito","3B/SS/2B",9.28581478827042,1.91761619086561,0.312299966490804,0.347881958167547,7.16548564926726,14.1195071687535,4.78739065349247,1.72364683695251,5.87026118814608,11.8636129037944,37.4384922195706
"647","Erick Torres","LF/CF/RF",12.2031412291114,2.0739255395592,0.156234022411338,0.521490201724079,9.53841223937563,16.1944948837984,6.10113115997704,1.37792576015256,7.37152710483922,14.954790992806,47.4713263091425
"648","Ernesto Martinez Jr.","1B",8.50911466988432,2.40614262288383,0.157292915902135,1.39791635479323,11.6389458444787,16.9838257505555,6.96056983713432,0.86540368517648,6.57171135611298,12.4704665634635,41.7397363373267
"649","Ernie Clement","2B",94.5788863770332,26.1761809500375,2.23156905733448,9.99070873262463,50.0992629078266,57.0373175038617,55.545122465767,8.81863052205139,61.0572447056012,132.97734511703,527.927160803228
"650","Esmerlyn Valdez","RF/LF/1B",14.0138710142075,4.5821489437823,0.351403236161672,3.52210851502421,16.441860405914,33.3815033682602,13.5224061568663,0.463209653064132,11.3580684157416,22.4695317091757,75.222056946117
"651","Esmith Pineda","RF/LF",9.43903610969221,3.02827417175115,0.156049136246278,1.21569026108114,9.8785091245281,22.8128982523212,7.41796675319415,0.344889215288735,7.20390211231637,13.8390496787708,40.6584520922774
"652","Estarling Mercado","1B/RF/LF",3.75396620290712,0.95903231425497,0.156183598911776,1.04301367700088,5.46248276924825,11.3472753698473,3.96328042489555,0.345525344679663,3.52583947709567,5.91219579307475,18.624397799129
"653","Esteban González","LF/CF/RF",10.2533042712657,3.02978557270056,0.623793156988619,1.2157068978575,7.49606473976134,21.5929865677288,7.58371903492596,2.41081550592616,9.21170623357541,15.1225898988124,50.9055164833862
"654","Esteban Mejia","3B/2B/SS",7.49080679333424,1.91421138652902,0.156250830244525,0.695314723373318,8.52044379498608,16.3822709625608,4.62011647828444,1.20567688462847,4.6955674787671,10.2565837334811,29.2214982967005
"655","Esteury Ruiz","OF",25.2648300353905,7.49633007582863,1.23479427497074,3.8062494666889,28.265289192256,40.3223446192449,18.1399647610022,15.8930718508865,23.6473841680079,37.8022038528788,152.149354745125
"656","Ethan Anderson","C/1B",8.79267803597594,2.23433726225834,0.312182311658493,0.868906330153488,9.20547823061555,13.0698102197243,5.11586852993036,1.20611728189912,5.03270606084255,12.2081039400463,40.3746143491223
"657","Ethan Hearn","C/1B",5.54039446906132,1.43790903251924,0.312283158657616,1.21630582180653,6.47832524575877,21.6022164829915,5.44494490380272,0.517235956872959,4.86382743063616,8.50689248204472,20.4558620697086
"658","Ethan Long",NA,4.07838058532953,0.640318186665211,0.000285733164183267,0.523120605807564,5.80104241608819,15.0034654827185,2.64627383241145,0.00104390464152406,2.68872393703182,5.24210511096648,8.26914299468206
"659","Ethan Murray","2B/3B/SS",9.36802979343658,2.9767627993916,0.184936806237294,0.873488596700324,13.3620943111872,24.6215278733757,6.72149481557782,1.35973466703143,7.51694372405,13.4032179957658,37.1534015225481
"660","Ethan O'Donnell","CF/LF/RF",11.0656263405119,1.75602524324989,0.78001037156677,1.04253121048638,11.9251412670986,25.2456807480933,7.09030967323781,2.0659752236675,8.04201079392172,14.6441931658149,42.3288340580211
"661","Ethan Salas","C",7.32854883449711,2.87120081818203,0.312131888158931,0.349445815145584,12.2649764946659,17.244534891625,4.78668955649781,0.861733707921122,5.19933791182389,10.8613273559837,30.7310103925054
"662","Ethan Workinger","RF/LF",11.5573077541964,3.03144645286475,0.312434429156302,2.08388120985105,10.9073363586997,19.856598676891,8.57705283037462,1.03394996142516,8.71586465184181,16.9850698460685,59.3334372456866
"663","Eugenio Suárez","DH",66.9783734338602,22.814927701384,0.543082477985486,33.7947356481494,102.838068327344,176.883743257259,92.6451277037689,2.74452477704094,74.6131209942187,124.131119261379,490.79768760371
"664","Euribiel Angeles","2B/SS/3B",14.6498040534024,3.35138963177601,0.156267638077713,0.695198265938783,8.18181873374986,12.3668158169738,8.08104427982821,1.72248875524081,7.54455739230929,18.8526595891949,67.2887730837372
"665","Evan Carter","CF",58.0222453321645,17.4717031863467,3.2534788143844,10.6905685371128,87.6419052898363,95.9558510060354,43.1841653981454,16.940113706367,53.9580425359134,89.4379958700084,342.490824670869
"666","Evan Edwards",NA,5.53983602517611,0.959846145535424,0.312266350824429,1.04421152489895,7.84734748667726,18.3043112348437,4.45911797617497,0.689468521387017,3.19329213952358,7.85616004643491,18.3230609634277
"667","Everson Pereira","OF",31.3781118995634,8.57278427785205,0.900365257575648,8.90545678153388,39.4146722594636,78.359049202973,27.8124940515005,4.59456017568257,30.2728346685919,49.7567182165249,170.680879479982
"668","Ezequiel Duran","INF/OF",41.0701669247368,13.6498043211899,0.94997001068962,5.56346100037201,28.9925807434614,66.7114320612198,26.4349476935049,8.39707397565574,30.1062561921963,61.2334022569884,214.167179914787
"669","Ezequiel Pagan",NA,9.60992456493725,1.9173338412377,0.31268654665411,1.21682156187376,5.45976807180273,12.7266689504851,6.76585027957421,0.862500325392241,5.87171019793615,13.0567665147028,46.1368630166931
"670","Ezequiel Tovar","SS",94.4785324903663,33.3083394342992,3.32793117790541,19.7212633770939,62.1409620539944,151.447339595408,74.3619022952699,8.77873271348118,74.7524739693145,150.836066479665,558.081960743044
"671","Felix Reyes","1B/3B",10.5802231899006,3.03171219369102,0.312283158657616,1.73718046280522,4.43398260705802,13.9338221150418,7.91725848966679,0.861521664790812,7.70960998542954,15.6613990050544,58.4065849394305
"672","Felix Stevens",NA,6.67692785022621,2.23398847742386,0.156385292910023,2.25737299597305,10.9050795620281,26.9952518984302,8.08000118429956,0.345068636398996,6.87260841242783,11.3246746165331,31.5953282354587
"673","Felnin Celesten","SS",10.090724784131,2.86919115318336,0.312081464659369,1.04128345225922,9.87723354380068,24.0288565926772,6.92329199693026,1.72142853958927,7.87225298923597,14.313280854233,42.0451639350569
"674","Fenwick Trimble","CF/RF/LF",7.49254981515779,2.23508465833222,0.312249542991242,0.696263019625957,9.88766714000695,13.2459549716423,5.61035518700055,2.58389624296146,4.86620445793223,10.7361470361072,36.9713148277662
"675","Fernando Caldera",NA,1.47778569285371,0.481052471279362,0.156166791078589,0.175571383167259,2.73971254894206,9.27457471345153,1.16325845929505,0.00150061292219084,1.34944978379003,2.29057633837892,1.43146336063081
"676","Fernando Peguero","2B/LF/3B",7.81814877551854,1.27902531957116,0.156385292910023,0.348114873036617,7.50080728349146,15.6840140384407,3.79757944294383,2.58314593650037,4.8639413976983,9.60167426103633,27.0018160463119
"677","Fernando Tatis Jr.","RF",92.1260419535368,27.9837975109745,2.42081251811897,28.3949320436099,146.659102629717,126.284557349155,83.8779132432161,24.1640492360937,95.4938943847894,150.92558402624,648.038270271706
"678","Forrest Wall",NA,9.56984273280058,1.98770533379448,0.319695413093194,0.894077772789338,11.9089437651141,18.9739378987214,6.10492465146688,4.03882628143644,8.39717672770076,12.7713212524776,43.1902829976643
"679","Frainyer Chavez","2B/3B/1B",10.3024304106229,1.9263690293309,0.156939951405203,0.698342616671219,11.9812341119065,19.065053868486,5.30480831226617,1.03894113049244,6.89953720111068,13.0840820080302,37.7657555816288
"680","Francisco Acuna","SS/2B/3B",10.2528135175484,3.03023401034489,0.156385292910023,1.38833357160867,13.2842205197829,20.3746758241907,8.40576017239229,1.72204835797017,8.87798666336417,14.827766392412,50.6224238577627
"681","Francisco Alvarez","C",53.1706905868603,15.2212509017129,1.0001878170031,19.0547384934816,80.6731425062427,112.022121528758,56.895560097744,1.05385538808456,50.8876944552883,88.4468677990579,336.541433825697
"682","Francisco Lindor","SS",89.1489040594619,27.6378630264964,1.22572285980165,25.4283427503202,112.745498262352,116.342277601492,78.5866179357841,22.4932361718282,89.3633854632182,143.44083269608,610.797797054639
"683","Francisco Mejía",NA,6.8914764637701,1.77163751679329,0.157511417733569,1.05113242386559,4.8156176338467,10.1911726215669,4.8231979000004,0.175315345408558,5.23188364856936,9.87175782216254,34.8945553627562
"684","Francisco Urbaez","2B/3B/LF",10.4673113634663,3.04586289268993,0.31354374614666,0.872050680885924,10.2732924449685,9.98113039324152,6.7890890799583,0.520954867158388,7.40363325434501,14.6987686831888,55.1179552854277
"685","Frank Rodriguez","C",3.75594614031835,1.12004195381322,0.000403387996494024,0.523037421925754,4.10131025588305,8.72993501355496,2.64842842317554,0.0010928376715955,3.19277114723951,5.39942890405382,16.0006051022766
"686","Franklin Arias","SS/2B",13.8307468124497,4.14569193490495,0.156318061577274,1.21517452101391,10.2205684415689,12.7103164811435,9.0660333110477,1.37776265005232,8.54491833350802,19.3479313299458,72.4260434244031
"687","Fraymi De Leon",NA,6.35456109538294,1.43674641640431,0.156234022411338,0.174456719150999,6.13639675751054,17.5992748154421,3.63119446392415,1.55081076506757,5.36320199129611,8.12199825334959,19.5845117835744
"688","Freddie Freeman","1B",94.705936912674,33.3749272638347,1.59210549517754,22.573638777771,143.457851794991,115.849300091665,85.3712285517971,8.09649227576565,84.8029079260052,152.246608449457,623.441208597778
"689","Freddy Fermin","C",65.4211946904562,14.8459773269157,0.863437418849188,8.94067490701988,56.3044783553593,83.8096301761631,39.8640634569102,2.44973932613791,41.3111798674094,90.0712843432409,313.424082389691
"690","Freddy Zamora","SS/2B/3B",9.62713479012714,2.24015034283301,0.000554658495179283,0.696529208047751,11.9579792940299,16.0682243465658,5.78542692878338,1.3814489383177,7.05290002985712,12.5643689995031,40.1755058328683
"691","Frederick Bencosme","2B/SS",9.51836436010868,2.13546114964248,0.160301518042653,0.894743243843822,9.43040563221572,13.7021010467524,5.42779098508615,1.58206266027319,6.52393086993502,12.7088702716376,43.0985882007142
"692","Freili Encarnacion","3B/1B/2B",10.0898109668643,2.86965619962933,0.312115080325744,2.08281645616388,5.11191958069138,23.1593884288681,9.39449408755889,1.03339538708435,8.54262271125634,15.3543987029832,51.6166555947536
"693","Freuddy Batista","C",6.51737749810529,2.39445002652792,0.312115080325744,1.21713766062464,5.11783958355449,15.8591132778333,6.1056968404057,0.172738205824796,5.20034733437427,10.4410802655836,33.6130030685756
"694","GJ Hill","RF/2B/CF",4.08085127645807,1.27963984523191,0.468567604568516,0.697344410089494,5.12025991621676,16.3865673655946,3.63704263885524,1.37921432994444,2.69219179192266,6.52640313634798,15.2098990888091
"695","Gabriel Arias","SS",59.9008919777535,18.9791941463953,1.65014081454132,11.7762145735209,56.0963757704416,135.598075583716,45.9391966736419,8.79207865958062,46.5864219951138,92.306441512211,300.247065777293
"696","Gabriel Gonzalez","LF/RF",20.7031633236251,7.16050815728912,0.534752401013182,2.36799931392675,15.3620042254754,23.2669607509602,14.7910507148863,1.15752065858486,13.5195372656117,30.7664231958542,113.834428376781
"697","Gabriel Martinez",NA,9.0472992289197,2.26283796587586,0.158032460562374,0.880718441370575,7.23897872348502,14.7696292807768,5.67135062553627,0.350141360516402,5.4267630499526,12.3488880967285,38.9463482565264
"698","Gabriel Moreno","C",73.0813597822374,20.0395497568844,1.28051655882307,10.2671053474677,82.0700087969084,72.3901115253994,50.8754629031735,3.89160929797065,51.0253173706174,104.668531445413,400.809771299534
"699","Gabriel Rincones Jr.","RF/LF",13.6187633370927,4.87721311969285,0.217918835085389,3.57821881767342,24.2199098809539,32.44791730779,13.8151615680786,3.35221085125203,14.7559212207012,22.2921141095443,82.3994259037587
"700","Gage Miller","2B/3B",9.60379860474183,2.07545354931025,0.312266350824429,0.694915440740628,11.5858293547014,13.5875116359602,5.77267038346585,1.5502888127468,6.20209216132757,12.6864339456171,42.7815741316124
"701","Gage Workman","3B/SS/CF",8.57751095818411,2.96841213419214,0.647055198119775,2.66012304258279,13.6786693293362,29.2609950585568,9.96155014130273,2.12033982007687,11.129322115408,14.8531013330788,50.7524126756473
"702","Garret Forrester","C/1B/3B",6.02830215588513,1.27736443940696,0.156200406744964,0.174822728230965,9.21002453115683,14.8214560589787,3.79580105056712,0.861407487720646,3.35748183917335,7.63668973026802,18.2175369468763
"703","Garret Guillemette","1B/C",6.84087806326097,1.91590548429649,0.000302540997370518,1.3903798951012,7.5018539138319,17.5955991854702,5.77583386990518,0.173243847135534,5.70164305408173,10.147465983656,30.5851697882152
"704","Garrett Cooper",NA,7.1173631804381,2.26539572132871,0.158889660054924,1.41016102219574,7.95089847598454,16.2659732390536,5.85936701183033,0.17660391520044,4.10580503169763,10.9518095840175,33.544889579753
"705","Garrett Hampson","2B/CF/LF",11.6760112270931,2.81934692340514,0.309871914538036,0.573322159093605,13.8849943162472,22.5353468880525,5.62587085333933,2.6314190087719,9.37867613993511,15.3785522241299,46.3953330161454
"706","Garrett Howe","2B/SS/3B",8.46511606074595,1.11801568001291,0.156133175412215,0.347815411062099,9.87909785409459,22.119803546295,3.95991173933583,2.58285233831994,5.5302245864905,10.0870803272332,22.6881543635744
"707","Garrett Martin","CF/RF/LF",6.8395750275288,2.07477258844293,0.31219911949168,1.91018978241271,7.83966129511466,20.2076466346031,8.07906068833111,1.72237457817065,7.20650707373672,11.1367365178761,38.6402454339282
"708","Garrett Mitchell","CF",44.9399234579059,13.0518894442293,2.41362883828414,8.32382298513861,63.4510049787536,100.539501168277,33.3030471070843,11.7009988385645,39.8429765947822,68.729264725558,233.345931625041
"709","Garrett Pennington","1B/LF/RF",7.98001751589021,3.82535014475428,0.156149983245402,1.73614898267077,5.79459909805486,17.0709222403544,8.24288067834593,0.517317511923078,8.37581176917735,13.6976666265607,50.5041846580313
"710","Garrett Spain","RF/CF/LF",7.70789378817457,2.57064011078688,0.470029886055807,1.74842692362599,10.6323267978433,28.8735027700498,7.96170119915777,1.04071903058504,7.08512014642505,12.4969907086432,33.4609903858243
"711","Garrett Stubbs","C",10.1323121045866,2.22645083906293,0.223304213074695,1.17936079268214,11.6930935259404,17.2708774692404,6.65761162342667,0.814020834083841,8.09607391536369,13.7614279494063,45.7922543951115
"712","Gary Sánchez","C",20.13244646519,5.94933606038744,0.111883447642484,8.1705222127646,28.7017167776606,48.4692605561001,24.8987602232222,0.173844219316266,19.4228652782427,34.3641881859845,129.803443316601
"713","Gavin Collins",NA,6.35620258195464,1.43829103495701,0.156452524242772,0.69596355765144,6.48323132547958,7.15364979182451,4.12886170736038,0.345182813469163,4.19596498398288,8.64690969880586,31.2961755658024
"714","Gavin Conticello","RF/CF/LF",11.7151827746617,3.66782835354083,0.624297391984237,1.38913213687405,13.2844494701698,23.501565866248,8.73736733541612,0.861097578530193,8.04345980371179,17.3964406570608,55.4135003707239
"715","Gavin Cross","RF/CF/LF",9.67067649063215,2.89327391556413,0.469844999890747,2.09652515988625,10.6253928718379,25.8999032295519,8.29840414033793,2.42321187354426,9.09872030684437,15.1303205659733,49.4339341840988
"716","Gavin Dugas","3B/2B/LF",6.18998474829506,1.75502871515138,0.000268925330996016,0.694715799424283,7.49956440996219,20.2115019620403,5.6055672075248,0.51728488990303,5.02866837064101,8.63999818820172,20.6997270347199
"717","Gavin Logan","C",3.91529342193556,1.43825781735372,0.312316774323991,0.69604674153325,7.5082645246671,16.5670248566796,3.79887903737296,0.173048115015248,3.19220131192881,6.36191475514652,13.8338794636785
"718","Gavin Lux","2B",69.742377486014,20.185235904861,2.24188269738418,6.97805807636221,89.8629533034412,96.6224267466142,41.6785425246413,3.29195094273297,50.5039806215241,99.1475541646214,341.897885364864
"719","Gavin Sheets","1B",63.8974816289689,20.9467112065223,0.727520188767806,14.2483652478865,78.2836723972345,93.6960315820455,54.179405303826,2.06813573061848,48.4381557931323,99.8200782721456,375.596747389685
"720","George Lombard Jr.","SS/3B/2B",10.8993408166844,3.98496464497461,0.468080177406086,1.56139280154525,20.0909661809586,28.896038861409,9.88574885848295,3.27037984951412,12.055469943268,16.9137784406103,56.6621985161096
"721","George Springer","DH",82.1316083923288,22.1993260427794,1.89658385420721,24.1852207426374,119.131871881128,111.165216692038,73.2139480956954,13.2933809031333,80.4876914126781,130.412739031953,545.616176794433
"722","George Valera","LF",43.5362471604988,12.6672076933862,0.954199240834192,10.7524853263635,66.321135704178,93.6376305360424,36.9835845035402,2.03629620820241,38.3889138395498,67.9101394210827,234.334644432643
"723","Geovanny Planchart","C/1B",4.56627134961135,1.11823159443425,0.156149983245402,0.348846891196549,7.50793745268571,10.4695901310344,3.13898209710494,0.00110914868161932,3.35810051751068,6.18949981848755,17.0741733222402
"724","Geraldo Perdomo","SS",97.4053499135792,26.8401761965395,3.71385674857007,12.6024209121026,149.689639541282,84.6382394970577,61.5787681460739,19.4803055584101,84.2384885587993,140.561803770791,574.419886508587
"725","Geraldo Quintero",NA,9.99487088000886,1.93118558180705,0.471122395212978,1.04848717642401,12.6905045813568,17.8788599628357,6.80211922410302,3.12021608156228,8.08976299295848,13.4456660334529,46.4891283376518
"726","Giancarlo Stanton","DH",41.7956604280185,11.7801264094961,0.0899647740012837,22.8130095770375,76.0722966715481,119.187406378761,59.3650812442899,0.3744391539341,45.783168021129,76.4787611885533,296.170650294863
"727","Gilberto Celestino",NA,10.5789709217943,1.91573939628007,0.156301253744087,0.695780553111457,11.9295894460454,15.6817596520579,5.77402127767508,1.03381947334497,7.03946819753345,13.3467921249299,42.5216092343881
"728","Gio Urshela","3B/1B/SS",22.0354817850542,6.11622470949228,0.254974931055364,1.94510433532028,16.0433836286225,24.7132582397296,12.9636399559712,0.230513837834566,12.0197761174715,30.3517857609221,104.017516531878
"729","Gleider Figuereo","3B",8.95004538018192,1.91351381686006,0.15609955974584,2.43011612715875,11.2395181019026,28.2053455669644,8.07810309243596,0.516828181622364,7.37201553510553,13.4497748839466,37.6269872118671
"730","Gleyber Torres","2B",99.1346840271415,26.4491849357887,0.598217448410057,17.6690337413776,143.69925252211,109.355188744916,69.5492586103518,6.25982275019669,78.1275488080707,143.851120152718,556.787522938599
"731","Grae Kessinger","SS/3B/1B",7.77125057697115,1.75940836056241,0.167094387056289,0.959711014531349,11.7299234888725,16.1274518044309,5.03899546650754,0.930969884928362,7.17051985065208,10.6574643391212,33.9581565932897
"732","Graham Pauley","INF",39.7126332446985,13.5564849020635,1.0220598563706,8.41440934631232,53.8734307082215,65.3913066339197,33.5428296688603,4.40610433851762,33.158849218863,62.7055873494449,234.677071294398
"733","Grant McCray","CF/RF/LF",19.7923214951934,5.7331499262456,1.05864345695714,3.43854501952535,23.2272450341755,47.4396244762332,15.3872316529541,5.30601055235603,19.050882290106,30.0226598979215,100.538551611683
"734","Graysen Tarlow","C",5.21995688400335,0.642361069267166,0.000437003662868526,0.175471562509086,5.80882672924521,8.55700847987907,2.48206054408256,0.0015658569622861,2.35604635138872,6.03822651944247,15.5669935950021
"735","Greg Allen",NA,5.21867077081315,1.59810484079704,0.312367197823553,0.695880373769629,5.46235194045569,11.5145005930335,4.45785258159924,1.72350003786229,4.865439250515,7.82502318320337,27.3178411843062
"736","Greg Jones","CF/SS/2B",6.13493109287777,1.62705398205889,0.315543878295943,1.24071197272973,7.6220528669918,25.814431789409,6.19256446803717,3.65630756602277,6.29214242142723,9.31824092596233,24.2615831008051
"737","Gregory Barrios","SS",12.205578075156,2.0755532021201,0.000453811496055777,0.17430698816374,5.79662694433946,9.93284078347746,5.27845732522284,3.44443924715084,7.70640262668074,14.4558920769359,52.4635164359881
"738","Griff O'Ferrall","SS/2B",12.3660930121696,2.39320436640478,0.468248255737959,0.521240650078648,12.6038305062891,15.8452275646061,5.93702047120834,3.09938692176187,8.04205963694836,15.7487862843909,53.3730211466019
"739","Griffin Conine","DH",43.2400990659965,13.215609870935,1.06699120695077,10.9093466555299,65.3028412885016,115.706105332368,39.9238343206438,0.899961522606012,37.1408150819057,68.4320467994122,215.63227824245
"740","Griffin Lockwood-Powell","C/1B",7.35963554410756,2.08364168851972,0.156654218241019,1.39562047965526,11.9784867072629,16.4465863190023,5.80054326398539,0.00179421110261948,5.72809969350714,10.9955519305236,34.6543182051311
"741","Guillermo Williamson",NA,4.89043189390411,1.11816515922768,0.000319348830557769,1.0437956054899,7.16316343819941,14.6522051552747,4.12889590721377,0.00115808171169076,2.85735835210505,7.05271200745225,17.7435338814711
"742","Gunnar Henderson","SS",93.9374406123383,33.0669955448221,4.33238960900428,27.0548786351551,141.857302779961,140.038262819672,85.968493361996,22.2200034128383,99.2480650648264,158.39170440132,665.469822892244
"743","Gunner Gouldsmith",NA,4.89220876081162,1.43674641640431,0.156166791078589,0.00113130079262249,9.54236981035042,13.2498919797455,2.80816153070927,0.689778430577469,5.02914051989845,6.48625326908714,16.4884222096405
"744","Gustavo Campero","LF/RF",10.8060823114425,3.22905582492999,0.565613398968548,1.76921035649042,10.7025027603961,14.5016541701572,9.33480106846134,3.17823882968846,9.62344858306573,16.3699618918315,66.4126336788912
"745","Guy Lipscomb","RF/CF/LF",9.60506779539005,2.23485213510924,0.156250830244525,0.695564275018749,10.2259978364599,14.2850170979527,5.44480810438913,2.58366788882113,7.5409104463208,12.6917350357626,43.9936210695205
"746","Ha-Seong Kim","SS",56.5095633843858,14.4621693092327,1.3944309313119,8.38172985766908,79.854686231677,68.9351496473395,36.6880345778642,14.3321148199289,45.4159329383253,80.7478934825994,312.140833881441
"747","Hao-Yu  Lee","3B/2B",14.078014591415,3.8583206881184,0.829570833814862,2.51377600460764,17.011285146893,22.2498094093558,11.8954741220882,2.30691498949954,12.7970044403361,21.2796821179559,81.6474208660068
"748","Harold Castro",NA,10.1244175652058,2.40057867433379,0.156990374904764,1.91245238399796,5.80810717088616,14.49873495625,7.43843536545298,0.519193278075817,6.21913837762197,14.5944389984423,51.9132656363649
"749","Harrison Bader","CF",71.4634855718567,19.008779329833,1.87159039235523,13.4682486462042,61.5625913266228,113.984793682571,50.2987082758089,14.2462434697387,56.9662836714907,105.812103940249,388.119459608371
"750","Harrison Spohn",NA,5.5805347386291,1.28860859811854,0.157729919565003,0.525932221012758,8.57323321278202,21.214583359361,3.65781904979466,0.350271848596593,3.38457343794497,7.5528054773254,12.0183625092383
"751","Harry Ford","C",41.2094773738501,11.7880551995139,0.523051624569108,6.33816784694112,63.6990906166193,69.6403215573303,30.2606490228258,5.71637605934958,33.6862923184457,59.8587520448743,211.447913967389
"752","Hayden Cantrelle","2B/SS/RF",7.00198528924371,1.75580932882855,0.468399526236644,0.694882167187904,14.9931761098631,23.1690267474611,5.27791012756847,2.41130483622688,6.87122452667327,9.92107631149681,25.9318965603635
"753","Hayden Senger","C",7.17422240674432,1.54878166115558,0.180777202276812,0.815726143898787,5.57880409699963,16.8182570768223,4.7483719381163,0.222205349170642,5.17615086984136,9.7195074140755,26.8445078199381
"754","Haydn McGeary","1B",7.99638161398129,1.9197919438807,0.156637410407832,1.22068129398977,13.3148344572407,24.6055967943283,6.28352167038709,0.518442971614721,5.38187630847823,11.2934922622596,27.3538315895961
"755","Hector Salas","2B/3B/SS",6.19252312959151,1.43689589561908,0.312131888158931,0.174373535269188,8.86237228323432,14.2968771306621,3.30220358968529,1.20600310482895,5.19668410737691,8.11592444863871,22.3400672948897
"756","Hedbert Perez","RF/LF",5.37686731957597,1.43692911322237,0.312115080325744,1.7366148124089,10.2260632508562,21.2528021386003,5.77419227694207,0.689386966336897,4.69709789360156,8.86252632553299,23.7664576859798
"757","Heliot Ramos","LF",90.7182732911808,24.8135822541758,2.0198280751169,21.5559357975587,94.8023067818879,145.296329889961,73.3535082897993,6.28015218596124,74.5321606481787,139.107619418032,519.71339528516
"758","Hendry Mendez","LF/RF",13.6660520075679,2.87098490376069,0.312434429156302,0.869338886338902,16.3534001144823,13.237313157175,7.09162636759365,0.689256478256707,9.21471822021769,17.7188102268238,63.0185890104545
"759","Henry Bolte","RF/CF/LF",12.5505195009956,3.6743556125861,0.781069265057567,1.73965934248317,15.0151553470124,33.3065351714384,11.386855954047,4.6531826016638,10.5711362758071,18.7456037211225,59.9969229935977
"760","Henry Davis","C",36.7336423214482,11.7063098070502,0.758417760318873,8.23873723516633,47.1836601810633,75.561977925233,30.4155048357662,4.18715304683037,31.4352366151701,57.4371071239836,200.726594977671
"761","Heriberto Hernández","OF",41.4617930330862,13.9436685745451,1.2463450467163,11.4198252049403,69.0384500943409,104.216728570043,40.713680380959,3.06860891565068,38.9926163577965,68.0716318592879,233.468906945025
"762","Heston Kjerstad","LF/RF",14.7029796315459,4.11727697004082,0.585202331761708,3.3840459003703,14.4127674385561,28.7449981454171,12.9620509525902,0.520026048239475,12.3612948765574,22.7895048337187,80.9067075678014
"763","Hogan Windish","1B/2B",6.98147054200004,2.59774567506648,0.15897369922086,1.58488392976853,11.449171241972,27.103053250276,7.19737231430093,1.04797743004564,7.31661553677306,11.3230738460559,30.0984784318251
"764","Homer Bush Jr.","CF/LF/RF",16.2661392237845,1.91504182661111,0.624599932981607,0.521423654618631,10.5624315154208,18.2839237405997,7.91211141173036,4.99259131758453,10.0490497077635,19.3272046379958,67.3799552668965
"765","Hudson Haskin",NA,6.02826831080117,1.59704187749196,0.156418908576398,0.695747279558733,7.8463662707331,16.3896058863714,5.2792610217777,1.03489600000654,4.69735838974359,8.47747637642826,24.0514601877622
"766","Hudson Head",NA,6.02777755708386,1.43780937970939,0.468433141903018,0.696911853904079,6.48257718151681,20.2130865669615,4.45843397910701,0.689599009467207,5.36637678802716,8.63093193260035,20.6595302326686
"767","Hudson White","C",5.21623392476857,0.799749990067479,0.312182311658493,0.3487803440911,5.79904727700173,13.4279970676484,3.13884529769135,0.00115808171169076,2.85543719305754,6.67694657058564,15.0687388622268
"768","Hunter Bishop",NA,9.43942070178926,2.27813467218806,0.475963051170907,1.06457493916616,8.32896841817609,21.6379918235214,6.70815243465406,1.57053077618636,7.9852920338702,13.2580933643144,40.8240491061607
"769","Hunter Feduccia","C",35.6018328997143,10.7313353970999,0.998877130588114,5.19248152211821,58.0647951763254,70.6048324249454,25.3517230999592,0.947114373606255,28.0661950153081,52.5245269495205,169.64031513712
"770","Hunter Fitz-Gerald","1B",7.81599961268755,3.18964920494552,0.156149983245402,1.0428306724609,8.8602463153553,22.8184362014789,6.43268702322077,0.861260688630431,6.03510212815093,12.2046294733394,33.7549432473604
"771","Hunter Goodman","C",70.2787900533543,28.4577261229121,2.46264127536702,27.0684330137673,66.4057219695975,140.441401954363,83.2548677758877,2.10761156619081,68.7174852880641,128.267590465401,513.029641786929
"772","Hunter Haas","3B/1B/2B",5.86367504117131,1.75482940953167,0.000285733164183267,0.694882167187904,8.18034690983362,20.0374645713062,4.45386829867835,0.689435899366969,4.35943831924204,8.31367235105508,18.2463423765701
"773","Hunter Renfroe",NA,7.82668540647977,2.98149986988597,0.160536827707274,2.00049420450617,10.6190075292951,14.8390733918492,6.90740078055206,0.183454539410441,6.1395979180012,12.9692163085792,46.603084910671
"774","Hunter Stovall","2B/LF/3B",10.277334280872,1.92098777759892,0.156889527905641,1.04301367700088,7.17385869199077,12.3927249242423,5.94936661828509,1.20825402421224,6.88239329876301,13.3982252633775,47.2057726715633
"775","Hyeseong Kim","2B",29.1746293139972,7.12846560525478,1.26903558040594,3.10632803367838,19.573764750729,47.0710479781288,18.9274617361862,9.17843045697487,20.8111633954843,40.6784585333363,142.866904077627
"776","Héctor Rodríguez","LF/RF",17.1771112150366,3.63177385577653,0.666611810777231,2.87607252213656,10.1919423824468,19.0713652383709,12.3173071374723,1.53901712071391,13.4530875521834,24.3515694037269,94.88596982692
"777","Ian Happ","LF",79.4026750531223,29.6705222729886,1.24773873806509,21.5367615643326,160.581101693392,150.425358452027,75.9496316141523,8.25615344243128,80.3897640290862,131.857697628509,506.519567961285
"778","Ian Lewis Jr.","RF/3B/2B",8.14315544691011,2.23357325738281,0.46811379307246,0.868240859099004,7.49802717164967,14.4591198332196,5.77241388456536,2.75645502767599,7.03736794738829,11.7130833564644,42.0208905166279
"779","Ian Moller","C",6.02742218370236,1.75607506965482,0.156183598911776,0.522238856660373,11.5912587495925,20.2103257604493,3.63317805542125,0.861684774891051,4.19508580950351,8.46191970892933,17.500540843614
"780","Ian Petrutz","LF/RF/CF",8.63023392917707,2.23292551411878,0.156166791078589,0.695397907255129,8.86397493594312,9.76350819910742,5.93739666959572,0.17391259854651,5.03122448903473,11.7147241416296,41.1546508009996
"781","Ildemaro Vargas","INF/OF",21.992310317068,5.51953979174533,0.691326881946989,1.55365854780169,15.0342145069438,16.5370385716304,13.2004809435615,1.37585988048132,12.8840979214581,29.756835538562,111.757075988601
"782","Imanol Vargas",NA,8.46401609551749,3.18940007292089,0.000369772330119522,1.39023016411395,13.9704978289416,25.2522642097763,5.7755773710047,0.172787138854867,6.87246188334794,13.0440161048824,34.0614406080015
"783","Isaac Collins","LF",56.2368411216674,18.2383842160443,2.9265818290683,8.00112505248563,95.2228529440963,86.6931987363215,40.9811538420766,13.6594642722825,51.1335158440111,85.4029322192656,323.384654911483
"784","Isaac Paredes","3B",64.2062970090036,18.9717940202826,0.787453071709473,19.6242151118811,114.492762813043,83.655444887643,63.2743691498157,0.908003901697427,61.2766188363219,103.589759212877,431.992170138167
"785","Isaiah Drake","CF/RF/LF",12.527403308656,1.43619832595012,0.624028466653241,0.868490410744435,10.5581141652665,25.0717577102917,5.93690077172144,3.27086917981483,7.03728654234391,15.4561205120038,42.8313868110898
"786","Isan Díaz",NA,4.72969696384485,0.960294583179755,0.156301253744087,1.56422105352681,8.18894890294411,11.1659030553027,4.78916904586918,0.345443789629544,4.69911673870233,7.41051385429549,26.8649283330332
"787","Isiah Kiner-Falefa","INF",42.5922734016611,8.49595425615223,1.02932934544774,2.11109974713261,22.3421466826852,39.5661034398138,20.3714148590603,6.96717919176621,24.0311705128302,54.2286567503937,191.377543563469
"788","Ismael Munguia","CF/LF/RF",9.65923685225617,2.08978694512722,0.157545033399944,0.874363192800255,7.20780876365879,6.5000721920294,6.63000576963914,2.59567279219865,7.91106691439916,12.7809320235836,54.0074359452862
"789","Ivan Brethowr","RF/LF",7.81349507647506,1.75431453668077,0.312064656826182,0.86869005206078,12.951580875806,22.992636953545,6.42954063670813,2.23784894596104,8.54244362015869,10.7485643220428,31.4474032219267
"790","Ivan Johnson","LF/2B/RF",6.39368601243214,2.08963746591245,0.313274820815664,1.57169096611339,9.94035843620847,19.6249841890657,6.46707497581267,1.38539620274346,7.07351178709562,10.3682892652736,33.8371265782909
"791","Ivan Melendez","1B",8.99687005383033,1.92729912222284,0.157528225566756,2.09587632560812,8.55900558159167,23.0879419546829,8.44948468496191,0.174450861877296,6.07179952216009,13.1775737272281,39.6704988461813
"792","Iván Herrera","DH",83.7065547177887,21.9281437806013,0.871926219692852,16.8775462886261,108.004071004809,104.557648358352,63.7247900997431,8.1315278346586,65.6535839342007,123.384171006709,477.409401616242
"793","Izaac Pacheco","3B/1B",7.9752453590529,2.86967280843098,0.31219911949168,2.08273327228207,14.3075856518653,28.9033574490864,8.57081135712944,0.172689272794724,9.37900560592071,13.2398505592576,38.6809713287919
"794","J.C. Escarra","C",23.220437355799,7.15295792306474,0.597135182837095,3.60505476555725,31.8423939097275,32.3345627810981,17.2428491667745,1.23340677366122,18.4526426609001,34.575585227258,127.483484087422
"795","J.D. Davis",NA,7.39334062135594,2.13695594179025,0.160183863210342,1.78426253990995,9.81567115799779,19.4602249307975,5.95805068881088,0.527577137228057,6.03593673448022,11.4747429662665,35.2956798164619
"796","J.J. D'Orazio","C",7.66536744018813,1.91877880698054,0.156502947742334,0.523636345874789,5.80745302692338,15.6980467768667,3.80513761054484,0.173325402185653,4.20093069169042,10.2642855407858,27.0768972900012
"797","J.P. Crawford","SS",86.861830518066,23.7185118852794,0.859409781345892,10.7391535378208,135.624723432125,113.040330723631,54.6480417080125,4.91162780445844,64.2919559168504,122.178905722512,435.002803934661
"798","J.R. Freethy","2B/LF/CF",7.1652755231414,1.59586265257538,0.312047848992995,0.868157675217193,12.9487026423698,17.4241592399163,5.60661030305345,0.689158612196564,7.37151082383034,9.94134369992697,30.8915829751579
"799","J.T. Arruda","2B/SS/3B",7.53541461398375,1.92709981660314,0.313224397316102,0.698874993514807,10.6211082288818,17.6903160858126,5.14090282261786,1.72933937945082,5.89662014151823,10.4746138214178,31.1505613138075
"800","J.T. Realmuto","C",69.6908549730643,20.9424045083923,2.26249650974181,14.0631456660229,63.7337885395955,112.988708311149,54.4257140742097,7.26917348783756,54.8534661265306,106.958901657221,392.093184875038
"801","JJ Bleday","LF",41.7172313226338,16.3173065969346,0.878651083604503,14.4573312461758,79.549616081978,83.917932458748,45.6570873749471,2.5799576561502,43.8609791005909,73.3705202493487,289.738254923657
"802","JJ Wetherholt","2B",77.8863818931368,21.9836532812895,1.3082939663327,10.4584206184397,96.8248779169403,91.0234997003857,50.2016041916479,10.6098086988231,59.1404029295516,111.636749759199,419.814068466507
"803","JT Schwartz","1B/LF/3B",8.99802078668472,2.56821522574716,0.156990374904764,0.875111847736549,10.2822215100604,13.4907441553019,6.46415088834713,0.175755742679201,6.06932480881076,12.5983382350732,42.5210335085211
"804","Jac Caglianone","RF",64.7053505165864,19.58969885981,1.66852584915434,17.8965175565995,75.085828667794,105.524321183823,59.9849140233364,2.87664860715294,55.7150807934876,103.86009278215,401.248903814522
"805","Jace Avina","CF/RF/LF",8.30213043260384,2.87140012380173,0.000235309664621514,1.91005668820182,11.2446204248122,22.9886509370422,8.57298304782023,0.345133880439092,7.70882849700343,13.083822554272,41.491802958773
"806","Jace Bohrofen","RF/LF/CF",6.18934169169996,2.39375245685896,0.312148695992118,2.08328228590202,12.6087365860099,24.9056106718973,7.91443700176143,1.03359111920463,6.87262469343671,10.9785251304531,33.1185142404139
"807","Jace Grady",NA,5.70329548449355,1.75511175915959,0.000285733164183267,0.522089125673114,7.50312949455932,15.3386837273516,3.63261375784018,0.689843674617564,3.85933111318262,7.98078210249044,20.1074017282674
"808","Jace Jung","3B/2B",16.4346230948287,5.7554608562754,0.296328336593555,4.31988073448451,34.020740875993,37.8057278819557,16.4036547384656,0.72004880062775,16.2083837076543,26.8062930221821,95.2529981642543
"809","Jack Brannigan","SS/3B/2B",6.35425648962737,1.91582244028828,0.31238400565674,1.2168049250974,7.84522151879824,17.0775710465702,5.61105628399522,1.20583999472871,6.03638832785223,9.79926786066979,31.3645223689093
"810","Jack Costello","1B/LF/RF",8.30312886258044,2.07349371071651,0.15609955974584,1.56287347464148,6.13574261354776,15.6778553162211,7.41938604711017,0.861048645500122,6.20144092097248,12.0955956076843,42.1651203745471
"811","Jack Dunn",NA,8.93070291470302,1.75046129469985,0.311694884496063,0.693035485011711,14.6185404234761,13.9033878988746,6.08791291663863,1.71890033303558,7.02315462663852,11.6858945789106,40.4372212328972
"812","Jack Hurley","CF/LF/RF",7.32836268653537,2.2348355263076,0.46829867923752,1.04284730923726,6.47662447145556,28.3851659488543,5.93936316116612,0.517823153233816,5.86786787984114,11.0743442013177,23.4628956618345
"813","Jack López",NA,8.39706126672246,2.14315102480268,0.161696568197195,1.07106328194738,5.59739996157058,24.0310362796658,6.26077607563991,1.40674731486464,6.6916047054845,11.7729721416697,31.3267422483716
"814","Jack Moss","1B/LF",5.86983484645069,0.959414316692734,0.000302540997370518,0.00234578546705546,5.12160091134045,8.2086396480132,2.3171290588323,0.00112545969164313,2.85659314468782,6.83189748960785,18.4289572391107
"815","Jack Payton","1B/RF/LF",5.70376931566889,1.59612839340165,0.156301253744087,0.695797189887819,7.84443654604291,13.4273436223201,4.78530446243518,0.345068636398996,5.19772609194505,8.15199615270244,25.3528664971197
"816","Jack Penney","2B/SS",7.32900574313047,1.75501210634973,0.312249542991242,0.867991307453572,11.2462557847192,16.7263923997925,5.44198661648378,0.517252267882983,5.69894040660812,10.264258699925,30.7080481056504
"817","Jack Pineda","SS/3B/2B",6.356659490588,1.75771934101737,0.000403387996494024,0.174972459218224,5.46274442683336,12.7265055891531,3.46915286628604,0.689876296637612,4.52986364529176,8.28975467882009,23.1150947501877
"818","Jack Rogers","RF/1B/LF",8.14110781933098,2.07520441728562,0.468096985239273,1.04241475305185,8.18109917539081,23.3417082391388,5.77337148046051,0.345003392358901,5.53258533277769,11.7268239749077,29.6283665381011
"819","Jack Suwinski","CF/LF/RF",14.9403805288184,5.67734653730368,0.540944915457564,5.531208566249,33.6221894529025,45.0419007812677,17.149210232111,3.35491801278761,17.687313905452,26.6898805478287,96.5720450795348
"820","Jack Winkler","3B/2B/SS",9.0576924127053,2.52484304315954,0.1604383557189,1.09150057522192,9.96418555738512,20.7611161868903,6.70072554506927,2.85372920631709,7.35705127022031,12.8344743868057,40.7740344753964
"821","Jackson Appel","C",7.32863344720699,1.75489584473824,0.156133175412215,0.348264604023875,11.5906046056297,11.3335040095526,4.61909048268249,0.861456420750717,6.03357171331648,9.58792707138132,32.0563518289753
"822","Jackson Castillo","LF/CF/RF",10.739384323556,2.2340050862255,0.312047848992995,1.21603963338474,14.3079127238467,20.7214927234018,7.25520695863467,1.89344906097302,8.87884955683466,14.5014768921593,47.3166632138841
"823","Jackson Chourio","LF",95.7648415005349,33.5565502040005,3.51642629785423,23.2187710270456,82.2649049181597,127.400420367007,84.2076725543962,23.7386703752564,84.9621843669714,156.056589029435,643.923589898768
"824","Jackson Cluff","SS/2B/3B",6.83805199875093,2.07430754199696,0.31238400565674,1.38881603812317,11.9298511036305,20.5616841046923,6.59532711829335,1.89517802803554,7.37292727160265,10.6135595845278,34.0079507345026
"825","Jackson Feltner",NA,3.91432883704291,1.11770011278171,0.156166791078589,1.04336304930449,7.16283636621802,17.9612516462706,4.29211739979412,0.00104390464152406,3.85973813840455,6.23155879020769,13.446447010045
"826","Jackson Holliday","2B",72.0381885480793,21.2200495631438,2.06452674534101,13.5720501816135,102.592255901836,109.197833720542,51.2844471356222,13.0329069986979,64.6087413326475,108.894815038178,412.477960459624
"827","Jackson Hornung","1B/LF",9.27757351032796,2.55268599621198,0.468147408738835,1.21560707719933,9.88249940270102,26.2942505039311,7.254676860907,0.516860803642411,7.53999870982368,13.5140139924781,36.6951298931639
"828","Jackson Merrill","CF",91.3045089567984,29.9020039738518,3.65912142630434,22.2755319300465,82.7874891035774,115.755319581086,78.9198009059686,7.61920187471048,76.6941249702754,147.141166287001,592.948149647471
"829","Jackson Nicklaus",NA,4.07518222489601,1.27651739052323,0.156133175412215,1.04269757825,10.9019396710068,26.8324537673436,4.29090330499848,0.00107652666157169,5.19663526435028,6.55053036908145,7.02462891200879
"830","Jackson Ross","1B/3B/RF",5.5397006448403,2.23241064126788,0.312081464659369,1.04238147949912,8.17949652268201,21.0808557729169,4.78456916558712,0.517235956872959,5.53092466987222,9.12657423026667,23.1153147192993
"831","Jackson Strong","CF/RF/LF",8.13950017784323,2.39177600946358,0.468197832238397,1.21565698752841,10.5613848850804,26.1220264239832,7.08894167910188,1.7213796065592,7.70599560145881,12.2151310070736,34.0148261208832
"832","Jacob Amaya","SS/2B",9.51838128265066,2.13773655546742,0.317829743609409,1.24793233367088,13.2632477668702,19.1046191919203,7.09030698100045,0.89145236818451,7.54804580308556,13.2218799153984,42.6080187502442
"833","Jacob Berry","2B/RF/3B",10.9247707709064,3.56813840964452,0.47203001820509,1.23773398976091,11.7661768452385,18.0517779328468,8.36485445549066,2.10024465572753,8.16701638008068,16.2026731885169,57.4137575393402
"834","Jacob Buchberger",NA,9.74258499785783,1.75046129469985,0.311694884496063,1.03955322751757,10.5389477471572,18.0744042685369,5.75883654276627,1.2032302331249,7.19037259393944,12.8442944045713,40.1034290612523
"835","Jacob Burke","CF/LF/RF",7.17234914568749,1.59858649604465,0.156301253744087,0.522737959951236,6.48633850930276,14.823204025232,4.952989035884,1.55229506697973,5.36872125330547,9.44997485542747,28.8801287806061
"836","Jacob Campbell",NA,5.38040413084902,0.960643368014235,0.156351677243649,0.696562481600475,4.43820183561792,15.1703476471072,3.79997343268171,0.517448000003268,3.86102433810585,7.19396165770738,17.9530172641087
"837","Jacob Cozart","C",8.30253657361127,2.07465632683144,0.312148695992118,1.21607290693746,11.246223077521,19.6827573197555,6.26748193914332,0.000815550501190675,6.36945665770838,11.9054145033723,35.0184127773424
"838","Jacob Gonzalez","2B/SS/3B",12.2450837493997,3.20083523285135,0.312829413236202,1.39281718283825,10.2598334329345,16.0740481780546,8.76104218393103,1.38223186679884,7.90067149023108,17.1515655783255,61.4295397057213
"839","Jacob Hurtubise","LF/RF/CF",7.66735504740454,1.02945363321668,0.63944124968595,0.202955517059268,13.5142100981888,13.3173998634345,5.46983970483926,2.65323434657269,8.28853783033992,9.53920544736643,34.6290310441831
"840","Jacob Jenkins-Cowart","RF/LF/CF",5.05399288847341,2.39199192388492,0.312115080325744,0.348713796985652,7.15871525925253,17.2527519666288,3.79704934521616,1.72428296634343,4.69517673455405,8.10681368966973,21.3465616239874
"841","Jacob Melton","CF/LF/RF",23.5657558077168,7.44085195554439,0.486664375106625,4.77030050794668,26.394849966256,49.1639990988788,18.6598084586975,9.60051487450931,21.2072773335893,36.2635726463145,131.819401736458
"842","Jacob Nottingham",NA,3.10253136659797,1.27844401151369,0.00033615666374502,0.697361046865856,4.10202981424211,13.7870987390322,3.8001786318021,0.345394856599473,2.85768397228259,5.07867258164126,11.8233759320145
"843","Jacob Reimer","3B/1B",10.2521366158693,4.30323033492003,0.46811379307246,2.6028426215681,14.648205852188,21.4183610761992,11.534755912305,1.03326489900416,12.3915991027931,17.6263233654299,69.4682147199619
"844","Jacob Sharp","C",4.72930774537939,1.11980943059023,0.000369772330119522,0.522754596727598,4.78104612541404,10.9900360176493,3.96353692379604,0.173113359055344,3.35906109703443,6.37224154502734,18.3112127627518
"845","Jacob Stallings",NA,11.2253132138923,3.1850723180169,0.0630346746356771,1.78635530620416,14.3154946423338,25.945872355252,8.44458067582173,0.151271122193431,7.87987412035392,16.259775512749,47.979387687265
"846","Jacob Wetzel",NA,5.21523549479197,1.75532767358093,0.468063369572899,1.0423482059464,10.2270444668004,15.8635730421992,4.94984264937136,0.861782640951193,5.69978701906973,8.48097474389219,26.9092625294356
"847","Jacob Wilson","SS",110.008497478106,29.5685638483373,1.35016943616164,10.3869458279915,62.6459566209224,46.5228675565766,63.3539694146188,5.03691412178896,67.0187511130475,151.314176590596,606.259037069303
"848","Jacob Young","CF",57.9735202962749,12.1333204272663,1.67129047129537,2.30274225437203,45.5777711606813,62.0519420254608,24.598324511779,17.1719869764357,37.0996588380717,74.0808734492086,261.444776781424
"849","Jadher Areinamo","SS/2B/3B",15.7968632556766,3.99195695046585,0.000605081994741036,2.43034904202782,10.5720474316736,14.2926460721611,10.5583681442151,2.24031190847463,10.5622631259691,22.219774330165,87.0118343375315
"850","Jahmai Jones","OF",22.0289985947414,8.18331054986899,1.15426458869643,5.27584862754245,36.1359355872661,41.7081524269881,20.5357587549949,3.49748711005222,23.1647781925564,36.6424223608493,141.736524323052
"851","Jaime Ferrer","1B/C/RF",6.67856933679791,3.0292042646431,0.312064656826182,0.522089125673114,5.45610486561119,16.9003971182601,5.93678107223455,0.17309704804532,5.0298894463068,10.5419273839403,31.0847535554623
"852","Jair Camargo","C/1B",6.41700527527548,1.77487623311346,0.157528225566756,1.40635120040882,5.52276213541796,19.8750662798849,5.50325565384668,0.348918034764616,4.58142560040578,9.75576093436451,26.1348020976991
"853","Jairo Pomares",NA,7.38369939879786,1.93366029325169,0.157998844895999,1.40272438316188,5.50022687590036,17.017184134567,5.82229437074666,0.697509849328757,5.40909815532087,10.8780829201074,34.0037981336809
"854","Jaison Chourio","CF/RF/LF",9.76412739379366,1.75494567114317,0.156149983245402,0.348397698234772,17.0374860413657,19.1620010466096,4.78385096866576,1.37825198035303,6.70329019498176,12.023620746417,32.8866930689802
"855","Jake Anchia",NA,5.05306214866472,1.43805851173402,0.000420195829681275,0.869338886338902,3.4153600187057,15.1720629410941,3.79863963839918,0.173145981075391,4.02671189057231,7.36087974256732,18.9559893590648
"856","Jake Bauers","1B/OF",32.5918080547551,11.1013125570474,0.897142341305647,11.7118760675602,72.7954962253595,92.2069225579224,36.512198813708,7.83248076418809,35.3028666519976,56.3021390206683,204.378266176316
"857","Jake Burger","1B",70.0466440657167,22.3574650903311,1.1888119600899,24.8358535766907,59.8720326946462,131.757984588249,74.3262604557086,1.75119863859547,62.1452187741451,118.428774692828,460.993667099269
"858","Jake Cronenworth","2B",75.7971685192271,24.1640766565701,2.25263760140382,13.5912244807851,124.519140153279,114.501977994803,58.6331514619286,4.20150113362459,65.2436799594284,115.805107257986,430.434701635869
"859","Jake Cunningham","LF/RF/CF",6.02755756403817,1.75466332151525,0.156149983245402,0.695414544031491,7.16057956954644,20.0432148901956,3.96133103325185,2.06759001365986,4.86242726387272,8.63378541283032,20.9026965791803
"860","Jake Fox","CF/LF/RF",7.97732683171598,2.07478919724458,0.62428058415105,0.695780553111457,12.6116802338424,18.4637604586227,4.95062924599952,1.2056931956385,7.03867042809847,11.3721771662231,34.258455934664
"861","Jake Fraley","RF",52.485103033806,14.6269713922184,0.953352309554122,7.91265872694286,65.6645501036484,74.7330081557151,35.5435966403765,11.9349017552293,39.9497493607606,75.9780854625214,280.901148180371
"862","Jake Gatewood",NA,4.72636322307552,2.07472276203801,0.156267638077713,1.564137869645,6.47897938972155,21.7813507472866,5.94011555794088,0.345867875890163,5.36631166399165,8.52149149283623,22.5150904761732
"863","Jake Gelof","3B/2B",5.37613965027099,2.5515067712954,0.156049136246278,1.91053915471632,10.9051776836225,21.2501230127541,7.09201966590772,0.862190416201789,8.04277600133895,9.99423471252898,33.3247897162182
"864","Jake Holton","1B",9.80914135545061,2.72573701696061,0.157276108068948,1.917875973092,12.6714035776438,20.1184754558867,8.93607117589711,0.347662086992783,8.91390256894722,14.6100304535722,50.7031688890414
"865","Jake Lamb",NA,7.65386011164425,2.39343688962777,0.000319348830557769,0.869555164431609,9.88812504078088,14.4696076307394,5.28073161547382,0.000782928481143048,5.70138255793969,10.9171715145342,34.2675450953415
"866","Jake Mangum","OF",65.3327420184226,16.8277195508286,1.90196930055974,2.25855978211843,31.0786457692705,57.8754881759234,29.8784760583675,13.2974013894297,35.7012470920875,86.3209906519294,307.371945818053
"867","Jake Marisnick",NA,3.43078716604899,1.43898860462597,0.156519755575521,0.870320456144266,4.10150649907189,10.4773007859087,3.47204275389819,0.862190416201789,3.52784204118756,5.89661598239474,19.4376118567728
"868","Jake McCarthy","LF",64.7452195988844,15.1629058724219,4.60212782931736,6.05624357282141,50.0385643263582,63.7785683543975,34.1287158565167,15.8363238902585,48.3362535956601,90.5664968734451,348.758107857894
"869","Jake Meyers","CF",68.9618247103763,18.9064660885028,1.61164692386107,9.33990796798278,70.4055425782966,92.1677808059963,42.5272055929416,11.6743847535009,51.3390491435495,98.8198456907229,359.981879596338
"870","Jake Rogers","C",23.8605438605845,8.28820783991538,0.723115926628826,6.6827109917144,34.5490826247808,60.2343411173197,23.7961911338363,0.763501685587884,22.8544436161174,39.5545786188431,135.626103843068
"871","Jake Rucker","2B/3B/1B",10.7986255166467,2.77538072506828,0.317863359275784,1.06169677685552,9.7402156518917,15.2517910436195,6.72810804911192,0.87990417308765,7.00774078610839,14.9535663778462,50.8208588724136
"872","Jake Snider","LF/RF/CF",7.49060372283052,1.59601213179016,0.312182311658493,0.348630613103842,11.930897733971,16.7293982483028,4.45544149193466,1.72214622403031,6.87078493943359,9.74742877938301,28.8275293396635
"873","Jake Steels",NA,4.73054309094366,0.958932661445118,0.000386580163306773,0.175521472838173,5.45993160779342,9.94875217722245,2.81016222213307,0.17343957925582,3.02335524374018,5.86538380539026,15.1406265243636
"874","Jake Thompson",NA,5.70546156986652,1.91640374834575,0.312266350824429,0.696229746073233,8.52858788732263,12.9047413661217,4.78733935371238,0.345411167609497,4.19681159644449,8.63036141510993,26.9455306851888
"875","Jakob Christian","1B/RF/LF",7.16556320635499,3.66550312131096,0.156183598911776,1.73623216655258,8.17759950518997,26.6434198063242,7.58402683360654,1.20517124331774,9.5458165479997,12.7234820931303,39.048607916783
"876","Jakob Marsee","CF",74.5913920555274,22.9610714302259,3.70726024935838,12.8949734801653,128.498404791968,126.06082974964,54.6622103020656,32.6572894346236,71.0031310321331,114.154697215277,443.786405034452
"877","Jakson Reetz","C",4.14075707505415,1.781669232985,0.00142866582091633,1.58338661989594,7.94484764432887,15.719765270369,6.00709597082128,0.351576729398498,4.59449925053415,7.50724159375601,24.2898178859676
"878","Jalen Battles","3B/2B/SS",6.51796978707446,0.960659976815877,0.000521042828804781,0.348148146589341,4.43774393484398,13.7771663700415,3.30348608418772,0.518035196364126,4.6951441725363,7.82729895330849,20.2275424452136
"879","Jalen Vasquez",NA,5.70388777346272,1.75672281291885,0.312350389990365,0.521490201724079,9.20688464013551,17.6003203279675,3.63266505762027,1.20724274159076,4.86371346357402,8.29445117809602,20.9325486671775
"880","James McCann","C",28.9749592342121,8.80235591290183,0.236479453446476,5.10685179903476,22.1448342648755,51.6033616931098,22.4201420535606,1.09379033921909,20.4856960180142,43.1206463995952,146.354076133369
"881","James Outman","OF",27.8661585237923,9.33514973206292,1.25658823235402,8.68542767604913,50.2010595751904,87.3770517583366,27.1850192401185,5.51911461123538,31.8707727355834,47.1433241642584,156.532436546294
"882","James Tibbs III","RF/LF/1B",10.4131761516842,2.55165625051018,0.468147408738835,3.12345107414498,20.4323386468384,24.722065651636,11.8649437814128,0.861064956510145,11.3892518785113,16.5564308850782,61.9207919104555
"883","James Triantos","2B/CF/LF",16.8840494827544,3.71533563075846,0.534346222077072,1.12788396401274,10.983859462442,16.8947834507714,9.92695919040609,4.10018283970239,12.1451057508761,22.2616152996026,84.229990195972
"884","James Wood","DH",82.701325994306,29.8444272034957,2.15192727234684,24.2802619134802,152.070182825463,179.531088005696,79.9892788082042,15.8864685711233,82.2909949708066,138.977942383629,522.558548983954
"885","Jamie Westbrook",NA,11.238705473477,3.13089995709652,0.00347922146976096,1.43258739673184,12.6659994510451,14.2464708048527,8.46543622433481,0.18498777435268,7.60590850863504,15.8056720487752,56.8624984390269
"886","Jancel Villarroel","C/LF/2B",10.5773971253905,2.39207496789313,0.312148695992118,0.868556957849884,8.86011548656275,16.7233865512821,7.0886680802747,1.2056279515984,7.20426029451167,14.1501777471257,46.8477462499067
"887","Jansel Luis","2B/3B/SS",13.8300022206027,3.18913433209462,1.09189014222789,0.69461597876611,7.15364564354103,18.1068478290888,7.91255600982453,2.23778370192094,9.37910329197398,18.8056426736913,65.2962857485533
"888","Jared Dickey","RF/LF/1B",12.36575456133,2.87120081818203,0.468080177406086,1.04231493239367,14.3087631109983,16.3680095182698,8.07805179265586,0.689174923206588,8.04344352270292,16.7473504893118,57.6190181584062
"889","Jared McKenzie","RF/CF/LF",7.97905293099756,2.07492206765771,0.468265063571146,0.869089334693471,4.09408196509439,22.6417196848986,5.60878199374423,1.03372160728482,6.03368568037862,11.3913293969199,29.8271779861491
"890","Jared Oliva","RF/CF/LF",8.79211959209072,2.074955285261,0.4688533377327,1.38901567943951,7.84087146144579,14.1172527823707,6.9263870836628,4.30822814233497,8.54517882965006,12.7249438945239,51.0170819558938
"891","Jared Serna","SS/2B/CF",15.8880684009312,4.14113244713548,0.365222356966739,1.49279768426435,15.9132934884461,22.130993935352,10.328619875426,2.30602239736847,12.1035063869743,21.8872208892977,77.618787606172
"892","Jared Sundstrom","RF/LF/CF",8.13843405769872,3.50723393402363,0.468181024405209,1.73604916201259,11.922884470427,28.2066687937543,8.73601644120689,3.0986529263108,9.21269937511692,13.8498981781402,44.0421379521726
"893","Jared Triolo","3B",72.0269394866753,20.5919305411446,2.13467374281871,8.54323724452417,97.7374395917847,109.491014156717,44.553397810247,12.6716340439458,54.1677619152675,103.296781015163,362.283112418586
"894","Jared Wegner",NA,4.2745174732032,1.44822309833887,0.157091221903888,0.701636698390914,6.8653242530422,16.8381642232044,3.82381073050026,0.522047704829984,3.88603196774119,6.58146849183687,15.005447292697
"895","Jared Young","LF/1B/RF",11.9285020671092,3.41016159736149,0.351827389051516,3.23699346868913,17.0920647019993,22.7307397951422,12.0463941003644,1.11704427279578,11.2892059190501,18.9274845222114,72.329154845234
"896","Jarred Kelenic","LF/RF/CF",19.3143430165662,6.61696235822645,0.50130143298638,4.22237506145355,25.2980563917783,45.4746582110038,15.0172097166631,2.89216670588079,16.4062879800722,30.6549818692325,101.09264220787
"897","Jarren Duran","DH",84.2395070645471,34.5413842669528,6.80625089769103,16.6069258780097,100.794302389521,140.776393404024,69.4756979175148,23.3076630014706,82.7678513942894,142.194068107201,559.331686927217
"898","Jase Bowen","CF/LF/RF",9.83244369575197,2.57133768045584,0.470366042719552,1.57560060855848,9.6040555860401,25.5684259594235,8.4592487431071,2.2521373907419,8.25981385580403,14.4497480274858,44.9908897042574
"899","Jason Delay","C",6.83168165673563,2.13471852040509,0.0114155638866672,0.229194412132187,5.38032948216967,10.5931686962008,4.25174025144113,0.203122671574377,3.81657842109273,9.20701015315957,28.1444359919612
"900","Jason Heyward",NA,5.23866858906074,1.65537198885835,0.16117552536839,1.08582010258055,7.72481888354375,10.7677735704875,4.61655700129366,0.360613028951691,5.17853505735541,8.14103620586803,29.0462234820542
"901","Jason Matthews",NA,6.87235399133688,1.12580520798296,0.157595456899505,0.523702892980238,9.24577349872249,19.0719803889664,4.30764413323691,0.692551302281517,5.88550021245512,8.67945754919959,20.8641927073286
"902","Jason Schiavone","C/1B",3.26143866212379,1.1169028903029,0.156065944079466,0.695414544031491,10.5684169326802,25.2701032672399,4.45330400109728,0.689321722296802,6.03187848839325,5.22982204053765,5.10914547671669
"903","Jasson Domínguez","LF/CF/RF",32.892647179457,9.01482730550978,0.799024400708491,7.13086258305398,44.8388904088211,58.7225583795196,25.2216084962522,10.3743565933507,30.5755311786505,49.8373614687293,188.96648615101
"904","Javi Vaz","2B/LF",12.5788432098956,2.44924246314459,0.47233255920246,0.70716010814313,15.2598051890902,10.4456981406188,7.03929789965701,2.09463366827934,9.51495203004513,16.2075783403857,62.3413083844988
"905","Javier Báez","INF/OF",54.3985156354296,15.1008167464647,1.27272569568045,9.39445543495452,29.0722796639017,89.5588364320696,40.3340919307721,5.51254154186322,38.4729370584153,80.1665135125293,281.089909079258
"906","Javier Rivas","SS/3B",11.7146581758604,3.03010113993176,0.312115080325744,1.73628207688166,5.11165792310627,26.4586169038058,9.06618721038799,0.516762937582268,7.53973821368164,16.7931564729996,49.9067184080731
"907","Javier Sanoja","INF/OF",43.5095957525918,12.9298436648247,2.2175747670697,3.75829680058201,30.9090212364454,27.1641255225985,26.1352554209825,6.42788240175759,28.495534582422,62.4153109850682,249.780363438478
"908","Jax Biggers","2B/LF/SS",8.50972388139547,1.76761818679595,0.314081596808652,0.523985718178393,13.7063143506692,17.8612496112371,4.48047578462216,1.21102689591629,6.39965792917554,11.1154093831785,31.5438776829607
"909","Jay Allen II","CF/LF/RF",9.92670688092834,2.07455667402159,0.312165503825306,1.38944823562493,11.5856004043144,23.5065973952762,8.07770979412188,2.58285233831994,8.20979859653334,13.7028772944002,43.3396276054464
"910","Jay Beshears","3B/1B/2B",6.35407034166563,2.23334073415982,0.156318061577274,0.694699162647921,8.52253705566696,16.7243503831414,4.94850885508883,0.345329612559377,5.19679807443905,9.43842830005065,26.7116454043559
"911","Jay Harry","SS/CF/2B",7.81579654218383,2.07563624612831,0.156217214578151,1.21512461068483,8.86162001767713,16.8952675724327,6.43125062937804,0.861440109740693,6.20183166518553,11.2627746135751,36.4210231799361
"912","Jay Thomason","3B/1B/LF",4.07827905007767,1.11821498563261,0.312064656826182,0.870303819367904,7.84558129797777,13.4335186806729,4.12853680875309,1.55063134395731,4.53001017437166,6.37886251190436,20.265502939511
"913","Jaylen Palmer","RF/CF/SS",7.49183906839479,1.91570617867679,0.156250830244525,1.56363876635413,13.2918740041473,33.9651606363949,6.92821677581961,2.06744321456964,7.54299441545708,11.1274348436702,22.8749224386904
"914","Jazz Chisholm Jr.","2B",73.0153459326816,19.0666777662854,2.28372042851535,27.1976459744864,114.376450303094,151.134947794917,75.6859872658239,30.718305960296,78.6443100580917,121.563390101969,503.830882341976
"915","Je'Von Ward","RF/LF/CF",7.00205297941162,2.23418778304356,0.312215927324867,1.38933177819039,15.6762808208024,21.9479878696772,6.26767003833701,0.689272789266731,8.37737474602956,10.9377884679704,33.2263100801319
"916","Jean Carlos Sio","2B/SS/3B",12.2031919967373,3.0290880030316,0.312081464659369,0.868007944229935,11.2424617497351,16.0209149047942,8.07567490284469,1.37722438672153,10.0473239208226,16.4123694086582,58.9736912966094
"917","Jean Perez",NA,6.51871437892142,1.1186468144753,0.156234022411338,0.521872847580407,1.7089882972784,13.0757238999458,3.63300705615425,0.861815262971241,4.02571874903081,8.31546806338846,23.3879547604151
"918","Jean Walters","2B/SS/1B",7.01366184320736,1.44064948479016,0.468651643734453,0.348514155669307,5.12196069051998,12.7308019921869,3.47303454964674,0.34585156488014,4.36573906967751,9.27147712740128,26.6917498134883
"919","Jeferson Morales",NA,7.37354587361208,2.56816539934224,0.314031173309091,0.875461220040153,8.57624227501079,12.0981999874314,5.97087832607257,0.692534991271493,5.73430275788934,11.1312036663036,39.5157384927936
"920","Jeferson Quero","C",10.3359000231304,2.6839204189929,0.0349801756862921,2.07088160250976,10.7963646761441,14.7365951960739,8.9914211581699,0.454220517889936,7.88113837564932,15.1256822203194,56.9337570944882
"921","Jeff McNeil","2B",82.8769369020115,25.8996459668763,2.58268128634569,11.5824601263211,89.4860592957807,67.7781893981333,55.9017659242103,3.7188812637263,60.2479413582286,122.941724281555,486.727960911227
"922","Jefferson Rojas","SS/2B/3B",10.4158329907744,2.07472276203801,0.46811379307246,1.56190854161247,12.9448759001876,17.7607497197389,7.91272700909152,1.89384052521359,9.21274821814355,14.5205780874974,52.5169762682222
"923","Jefferson Valladares",NA,4.5669482512904,1.59606195819508,0.156166791078589,0.695797189887819,3.75598021902839,12.3858147398951,4.12701491527687,0.345231746499235,3.35749812018222,7.01497419045189,20.4846397234346
"924","Jeffrey Mercedes","3B/2B/1B",7.65477392891097,1.91474286818156,0.312165503825306,0.5216565694877,6.81645969902291,14.4624687405274,4.45539019215457,0.517203334852911,3.85887524493406,10.4033388704055,29.6830602269261
"925","Jefrey De Los Santos",NA,5.70404007634051,1.5977726647642,0.468349102737082,0.695298086596956,7.16250929423663,18.1226285337682,4.29182670104024,0.689843674617564,4.36202699965351,8.46545993043875,21.2378137628886
"926","Jeimer Candelario","1B/3B",17.73298770333,7.12012226021083,0.353037508677675,4.50636755173872,24.9156437461084,46.1500481512348,17.756593789415,1.01391899025719,16.134106766512,29.7125150239572,99.2374163996034
"927","Jeral Perez","2B/SS",11.0632064170093,3.34717099615897,0.312047848992995,2.94952673183757,11.5791570862811,24.8918883200022,10.5465691947927,0.860885535399884,9.54646778835479,17.6719519939988,61.8977370701993
"928","Jerar Encarnacion","1B/OF",21.2255796659697,5.27725961796659,0.0974548488331424,5.34919157076757,21.9921614499434,48.1711195620922,19.2134753483727,1.361017401817,16.6214042548642,31.949485703537,106.392978581508
"929","Jeremiah Jackson","INF/OF",38.0624767219543,12.5366161258242,0.718235193832977,8.74828171541493,26.6808951216762,64.0477126950563,32.0673664004901,4.52879602469599,29.7122760381806,60.0656097570264,222.675486699124
"930","Jeremy De La Rosa",NA,7.00750203792799,2.23599814242253,0.312434429156302,1.21735393871735,7.16705559477792,21.0890075033879,5.61398037146077,1.20730798563086,5.20300113882125,10.7732885482242,29.7680764540846
"931","Jeremy Peña","SS",100.99540486099,27.1252030562393,1.88227069599583,16.6879542459554,72.2244070996501,105.650395620391,66.5184705749478,16.5065276404846,75.002194329931,146.69083285918,573.40290268861
"932","Jeremy Rivas","SS/2B",11.3188260399296,2.25474947947625,0.157511417733569,0.875311489052894,11.6763628791495,23.845613395282,6.48090881651225,2.25451879820537,8.09524969295009,14.6063984261923,41.9999659730648
"933","Jeron Williams","SS/2B/3B",6.2002398087327,1.60018094100228,0.312619315321361,0.522638139293064,4.78251794933028,10.4721875762145,3.96752120671693,2.06923742567226,4.03267073982136,8.6356782043494,29.2976103985684
"934","Jesse Winker",NA,33.3083749158547,9.25864925125381,0.689205516921427,6.54926542173845,65.2173642891566,54.8659654336507,26.2260466183546,3.67711309067179,28.6087782917358,49.8054951057684,183.347314434729
"935","Jesus Bugarin",NA,9.6046785769246,1.59607856699672,0.31201423332662,0.695813826664181,2.7298676823023,18.293986798656,4.62141607271357,1.03331383203423,5.53138053812078,12.2085852039121,33.8254277695914
"936","Jesus Castillo",NA,9.92894065646921,1.59548065013762,0.000285733164183267,0.174173893952843,9.20407182109558,17.766238660497,4.61828678612763,1.20650874613969,6.0327739438815,11.6988809337239,31.3065474151479
"937","Jesus Hernandez","3B/2B/LF",6.35346113015448,2.39202514148821,0.467962522573775,0.521273923631372,9.54407058465363,17.9456179667902,4.94785905787426,1.5502888127468,5.19660270233252,9.73472271784784,27.8450727172368
"938","Jesus Ordonez",NA,2.94414866987341,1.11866342327694,0.000352964496932271,0.3487803440911,2.73804448183698,5.7748606481154,2.15202657431505,0.173863665516439,2.01965669572162,4.41194540173839,13.972232877197
"939","Jesus Rodriguez","C/2B/3B",23.2890597594234,4.4547945576928,0.590969587640815,1.64932074008605,20.0380125959589,19.8891171675755,11.8967221493679,2.92701568607065,14.2420042737885,29.984144644843,109.713754829413
"940","Jesus Valdez","3B/1B/2B",6.03144974869272,1.43878929900626,0.156385292910023,0.869987720617024,4.09588086099202,14.1237872356541,4.1303323010565,0.173292780165606,4.19604638902726,8.49661206122603,24.2272434649507
"941","Jesús  Baéz","SS/3B/2B",10.2527119822965,2.07374284274114,0.000252117497808765,2.08235062642574,9.19975447094127,14.9805785600935,7.41924924769658,0.689403277346921,8.20815421463675,14.4090575689612,52.8846998434843
"942","Jesús Bastidas","3B/SS/2B",11.513159885617,4.1377656200802,0.320266879421561,2.16160822901476,13.7805849587365,26.3543246558138,11.2205168903327,1.5950136022321,11.2247939514638,18.1328006141335,63.347525696583
"943","Jesús Made","SS/2B/3B",11.227867376807,3.3473038665721,0.62409569798599,1.21475860160486,14.3035626664942,22.9829986349521,8.07594850167187,3.44256348099811,11.5527252137705,16.41402554297,57.5700862577571
"944","Jesús Sánchez","LF",58.0339343775551,18.4118536135548,1.57165232240598,15.1527261145467,72.9710149799988,101.893678094055,50.8826434769375,9.13050133076758,52.5188459556719,93.1701664280626,357.162148555516
"945","Jett Williams","SS/2B/CF",25.4903582997678,9.82375485631294,1.7452301467065,5.08051189495901,41.302239827988,57.4374750913032,23.2848355058104,7.06170550828416,26.3025292955886,42.1398551977462,154.186911646222
"946","Jheremy Vargas",NA,8.79267803597594,1.27862670833175,0.000403387996494024,0.174473355927361,7.84191809178623,15.3294538120888,3.79675864646227,1.37874131065375,4.52844719751945,10.2461814882315,26.9158913593481
"947","Jhon Diaz",NA,8.13844251896971,1.59492425528261,0.467962522573775,1.7348596325027,8.17563707330164,20.55413681115,6.75819806237636,1.37742827434683,6.86787877934901,11.9361889293288,37.9933632908469
"948","Jhonkensy Noel","RF/1B/LF",12.3552986136674,4.10666951216909,0.204319616140508,5.04097032404595,12.1834758619591,31.8326594352251,15.0711715351126,0.242134173477599,12.1836776223699,21.7072580660229,80.4243178103917
"949","Jhonny Pereda","C",9.77487945084476,2.71566448342718,0.0240454562530832,0.771188123152425,13.6616568510695,17.0823993149611,5.79145109325187,0.0371636272959393,5.94310222249937,13.2857775136774,39.623969934509
"950","Jhostynxon Garcia","OF",38.7829175200892,11.6378778500092,1.75517771956742,7.81780753713839,37.0395955324265,80.9344635936149,30.3786458802112,3.46078853807631,32.5521290438106,59.9937806268043,204.040097649455
"951","Ji Hwan Bae","CF/LF/RF",13.0532335616123,3.34951144767532,0.675781115001392,0.846152450858478,14.8425197395116,20.0432132723754,8.05061463336183,4.23417593020526,12.2663513518767,17.9246785751475,65.5214953987645
"952","Jim Jarvis","SS/2B/3B",10.2551319057991,3.03071566559251,0.15646933207596,0.347898594943909,7.84198350618251,11.3246334892205,6.1018664568251,1.37828460237308,8.71071985303662,13.7902154984115,50.624234032825
"953","Jimmy Crooks","C",23.887114237467,6.68215165388847,0.513820002181806,3.57970672385394,22.8238006967949,43.4132269990417,16.8667178997328,0.4184705739828,17.0362827479383,34.6627926173912,113.3455339046
"954","Jimmy Herron",NA,9.1491775579854,1.76449573208727,0.313291628648851,1.22083102497702,9.92142096848613,15.7335451943286,6.78421560084905,2.41694844569512,7.22988660248434,12.4477959436985,44.0944653501116
"955","Jo Adell","RF",65.6021630465863,21.5976687710931,1.72019717366929,29.3979032872451,78.4540961814094,148.848718172595,79.8984057284729,9.02880983714642,67.9962408447344,118.317932278594,476.260308053707
"956","Joc Pederson","DH",46.6738302542739,14.0393017501619,0.974622711081604,16.3180092327602,90.090858361162,88.1438371077749,48.5666098365228,2.79439451709663,47.9372114346032,78.0057639482776,310.114245395886
"957","Joe Hudson",NA,2.28971854363445,0.48181647615489,0.000352964496932271,0.870170725157007,5.81114894031306,12.400304890051,2.48245384239664,0.173586378346034,2.52306894658311,3.64205870944328,6.79801498622441
"958","Joe Lampe","LF/RF/CF",10.156418092083,2.89149677378845,0.626566449464516,1.22379237116948,12.0002697012233,22.0680584487591,7.29958126841886,1.90458948081928,8.08859076031933,14.8982736865054,47.7355309065406
"959","Joe Mack","C",35.7406333680519,11.1260702994939,0.516626011147134,8.34504637801447,42.9911055794418,79.5303234265326,31.7784735591314,2.2539070290959,29.2957930549007,55.7283760567074,188.177439842549
"960","Joe Naranjo",NA,8.79621484724899,2.07621755418578,0.156318061577274,0.522787870280323,13.9810295467423,21.6103028689297,4.95382693229225,0.172966559965129,6.03922122339686,11.5515383332924,28.167544134783
"961","Joe Olsavsky","1B/3B/2B",6.67775705478305,1.11809872402112,0.312115080325744,0.34838106145841,7.84554859077963,14.2992131977109,5.11282474297792,0.517317511923078,4.36124551122741,8.45635192058832,23.8487023992304
"962","Joe Redfield","LF/CF/RF",4.40809172339051,1.27907514597608,0.312367197823553,0.175954029023587,3.76111524913617,10.4685119462426,2.81175251531608,0.690789713198945,2.85758628622933,6.17548809621373,16.8497524858369
"963","Joe Vetrano","1B",8.13929710733952,2.23234420606131,0.467945714740588,1.38918204720313,10.2216804863056,22.8168515965577,6.43154132813193,1.54979948244609,6.36900078945982,12.2287690753445,35.5555790066657
"964","Joel Dragoo","LF/RF",4.72812316744105,1.91422799533066,0.156183598911776,0.00197977638708936,8.18309431447727,16.3868287437259,2.80925592601801,0.34542747861952,2.68839831685427,6.80051453807057,12.0903311142931
"965","Joey Bart","C",44.1364610889592,11.2152116588217,0.332441481108313,7.61975631597701,57.5377634868455,84.71429543752,31.5466590807536,1.11194596397485,32.5273990445751,63.3038705448662,205.122683855351
"966","Joey Loperfido","LF",52.2962001523842,16.0026599384807,2.0081255920846,9.66381698071199,50.5142611542971,105.604676256352,40.2164937616838,7.40762759659366,42.6097291363315,79.9708026636616,273.551944294028
"967","Joey Meneses","1B/RF",17.5031143415671,5.82785084739187,0.184563900740775,2.6959570883738,14.381059944736,22.8130561489001,13.8845272307834,0.25483292704328,10.5650850528776,26.2114861780736,94.8106975100196
"968","Joey Ortiz","SS",79.7937245768568,24.0495291617823,3.10982261593467,9.97381113849258,74.3874135255619,91.0728203378197,52.3417916963895,12.7173962482424,58.9145192535931,116.926887493066,443.872157148734
"969","Joey Wiemer","OF",19.7536268552959,6.31929725705166,0.306971614135788,4.26918979395882,28.4415379081926,49.3163063943292,16.8180758016349,3.54681416186335,17.0346964288349,30.6490855204421,99.7713464265299
"970","Johan Rojas","CF/LF",25.2142739445251,5.63841231494643,1.30059715980332,1.87998663043534,16.3185743774149,33.639724755751,13.3721087743741,8.42727062480612,18.4221812093469,34.0332700497102,122.561212527766
"971","Johanfran Garcia","C",5.21736773508098,0.800148601306885,0.000386580163306773,1.21677165154467,4.43820183561792,13.2584521135467,4.78723675415218,0.173064426025272,4.86389255467167,7.23467456809584,22.7210020418575
"972","John Cristino",NA,3.26512777627463,0.958451006197503,0.156133175412215,0.52245513475308,2.39493853445575,14.4877080663344,3.30299018631345,0.34542747861952,4.02500238464021,4.90216709263742,10.7302960224323
"973","John Garcia","C",6.51529602544221,1.75660655130736,0.000369772330119522,0.695780553111457,8.86498885908542,20.2108158444455,5.44398730790757,0.689615320477231,4.52997761235391,8.96805290219114,21.2016108581686
"974","John Gil","SS/3B",11.3897699622627,3.02830738935443,0.156149983245402,0.867775029360865,12.2625234548055,16.892784480185,6.59395912415742,3.78776260547729,9.88004082948613,15.4420023642234,55.6389176155338
"975","John Michael Faile","1B/C",7.00235758516719,2.2326597732925,0.156065944079466,1.91042269728178,5.11368576939087,22.4728281761252,6.92678038197688,0.000962349591404996,5.19803543111372,11.3015059998209,31.8335277393164
"976","John Peck","SS/3B/2B",13.3416545476875,3.19009764258985,0.467979330406962,1.38833357160867,9.19789016064736,24.8937669753212,9.22927190355474,2.06584473558731,11.0517876762583,18.388065092293,60.908389635188
"977","John Rave","LF/CF/RF",21.7586149051335,6.49714940510556,1.40165239227643,3.75031518522438,30.4526828970346,45.1537571953975,16.4704409948158,4.8820796495089,19.8415296910971,33.4077318877399,116.814888548575
"978","John Rhodes",NA,8.20554885917671,2.41310171077179,0.157376955068071,1.40265783605643,12.0182586601996,22.4508148410286,6.81723555930503,0.866855365068599,6.42601688254769,12.178685361073,35.1311781781889
"979","John Spikerman","RF/CF/LF",5.21532010750185,1.1179326360047,0.312115080325744,0.349113079618342,7.50381634572023,16.3921869954183,3.63268215754697,2.23884391757249,3.85972185739568,6.99448090345063,17.11200568296
"980","John Taylor",NA,5.05722509399089,1.75556019680392,0.156217214578151,0.174939185665499,4.77623816728765,10.2938864547131,3.13894789725154,0.517904708283935,3.6919014927663,7.14394169103845,21.0795048996608
"981","Johnathan Rodríguez","OF",32.9394112712127,8.81376347726368,0.781462712080746,7.18468292646252,39.0463763994379,64.2008385857891,26.5125157105327,1.17244583528481,24.5769620812877,49.7193203870197,169.149783883188
"982","Johnathon Thomas",NA,8.46657139935591,1.59739066232644,0.468231447904771,0.175271921192741,4.77597650970254,17.0743038199285,5.11402173784686,3.44470022331122,6.53563264044116,10.7074654307799,33.2021163957245
"983","Johnfrank Salazar","1B/3B/2B",7.00643591778348,1.91479269458648,0.000285733164183267,0.348580702774755,5.79849125463337,9.24342170742309,4.12692941564338,1.2056931956385,4.19406010594425,9.2700950483089,31.0546524239689
"984","Johnny Ascanio","2B/3B/LF",7.97989905809638,1.27925784279414,0.1562844459109,0.52197266823858,9.54743942606192,12.8963609297858,4.62107407417959,0.517317511923078,5.0317454813188,9.93741401504,30.2437629220874
"985","Johnny Olmstead","SS/2B/3B",9.44040683559229,2.8710679477689,0.468349102737082,1.56210818292882,10.2193909824359,17.5876108163313,7.91294930813861,2.23863187444218,10.048186814293,14.3419320690271,54.1320440896533
"986","Johnny Tincher","C",4.72861392115836,1.43653050198296,0.000252117497808765,0.17510555342912,6.14542394419683,10.9928458325611,2.80882842785054,0.173243847135534,2.5209361344202,6.34050209406825,15.4940202563158
"987","Jon Berti",NA,27.1435519825485,5.52521190150371,0.612603760461819,1.80902982724772,25.0756527256252,35.5616345469959,12.2413442322821,9.06757209024685,18.4571633781303,35.0903974717617,121.653146473119
"988","Jon Jon Gazdar","SS/2B/3B",13.8311360309151,2.07573589893817,0.156318061577274,0.174340261716464,8.18018337384292,9.7558955610323,7.08902717873538,1.54971792739597,7.70716783409796,16.237530253147,58.2140009458802
"989","Jon Singleton",NA,7.66960574548738,2.17178459883334,0.161108294035641,2.34909154405728,18.7774004702719,23.8651825004727,7.24624121256961,0.183585027490632,7.8495658126143,12.3515901824136,38.0102559185193
"990","Jonah Advincula","LF/CF/1B",8.14161549559027,1.43802529413073,0.468164216572022,0.695830463440543,13.6355359738969,13.0710027574485,5.11545813168958,3.44507537654177,6.70579747034884,10.7436354697336,38.8880797479288
"991","Jonah Bride","3B/1B/2B",13.0855235803677,3.91636413867799,0.0546613194598384,1.79625821001137,25.2706900749043,23.3881729785754,9.79812902013806,0.279966070657199,10.3108798132356,18.8528072485169,62.973685078638
"992","Jonah Cox","CF/LF/RF",13.6641059152407,2.232776034904,1.09189014222789,0.868473773968073,12.2604301941246,25.7644766852542,8.24079448728864,5.50721751285368,12.2217598930629,17.8572458663406,60.799010448237
"993","Jonah Heim","C",23.1583268883431,6.15666275908965,0.215790268056273,4.31958433097413,24.4868406294839,33.5459677807298,17.5401522380741,0.69305565981914,16.1059823024488,33.8503642464631,121.891311447126
"994","Jonatan Clase","CF/LF/RF",14.1065270210815,4.83547475972127,0.702786363327542,2.55822105888522,18.7670268671705,33.2435095396279,11.8888151941639,6.26410997051585,13.932291683984,22.2030092030155,79.3664455811144
"995","Jonathan Aranda","1B",80.0186509517311,23.2698133224073,0.566067875388376,19.0449714371423,110.071754634371,135.823174854385,69.7876580422151,1.3904054195715,65.1115815679154,122.899503586669,450.701844319936
"996","Jonathan India","2B",71.9472664943606,23.4524202797194,1.31918789925725,11.6183127844479,105.019601014473,96.8370620419324,50.9208913231196,6.11071309363282,61.3736887144447,108.337187457785,407.525527894197
"997","Jonathan Ornelas","SS/3B/LF",11.7525892622345,1.67065208636891,0.32332590506164,1.25007847782159,14.3732869740203,22.8550275574727,7.79211584160799,1.24291492051284,8.11049299213568,14.9966457314866,45.3479727212006
"998","Jonathon Long","1B/3B/LF",16.1815389391568,3.2679588743028,0.177252230506059,2.74317793962913,22.5168316622217,25.495413803645,12.4291920657552,0.206687862452746,12.7170332635821,22.3699279835948,78.8192804931317
"999","Jonny Butler",NA,7.32778732010817,2.55298495464153,0.468231447904771,0.869438706997075,10.9067149219351,18.2914383618755,5.93883306343844,1.37759953995208,5.70143140096632,11.2184424296515,34.4795169028783
"1000","Jonny DeLuca","OF",39.0944894204785,11.3472818043959,2.21127220293086,7.10642506277698,39.9605756253068,58.778498258311,29.1251949785934,9.30423435591053,31.8377128138638,59.7594684905823,227.856150760392
"1001","Jorbit Vivas","2B/3B",14.7521216806268,3.46741467337058,0.35372393639213,1.23205814881541,21.0010022566314,14.9381347042066,9.97716503645516,1.81885105476631,11.7835231508681,19.8053184392049,75.9283968480987
"1002","Jordan Beck","RF",77.4293572727482,25.1908941266333,3.31451911082125,15.8883763158255,84.399153778771,150.703138866804,60.3310378588193,15.9459114501748,64.248510110056,121.823146826028,434.776822326083
"1003","Jordan Dissin","C",5.70209398401324,1.11771672158335,0.000252117497808765,0.522039215344028,7.84639897793124,17.4333564829127,3.63192976077221,0.173194914105463,4.36070823793446,7.34210203843843,15.4431211478258
"1004","Jordan Groshans","3B/1B/2B",11.30855405695,2.09234470058008,0.157897997896876,0.701570151285466,10.9935198257953,13.1615539438228,5.9818735789401,0.00331113503483414,6.41712745170075,14.2603669067124,46.5347100922205
"1005","Jordan Lawlar","CF",51.5723967864281,18.1540625353211,2.58256871908317,8.35017152754395,63.0752421773267,100.798203713916,38.993675544873,14.281111267644,46.1306814358574,80.6591995683764,288.954577795707
"1006","Jordan Nwogu","LF/RF/CF",8.62877859056711,1.59669309265747,0.312266350824429,1.04284730923726,7.83982483110535,21.4261697478728,6.2678581375307,2.0667255301286,6.53696768316909,11.5805853432863,33.5369053548325
"1007","Jordan Sprinkle","LF/2B/3B",8.95329450824137,1.43653050198296,0.156149983245402,0.17430698816374,10.5635108529594,16.5495942025462,4.45350920021767,3.96205035725435,6.53473718495291,10.7202819816335,32.8332999177441
"1008","Jordan Thompson","SS/2B/LF",7.97714068375424,2.39197531508328,0.000201693998247012,1.56219136681063,8.17701077562347,23.161806176583,7.08943757697616,1.03378685132492,6.70293201278646,11.9315090596464,34.5378302469554
"1009","Jordan Viars",NA,4.56535753234463,1.11806550641783,0.156250830244525,1.21625591147745,5.45810000469765,20.0427084700661,4.78564646096916,0.173260158145558,4.69542094968721,7.05592978048444,15.8587433415283
"1010","Jordan Walker","RF",69.9579594826535,22.9930738564056,1.56554776522934,14.2735250175017,75.3665238221364,134.392071829832,55.2115406201448,8.75626449107729,54.3514294689829,108.79010612179,379.242225555113
"1011","Jordan Westburg","INF",60.3064624516874,20.0807932207731,2.29992472707663,17.5061192803327,54.9845816464565,95.7277599509673,55.9070685548658,4.31850697800565,56.8284439410602,100.19329967987,399.105159078499
"1012","Jordyn Adams","CF/LF/RF",10.4473288848291,2.52188936152631,0.648988098936309,1.99136061428338,11.111487250576,26.9301002344091,8.61726647349619,3.05196620595003,9.58279926891288,15.6095669595751,50.9445799949244
"1013","Jorel Ortega","2B/1B/3B",8.20556578171869,2.41409823887031,0.313711824478533,1.22489039840938,11.3257669833945,21.0344852632066,6.14892545510105,1.21394656671055,6.75190528748901,12.1582662434769,36.2712838595802
"1014","Jorge Alfaro","C",9.61732187266014,2.59808708974395,0.180562615071195,1.87702390302186,4.12539447212231,26.0326499275049,7.37464453153321,1.22577048625014,6.88885264728178,14.2729954804971,40.8658882080036
"1015","Jorge Barrosa","OF",25.0527416727716,8.20660879715623,0.807509212364058,2.67098704454922,30.0938947170038,42.6904551364063,16.5556917877633,3.41483644923618,19.6375094816768,36.7378467268411,124.965711118325
"1016","Jorge Burgos","RF/LF",7.00240835279312,2.39333723681792,0.312215927324867,2.60325854097715,9.88413476260796,20.7255440844375,9.39577658206132,0.172950248955105,6.87231535426804,12.3112200579131,43.4767029889852
"1017","Jorge Mateo","INF/OF",23.6893620806939,8.20033899588096,1.20737882997573,3.72195977055069,19.7935231961419,48.0408963969234,15.9610159675728,14.109911885398,22.2760974649381,36.8190396771013,136.544223919774
"1018","Jorge Polanco","1B",68.2591630336028,20.7163611005042,0.306601536252926,20.4900049728191,96.3540004725186,101.89726704813,66.5247266133629,5.33476112257533,60.1696107629945,109.772130643179,442.247802471807
"1019","Jorge Soler","DH",52.8652017146832,18.6252148499091,0.195226215724759,20.5637546595025,98.1038471354446,126.305724640124,59.4062844055864,0.72231242225069,54.3247344666904,92.2493974398195,345.602730233728
"1020","Jose Altuve","2B",94.5730409489665,25.3920011159047,0.722722800352775,19.6028877642175,104.434488223886,103.393839624815,68.4325674364542,12.1310501244636,76.1234750218183,140.290652629441,559.811320855508
"1021","Jose Colmenares",NA,6.5150168034996,2.70956834856221,0.467928906907401,1.56164235319068,9.54130682641091,21.593517492058,7.25239402069267,1.20551377452824,6.53472090394404,11.2541564121599,35.4919336655356
"1022","Jose Cordoba","RF/LF/CF",6.19364001736194,2.23360647498609,0.312081464659369,0.348747070538376,4.7769577256467,10.2893776819475,4.12727141417736,1.20613359290914,4.69589309894465,9.08807502754578,30.9081561226409
"1023","Jose Cordova","1B/C",7.81921489566305,2.23546666076999,0.156502947742334,0.522405224423994,9.20600154578577,12.3769932279626,4.78721965422548,0.51762742111353,5.36746761562193,10.7335897285994,34.6117788783231
"1024","Jose Devers","SS/2B",10.4134976799817,3.506984801999,0.312031041159808,1.56187526805975,8.51494898569878,28.5478660631417,8.07615370079226,1.37742011884182,9.54475828242269,15.7943887912003,46.6503051010137
"1025","Jose Fernandez","SS/3B/1B",13.0168171017157,2.71254962845693,0.468399526236644,1.3890655897686,7.15462685948519,21.4120553287808,8.07938558693839,1.20548115250819,7.87541150495814,17.5868318461779,56.3252639043936
"1026","Jose Herrera","C",7.20134420213804,1.47164808499876,0.0224698296379687,0.494409770409436,11.667333082105,12.6021892274876,3.91982553905399,0.0704902734290563,5.53576252022452,9.1898718871842,27.4933218222756
"1027","Jose Iglesias",NA,32.6505080998448,7.83807712692752,0.271838577114258,2.11745967715783,19.1458636280267,32.0410161469345,16.7893862031877,2.04330236299206,18.5929906109097,42.8778834810444,148.752446785918
"1028","Jose Miranda","3B/1B",14.2289626608015,4.16897233447159,0.220423604214034,2.05824667359962,12.1332217155254,19.4621154504999,10.2229454478355,0.448625664478045,8.89824565190948,20.6766052730868,72.9220766966819
"1029","Jose Perez","3B/SS/2B",4.7272347339873,0.480462858821074,0.156124771495621,0.174806091454603,6.48328038627679,9.088742634541,2.47851230929249,0.517301200913054,3.02136896065716,5.53862845575859,14.8614558797736
"1030","Jose Perez","LF/3B/2B",4.7272347339873,0.480462858821074,0.156124771495621,0.174806091454603,6.48328038627679,9.088742634541,2.47851230929249,0.517301200913054,3.02136896065716,5.53862845575859,14.8614558797736
"1031","Jose Ramos","2B/SS/RF",7.87899095477065,1.85120947554686,0.31426088036265,1.57858968271154,9.96760353225804,22.3949682105121,6.1587294130752,1.2116086552738,7.3421284537468,11.6230509933917,34.4021515761655
"1032","Jose Ramos","CF/LF/RF",7.87899095477065,1.85120947554686,0.31426088036265,1.57858968271154,9.96760353225804,22.3949682105121,6.1587294130752,1.2116086552738,7.3421284537468,11.6230509933917,34.4021515761655
"1033","Jose Ramos","RF/CF/LF",7.87899095477065,1.85120947554686,0.31426088036265,1.57858968271154,9.96760353225804,22.3949682105121,6.1587294130752,1.2116086552738,7.3421284537468,11.6230509933917,34.4021515761655
"1034","Jose Rojas","LF/RF/3B",7.3254858543994,3.18964920494552,0.312215927324867,3.12431618651581,13.628013318325,18.4627149460974,9.89144313407375,0.861407487720646,8.04463203635095,13.9516671731856,55.3767988507475
"1035","Jose Salas","2B/SS/CF",7.00425290986854,2.23478569990267,0.156301253744087,0.869022787588022,5.4578056399144,18.8143346684717,5.28003051847916,1.89486811884509,5.70035685438043,10.2643626511033,30.0084653466978
"1036","Jose Sanabria",NA,6.35618565941267,0.960909108840506,0.156385292910023,0.174639723690982,6.82058080598839,16.0342451894923,2.80983732352578,0.689647942497278,3.85959160932466,7.64811978485418,16.0667899061515
"1037","Jose Siri","CF",9.84165091408223,3.39463471023462,0.234192090465128,3.51321091116223,12.5949415599412,34.8841003386711,11.0796721744918,3.13417742417717,12.1063177831044,16.9836886259442,56.7897845455864
"1038","Jose Torres","SS/3B/2B",9.11590784046,2.23437047986162,0.156553371241896,1.38973106082308,7.49743844208317,22.2956215755487,6.26864473415886,1.20538328644805,7.20588839539939,12.8965627523866,37.790653502432
"1039","Jose Trevino","C",38.6815661686078,10.014112612028,0.321553051152193,5.61294981967546,29.0781364761183,39.2020511613584,25.1575059166995,0.615043849695244,23.9808512577542,54.6301816514634,201.937962990539
"1040","Joseph Sullivan","CF/LF/RF",8.78694129424598,1.75567645841541,0.156385292910023,2.08348192721836,19.076759064355,28.2075182726811,9.23045179849698,2.92725222330796,8.21158950750984,12.7824849727898,38.8281230008935
"1041","Josh Adamczewski","2B/LF",6.51827439283004,2.23342377816803,0.468096985239273,0.868423863638987,9.2037447491142,13.2490261646854,5.60799539711608,0.517366444953149,7.03746563344156,10.0882190198763,35.9533477100179
"1042","Josh Bell","1B",76.5903461327397,20.4725045723908,0.960697134950572,18.9417575990432,112.577228537154,101.515823348036,63.9676352457718,1.13604587209325,61.379145827828,116.965305439124,455.08209155445
"1043","Josh Breaux","C/1B",4.24146774872349,1.11926134013605,0.156402100743211,1.21771994779731,4.439869902723,12.2133782902155,4.13046910047009,0.000946038581381182,3.52696286670819,6.73485113740007,20.7347785127588
"1044","Josh Caron","C",6.02649144389366,1.11774993918664,0.312047848992995,0.869288976009816,5.79600550757482,20.7334344367772,4.45576639054195,1.03339538708435,4.52743777496907,8.32557820808311,18.6096123052696
"1045","Josh Crouch","C",6.0286067616407,1.91542382904888,0.000302540997370518,1.21637236891198,5.80156573125841,16.0403875755787,5.44472260475563,0.00110914868161932,4.52947290107871,9.16070550059893,26.9821795985137
"1046","Josh Hatcher",NA,10.1420000863192,2.24579733539126,0.157410570734446,1.22327663110225,5.14403804926363,23.9520682029329,5.97183592196772,1.21179351338741,6.23232599481248,13.7684846235471,36.9997894680431
"1047","Josh Hood","SS/3B/LF",8.78915814724487,2.3928555815703,0.156149983245402,1.90910839194918,9.87949034047226,26.6394827982209,7.2546597609803,1.8940525683439,8.37545358698205,13.2472721040098,39.0589801540232
"1048","Josh Jung","3B",75.5351049624015,21.9163142994883,1.07638520182244,16.1855692987647,57.4969390808105,126.824259541444,59.5456639402817,3.91473949770853,54.4425323319655,114.713373762477,407.84459011537
"1049","Josh Kasevich","SS/3B",13.8626874381512,2.50618941151673,0.0194443890278844,0.453334389053216,10.9748400275448,11.7792577216579,6.69923366528131,0.808970645215596,7.69870100243913,16.841655627749,57.8576958312574
"1050","Josh Kross","1B/C",7.48884377846499,2.39165974785208,0.312115080325744,1.73604916201259,8.17858072113413,22.4645130843221,7.25419806295942,0.000946038581381183,7.03673298804209,11.9286677686554,35.8374047057683
"1051","Josh Lowe","LF",62.8979134279392,21.5375101795456,2.13997397388856,13.5448439728043,77.1407076881879,123.931411337762,49.3466665343364,20.6445798373014,55.4136883620882,100.120241554178,368.286238104232
"1052","Josh Moylan","1B/3B",8.62503870879035,2.39151026863731,0.311997425493433,1.21554053009388,14.648205852188,27.338360495403,6.92380499473124,0.688913947046207,6.70288316975983,12.544086933015,31.271629125085
"1053","Josh Naylor","1B",91.7746578248822,27.3188363042375,0.26615821446289,21.3777013259285,109.389187823129,89.4238389015614,81.4667955974833,16.0583145283298,71.5332991985094,140.737353669511,593.830888142243
"1054","Josh Rivera","SS/3B/2B",8.68491066230249,1.93123540821198,0.157511417733569,1.04747233306592,12.3462211748426,26.4637052137019,5.64457214032547,0.348281905373688,6.57558623622575,11.821129821314,26.9567997750417
"1055","Josh Rojas","3B/2B/SS",13.9800936272725,4.54349235022139,0.286649512552431,1.51930204093005,20.0979851354963,22.7453326635408,8.63951724584826,2.33036037594727,10.7171488873747,20.3295375309764,69.605003936675
"1056","Josh Smith","2B",73.0608508682797,21.2027474303248,1.76096350290956,9.69694225888736,96.603840261376,94.7537506770682,45.5657536903909,9.2974977183297,58.2258619404601,105.721504060401,389.315376066123
"1057","Josh Zamora",NA,8.14185241117794,1.91570617867679,0.000302540997370518,1.38921532075586,8.18077210340942,13.9380041651432,6.43239632446688,0.172966559965129,6.03497188007991,11.447076451608,39.1275171771317
"1058","Joshua Báez","RF/CF/LF",17.5846361405646,6.27693668590006,0.450746213297234,3.97943882457777,21.7715718808646,39.9203505258494,16.0635829925054,6.79560387959548,16.2081869011142,28.2917578643397,103.139042426612
"1059","Joshua Kuroda-Grauer","SS/2B/3B",16.1060304277783,3.66814392077203,0.156183598911776,0.347732227180288,9.53873931135702,10.6218351200684,8.07716259646751,2.06589366861738,8.37726077896742,20.2780901746424,73.7564602480476
"1060","Joshua Palacios",NA,7.86151199786698,1.85886694301661,0.162604191189306,1.45975525253114,8.92800819099302,12.7892923303448,6.0515359880749,0.89461670412913,5.97054019669716,11.342738384604,40.7189567953571
"1061","Josue Briceño","C/1B",9.87520695932607,2.10694383722332,0.472954449030389,2.62470334570789,17.2131236953708,18.6543704608984,10.6351810149475,0.00569254249831091,9.47026066067728,15.0798085912877,57.6231523034954
"1062","Josue De Paula","LF/RF",10.2512735662285,2.39165974785208,0.156133175412215,2.25580913899501,19.4166597063186,20.3759827148474,8.40697426718793,2.58226514195908,9.71603022093402,15.0548756284878,54.9652673163587
"1063","José Azocar","CF/LF/RF",10.8615142114603,2.45510634525114,0.371639127472211,0.808788117311325,6.75518261939286,15.5820586275244,5.91271004729987,2.9780686624695,8.0396026427174,14.497047801495,50.4642150815768
"1064","José Barrero","SS/CF/3B",7.27959766191004,2.36011502006712,0.324213632354754,2.35632032286898,7.94209259164368,23.9530852230382,8.10778069526327,1.81320533133425,7.0991139455109,12.3202466372009,40.1052579140565
"1065","José Caballero","SS",44.5522635699455,13.1797349073086,0.917379274266699,6.55666484046782,67.5515635021651,87.5017454996199,28.4605784295387,34.2003766501886,43.1635395054757,65.2060425919887,248.625364838795
"1066","José Devers",NA,7.24168080016438,1.93849345452949,0.31477071796933,0.527762266412589,5.51785605569715,8.98091559170063,4.66553388359727,0.349994561426188,5.57730926416329,10.0227072390758,35.8313655244194
"1067","José Fermín","INF/OF",26.7376888637668,8.48366769001079,0.216142531671084,3.17818985137951,37.9132665109951,23.3227798705146,17.704144186478,5.95859876420337,21.2638989475628,38.6156889368282,155.901451145705
"1068","José Ramírez","3B",93.5331577797212,32.2881154933971,3.07084594909397,26.5421227054344,150.949432400731,74.699491250759,87.3818425150699,32.681262710793,90.0650846849787,155.434241927647,719.787599950911
"1069","José Rodríguez","2B/SS/CF",9.63512222993995,1.92414344991088,0.312921856318732,1.22034855846252,4.79242823036633,11.3565869657761,6.12423316094753,1.89922315852144,7.05788201857354,13.0925360946321,49.2133924940986
"1070","José Rodríguez","SS",9.63512222993995,1.92414344991088,0.312921856318732,1.22034855846252,4.79242823036633,11.3565869657761,6.12423316094753,1.89922315852144,7.05788201857354,13.0925360946321,49.2133924940986
"1071","José Tena","INF",41.4847917024583,11.9635609292377,1.18418952035461,4.52447795094944,35.7110240449284,67.1392227399576,25.3041343375387,7.48298225313856,27.3594286627069,59.1570201030001,198.383756645222
"1072","Juan Baez","3B/2B",10.7411104228376,1.43687928681744,0.312131888158931,0.00129766855624345,9.54109422962301,10.9764443548199,4.4547745947934,0.689256478256707,5.86570250566047,12.4914192663702,39.5725830918055
"1073","Juan Benjamin","3B/2B",10.2548949902115,2.39283897276866,0.156133175412215,0.347782137509375,9.20116088046123,17.0691089295682,5.1131838414386,1.7219994249401,6.53507908613933,13.1516492759017,39.5045529867761
"1074","Juan Brito","2B/1B/RF",23.4984847598305,8.22946460851723,0.328767610648363,4.09531473270749,36.3597689892379,37.3096978713916,18.7187726210055,2.56531425634234,20.4001843584057,36.1520317117036,134.003612527409
"1075","Juan Chacon",NA,5.54355898441089,1.59815466720196,0.312451236989489,0.00229587513796917,5.46137072451153,14.1256658909731,2.81163281582919,0.690267760878183,3.6937575277783,7.45646076374031,17.6693192713284
"1076","Juan Corniel",NA,7.49359901276032,1.59767301195435,0.156267638077713,0.174423445598274,5.79610362916924,14.8102984799974,3.63239145879309,0.690055717747874,5.02972663621803,9.42196310839066,25.2412432828382
"1077","Juan Flores","C",7.97727606409005,2.07349371071651,0.000252117497808765,1.21593981272657,4.7741776138049,20.5559991303357,6.59536131814674,0.172836071884939,6.2000733162268,11.2669617050309,31.9349740749074
"1078","Juan Guerrero",NA,14.1612533099835,3.03226028414521,0.312131888158931,0.522554955411253,8.18211309853311,13.7646202197375,6.60052549600987,1.5507618320375,8.38009367451205,18.0282004376989,62.0755510226155
"1079","Juan Matheus","3B/SS/2B",12.2019058835471,3.6660346029635,0.312047848992995,0.520974461656854,14.3035953736924,20.719074975687,6.26467755116467,2.75430197435285,7.70566998128126,16.7009627971605,51.9615166085133
"1080","Juan Montero",NA,2.29301843931983,0.800181818910169,0.000453811496055777,0.0018466821761926,3.42255560229623,7.1748050843294,1.65738601790457,0.00140274686204796,1.51775857868571,3.09550075190225,6.09487400326053
"1081","Juan Soto","LF",83.8100172441256,24.8096076187295,1.08040296279853,37.424543667496,259.950557000993,118.549941365963,98.9677810601633,20.0453962544982,108.035035376025,147.12457149315,689.116030350987
"1082","Juan Yepez","1B/LF",12.4800118953974,3.59357643985974,0.180617543242446,2.35533929872902,12.5513634603886,15.5864890759506,9.45207902069098,0.251266471427674,8.62620638060838,18.6095451772286,69.5925277509939
"1083","Jud Fabian","CF/RF/LF",8.19871982202346,2.66632341704593,0.165327060165641,2.88437363338554,18.4477698885238,31.7137231817798,8.94169166730639,1.4278863838555,9.25087060967813,13.9147439326206,41.3010557144557
"1084","Julian Brock","C",7.6541816399418,2.55280225782347,0.156250830244525,0.522238856660373,6.4786850249383,19.6867433362583,4.78597135957645,1.03419462657551,6.03438576376033,10.8854735846702,29.2562496559581
"1085","Julio Carreras",NA,9.32967801707298,2.88613213085811,0.471038356047042,0.525233476405551,8.22463245611348,17.7026008579853,5.47380958007081,2.07843683532569,6.90326555214355,13.2120819803837,41.7930663228746
"1086","Julio E. Rodriguez",NA,4.56755746280155,1.11947725455739,0.000352964496932271,0.870020994169748,5.12369417202133,9.94914424441945,3.47096545851614,0.173129670065367,2.85804215447789,6.55740867602562,19.9554652327773
"1087","Julio Rodríguez","CF",103.019797142249,28.275348161979,3.40510091213102,29.1937156759281,102.624186189925,144.957213032836,92.5824400104961,26.2479773249753,93.2337435404727,163.893961892287,681.455530533995
"1088","Jung Hoo Lee","RF",92.136049480346,29.5341070772551,5.15902843654627,8.97626811739418,88.7470503472972,63.1070832142247,56.8834700034842,8.3287154727594,66.1548707273284,135.805453111542,542.457300626502
"1089","Junior Caminero","3B",91.7830281541338,26.5594039393194,1.1534991785183,35.6536589780066,86.8567297083093,120.186681607913,103.200418871295,5.34709551999489,82.3100935151064,155.149590249978,671.947076278793
"1090","Junior Franco","LF/RF",8.46927900607212,1.75617472246467,0.312266350824429,0.869105971469833,6.81920710366657,11.3289952367871,5.28095391452091,1.55058241092723,5.03221763057623,11.4068260508311,39.7432622102534
"1091","Junior Perez","CF/RF/LF",13.5865857284167,5.75763135560208,0.550568924379694,3.66036586020266,24.6339400660661,45.9003772769776,14.4507828687665,4.29252413787278,14.6875722254799,23.5551518686011,76.0358243459143
"1092","Jurickson Profar","OF",12.8989945722451,4.05406603572349,0.175344528745242,2.69718629809947,21.8118152649249,15.2730170795361,10.2268816271807,1.3400143631846,11.8934429799171,19.8255914348133,80.1604101826985
"1093","Justice Bigbie","LF/RF/1B",14.0490091324915,2.97141832728933,0.161074678369266,1.60478151429759,12.2954521644255,16.3227654105544,9.29676262199876,0.361510134503,9.28022099380712,18.7862836524477,67.0824915240183
"1094","Justin Boyd",NA,1.80546612587753,0.642145154845821,0.000453811496055777,0.0029280726397288,3.08520612178742,8.22544952908466,1.16575504859312,0.173504823295915,1.68653952283884,2.45099316485914,2.80516635597776
"1095","Justin Connell",NA,4.56968970309056,1.59783909997077,0.15646933207596,0.696878580351355,6.83006589344863,10.4667803161225,4.1303836008366,0.690349315928303,4.19788614303038,7.02087671548864,23.6158823953154
"1096","Justin Crawford","CF",81.0805893852987,18.8017303447684,2.50343016616592,5.90995182922406,60.1387293308512,92.0427783546032,40.2993075733304,23.3180138270598,55.6424531719034,108.295701725457,393.642547558834
"1097","Justin Dean","CF/RF/LF",11.3780140628878,2.08202418648268,0.683659199687729,1.04467020287131,15.6143842806918,27.7741608946154,7.07202259844608,4.6604286971314,10.3336010870656,15.1883676519296,46.4403476382884
"1098","Justin Foscue","2B/1B",12.8202157515528,5.29670942080672,0.198272843851109,2.73061871597052,18.5647182284405,19.340278792669,11.9795020992539,1.0915808956211,12.1274707218056,21.0458167321811,82.8808363769755
"1099","Justin Gonzales","RF/CF/LF",9.93056522049894,3.02953644067593,0.312165503825306,1.04218183818278,8.1788096715211,12.8957074844574,7.09034387309121,0.861815262971241,6.70395771634572,14.314449003183,51.4841693403745
"1100","Justin Janas",NA,10.5794616755116,2.07372623393949,0.156301253744087,0.694998624622438,6.1373779734547,14.4604593961427,6.59505351946616,0.861244377620407,5.86669564720198,13.5044877878177,43.8473221268938
"1101","Justin Johnson","2B/3B",7.330054940733,2.07630059819399,0.000352964496932271,0.695164992386059,8.52309307803533,15.6804690975344,4.95061214607282,0.861668463881027,5.19912625870849,10.10187349581,29.7990597629039
"1102","Justin Riemer","2B/3B/LF",6.51664982880031,0.959082140659895,0.000268925330996016,0.174290351387378,14.3189350496194,12.206990862131,3.46628007860059,0.689762119567445,5.03107795995483,7.65029124617858,21.4134940800116
"1103","Justin Turner",NA,30.5426345608621,8.79954838313829,0.134994988087323,4.27698920848179,35.6074421241806,40.3269884252057,21.2861892520856,1.07064906222798,21.1795558372663,43.7541671405695,156.372413132841
"1104","Justin Wishkoski",NA,8.76832649807205,1.90959413967256,0.155847442248031,0.693035485011711,7.47925323991803,13.5558032014027,6.08791291663863,1.54701029973202,6.52150072473577,11.5268035650044,39.4814269139206
"1105","Justyn-Henry Malloy","RF/1B/LF",26.415832464935,7.87533075436236,0.135371551395009,5.30876442068521,48.8243024908081,52.297023157011,22.1362251969762,1.33094153858689,22.9632439278536,39.7352991913776,137.411652199747
"1106","Kaden Hollow","LF/1B",6.84097959851283,1.91426121293394,0.156149983245402,0.521906121133131,11.586679741853,15.1642052610209,4.12615991894192,0.00110914868161932,5.19746559580301,9.43329691582531,26.2526996927057
"1107","Kaelen Culpepper","SS/2B/3B",13.6994232603452,2.40247207772097,0.468987800398198,2.26128263841814,11.6126819643733,18.3254828634818,10.0773562293838,2.06979200001307,10.407793188619,18.8321657768825,70.8502514789534
"1108","Kahlil Watson","CF/LF/RF",9.59645078823269,2.80873034246379,0.511640143131826,2.74703283435139,13.9172274209511,28.3465316796268,10.0219529079807,2.17658149940517,9.53405816048265,15.6638541081797,52.4507323445624
"1109","Kai Murphy","LF/CF/RF",9.27845348251073,2.23403830382878,0.156250830244525,0.521872847580407,12.2662847825915,18.6361478999027,5.44350850995999,0.861717396911098,7.03808431177889,12.1906154641644,35.3911672182997
"1110","Kai Roberts","CF/LF/RF",7.97690376816657,0.799367987629715,0.156183598911776,0.695347996926042,10.9044581252635,22.3002120289803,4.45489429428029,2.75470974960345,6.20059430851087,9.62780335163411,23.191175554548
"1111","Kala'i Rosario","RF/LF",10.4237865855033,4.46772782282309,0.468584412401704,2.77977822039705,17.0461534488725,30.8405413168536,10.5592231405501,2.06820983204076,10.7305556398559,18.1398770411251,60.6813097277862
"1112","Kalae Harrison",NA,3.59351895606146,0.800032339695391,0.00033615666374502,0.175238647640017,3.41666830663125,9.25420355534064,1.82226620337473,0.862206727211812,3.02244350724306,4.56912610006061,11.4865117786137
"1113","Kameron Misner","CF/RF/LF",12.7100680176889,4.74078167880399,0.627871230220004,2.87268358014552,24.6815548530839,37.5190932612991,11.4252773317389,3.90368626393715,13.4711042855395,20.9514045068584,68.7497630201721
"1114","Kamren James","LF/1B/3B",6.02870829689256,0.960178321568262,0.156334869410462,0.696495934495027,4.77836413516666,15.6945018359605,4.1284171092662,0.345492722659616,4.19464622226383,7.84171742236631,19.8615423492024
"1115","Karson Simas","2B/RF/LF",7.16830465815516,1.1196765601771,0.156318061577274,0.348231330471151,6.47865231774016,18.469037029649,3.96206633009991,1.55079445405754,5.36494405924597,8.79253061038068,21.2633663196415
"1116","Kasen Wells","CF/LF/RF",10.4154776173929,1.75522802077108,0.156183598911776,0.348663886656566,10.2209282207484,16.3770107276677,5.11393623821336,2.7539920651624,8.20771462739707,12.6755531237324,40.8388784528666
"1117","Kay-Lan Nicasia","RF/CF/LF",3.42530426244867,1.43608206433863,0.312098272492557,1.2160562701611,9.54636008852335,25.7865958096184,4.45542439200796,1.03412938253542,4.69530698262507,6.38954086944096,9.27533497568003
"1118","Kazuma Okamoto","3B",64.3266145659778,22.7834713948505,0.533241716849017,23.7732410945611,108.125962834584,107.435585265753,73.7682880023951,1.83175916078806,63.1513595651784,111.416568772238,460.735205891556
"1119","Ke'Bryan Hayes","3B",80.9255295133256,18.8181480814189,1.98879859159714,8.73070098794182,67.7836948478623,98.1853570478738,46.5239326771685,10.3471547832933,51.3317529130359,110.463177174283,390.394863076913
"1120","Keaton Anthony","1B/LF",10.4192344217117,3.1910277354818,0.156234022411338,1.21617272759564,7.84051168226626,15.5048634380124,7.42186553648154,0.00070137343102398,6.03707213022507,14.9826689072004,50.054796286818
"1121","Kehden Hettiger","C/1B",6.83779816062129,2.86875932434067,0.31201423332662,1.56214145648154,12.2672659985356,23.8614189997594,6.75914710830816,0.172950248955105,6.03353915129872,11.5807131747701,32.0255691935515
"1122","Keibert Ruiz","C",54.6825786105817,14.893068621967,0.140146280663934,7.62888457807792,34.5335058506716,39.3255888508451,37.2859862016057,1.71392199942723,30.9059649463486,77.3446780912905,300.674333487936
"1123","Keiner Delgado","2B/3B/SS",10.9008976905462,2.71014135221886,0.311997425493433,1.38868294391227,14.6478133658103,22.2861466182879,7.7471115267733,2.06564900346703,9.21180391962867,15.3117194121708,50.173761103036
"1124","Keith Jones II","RF/LF",10.2514935592742,3.18890180887163,0.468130600905648,1.73649835497437,17.3700275637482,28.2035485923115,8.2434620758537,1.89395470228375,6.87304799966751,15.6450243240259,45.0766472331771
"1125","Kellen Strahm","RF/LF/CF",11.0897578853701,1.9208216895825,0.156822296572892,1.04436125588621,15.0277476182958,20.0744822491565,5.95223940597054,2.58852856980822,8.39388368903102,14.2117631274117,44.8630088482753
"1126","Kemp Alderman","RF/LF",14.9192634201854,3.37269001103068,0.657429268659057,2.83005716135579,10.4298984624623,26.6020435693389,11.7937949978616,2.21592394782311,10.7414834745481,21.779439861231,76.6651984670031
"1127","Kendall George","CF/LF",15.1274736023306,1.11798246240962,0.779892716734459,0.521473564947717,17.7119560519964,17.9365514128595,6.26616524478749,7.40298273725007,12.7258559462973,17.5468223464224,65.3411081454641
"1128","Kendall Simmons",NA,4.24321077054705,1.43885573421283,0.156519755575521,1.04306358732997,4.4388559795807,13.0826667565593,4.62304056574998,0.345394856599473,3.69419711501799,6.88164984766537,21.106001331158
"1129","Kenedy Corona","CF/RF/LF",9.82614851013679,2.24996614460338,0.314165635974589,1.39856518907136,12.6819352954444,21.3826253892076,7.46304215997299,2.42311400748412,8.25654137301972,13.7888454797861,45.2006015743942
"1130","Kenni Gomez","CF/RF/LF",9.440609906096,2.39249018793418,0.312215927324867,0.869122608246195,6.47443308918026,24.9003504370042,5.60891879315783,2.23856663040208,6.20129439189259,13.0144386296012,33.8160351345745
"1131","Kenny Castillo","C",7.49295595616523,2.39297184318179,0.156267638077713,0.521706479816786,4.09329699233906,14.1168280429073,4.6208346752058,0.000897105551309742,3.8593473941915,10.5639019172415,30.3265834425534
"1132","Kenny Piper","C",5.24192234348858,1.44676152379438,0.156906335738828,1.57172423966611,8.23222052608167,16.3088804885237,5.80218485694851,0.865419996186504,5.89455245339083,8.4173144426879,27.9809670603362
"1133","Kerry Carpenter","RF",63.0876977909426,19.3550169418336,3.14118337029893,22.9830734668878,63.11981211163,110.549278693194,69.1925861855751,2.46784851141372,60.0801948145944,108.566971569963,441.478869611372
"1134","Kervin Pichardo","3B/SS/2B",8.54272283824924,1.77666998369079,0.314300098640087,1.39996267828577,8.25253169612584,22.6182360978133,6.64744769487223,0.695438351055732,6.08472664320856,12.0336555988659,33.5155016037492
"1135","Keshawn Ogans","3B/2B",9.20287278367619,2.09737716747758,0.15793161356325,0.355185502990507,8.26636684093853,12.8373299168389,4.99965473584586,0.873200347967863,4.91831996734807,11.8133670677075,36.872743241021
"1136","Keston Hiura","1B",9.58286079394875,2.59292912259033,0.315106874633075,2.82366603644025,11.7418426898232,22.6428787591599,10.0382289048589,0.177223733581345,8.50760653603809,15.3145628276124,53.7180098793328
"1137","Ketel Marte","2B",85.8244913937709,29.5983188518125,2.29184347907752,26.7682095955899,140.64604870927,99.7718839630896,86.0470289009205,5.29335145995952,86.2017201759314,144.482863320251,625.705441131212
"1138","Kevin Alcántara","CF/LF/RF",16.1299919367278,4.73205499131048,0.215434998121498,2.82214350963525,17.9049100769594,36.7655675631885,12.5444592109848,1.93427444855785,12.9230563035692,23.8996254357951,75.9644542237677
"1139","Kevin Graham",NA,4.92727226778651,1.44892066800783,0.157158453236637,0.52729643667445,5.84094519781746,15.4363574678046,3.16493978583418,0.34803724022333,3.71773945385438,7.06064782570542,16.321429373728
"1140","Kevin Kilpatrick Jr.","CF/RF/LF",10.7456795091712,2.23495178791909,0.46848356540258,0.521939394685856,10.5677627887175,22.9972764153762,5.93992745874719,2.92865497017,8.54654643439574,13.9710542571788,41.0687523222548
"1141","Kevin Made","2B/SS",9.44155756844667,2.23447013267147,0.156250830244525,0.521556748829527,8.52139230373211,14.9792553333036,5.27849152507624,0.861537975800836,5.69941255586556,12.3538352801922,38.0333346036647
"1142","Kevin Maitan",NA,5.86719492990238,1.59749031513629,0.156368485076836,0.522754596727598,4.78013032386616,17.9563508063081,4.12822901007251,0.00125594777183364,3.69330165952974,8.14380832684311,17.7763518670681
"1143","Kevin McGonigle","SS",63.1385968537262,21.9210075129823,2.39113083355883,13.4211294457385,88.2772298725826,66.3718042456442,51.4034016836324,9.02194339476469,57.178917013408,100.871864646006,420.814709301494
"1144","Kevin Newman","SS/2B/3B",11.2878573850136,3.10126783893334,0.204429572338818,0.678847626334413,7.42077887783428,11.8006490766669,6.23622054245137,1.10343703414532,7.59071173684765,15.2724024226202,54.4935973672523
"1145","Kevin Parada","C",9.18366569853309,2.89247669308532,0.157511417733569,2.09590959916085,10.3075041742217,24.5524957977362,8.46258322881343,0.349113766884902,6.92586359246507,14.3295634085128,43.6689833420008
"1146","Kevin Pillar",NA,5.32099675577542,1.8361959287754,0.161780607363131,0.922792848790315,4.29493686886444,8.81078174560687,4.01623620564532,1.42416747357007,5.22521270980628,8.24176614070426,31.5082687554002
"1147","Kevin Rivas",NA,2.28993853668015,0.48103586247772,0.156166791078589,0.175787661259966,4.44098194745971,13.7997102338691,1.49247163258101,0.173455890265844,1.68390199940074,3.10292885149642,0.179638271282524
"1148","Keyber Rodriguez","3B/2B/SS",11.7938387497675,2.73248019042723,0.313980749809529,0.526647602396329,9.2601319587054,20.4772667407396,5.9798215877362,1.38585291102413,7.91813287225185,15.3669472924006,45.8477670047097
"1149","Kobe Kato",NA,4.40526565888047,1.4388059078079,0.000437003662868526,0.521556748829528,8.53022324722957,12.7343632692263,3.13925569593212,1.72395674614296,3.69393661887595,6.36606531918077,17.9253319108893
"1150","Kodey Shojinaga","C/1B",7.81513656304676,1.59574639096389,0.156166791078589,0.174889275336413,10.2271425883948,11.5067409297595,3.96090353508437,0.00112545969164313,4.6955023547316,9.74193902042564,28.8093552801554
"1151","Kody Clemens","INF/OF",33.9491854534963,11.3746113420817,1.8617705134492,11.5346306196447,41.5305131213746,69.2953757532434,35.5315904201986,3.20824360599728,33.9270149976985,58.7201979286718,229.234111284581
"1152","Kody Hoese",NA,9.61474286303209,3.24236554135695,0.3150732589667,1.93264943050154,11.0890575515586,17.1863284578069,8.03264879503237,0.177256355601392,7.82631225706113,15.1048310938573,53.8348425822548
"1153","Kody Huff","C",8.85732214632539,2.25435086823684,0.157309723735322,0.875877139449206,9.95648308489087,19.2993389184927,5.48601892773398,0.349423676075355,5.40896790724985,12.1448598777468,33.5762529598619
"1154","Kole Myers","LF/CF/RF",11.8768653670716,1.59687578947554,0.62409569798599,0.696213109296871,17.7145726278475,19.509079323952,7.25578835614244,3.27114646698524,10.0512802059797,14.79404996383,50.3849921099835
"1155","Konner Piotto",NA,4.40626408885707,0.641879414019551,0.000638697661115538,0.175454925732724,5.12565660390965,9.43301109697155,2.31700935934541,0.345688454779901,2.68994501269761,5.22423712627046,12.7618646952027
"1156","Konnor Griffin","SS/CF",71.8814511012076,18.5703438854707,1.6400061736558,11.4972144022685,55.360483264191,112.676321358237,49.5047477748164,20.9211042505372,58.8094998768946,103.589015562603,383.668076671407
"1157","Korey Holland",NA,6.67828165358432,2.39353654243762,0.312115080325744,1.04299704022452,5.79839313303895,23.519045528781,4.95156974196797,1.20592154977883,4.52971711621187,10.4269303165722,24.5957116526569
"1158","Korey Lee","C",21.8600379229341,6.05272906025126,0.288620249909684,4.19978511486856,17.4069971166798,42.999171274962,16.1385469424403,2.15322509405558,16.5284025939748,32.4011723479636,108.253845304076
"1159","Kris Bryant","1B/OF",13.6116998637973,3.76548673136492,0.0912175335729455,2.1651469043978,16.2831540806156,23.550472563379,9.0988800668486,0.117640376629297,10.0312156500736,19.633551033133,65.0412791412756
"1160","Kristian Campbell","2B/CF/1B",27.8501148413815,7.43692330049553,0.676532809837634,3.99232486643721,36.1373389552533,48.5793736140427,20.3564539125369,2.38672834856977,21.6663333064117,39.9558958181519,136.464792927414
"1161","Kristian Robinson","CF/RF/LF",11.2735897452938,2.57258653112418,0.510606508157366,1.78492250957829,19.1445266498866,32.1758746427199,8.66709108950164,3.00883434841954,9.22695549609936,16.1417052941537,46.1006892499355
"1162","Kyle Datres",NA,6.36419002176746,1.28140037820595,0.000689121160677291,0.871934223451389,9.90725875169205,16.0690411532262,4.63092363195827,1.2073406076509,4.70688277993674,8.51821374458547,23.9293283909576
"1163","Kyle DeBarge","2B/SS/CF",10.7388089571289,3.18795510717804,0.62391081182093,1.04116699482469,14.9845414095545,25.4165979373846,7.58118824577449,5.1640083315974,10.5492057568496,15.5918418709525,52.2126077249884
"1164","Kyle Dernedde",NA,5.37994722221566,1.12012499782143,0.000420195829681275,0.175088916652758,4.777971648789,18.3022202097931,2.97440971031536,0.345313301549354,3.02296449952713,6.67558133251953,9.71344343859642
"1165","Kyle Farmer","2B/3B/SS",16.150970724384,4.39414250606104,0.327787912595813,2.64278608054375,13.3392092898007,24.3024087064752,11.5098526222106,0.550284864739686,11.250928206076,23.5156872235846,82.533795230189
"1166","Kyle Hayes","C",2.29127541749627,0.801344435025102,0.000470619329243028,0.175637930272707,4.78840524499526,10.3091444031297,2.15199237446165,0.17322753612551,1.68647439880333,3.26872840212333,4.83793457713248
"1167","Kyle Hess","RF/LF/CF",4.72854623099046,1.59637752542628,0.31219911949168,0.349029895736532,7.16398111815287,13.953115088361,3.63305835593435,0.517643732123554,4.02705379175873,6.98615277164495,18.4509645580098
"1168","Kyle Higashioka","C",32.4292745745677,10.5320979783004,0.445412928908053,9.36875117124856,32.5407054069971,64.8318507073737,31.3699494157691,1.9209640549646,26.2007340820923,52.7755366530247,192.515584154389
"1169","Kyle Isbel","CF",63.9027327766455,17.6294673108919,4.31590942612,6.98046412721956,55.8616585176049,84.1952899352938,38.1493413430194,8.82924478116787,49.6443727304002,92.828573640877,338.116068386715
"1170","Kyle Karros","3B/1B",45.0016768741413,13.8551335185227,1.11076217860158,4.59819364263228,49.2593008285424,64.6903687064959,28.4269768708757,2.29876011632082,31.9797687041066,64.5657662138979,221.583674430123
"1171","Kyle Manzardo","DH",58.709718161606,21.8799016145341,0.984675218548451,21.996725233024,99.7798769330366,116.005764863878,67.6499639179546,1.71440586182468,57.5066052742909,103.571020227712,411.417698624032
"1172","Kyle Nevin","3B/1B/LF",8.95422524805007,2.23415456544028,0.468063369572899,1.3898974285867,8.86312454879151,20.3793806305548,6.26975622939431,1.03372160728482,7.04026596696843,13.0463406116499,40.4433585983888
"1173","Kyle Schwarber","DH",63.7632127990124,20.4157723234144,0.986402377872938,41.8816676161309,200.95420991215,185.448042994418,104.417212837859,6.23648534389096,96.3558355232509,127.047055116431,550.736235987428
"1174","Kyle Stowers","LF",67.2579748050225,23.9012454655385,2.46234881376961,23.7709444192077,107.482776094024,155.364103143793,75.5509374866126,3.84121019961281,66.2646298421974,117.392513503538,442.608991245946
"1175","Kyle Teel","C",61.3913581374656,15.6040271216938,0.888520412875149,10.9511117568578,89.5698702967361,106.164713444631,42.9207418905336,5.3792859743525,48.8054076415452,88.8350174288924,307.680177566495
"1176","Kyle Tucker","RF",81.3070198772149,27.5277142863221,2.12373147672945,29.3202388795293,171.743014263606,88.5660603815615,88.6328069140727,20.3642591239095,93.1234355074868,140.278704519796,654.126448601664
"1177","Kyler Fedko","CF/LF/1B",10.0882033253765,3.18935024651597,0.156082751912653,2.08323237557293,16.3520918265567,20.3755416392508,8.57269234906635,2.41119065915671,9.21453912912004,15.5168686993781,56.1246994732866
"1178","Kyren Paris","CF/2B/SS",12.4743253660009,3.56905349043258,0.625308240403934,2.9587538005138,20.1118527101859,38.7004167564342,11.2280910437753,5.11954836284984,13.7690153855136,19.6274408973512,63.9944921005401
"1179","LaMonte Wade Jr.","1B/LF/RF",15.341174331708,3.72273325048845,0.362069045869294,3.2432991661122,34.2989255593294,27.9295105558526,11.3569591879299,0.488255149122754,13.8385217673341,22.669275794178,79.9388217716316
"1180","Lamar King Jr.","C/1B",9.76521043648014,3.02898835022175,0.311980617660246,0.694865530411541,9.53834682497935,20.8982419122485,6.5943182226181,1.37719176470149,7.03647249190005,13.8010449347737,41.2504215480691
"1181","Lane Thomas","OF",53.8168901797941,18.1286978521424,1.84332125107927,12.5810159220788,66.9702420501547,103.949634363455,46.1141350654887,15.5186601660863,50.6615076279487,86.3699252050945,327.01283223189
"1182","Lars Nootbaar","OF",67.479514531287,20.866660959926,1.43845225536614,14.9509764374964,121.721120860204,100.218046960709,52.8838281314052,5.70129754845189,60.3798669607563,104.735604184076,401.550253015279
"1183","Lawrence Butler","RF",73.9284245482764,25.7261854809148,1.7910557979677,21.0359858075389,98.6466916988591,146.00951588906,68.1801910224561,17.5786796692251,72.5738034380916,122.481651634698,472.184367644272
"1184","Lazaro Montes","RF/LF",9.92411773200597,2.86990533165396,0.62391081182093,3.99071036343862,20.0914894961288,35.1597349783811,12.5236266268851,0.51694235869253,10.5525270826605,17.4086442389195,56.7491518522272
"1185","Leandro Arias","SS/3B/2B",7.49246520244791,1.7550785415563,0.000285733164183267,0.694482884555213,8.18204768413683,12.3739547071858,4.61922728209608,0.517545866063411,4.6955023547316,9.94231236172361,31.1243565424264
"1186","Leandro Pineda","RF/LF/1B",8.30240119327546,2.71233371403559,0.312081464659369,1.04303031377724,10.2254091068934,19.3316113452442,6.26806333665109,0.688979191086302,6.70439730358541,12.3698466857477,37.9049561280077
"1187","Lenyn Sosa","DH",65.2883276166903,17.13363882872,0.596151603566354,13.895478600348,35.7067356359173,92.5869196471661,49.6927988518914,2.10099040507817,42.2158756284709,96.9135966493247,352.175913023145
"1188","Leo Balcazar","SS/2B",15.128607412643,2.71191849399454,0.156183598911776,1.90874238286921,11.9192866786317,16.5405113124823,9.88836514726791,0.689338033306826,10.0490985507902,19.9054518884185,72.5531589245638
"1189","Leo De Vries","SS",13.2740601969957,5.77723629805607,0.727214088151238,3.1371100519311,20.5914414985522,29.8437468839274,13.4432580680742,1.34535227914145,13.7415759045868,22.9156206351341,84.0762959034292
"1190","Leo Jiménez","2B/SS",21.2034791860483,6.05562053582298,0.318154377179126,3.30524549984723,24.3775625483216,33.5618694386224,16.0085957378976,0.977636176517484,17.8507172195677,30.8824995988976,110.530244281776
"1191","Leo Rivas","INF",26.7068812044747,5.71191370688783,0.412850109474201,2.57767674454685,52.4508173325285,48.9339876659083,15.5320288764759,8.48706338039735,23.1925516053013,35.4093217653836,118.776265651894
"1192","Leody Taveras","OF",25.9645289593047,6.74125093375914,0.716391628093636,4.42605349496975,24.0500945852911,35.7375702921185,17.3813793662667,7.07433082992638,20.5000171999509,37.8482250161273,144.215026827263
"1193","Leonardo Bernal","C",11.2277150739293,2.87093507735576,0.156133175412215,1.73599925168351,11.585011674748,16.8917389676596,7.74942001687768,1.03357480819461,8.20970091048008,15.9907825783807,56.4645036862657
"1194","Leonel Espinoza","CF/RF/LF",11.5530940412443,2.2324604676728,0.312081464659369,1.04206538074824,8.85677935235259,21.7653086644759,7.25375346486525,2.06594260164745,9.04383702591941,15.1397013543247,48.0001480301666
"1195","Levi Jordan","SS/3B/2B",10.4023749435349,2.75506816066023,0.315543878295943,1.06073184382651,8.65719259040419,13.6258766492019,7.02110357764916,1.56767634943219,7.97291846712355,14.5337188263176,53.1053296726873
"1196","Liam Hicks","C/1B",47.8561302669223,11.865476423429,0.685409405304358,4.03351055788194,64.9238546146321,49.1695338375984,28.2003888864189,1.49186899848339,30.4418900888389,64.4405266535376,229.623021004439
"1197","Liover Peguero","SS/3B/1B",14.3633334642416,3.86531895786876,0.52828718624637,2.52255474309147,12.5934859020731,26.0855645606753,12.3619743847398,2.35990028347499,11.339423612326,21.2794943514482,76.303774333846
"1198","Livan Soto",NA,11.0889748220708,2.27856650103075,0.159242624551856,0.882548486770406,14.2194977283719,17.9091712624057,6.36965400117049,0.526451677536414,7.32228132786231,14.4093324344238,44.7819102578806
"1199","Lizandro Espinoza","SS/CF",7.48955452522799,2.23388882461401,0.312232735158055,1.73536705418175,7.83776427762261,25.5962059495427,6.92498488967347,1.72312488463174,8.04091996632696,11.7710431391818,34.4704086661102
"1200","Logan Cerny",NA,6.18978167779135,1.59707509509524,0.156250830244525,1.39014698023214,7.50116706267099,24.5607541086713,5.28109071393451,1.89449296561454,6.03524865723083,9.33325458336325,22.729859674479
"1201","Logan Davidson","1B/2B/3B",9.45907239939214,2.55932951686874,0.156872720072454,1.73970925281225,14.6820250950635,24.7957742846723,8.25844161164211,0.690577670068636,8.22515158790452,13.9149838891456,42.2155509678301
"1202","Logan O'Hoppe","C",58.4340727437639,14.5607489232162,0.939877689655853,18.563228645525,62.1028495511022,124.013170967129,53.4130645584337,2.54705901427876,47.2336807053051,92.4979280021609,328.804607556474
"1203","Logan Porter","C/1B",7.66154294570149,1.91738366764262,0.000571466328366534,1.04384551581899,12.9711070730949,15.8828496793851,5.45039978041974,0.173406957235772,6.04234717710128,10.6233435954915,32.7033981696024
"1204","Logan Tanner","C",3.42723343223397,1.11816515922768,0.156133175412215,0.522554955411253,6.82574854329432,14.4791969409328,2.48069254994663,0.00133750282195271,3.19019874783692,5.22408672228512,9.86338840281396
"1205","Logan Wagner","3B/2B",8.7868566815361,2.39170957425701,0.311980617660246,2.08243381030755,17.3674436950952,28.2039406595085,9.06420361889089,1.37717545369146,11.2189893625504,13.5729806837609,43.4383420674071
"1206","Lonnie White Jr.","CF/LF/RF",6.35053353039259,2.07294562026232,0.156183598911776,1.21683819865012,8.86312454879151,24.0423829109738,5.7736792791411,1.72253768827089,6.53600710364533,9.79650094821681,25.4151714187702
"1207","Lourdes Gurriel Jr.","OF",64.0148157603111,18.7923801118708,1.25072295578301,12.0905881658941,47.226506208325,63.2192294019432,50.1026292044154,5.64954941600985,44.8021021855036,96.1485069938591,383.346162906682
"1208","LuJames Groover","3B",14.1040843368192,4.01554144879737,0.00179843815103586,1.40307375546548,14.4217337733695,15.6152303539684,9.46776727346457,0.348885412744569,8.1168545917301,19.5244979792331,69.120130453166
"1209","Luca Tresh","C",7.53676841734186,2.08977033632558,0.313930326309967,1.57262262558966,8.22999643660824,15.9362361627102,6.1420683844947,0.347025957601854,5.23522125538918,11.5130917055671,37.7628534171913
"1210","Lucas Spence","CF/RF/LF",9.27615201680195,3.34858274429853,0.312316774323991,1.21635573213562,16.6894413070656,26.81155985297,7.74938581702428,2.06581211356726,9.3811546990925,14.1534072675601,42.4672980687477
"1211","Luis Arraez","2B",136.434523165221,28.3265984420804,3.08389402695299,4.46387095828857,69.9875237442949,25.6146510870821,56.603425541911,8.2267854601756,70.3261497445209,172.308886592543,674.354368808006
"1212","Luis Baez","RF/LF/1B",8.95346373366113,2.55331713067437,0.156402100743211,1.21682156187376,6.8189781532796,21.0752851514929,5.94067985552195,0.861309621660503,5.86902383147142,12.8800045269525,36.7523277558005
"1213","Luis Caicuto","C",4.73138921804247,0.959331272684524,0.00033615666374502,0.174922548889137,3.07738910143226,7.16472569013981,2.64490583827553,0.173260158145558,2.35383213418142,5.86597919627988,17.0899812619818
"1214","Luis Campusano","C",39.2574362803992,9.94440982113751,0.349845525349,7.64607631429555,48.2724328916416,55.7552823553565,30.4554490213703,0.534514273277373,30.0960649648741,57.1977679411813,210.506379542431
"1215","Luis Castro",NA,8.3032980880002,3.03038348955967,0.312266350824429,1.91030623984725,9.20099734447054,21.2499106430224,8.08003538415296,0.689501143407064,8.2104009938618,13.5562541682315,45.7846242938443
"1216","Luis De Los Santos",NA,8.90047000199655,1.99037935085882,0.160973831370143,1.25458704421572,7.40349593012292,18.4811164133619,5.95921348382642,0.359879033500619,6.54929668176566,12.3064102284412,37.3825916173008
"1217","Luis Encarnacion",NA,7.32985187022928,1.27894227556295,0.1562844459109,1.21705447674283,4.77522424414535,17.4222315761977,4.95312583529759,0.345101258419044,4.36305270321278,9.98213306844596,27.4281220236828
"1218","Luis García Jr.","1B",84.4818226818295,23.8878472765548,1.72367158636687,15.0494309212417,58.6468545762789,78.9204858686297,62.0612635359759,13.1737034546266,58.2772697155994,125.142772465993,502.503551448564
"1219","Luis Guillorme",NA,7.31642304170528,1.51284794552755,0.161797415196318,0.188448248071521,11.3767827735852,10.9212678781137,3.13000194335054,0.369486218404645,4.05390545027375,9.17951665050066,26.572463205552
"1220","Luis Lara","CF",13.9885202976631,3.98518055939595,0.312266350824429,0.348164783365703,18.0504175772419,21.9322725095308,8.24067478780174,4.13108596380374,10.5507850147107,18.6341319912492,62.5468768416748
"1221","Luis Marquez","2B/SS/3B",6.19362309481996,1.59621143740986,0.156217214578151,0.521606659158614,5.11620422364756,12.3812242864636,3.63264795769357,0.345492722659616,4.02625602232375,8.46765840596659,24.4996134781551
"1222","Luis Matos","OF",32.0641630803743,10.0055806752943,0.457089022910754,6.76930706285575,24.5159407458635,30.0940247623858,26.2637174364691,4.0200317893595,25.2949418370983,49.2961398414351,204.600765734529
"1223","Luis Mieses",NA,9.78619438853075,3.03682770459673,0.156973567071577,1.39325805741185,6.48908591394642,18.6655856119443,7.10703340154954,0.173521134305939,5.88172301839561,14.3732537176109,45.147002106115
"1224","Luis Peña","SS/2B/3B",9.60518625318388,2.7110714451108,0.624028466653241,1.21519115779027,6.81609991984339,14.4592341861521,7.08974537565674,3.44383573977996,8.87741682805347,14.1554773227382,55.0228975773408
"1225","Luis Pineda",NA,4.89263182436103,0.959148575866463,0.00033615666374502,0.695863736993267,3.07375860243886,14.1276098908249,3.46893056723895,0.0012070147417622,3.02263887934958,6.5479802938845,15.0565195523327
"1226","Luis Ravelo",NA,6.35491646876445,1.27899210196787,0.156301253744087,0.348414335011134,6.48094182160987,15.5138156390106,3.46841756943798,0.173048115015248,3.85964045235129,8.13862415948754,19.040000590746
"1227","Luis Rengifo","3B",69.7181830204349,15.5630887726729,2.3260707053231,8.2633739417786,54.9426706771525,77.0237286282274,41.634908507609,11.2119297911636,44.9629893026873,95.8707164402095,353.403600302516
"1228","Luis Robert Jr.","CF",69.1403420398219,20.4787094648048,1.10402348625807,19.3742701018173,81.1728038123262,142.907388560381,62.3662303255975,28.7532064475043,65.4408227685615,110.097345092702,424.754473002162
"1229","Luis Sanchez","3B/2B",4.72887622055899,0.799019202795235,0.156242426327932,0.347873639779366,5.45934287822693,13.4316972018201,3.13699850560784,1.03333829854926,3.85767859078159,6.03201148946153,14.8474776362923
"1230","Luis Sanchez","CF/RF/LF",4.72887622055899,0.799019202795235,0.156242426327932,0.347873639779366,5.45934287822693,13.4316972018201,3.13699850560784,1.03333829854926,3.85767859078159,6.03201148946153,14.8474776362923
"1231","Luis Suisbel","3B/SS/1B",9.27467975565002,2.39129435421596,0.311947001993871,2.25685725590583,10.5587683092293,30.813766394525,9.55916907390866,0.688620348865778,8.04108277641573,14.2347783677657,39.9652010338834
"1232","Luis Torrens","C",33.631840863394,9.27239393028424,0.717639446137663,5.34134204003562,30.3019498540402,51.0910328051179,24.0595022172958,1.09173873349987,22.5282093774983,48.9632162798515,170.209765305397
"1233","Luis Urías",NA,21.5385822661244,5.47370050726306,0.105277829833461,3.96123290919153,30.0300333685486,29.9832462511227,16.6901730384413,1.25062477800272,16.2614736212211,31.0787935124124,115.023360618284
"1234","Luis Valdez",NA,6.03166974173841,1.11952708096232,0.468618028068078,0.174523266256447,3.755653147047,15.3432251723835,2.64517943710271,3.27582772686207,5.19785634001607,7.79433811702525,21.7389856185409
"1235","Luis Verdugo","3B/1B/SS",7.71950265197031,2.09523463206577,0.00132781882179283,0.703167281816227,8.24549964852601,17.3819054357745,4.33527761478267,0.349032211834783,4.90692326113404,10.5192323846741,27.9744169211573
"1236","Luis Vázquez","SS/3B/2B",11.6162681021682,3.26450031897945,0.196183889456857,1.88367406877385,9.91053829690988,20.589262639392,8.7763129234083,1.09961752239698,8.34532191836544,16.9606263793784,57.8217591671286
"1237","Luisangel Acuña","INF/OF",65.6815832794022,15.1835957381422,1.60063438809723,4.45045218151137,44.0415182061468,71.9545620571334,30.311768345644,20.0088113141756,42.9960250801847,86.916265587153,313.847060503201
"1238","Luiyin Alastre","LF/RF/2B",9.11678781264277,1.1184475088556,0.468130600905648,0.348314514352962,6.47842336735319,14.9858387949866,4.45533889237447,1.03372160728482,5.19691204150119,11.051680436757,31.9548273101706
"1239","Luke Adams","1B/3B",4.23952165639622,2.39282236396702,0.000319348830557769,1.56377186056503,13.3004432900597,15.5129988323502,8.07878708950392,0.862679746502503,7.87734894501453,8.19643522975882,32.9798992812705
"1240","Luke Davis",NA,4.72624476528168,0.799118855605086,0.000302540997370518,1.04211529107733,14.6565461877134,13.0809514625725,3.96119423383826,0.00110914868161932,4.02733056890965,6.56778145296147,18.5380966585733
"1241","Luke Gold",NA,7.48974067318973,2.55139050968391,0.312081464659369,1.56279029075967,6.13606968552915,19.509389710483,8.0773335957345,0.344905526298758,7.37173875795462,11.9160029382927,39.8965212956646
"1242","Luke Keaschall","2B",81.1536491818519,24.9222376418486,1.36537290556751,10.5039645495335,95.648577264446,86.937445473214,53.5872890902518,21.2798227526567,63.142885801248,117.945224278802,464.073102108931
"1243","Luke Maile","C",10.2915712866249,2.84404493558929,0.0566564648553335,1.47507802184471,14.784572345408,22.0890979810435,6.92457415323519,0.902813795592798,7.44898212101009,14.6673507089143,44.5719161463715
"1244","Luke Mann","3B/1B/2B",8.46223922860998,2.87007141967038,0.312249542991242,2.08286636649297,13.6232707745949,30.9891760204486,8.7357941421598,0.688848703006112,7.54001499083255,13.7274265577646,36.9009310939754
"1245","Luke Raley","RF",38.6541904913447,12.09988715707,0.784162602440584,11.0311163159006,47.9979666778282,96.3253030519785,36.5889686202866,5.66437106478137,37.284387212937,62.5693565667559,217.682054855947
"1246","Luke Ritter","3B/2B/LF",9.08780716804255,2.47350792234342,0.319073523265266,2.14750024265971,14.7838024567655,29.8202882699413,7.98893869015208,0.358394731588452,8.4505784368179,14.0278888563109,38.615445854403
"1247","Luke Shliger","C",5.37972722916997,1.11858037926873,0.00033615666374502,0.348497518892945,7.85127235045391,10.1230836183543,3.13870849827775,0.86189681802136,2.68944030142241,6.84714128399539,19.2731311006285
"1248","Luke Waddell","SS/2B/3B",12.0979968494443,2.88445464189228,0.157511417733569,0.350410748174586,13.0139535026566,12.2543656484354,5.96602194689002,1.03802771393111,7.23985057991717,15.4903736572447,52.7113652859202
"1249","Luke Williams","SS/3B/2B",7.95141304888381,2.45253632818501,0.214346893095329,1.0979413621352,8.52835970087423,20.1463112522381,6.09104792929954,3.71131712332934,7.0070260004153,11.7162376322994,37.9868468984854
"1250","Luken Baker","1B",8.55478399521099,2.91723808224689,0.00760518183287856,3.30149762880617,18.026550419637,23.195393931314,10.3553233537344,0.00839938400032995,7.76212621178497,14.7811248880969,52.1107710148276
"1251","Lyle Lin",NA,2.62149423181655,0.324311293743083,0.00050423499561753,0.00206296026889984,2.74196934561363,4.20703754338691,1.33013933618901,0.173586378346034,1.35228267933466,2.94837272082415,7.82559765749625
"1252","Lyle Miller-Green","1B",6.83871197788801,1.7543643630857,0.467912099074213,1.38903231621588,12.9452356793671,25.7788361463444,6.26546414779283,0.689028124116374,7.53809383178505,10.4500207562638,26.921097736023
"1253","MJ Melendez","LF/RF",16.6888479233657,6.64348730825399,0.719070452554585,5.27745268011011,26.1529558299285,45.3273830616853,17.3143012406021,2.58176422491275,17.4135123675646,29.3288583642844,103.882756117941
"1254","Mac Guscette",NA,5.2176384957526,1.43681285161087,0.312148695992118,0.348364424682048,5.45895039184926,9.07283124079601,3.4679558714171,0.00123963676180983,2.68860996996968,7.31496446803764,22.1360711591068
"1255","Mac Horvath","RF/2B/3B",9.76229975926022,2.23265977329251,0.000285733164183267,2.25644133649677,13.9657225780133,19.3354013281485,8.07788079338887,3.27122802203536,10.7174819897275,14.2516866022137,54.4888045327555
"1256","Mac McCroskey","2B/SS/3B",5.8670426270246,0.959995624750201,0.312299966490804,0.174506629480085,6.48084370001545,17.6062993527218,2.80848642931655,0.862386148322074,4.02562106297754,7.31384484774569,14.1398442773035
"1257","Maddux Houghton","CF/RF/LF",7.81588115489371,2.07513798207906,0.468096985239273,1.21602299660838,7.84191809178623,21.4301557643757,5.93869626402485,2.06617095578779,7.70752601629326,11.5751391188204,35.6670557705742
"1258","Maick Collado","1B/3B",8.79203497938084,1.59624465501314,0.156116367579027,0.521922757909494,9.20443160027511,11.6766942871914,4.29127950338586,0.344856593268687,4.69590937995353,11.0663187598825,34.3285531329638
"1259","Maikel Garcia","3B",106.954917679418,31.3662788210898,3.8935486778425,12.6171160671653,108.52912301142,94.3959801319482,66.015693967909,26.0954904463695,82.4751044106036,154.831861245515,621.69061680775
"1260","Maikol Escotto",NA,7.00521749476119,1.75680585692706,0.156301253744087,0.869571801207972,4.43558525976682,15.6821843915213,4.78730515385898,1.3793937510547,6.03502072310655,9.78789640664031,30.561348224459
"1261","Maikol Hernández",NA,6.67696169531017,1.91374634008304,0.156200406744964,0.694383063897041,10.2205357343707,22.8162144873625,4.28893681342809,0.689403277346921,3.69087578920704,9.44129150603521,18.4861722559893
"1262","Mairoshendrick Martinus","3B/CF/SS",7.65286168166765,2.07287918505576,0.31201423332662,1.38830029805594,8.17475397895189,24.7279793318574,6.10094306078335,1.54947326224561,7.70505130294393,11.426055398106,31.7674630343102
"1263","Malcolm Moore","C",4.72900313962382,1.43671319880102,0.000268925330996016,0.522205583107649,5.79875291221848,10.8178119377014,3.79730584411665,0.345443789629544,4.02632114635926,6.68819084686348,20.4196991817805
"1264","Malcom Nuñez",NA,9.8214901847249,2.93335095392606,0.0026052141440239,1.0752224760379,8.71976146044361,14.4223300700378,6.25357700649958,0.181334108107346,6.34827934003573,13.8326688288329,46.0230956814313
"1265","Manny Machado","3B",94.4009345445164,26.9775802592312,0.413349579327654,26.2028386714999,108.920871544983,121.731606826953,85.8232498885956,9.3118373757386,77.4540846669263,147.994703054575,601.25446970042
"1266","Manuel Margot",NA,14.1342427056726,3.66327142278755,0.237892350166375,1.21021496811015,10.8861685181621,15.935486651604,8.63543914946365,1.06255248364006,8.95692410337163,19.2456214467366,68.2259944525319
"1267","Manuel Palencia","C/1B",6.68271535958211,1.43887234301447,0.156250830244525,0.175371741850914,3.07751993022481,8.20352643831897,2.97620520261877,0.173390646225748,3.86073127994606,8.45321027469202,26.4439207436039
"1268","Manuel Pena","1B/3B/2B",13.3424329846184,3.8274594625628,0.312451236989489,1.04198219686643,7.1542997875038,22.6307581395158,7.91441990183473,0.345231746499235,7.87523241386049,18.5243258810372,56.6554120929312
"1269","Marcell Ozuna","DH",68.1075816158261,19.4955264535507,0.143478367882281,20.9602147115376,126.310510179147,124.748127317812,67.0437293996455,0.414195636367831,60.5364061068331,108.706801148797,412.029734595352
"1270","Marcelo Mayer","2B",55.4835016248694,20.4563800441517,1.57812503235291,10.4580723804294,60.3128403781133,93.1154539646023,45.0862515987093,5.08471581139205,45.5446724571428,87.9760790818033,321.515270398198
"1271","Marco Dinges","C",6.35354574286437,1.27744748341517,0.312098272492557,1.21673837799195,10.2269463452059,14.6425341644153,5.93888436321854,0.345101258419044,5.19906113467298,9.15982987676405,29.8718613845635
"1272","Marco Luciano","LF/1B",10.4031194336322,2.84291039261811,0.169991800459286,2.98813466913234,22.09789009119,30.6803595294809,10.8609736087885,0.956588538067964,11.2357173449484,16.404156295842,53.7326868507837
"1273","Marco Vargas","2B/SS",11.3900914905602,1.43674641640431,0.312148695992118,0.347499312311219,13.2867062668414,17.9399329924336,5.27683283218643,3.09879972540101,8.70930340526431,13.4864859152679,42.7080024615439
"1274","Marcos Castañon","2B/3B/1B",10.2968628943127,3.36251752887609,0.156973567071577,2.26316259414706,12.6466442286527,23.9348499185312,9.2627706599583,0.174989125208082,8.07372619921446,16.0795165844074,52.2811382645323
"1275","Marcus Brown","2B/3B/SS",7.81672728199253,2.07379266914606,0.312081464659369,0.521057645538665,5.79554760680088,14.9813790306207,4.94772225846067,0.86155428681086,5.86469308311009,10.7236590613366,33.1246963168516
"1276","Marcus Semien","2B",85.784423542523,23.3442217733775,2.4770457624691,18.8826639113004,108.578322695838,100.795501665366,69.5744684493942,9.44063994056901,74.2003476545935,130.48835498967,528.831324380418
"1277","Marcus Smith",NA,5.21334017009062,1.11838107364903,0.312535276155425,1.0429637666718,10.9080232098606,27.1774900280349,4.29203190016063,1.54983210446614,5.198263365238,7.68722028656687,11.7966411275057
"1278","Mario Camilletti","3B/2B/LF",9.44143911065284,1.59641074302956,0.156452524242772,0.52125728685501,14.9961851720919,17.4198465007493,4.94856015486893,0.517105468792768,6.03453229284023,11.7155596647802,32.7001180621733
"1279","Mario Gomez",NA,3.43060101808725,0.799982513290466,0.156418908576398,0.522571592187615,4.09954406718356,7.3434842233711,2.81084621920103,0.00140274686204796,2.3545647795809,4.90957403214173,15.2325867257042
"1280","Mark Canha","LF/RF/1B",18.8312472647675,5.10406087829727,0.133319491041943,2.30825591215386,24.9459642029379,27.3567189669371,11.8634565316235,1.34971070567578,13.7242413450429,26.3768835462605,91.0068078510295
"1281","Mark Coley II","CF/LF/RF",6.67850164663001,1.75683907453035,0.312451236989489,0.696296293178682,6.1424475891662,17.7805327770543,5.11597112949056,1.72340217180215,4.86483685318655,9.44408825132852,26.7265725594559
"1282","Mark Kolozsvary","C",1.64183744114032,0.642709854101646,0.000369772330119522,0.697277862984045,2.74429155668148,7.00400224797061,2.48426643462674,0.173504823295915,1.85519021892095,2.98219493055614,9.19082700825542
"1283","Mark Vientos","1B/3B",61.0678255932321,18.4285429403013,1.21852051318707,19.2078647123859,65.8071748999938,118.637051423926,61.327403463149,0.957712776304788,52.1549149345504,99.9227537591065,374.060419131231
"1284","Martín Maldonado",NA,4.17153917890904,0.984991871221278,0.0016807833187251,1.0644252081789,5.21740029468884,14.9268808990409,3.38289814377838,0.00750306461095421,2.92971115555522,6.22263704162794,14.2427716521829
"1285","Marvin Alcantara","SS/2B/3B",14.153807391514,2.23461961188625,0.312232735158055,0.347881958167547,9.19903491258222,17.4101265014903,6.26630204420109,0.86134224368055,8.04105021439797,17.0485416967258,52.8069240476717
"1286","Masataka Yoshida","OF",39.6079185630402,11.2463952072096,0.386185541148414,5.31688624813413,34.2110680010524,30.2183055288422,27.3529621120393,2.25886357453938,25.4584670074148,56.5573855595324,222.493568877657
"1287","Mason Guerra","1B/3B",7.16378633944748,1.43606545553699,0.156183598911776,1.73576633681444,10.9016780134217,21.6002724831397,6.26625074442099,0.000831861511214488,5.36458587705067,10.4918017307107,28.4625328557791
"1288","Mason McCoy","SS/2B/3B",14.1988545550488,4.38364268046481,0.482258022213878,1.77238219407963,19.0364457846696,37.9149086682649,9.88070048047375,3.51856959342694,12.5677041729638,20.8371374518071,61.2287832411525
"1289","Masyn Winn","SS",98.4219504393186,28.869345555054,2.75568623935207,13.3898862520735,84.4662232760525,111.886784665972,62.5726042116999,12.8797976638904,73.2113553047864,143.436868485798,541.637954761778
"1290","Mat Nelson",NA,5.21489704395244,0.959979015948559,0.000386580163306773,1.04306358732997,7.50640021437319,16.3856688782681,4.95086864497331,0.172950248955105,4.19547655371656,7.21832622739427,18.6785481898247
"1291","Matt Chapman","3B",72.3139830613434,27.5812719056136,1.96118080735026,24.3389611188231,139.885276995453,151.14075449311,75.5954162795394,8.82351372494949,80.2258446330944,126.19539689313,496.610727700648
"1292","Matt Coutney","1B/3B",9.76390740074797,3.02973574629564,0.312047848992995,1.90970731589821,11.5826240492838,26.4682225501323,8.5717176532445,0.344628239128353,7.20562789925735,15.0153983119348,44.0828995692786
"1293","Matt Fraizer","RF/LF/CF",9.16862155871617,2.57118820124106,0.469407996227879,0.701137595100051,8.22623510882228,15.5951205739888,6.63050166751341,1.90343139910759,6.73905957148491,12.9103553512852,44.0223550969695
"1294","Matt Gorski","LF/RF/1B",6.7172035001298,2.40708932457742,0.313745440144907,3.13910628070171,6.86133397486927,19.791833681188,11.089585443835,1.3845969632523,8.0826156300614,12.5771445455538,50.9482970395946
"1295","Matt Higgins",NA,6.68104002792645,1.9159885283047,0.156234022411338,1.04259775759183,7.16545294206912,13.5993880048027,5.60975668956608,0.517235956872959,5.36681637526684,9.79586033623432,32.638251871509
"1296","Matt Hogan","CF/LF/RF",4.56483293354337,1.27812844428249,0.468130600905648,0.522904327714857,8.52698523461383,19.0048225453466,4.12718591454386,1.03409676051537,3.86030797371525,6.83399630644636,14.3018596520053
"1297","Matt Koperniak","RF/LF/CF",18.0832391834279,3.76982079296865,0.368896752130764,2.33927708012637,15.8242497563344,24.2909373147758,11.454063641424,1.26444002707349,11.8203583632573,24.5612338086537,85.4570716805494
"1298","Matt Kroon",NA,7.0054205652649,2.23511787593551,0.156351677243649,1.38973106082308,7.843749694882,15.3384386853534,6.10470504465715,2.06745952557967,5.70244082351671,10.7866211792671,37.6130446590936
"1299","Matt Lloyd","1B/LF",8.4406583612218,3.07766874783419,0.158856044388549,1.41207425147738,12.7967048537133,17.159602543878,7.03008103916619,0.875483889371197,6.81066344852673,13.0892574049219,44.4560016389953
"1300","Matt McLain","2B",72.8313582126272,22.5587560572225,2.15274594339932,17.2434885384519,104.574220131908,153.750692390784,59.2217719455928,16.4287123035714,67.7967303510927,114.786348751701,412.650282023953
"1301","Matt Mervis","1B",11.9098703765435,4.02555600093161,0.195688469835792,4.19976773783801,15.8566717260025,31.8790018927671,13.3382405604614,0.644898758628067,11.7564068092717,20.3308825851489,71.869428145158
"1302","Matt O'Neill","C",3.75379697748736,0.960610150410952,0.1562844459109,0.52237195087127,6.82898655591005,11.8721646846949,2.64641063182505,0.00143536888209559,3.35896341098117,5.39306352468048,13.1541301958814
"1303","Matt Olson","1B",82.5974646559255,29.9633370907573,0.962562366246245,29.9107270176218,165.339791929981,159.303520969382,92.6275358577737,1.05452813575891,86.5400867591845,143.434091130551,572.841546051103
"1304","Matt Shaw","INF/OF",44.3552774643639,12.5569578422248,1.96601229633546,9.09608774864262,55.7131786119387,64.1334373577421,34.8860446449799,11.4948388974739,39.6306320747754,67.9743353515668,269.578329995011
"1305","Matt Suggs","C",2.94215180992021,0.960842673633938,0.156301253744087,0.349612182909205,4.10281478699744,11.0029088906175,2.48219734349615,0.173390646225748,3.02400648409527,4.40890792020744,10.2256910736717
"1306","Matt Thaiss","C",8.5572203075266,2.04505622955044,0.189036041667654,1.17281106328607,16.2177708718226,16.2064689274063,6.19516471594159,0.460722534035838,6.22094502281421,11.9641236420308,38.5042957742217
"1307","Matt Vierling","OF/INF",41.1456253405008,11.2353644926311,1.25939879837615,6.71911458628243,43.9104435362265,62.7368578711326,28.1433895319454,3.39032674262375,31.3151242959545,60.3595032177904,215.101998200993
"1308","Matt Wallner","RF",49.4936499294984,20.874042757913,1.8464531750569,22.03798472407,100.316066662463,146.414244877495,63.1261210413199,4.49192814068279,60.6532253102048,94.2521305865383,355.294324654564
"1309","Matthew Batten",NA,9.59838643474619,2.67721879092303,0.1672263453158,1.4416045295201,11.7858918468104,22.7257752803313,7.06485959783481,1.96785988870165,7.35934117894332,13.8844361005051,42.6560787567788
"1310","Matthew Ellis","C",5.53897297553532,1.7545636687054,0.156065944079466,1.38888258522862,11.5848481387573,18.9947594872902,5.77181538713089,0.173064426025272,5.86593043978475,8.8384851735488,25.5648495988473
"1311","Matthew Etzel","LF/CF/RF",9.78025457629707,2.23734345535552,0.624885666145791,1.21803604654819,14.3314946137047,19.5343349858922,6.60678406918175,3.10436177981913,7.71903668956942,13.8605197443466,46.6186297130095
"1312","Matthew Lugo","CF/LF/RF",15.3816529278383,5.56271750592915,0.753428246445949,3.16513594257963,12.0948606967051,38.3464620444211,13.1907621601182,2.24873755707619,13.2846965098515,24.8629346227931,81.5315198775639
"1313","Matthew Wood","C",8.62866013277328,1.91583904908992,0.000386580163306773,0.695614185347836,12.6129558145698,13.0664776485498,5.60891879315783,0.689272789266731,4.86526015941735,11.2404999473743,35.8219287008752
"1314","Maui Ahuna","SS/2B",4.89295335265858,2.23327429895326,0.156234022411338,0.521490201724079,6.47907751131596,15.8629032607376,4.45491139420699,1.03354218617456,5.86552341456282,7.80395187574725,23.0131423103967
"1315","Mauricio Dubón","SS",69.0213829844752,18.1362191261304,1.42120568947326,5.73538629267794,41.1589955078038,50.4910188895693,37.8128864023835,3.40310134382504,42.2448205698985,94.3141940927567,354.097161087919
"1316","Maverick Handley","C",6.68798767185263,1.64631138061738,0.178208660551315,0.613978190568268,10.2679347268023,14.6166558145753,4.61278435598644,0.602572237810939,5.1380483446551,9.12648590358958,26.9608701080708
"1317","Max Anderson","2B/3B",15.1277467340716,4.61455770416832,0.33045103807508,2.99157318746364,11.0402474521362,17.9035635999048,13.2685982203184,0.389487255202243,12.6981501425243,23.0643286637786,91.8958373521855
"1318","Max Burt","3B/SS/1B",5.39373909392634,1.6020909531911,0.156755065240143,0.524701099561963,5.47376675260611,16.6014287532165,4.13830086689828,1.55311061748092,5.37599886427357,7.67728621191954,20.9875446135522
"1319","Max Clark","CF",13.6937880538671,2.7190768875022,0.626079022302085,2.43354330308935,22.1867572423316,19.8951356151297,10.5681664022137,1.7248049186642,12.9166813764701,19.4724872667607,75.0038437238749
"1320","Max Ferguson","2B/LF/CF",8.95150071879188,2.07520441728562,0.312182311658493,0.868440500415349,15.6711130834965,19.6816464626973,5.77246518434546,2.9276273765385,7.70768882638203,12.2073279481514,38.6530093108714
"1321","Max Holy","SS/2B",7.48806534153408,1.11766689517843,0.312081464659369,0.347649043298478,13.9670962803352,27.169501658896,3.79462115562489,2.92736640037812,6.53405338258007,9.26546274467035,16.6677044680907
"1322","Max Kepler",NA,23.3867689831347,7.47822920144295,0.367115413513926,6.6943408807342,33.6405485967555,37.1224395088833,21.8110246797857,1.07247393903579,21.7494526717188,37.9264544788258,149.585357888808
"1323","Max Muncy","3B",45.8922243479897,15.8767327014318,0.970621199259222,15.0293351842763,86.0388118753031,104.104473677877,49.5842825758845,3.20078975436973,47.9357931749708,77.768913432957,292.829112778998
"1324","Max Schuemann","2B/3B/CF",15.6647832660891,3.65168172347757,0.436055010609417,1.66745780340989,22.1548437518821,25.2381623248206,10.1051346948754,2.92160605561863,13.0989369397611,21.419977803586,74.6736139311186
"1325","Max Stassi",NA,4.56711747671017,1.2789256667613,0.000453811496055777,0.870137451604283,7.50934386220568,10.4723672736798,3.63582854405961,0.173684244406177,3.52797228925858,6.71663440657181,20.9052666683263
"1326","Max Wagner","3B/2B",7.49089140604412,2.39351993363598,0.312367197823553,1.04213192785369,9.54318749030389,22.6420954159624,5.44431220651485,1.03419462657551,5.86791672286777,11.2389104653573,29.5657096489119
"1327","Maximo Acosta","SS/2B/3B",21.1913534452764,5.3982198188148,0.493512604449885,3.16046447158379,21.1847222906921,37.2819096680395,14.244234232334,5.51865740044885,16.2787583958704,30.2435503401248,105.357029823454
"1328","Maxton Martin","LF/RF/1B",9.43898534206628,3.50613775311526,0.623843580488181,1.5629067481942,10.8988979015799,25.0723621472204,8.24224798105806,1.03297130082373,10.0478123510889,15.1318734238639,49.0888349160162
"1329","Maxwell Romero Jr.","C",5.7019755262194,1.91550687305709,0.000285733164183267,1.04278076213181,7.16156078549061,21.7806809658251,5.11470573491482,0.173048115015248,3.52526964178496,8.66054889457248,18.0584098353883
"1330","Micah Pries",NA,6.67809550562258,2.0750383292692,0.468550796735329,1.39024680089031,8.5217193757135,15.8581821182404,6.26948263056712,0.689778430577469,6.53796082471059,10.6119314325174,36.6577143905779
"1331","Michael A. Taylor",NA,6.49505666523856,1.75046129469985,0.155847442248031,1.55932984127635,8.49915140899776,19.1171583609525,5.10068379502155,1.54701029973202,6.01984682283302,9.96069524346279,30.1726139900474
"1332","Michael Arroyo","2B/SS",12.2678464269306,3.95332611217329,0.349249329137039,2.41693036308017,17.4040516456262,27.8799979478851,13.5521897754556,1.4757337680072,12.4781128673881,18.9873522313211,68.4907110166171
"1333","Michael Busch","1B",72.1876377390832,25.449270128458,2.17312092820966,26.1970308056941,120.100973019776,145.031252298848,79.0366705284817,3.22802446712894,75.9199946423562,126.007059601445,499.561220545413
"1334","Michael Conforto","OF",21.7503683513884,7.36882447761356,0.157690286469399,6.15208903333108,38.9783717882905,46.0057934211698,20.9152832103877,0.354700690400474,20.8244452185357,35.4289721488025,128.516024295107
"1335","Michael Curialle",NA,7.00344062785368,2.07379266914606,0.156301253744087,0.695464454360577,6.13868626138025,18.1245398613535,5.27861122456313,0.517170712832864,5.86614209290016,9.9289990051044,27.7971697239718
"1336","Michael Harris II","CF",92.7859798416264,27.2295712949901,2.91991229261941,19.9582833114756,54.7245018165376,110.315979160817,71.5846608737058,18.236929358353,71.1691013998454,142.893746740712,572.300198507877
"1337","Michael Helman","CF/SS/2B",17.3238403873871,6.28209035642037,0.328515065226458,3.46621521169489,17.8285133498007,33.7060966872767,14.6861210460002,4.14471975880751,16.9622693977776,27.4006610207288,101.626762699453
"1338","Michael Massey","INF/OF",43.0346266802041,13.3890680044988,0.724949394760098,7.87929746945668,29.3985206427462,54.0992657157363,32.7966752755813,2.14191101956046,29.4003152291947,65.0279415489197,243.800319657748
"1339","Michael Pérez",NA,4.24145082618152,1.59684257187225,0.000319348830557769,0.697061584891338,5.46594973225095,11.8631634752971,4.12928920552785,1.03231886042277,3.69429480107125,6.53567433177567,20.2884284112592
"1340","Michael Siani","CF/LF/RF",12.5433580492333,2.17249711264197,0.55613255567308,1.28282042480855,18.4103568087739,26.7127549137037,8.3278325363645,3.97350045349305,11.3102203309539,16.5548081423569,53.6964463325921
"1341","Michael Snyder","LF/1B/3B",9.76488890818259,2.3933704544212,0.00033615666374502,0.695547638242387,16.3529422137084,18.8119822652897,6.10215715557899,2.23788156798108,6.53730958435551,12.8541431575099,39.1084811976315
"1342","Michael Stefanic","2B/3B/SS",14.5001010377801,2.70028841640364,0.162049532694127,0.733063568938913,15.75008608919,8.86786019503706,7.74419915475972,0.733573492491408,7.77695678789865,18.0955025558168,66.8969550961717
"1343","Michael Toglia","1B/RF",13.665318086894,4.31167085885045,0.398426062717711,5.61174798199707,24.9953067548948,44.8502842786797,16.4846383156115,1.0687384616681,14.2596687073579,23.9871629904592,80.8680171076125
"1344","Michael Trautwein","C",4.56488370116929,1.43780937970939,0.156318061577274,1.04321331831723,7.50731601592107,16.7397226844905,4.45745928328516,0.345394856599473,4.53004273638941,7.20222446077319,19.0799330319187
"1345","Michael Turner","C/1B",7.05073913267742,2.08734545128586,0.00105889349079681,0.178749007452419,9.95694098566481,13.5038130618687,3.82353713167308,0.17549476651882,3.88977659978294,9.3178924849065,24.9643831514504
"1346","Mickey Gasper","C/1B/2B",10.9608046290486,3.15897169169672,0.0392854862534115,1.68819360629422,15.4977475406333,14.9942520448718,8.52373997914272,0.680553273013778,9.18966983770668,15.847255413293,59.2436007679565
"1347","Mickey Moniak","DH",64.821116906462,21.4759570445442,4.79872316907696,19.6808376995241,50.6821238582532,113.164560214373,63.5671852593409,8.84421054178645,59.8327115602282,110.776634819607,441.525368087074
"1348","Miguel Amaya","C",39.2881308844886,11.7779005008067,0.716934678010502,7.50174012329278,40.5731987633842,60.9259444813271,31.9342888743596,0.815841470934598,29.5279978262317,59.2847061865985,214.9232924767
"1349","Miguel Andujar","DH",61.29086321404,15.0542549571344,1.18370912114848,8.22042755403994,38.4800345972082,52.2657222128696,38.9766574719514,2.27849686971949,37.1654265145337,85.7492548463628,325.485579043975
"1350","Miguel Bleis","RF/CF/LF",9.27742120745017,2.87118420938039,0.1562844459109,1.73673126984344,9.54030925686768,21.0707763787273,7.75042891255293,2.58334166862065,8.21036843184405,14.0416211325849,47.9921729427775
"1351","Miguel Pabon",NA,5.37874572173534,0.958766573428699,0.156200406744964,0.348048325931168,7.16185515027385,15.8642264875275,2.97293911661924,0.345182813469163,3.6909083512248,6.84176102784017,13.9853992420183
"1352","Miguel Palma","C/1B",4.89784396728973,1.28061976452878,0.000470619329243028,0.697044948114976,5.80866319325452,10.1281478196489,3.80329081846133,0.00163110100238135,3.19619015910372,6.87597929926273,20.8735980042389
"1353","Miguel Rojas","INF",30.4069496530898,8.4697928607283,0.209961824433519,3.21509705290204,25.3303651095117,26.6549528884148,18.1959509853022,2.94747312400704,20.9315040099272,42.3018013911536,160.860387072584
"1354","Miguel Santos",NA,7.79406799828627,1.113929914809,0.311694884496063,0.519776613758783,6.11938901447839,12.686841457723,4.60706923421302,0.859450166517788,3.84601324792109,9.73946941135011,29.1407489500567
"1355","Miguel Ugueto","CF/RF/LF",6.684221465818,1.59896849848242,0.156452524242772,0.349279447381963,2.05206153746149,8.37204221602859,3.30705996886783,1.03525484222706,3.86148020635441,8.78892193592515,29.15823049831
"1356","Miguel Vargas","3B",65.9887184791635,25.555428118809,1.34419684959447,16.4667765304837,108.145783356909,98.6356881572586,59.2468980155692,7.13036730512113,63.8589885717604,109.355119978051,437.310077078793
"1357","Miguel Villarroel",NA,9.60721695822104,1.91494217380126,0.156301253744087,0.174489992703723,4.43280514792503,16.2015030849449,4.45527049266767,2.23912120474289,6.36734012655435,11.8529503784701,35.170094533831
"1358","Mike Antico","LF/RF/CF",11.0646232841669,2.9141843968313,0.316132152457497,1.23783381041909,11.4067827131841,20.8438254613347,7.36321009566624,3.30456772652403,8.98886033381774,15.5327736438748,52.6710837593011
"1359","Mike Boeve","1B",7.0216323604782,1.28281212634551,0.313073126817417,0.698459074105754,8.54471253600503,15.1835309066064,4.46877943475997,0.690120961787969,4.87577769115201,9.31597668774688,26.8034128466318
"1360","Mike Brosseau",NA,7.53328237369474,1.44845562156186,0.000739544660239044,1.22424156413125,8.56047740550791,15.4102523269376,5.47666526782957,0.519535809286317,5.06166997563505,10.2067191040481,31.3904354412337
"1361","Mike Ford",NA,6.23032346199815,1.8082599244137,0.00453811496055777,1.61719254946372,11.2102704278608,13.3426804251728,5.79375190084849,0.0107815776257407,4.86803220580303,9.66031405083613,32.9797412143389
"1362","Mike Jarvis","2B/LF/3B",6.35386727116192,1.43797546772581,0.312299966490804,0.695164992386059,5.11757792596938,15.6851085593656,4.12684391600988,2.41274020510897,5.69939627485668,8.79930769776459,27.0998653077693
"1363","Mike Sirota","CF/RF/LF",5.21687698136367,1.5962280462115,0.156200406744964,1.39151119589383,10.9084156962383,13.4289282272413,6.27114132345693,0.34577000983002,7.04116142245668,8.36081663021396,31.3947568665271
"1364","Mike Tauchman","RF/LF/CF",25.192277869689,6.83731979388236,0.249132135681004,4.11262502967172,43.8005623267837,42.9725490425383,17.3167803605194,1.37500150279124,21.7447623981242,36.3913548289241,126.311518859928
"1365","Mike Trout","CF",56.1982250481794,16.9062494991324,1.47314452501191,23.9742137026131,143.375131347287,147.913808864543,65.064542506013,3.12350159579301,65.3322913493792,98.5518327749368,373.037204568448
"1366","Mike Yastrzemski","LF",52.1229898450085,20.0217636375516,2.06141104512544,15.510552484428,102.740353763538,105.092463879931,51.2295503561788,4.34713734681461,54.9431916815042,89.7167170121135,345.253809721994
"1367","Mikey Romero","3B/2B/SS",9.92645304279869,4.94233607906539,0.468332294903895,2.42950056643336,9.19609126474973,25.2427729163822,10.5482278876825,0.517040224752673,9.38074767387057,17.7666219832013,61.6706111877008
"1368","Milan Tolentino","SS/2B/3B",9.50569400253684,3.05121092681863,0.31354374614666,1.92271727501337,14.3973996179543,29.2619114644095,7.96705347621459,2.08023104642831,8.76485420755323,14.7931659505155,43.3761753614852
"1369","Miles Mastrobuoni","3B/2B/RF",13.535470818643,3.85031067864331,0.2099997501491,0.734928262271202,17.5705538122693,17.5791309679099,6.96091250500337,3.15626633669447,10.0817319291423,18.3307095097067,64.0870032978054
"1370","Milkar Perez",NA,6.84174111290176,2.23335734296146,0.156183598911776,0.348314514352962,10.5664217935938,17.9431185384093,4.45525339274097,0.17275451683482,4.19427175905965,9.57959656912797,23.208618921454
"1371","Misael Urbina",NA,6.51492372951873,2.71070605147468,0.31219911949168,0.695381270478766,10.5680571535007,15.8561564377225,4.7849111641211,0.517382755963173,5.86697242435289,10.2332101709639,31.4339885215005
"1372","Mitch Garver","C/1B",13.5666910038741,3.85587058475091,0.270777387016846,4.32270578946884,28.5906878838011,36.8717028955814,14.3333018866511,0.633185110907217,13.1132577070179,22.0160447651107,74.6217188315181
"1373","Mitch Jebb","CF/2B",15.1290643212763,1.9155899170653,0.780396951730077,0.000948296252639442,13.6272610527678,10.9740592793715,5.44330331083961,2.92713804623779,7.87492307469183,17.8259994863244,62.2285323206542
"1374","Mitchell Daly",NA,5.8455509987147,1.113929914809,0.155847442248031,0.519776613758783,7.13928718355812,19.6385354071603,3.1262255517874,0.343780066607115,4.18044918252293,7.63510496953051,13.9021889429301
"1375","Modeifi Marte","1B/LF",9.44308059722454,2.39278914636373,0.156250830244525,0.521989305014942,7.49717678449806,12.895593131525,5.27975691965197,0.689272789266731,5.19819824120249,12.5141098788477,40.0852231770371
"1376","Moisés Ballesteros","DH",60.5790118057596,16.1777467950913,0.965164128458376,9.69534475770748,63.7641858018982,68.115802340869,43.9554001385355,1.29376735059975,40.8066850931178,87.4172674870167,327.385962027565
"1377","Moisés Gómez",NA,8.62612175147683,2.71180223238305,0.312148695992118,2.08398103050923,10.9014817702329,29.2506644322937,8.24457357108914,0.688979191086302,7.54115466145396,13.7340537103612,38.0142468383143
"1378","Mookie Betts","SS",91.8704667684214,29.8962654143097,2.20658590823644,21.8776208900986,135.497708650458,73.5269298941671,81.0377200770373,9.02677432487067,86.6312104425344,145.850938981066,640.663891794552
"1379","Munetaka Murakami","1B",55.8454335520691,16.2329249236178,0.650884073961959,29.2480251795715,163.414439625999,188.107072978868,76.9804563971265,9.75383487832245,73.2623678633948,101.97726772922,383.100157957893
"1380","Murphy Stehly","3B/1B/2B",6.19399539074344,1.59823771121017,0.000437003662868526,0.696263019625957,5.12205881211439,11.1659030553027,5.11631312802454,0.517480622023316,4.53054744766461,8.48893312524244,28.1531382955509
"1381","Myles Emmerson",NA,5.8455509987147,1.75046129469985,0.155847442248031,0.519776613758783,6.4593550708383,14.4247649450824,3.61984011259594,0.171890033303558,4.01323121522201,8.27163634942137,21.8165914847755
"1382","Myles Smith","LF/RF/CF",5.21466012836477,0.799517466844492,0.000268925330996016,0.349345994487412,8.86521780947239,13.7780975296344,2.97454650972895,1.20616621492919,3.8595590473069,6.36379251502767,15.2016450883824
"1383","Myles Straw","OF",32.3155138958347,7.61896941596508,1.08979354929535,1.77540749284421,31.4037716351687,38.394152982908,15.3655903738955,7.77160508123194,23.4198871894346,42.7996843539393,151.68676171656
"1384","Nacho Alvarez Jr.","3B/2B/SS",16.8181402282462,3.92419182478504,0.0940288289753209,1.49332885085413,17.9514436850975,23.1032240452273,10.0441760409757,1.24400084373023,11.2155884538801,22.3296897328607,74.9818465272388
"1385","Nasim Nuñez","2B",56.913699261708,11.1316800352912,0.992200365936587,4.21202862301627,68.2332946434616,85.7403967549554,26.9391562718401,26.9329918512626,39.9375802137867,73.2496082859521,253.570323076003
"1386","Nate Baez","C/1B",8.80469304077911,2.55599114773872,0.469021416064572,1.21828559819362,9.55875611661793,15.5258226969188,7.26541561487404,0.173276469155582,6.71442640505375,13.047991202776,44.9201601749414
"1387","Nate Eaton","3B/CF/RF",19.7806099571171,6.23907879666757,0.640306440702801,2.83524035188964,18.0947098475037,34.7471298047561,14.7249341781979,5.44278136758326,16.5860303114009,29.4952355463771,106.517735425299
"1388","Nate Furman","2B/3B",9.02589812657697,1.4148426719229,0.169234172847108,0.921394730118555,10.1419319202648,8.63501499683241,5.91961218881826,1.27084888921389,7.42167362645327,11.5313697014655,45.0887240200224
"1389","Nate George","CF/RF/LF",9.60598161265677,2.23290890531713,0.935908237314363,0.868939603706212,7.83917068714258,14.2900159547145,6.59660961279578,3.96156102695364,9.38024296259538,13.6437383589945,53.2911569156782
"1390","Nate Mondou","2B/1B/3B",11.4270164771525,2.88086714073762,0.469374380561504,0.697460867524028,16.0569346316469,17.2900473587436,7.43876026406026,0.691996727940708,7.39640448640354,15.4747188659757,50.5732692220206
"1391","Nate Nankil","RF/LF/CF",14.47850945715,3.50849620294841,0.312148695992118,0.348896801525635,11.2428542361127,18.9775412028886,7.91347940586628,0.860950779439979,8.87920773902996,18.6480511576161,59.7997341938056
"1392","Nate Rombach","C/1B",5.54135905395397,1.91417816892573,0.156183598911776,0.868590231402608,5.45620298720561,15.6870852314838,4.12590342004143,0.173031804005225,3.85812631852571,8.48031105319409,22.7432255316279
"1393","Nathan Church","LF",39.5045888795884,9.19723692896326,1.00753792058377,3.5812320392146,29.8003228259773,34.6586965682538,22.5329573390833,5.45449652850505,26.2402130942245,53.29059576835,201.396766586384
"1394","Nathan Flewelling","C",6.99917614727565,3.02697868522308,0.31201423332662,1.21469205449941,20.0930267344413,29.0807600832614,6.92144520484676,0.688995502096326,6.86840791213752,11.5528611203248,27.351755212168
"1395","Nathan Hickey","1B/C",8.8251185489445,3.68222818456437,0.157309723735322,1.91767633177566,17.7785479074069,24.6571372946009,8.60545580862184,0.174401928847225,7.57505172193624,14.5823327890198,45.1946471592259
"1396","Nathan Lukes","OF",52.2401255186944,13.8722766272615,1.24549353940407,6.22454235966168,50.9982970907982,50.08400547474,33.1738118481334,2.93140551170622,36.024643576103,73.5824380450216,277.830060381322
"1397","Nathan Martorella","1B",10.4157099066122,2.91745633075476,0.159679628214725,2.11517498618816,16.2481736191642,20.8371766551189,8.86594168426671,0.874880382000316,8.6710473092795,15.6080208517698,53.9810958214858
"1398","Nathaniel Lowe","1B",38.5673887429223,9.0794505860415,0.596214925351381,7.2306991218208,54.6644375205376,59.3170993382124,29.6845906360053,0.478793011616506,27.6455970691407,55.473753376136,196.877119309165
"1399","Nazzan Zanetello","2B/SS",5.86240585052309,1.91363007847155,0.156133175412215,1.21489169581576,11.2443587672271,28.7392850996095,5.605669807085,1.03367267425475,6.70107597777446,9.14706080022261,17.9128872769158
"1400","Nelly Taylor","CF/RF/LF",8.78746589304724,3.66590173255037,0.467962522573775,0.868640141731694,17.7102552776932,26.9884887392819,6.92385629451133,2.41065239582593,8.54294833143388,13.7899702899031,39.4666263550914
"1401","Nelson Quiroz","C",6.48027865972485,1.31096404512855,0.159561973382414,0.360692275966361,4.20178676856529,3.77330385184224,3.05209467730941,0.00521952320762032,3.43681919543182,8.31149695420218,30.3674852265056
"1402","Nelson Rada","CF",26.9651905807039,4.75998796394881,0.502024483748309,1.07628076580841,28.4849516638014,37.9755329467201,12.5343981440513,8.12487638325238,17.3600434213024,33.3034837942094,108.947115613385
"1403","Nelson Velázquez","RF/LF",15.7056544940812,4.95108196953088,0.287030911682001,4.73415215995471,22.1919424930753,34.942090713885,15.3600668436834,2.14486460366795,14.445423163447,25.6779195352488,93.7696227754189
"1404","Nerwilian Cedeño",NA,6.19333541160637,1.59837058162331,0.312232735158055,0.695364633702404,6.82123494995117,15.1609380343792,4.2925277980349,1.03388471738506,5.70029173034492,8.79930336209014,26.5726062507027
"1405","Nic Kent","3B/2B/1B",10.9566913114421,2.24752465076202,0.157982037062812,0.525266749958275,7.87609711384122,15.5733935168217,5.63619317624291,0.864310847504884,6.06356133166823,13.8874647492252,42.7923550610323
"1406","Nick Ahmed",NA,4.76869879673181,1.01791051607555,0.00631974527840638,0.539674198287849,3.56542064376628,8.7042048125552,2.6019652300967,0.886591687197414,3.14733512633987,6.33260325637361,19.5790696016955
"1407","Nick Allen","INF",29.0913242538077,6.7102083092982,0.285713331907788,1.53288710944503,27.7708786674637,37.391885548735,13.5905846614862,4.12547450360714,17.8814375908155,37.6201330044587,122.946306521999
"1408","Nick Biddison",NA,5.70256781518857,1.11809872402112,0.312031041159808,1.04278076213181,6.82257594507486,17.6064463779206,4.95008204834515,1.20645981310962,4.52914728090117,8.17547834250131,22.4761808846754
"1409","Nick Castellanos","1B/OF",58.2127093722815,16.8364714222028,1.54141778154583,11.8049146818348,45.4866086025572,90.8184876818212,46.3760904428418,3.10381834587148,42.8302550981862,88.3955132578649,322.012267009472
"1410","Nick Cimillo","1B",7.16503860755373,3.6670643486653,0.468197832238397,2.25737299597305,10.2256380572804,19.5057794250439,8.57448784136975,0.516909736672483,6.37167087491567,13.5576737844305,48.0058893822667
"1411","Nick Dunn",NA,10.445379749065,2.24106382692331,0.312921856318732,1.04409506746442,11.2782434244989,7.68984371085233,6.77660613346795,0.346128852050544,7.05579804943726,14.0434604997715,54.618263565372
"1412","Nick Fortes","C",42.5358777292565,10.8654214037311,0.589748439923777,6.52602501378286,34.6458207627213,53.0133775510812,28.5940803467819,2.11834872587205,28.8574347141005,60.5170725866942,219.730697320683
"1413","Nick Gonzales","SS",64.5979576204168,21.7599993829066,2.93024682702178,7.54762736275196,51.2781169757715,83.7284505607112,42.8877576602798,2.53150975319299,45.6796193326534,96.8358311930971,348.141304889912
"1414","Nick Goodwin","2B/SS/3B",7.81478118966525,1.2776966154398,0.31201423332662,1.56232446102153,10.2234466750051,15.1592554126587,6.92479679047979,0.861179133580312,7.53938003148634,10.9668164994532,39.655248506405
"1415","Nick Gordon",NA,7.10313899244121,2.19862442228667,0.478971653311425,0.934272224480161,4.69917256956699,13.6124880012429,5.08374948311471,0.746508123440292,5.4667534826315,10.7150072925195,35.788929367852
"1416","Nick Kahle",NA,2.13172506537535,0.642543766085227,0.000437003662868526,0.349861734554637,2.40298450519788,5.42975904289122,1.82517319091357,0.00132119181192889,1.52008676295515,3.12456756967808,8.98352778889856
"1417","Nick Kurtz","1B",67.7028751656343,25.3132049985598,1.74369699537612,34.1471051759828,138.358473395836,168.222426823602,91.3316771059908,3.01595560417044,87.1371213930638,128.906882335553,531.224888803542
"1418","Nick Loftin","INF/OF",24.2148910272696,7.09208600487878,0.368905462099169,3.12022597998573,31.2406636748198,26.6842309444108,16.6350611284389,2.72988016447841,18.3441466815393,34.7961084742333,132.60375732178
"1419","Nick Lorusso","3B/1B",9.11450326947597,3.66698130465709,0.000319348830557769,1.04278076213181,9.88370956903216,21.0730471012433,6.76167789745963,0.861358554690574,6.53729330334663,13.8245846850954,41.3569989982535
"1420","Nick Madrigal","2B/3B",16.6151817450436,4.02534386338229,0.270528750822351,0.338640585864992,9.64677470404926,9.62618222707344,7.18729130179823,1.72065586247317,9.22617977985316,21.2496949451132,77.8393526750127
"1421","Nick Martini",NA,8.75255006258174,2.58849457255194,0.315174105965824,1.58606514089024,13.8054498682277,15.3692727411861,7.35223194272541,0.176016718839582,8.47131616725086,13.2422838819897,48.3341819407533
"1422","Nick Maton",NA,6.5471396230732,1.97968328260143,0.161192333201577,1.77506240258171,13.9884793490122,16.4643102323369,6.26031437761903,0.186308966164609,6.37561515394051,10.4630776414579,35.3744163465107
"1423","Nick Mitchell","CF/LF/RF",8.79166268345736,1.11838107364903,0.624045274486428,0.522355314094908,10.5659638928198,12.0285753876971,4.95008204834515,2.06625251083791,7.20517203100879,11.0564443456877,39.2958018044645
"1424","Nick Morabito","CF/RF/LF",14.5151949822607,3.01416307568067,0.330759282771262,0.743531339969433,12.7743781000338,22.3783839582105,8.06286876566517,4.81504710517132,10.3443837370286,18.603648680682,62.5611373528322
"1425","Nick Podkul",NA,4.40294727062971,0.800846170975845,0.156334869410462,0.870253909038817,8.53316689506206,13.7836844871917,3.79985373319481,0.173031804005225,3.86209888469174,6.23038222005484,16.4667242317778
"1426","Nick Pratto","1B/LF/RF",8.75648838849382,2.81236852632482,0.163528622014605,1.64416076394667,14.7728782525871,28.9132960081525,7.5364665529816,1.06182547755585,7.81086585451325,13.3765463007799,35.6974088414321
"1427","Nick Raposo",NA,6.19167700249269,1.91570617867679,0.156351677243649,0.695630822124198,7.84391323087269,12.7262768832881,4.29239099862131,0.172933937945082,4.52950546309647,8.95936568053733,27.4619525575234
"1428","Nick Roselli","2B/LF/RF",5.70302472382193,2.07331101389845,0.156149983245402,1.21507470035574,7.15730884973257,20.3833829831908,5.60693520166073,0.345460100639568,5.53092466987222,9.14756042132152,24.5734533344027
"1429","Nick Schnell","RF/CF/LF",9.64104511963166,3.04064772897437,0.626482410298579,2.43936617481608,11.6198448407657,31.1004577598643,9.43001063531293,1.55454598636302,10.415217328667,15.7475414337207,49.1536515656605
"1430","Nick Schwartz","C",2.94318408498076,0.322301628744412,0.156200406744964,0.17533846829819,1.37889981475639,7.17736985724312,1.49295043052858,0.17322753612551,1.51744923951705,3.59702458876833,7.95804896236191
"1431","Nick Senzel","3B/LF/RF",8.88641966578782,2.34199551450121,0.162957155686239,1.81617187697245,11.7998578204156,15.194082466266,7.75504050828696,0.892235296665653,7.52947344683326,13.2075442129477,48.721724881154
"1432","Nick Sogard","SS/3B/RF",21.1234447417674,6.39783677764671,0.26333676851038,1.42737351745008,28.1924361874291,29.694166299676,12.3343031657616,2.90194753309967,16.3408970672449,29.2119918053745,100.725587749572
"1433","Nick Solak","LF/RF/2B",12.2645023663175,3.04332174603872,0.156872720072454,1.39591994162978,11.993368482416,12.4412759121377,7.78483396507153,1.03714691938982,8.74858947968493,16.8606167740584,63.2559717852568
"1434","Nick Yorke","INF/OF",33.4943964979901,9.02933309011023,0.603916616060934,3.33160450233471,28.2289644683854,47.000844447686,19.4263929559832,4.33395627148485,22.1908141516154,46.4592507064959,158.560050880122
"1435","Nicky Lopez","2B/SS/3B",15.3575662644452,2.55877580216606,0.758239998116392,0.222321904658034,14.372173449357,12.2219996379645,5.92236891880863,1.46002567297496,9.24420960070304,18.8969039693857,65.8375379750522
"1436","Nico Hoerner","2B",118.577195588828,27.4408244650675,2.89285345162746,7.17066729674131,80.6240443750335,58.8009284233716,57.1872594133166,26.0991998991559,73.8479927374993,156.081540802264,621.31667929194
"1437","Nicolas Deschamps","C",2.45260263652471,0.640434448276704,0.156200406744964,0.348663886656566,4.44336957292384,12.3995534279234,2.47963235449128,0.00137012484200033,2.35339254694174,3.59790137820294,5.22737265469676
"1438","Niko Goodrum",NA,5.35842174882181,1.27306275978171,0.155847442248031,0.693035485011711,11.218879859877,12.860633806459,3.78437829953212,0.859450166517788,4.51488511712476,7.48036743586326,22.4030461836184
"1439","Niko Kavadas","1B/LF/RF",9.62475319922244,3.32762722702844,0.183090786316411,3.60930688969602,23.1486258850283,38.6613765004881,11.9509653326611,0.209256770669762,10.2941558344965,16.7447781022633,48.5490652128785
"1440","Noah Cardenas","C",6.04041869594016,2.07930679129118,0.000521042828804781,0.871285389173267,12.3000386110706,13.103805712931,5.12484599144739,0.345933119930259,5.04332127863047,8.9915319192334,29.0790954792459
"1441","Noah Mendlinger","2B/RF/LF",12.8084575121667,2.73885797025772,0.314434561305585,0.178016989292487,13.0753776207612,9.6701386341565,7.14314844673806,0.870933117574553,8.27376668041177,16.0397670330225,58.6387887703819
"1442","Noah Miller","SS/2B",12.3835232304051,2.71623678242144,0.312299966490804,1.04306358732997,9.89254051252962,17.9547662013869,7.10038153006359,0.517431688993245,8.72109085569138,16.4551235666474,54.2195360506964
"1443","Noah Myers","LF/RF/CF",9.27566126308464,1.91514147942096,0.312148695992118,1.21554053009388,17.7162734021507,22.8205762349292,6.43082313121057,2.92637142876667,8.37652813356795,12.7184919685916,39.2546828260776
"1444","Noelberth Romero",NA,6.360230146945,1.27965645403355,0.156654218241019,0.695996831204164,3.75787723652044,16.040730634376,3.9660848128742,0.862435081352146,3.86299434017999,8.49253765042373,21.8093519354296
"1445","Noelvi Marte","RF",72.7410925617207,21.4325730560636,1.55569687895985,15.2593537842937,61.9488980890084,109.317580389036,56.6690835160406,13.5762322346753,57.2638603017775,110.988716281038,421.479772673436
"1446","Nolan Arenado","3B",85.6448798120844,24.7644034536628,0.959131925551182,15.236832827884,79.1177230369288,77.1552367149257,67.1374340855711,2.87949621364263,58.594694233201,126.605248019182,503.665297663454
"1447","Nolan Clifford",NA,5.52079816545277,0.795664224863569,0.155847442248031,0,6.4593550708383,11.2965026678356,2.46807280404269,0.343780066607115,2.84270544411559,6.47230983256437,14.8823442539826
"1448","Nolan Gorman","3B",54.5501786197161,17.7326498228397,0.511288352173816,20.3771070808529,98.2519277003229,157.470654161623,61.4533719186807,3.68725262171927,54.4972864670156,93.1712238755825,321.567476242286
"1449","Nolan Jones","RF/CF/LF",25.5031742695136,7.61007612050864,0.687151389672999,4.67288412936561,41.9752603297099,55.7179995955101,19.1750985102011,3.81604701804067,21.2210632242974,38.4732859090609,126.917098172163
"1450","Nolan Schanuel","1B",96.4323853622506,23.1376459737376,1.43109951107705,12.2991010550893,135.942327052584,81.4895923465427,57.6667810000751,6.01177035996708,69.0419662273903,133.300231902155,514.028769108513
"1451","Oliver Carrillo",NA,5.21454167057094,1.43651389318132,0.156133175412215,1.39019689056122,8.52727959939708,20.7369630415502,5.28037251701314,0.173031804005225,5.03148498517676,8.19738562972569,20.2594540695115
"1452","Oliver Dunn","3B/SS/2B",9.32609725273382,3.23914614047372,0.497164902276551,1.49653854551683,14.9489238990892,30.5112362266473,8.05120566504038,2.38300641413901,8.29384468834077,14.5589468410009,40.6167526454529
"1453","Omar Alfonzo","C/1B",10.9004407819129,2.87042020450486,0.156217214578151,1.3895480562831,14.6494487257173,26.9868551259611,7.58430043243373,0.172689272794724,7.20608376750591,15.316626257279,41.2775959211206
"1454","Omar De Los Santos",NA,6.51556678611383,1.2782114882907,0.468601220234891,1.5633892147087,4.77587838810812,23.5211692260981,5.77496177364353,3.61915108518852,6.70457639468305,9.82576870934812,28.960407728348
"1455","Omar Hernandez","C",7.33117182850343,1.5979719703839,0.156301253744087,0.175088916652758,4.43627211092774,13.2415605518092,3.63372525307562,1.20639456906952,4.52913099989229,9.26053396928418,26.3451334059111
"1456","Omar Martinez","C",8.30067509399388,1.75544393519242,0.156250830244525,2.08308264458567,14.3098424485369,24.9051695963007,7.41935184725677,0.172738205824796,7.37279702353164,12.2954525040165,35.2632685218005
"1457","Omar Narváez",NA,5.89915698532721,1.32715762672942,0.159276240218231,0.542069894083991,9.81665237394196,9.54871136482187,3.42303167174118,0.00756830865104946,3.48991156538029,7.92766074635885,24.426702209445
"1458","Oneil Cruz","CF",64.8859309620832,22.525882534267,3.02277732276698,22.2958722572457,116.445056029348,160.938130555719,65.8832378373396,27.5537300019012,73.3602713172759,112.730463076363,439.509551781424
"1459","Onil Perez","C",7.85238307793659,1.60639263281635,0.157326531568509,0.177284971132555,8.90842401821368,7.71168512095198,3.98126954778301,1.38259070901937,4.88553001546944,9.793387213454,34.3707674010329
"1460","Onix Vega",NA,4.89356256416972,0.800962432587339,0.156368485076836,0.175255284416379,5.46951481684808,7.85842483309478,2.64596603373087,0.173651622386129,3.024836815548,6.02614876625028,17.7039411933112
"1461","Orelvis Martinez","2B/3B",13.1804010889107,5.06007161690743,0.250757055342032,4.6292072395599,20.5386265740174,38.7060017152782,15.1140266864129,0.326502220990979,12.9189710004173,23.1204370007201,78.4640166409743
"1462","Orlando Arcia","SS/3B/2B",23.9676641316941,6.78071662598699,0.07197502212987,3.87644209473554,23.5273104403244,36.6166165929148,16.5157684705485,0.40443369518997,15.5283053916113,34.6967978745465,118.476277542528
"1463","Orlando Martinez","LF/RF/CF",9.1860856220357,2.57387882710705,0.314081596808652,0.704747775570626,9.61789073085279,13.693549476616,5.32739731543569,0.521721484629508,6.08282176516993,12.778793821522,41.8910579006215
"1464","Oscar Colás",NA,10.744988728387,2.68240073703531,0.327527863358453,2.17137401673931,10.7450283637237,23.0935024300491,8.61311119130831,0.731779281388789,7.88652370276549,15.92629134552,51.7683642959438
"1465","Oscar Gonzalez",NA,10.1729298666835,3.09919375476211,0.476719403664333,1.78061908588665,5.90835473318142,16.3629608619119,7.60129506733528,0.359357081179857,7.1952937334969,15.5294621109965,54.7758611728405
"1466","Osleivis Basabe","SS/2B/3B",13.0161402000367,3.34933014037242,0.46829867923752,1.21517452101391,8.51723848956849,13.9343285351713,8.57152955405081,1.0332975210242,8.87797038235529,18.0489435406605,66.6267506061297
"1467","Oswald Peraza","INF",34.9457984333036,8.61990303735355,0.275781409518487,6.82400903385054,36.3138114226579,67.3211123254182,24.3898499303541,9.04647104332181,28.1581590946066,50.6654919140261,175.913336442885
"1468","Oswaldo Cabrera","INF/OF",24.8974168999907,6.63221936421654,0.343571585695417,3.9606081406411,27.5205438640657,36.5511323796499,17.0816922863752,2.71607292442841,19.5035598885472,35.8338159905437,129.452827648863
"1469","Oswaldo Linares","C",4.07970054360368,1.11952708096232,0.000403387996494024,0.349063169289256,6.4865347524916,12.3862394793586,2.64622253263136,0.173423268245796,3.02433210427281,5.54869418185175,12.2713443361697
"1470","Otto Kemp","INF/OF",35.3635093570037,12.0853248697038,1.19227843277575,8.12659371755653,39.2039635035631,76.9722296093328,33.312455906746,4.89502063115994,33.7894448995723,56.7677063770398,204.17747384719
"1471","Otto Lopez","SS",96.401755706845,24.8629650441205,2.71513556567873,11.0753279322985,77.6085487070606,84.9307867361335,58.1263053987658,15.7559636851194,62.7088077730464,135.055184248943,520.345062839999
"1472","Owen Caissie","RF",54.9768812307834,19.2774153693781,1.41181684028421,11.9823456570543,79.8845353865245,130.286498664679,46.8566360680395,4.11243517891905,46.6460835130254,87.6484590975,288.322119408914
"1473","Owen Miller","SS/3B/2B",12.3120331603605,3.74333196580496,0.160755329538709,1.24230910326049,9.0577650849152,13.9354222648997,7.58446873946336,1.57976280785984,8.37365066987324,17.4584295589646,63.7695185638544
"1474","Ozzie Albies","2B",87.7097152449899,27.2106033237324,2.02622286353307,17.4633808893782,89.7342993313501,88.345805313517,68.9052422122047,10.4036006102277,69.2287801644069,134.409922321634,547.074776357156
"1475","P.J. Higgins","1B/C",10.3163653324745,2.98209778674508,0.160620866873211,1.08824907192942,8.85160417614091,17.7318658538334,7.00615554947677,0.00996602712455004,5.94196702611772,14.5473330580222,45.4363086592321
"1476","P.J. Hilson",NA,7.81818262060249,1.91585565789157,0.312283158657616,1.21730402838826,4.4366645973054,16.0303898620551,5.44773219185467,1.03408044950535,7.20681641290538,11.2636254655399,37.6414496492017
"1477","Pablo Aliendo",NA,6.35347805269646,2.23435387105998,0.156200406744964,1.73721373635794,7.16182244307571,25.6096179149068,7.09268656304899,0.173031804005225,5.53466930191397,10.4812460668593,26.3929038482631
"1478","Pablo Reyes","2B/3B/SS",7.63415302004704,1.83501670385882,0.162873116520302,1.08803279383671,10.2170286252641,11.2516179550507,5.15880375363446,1.24449708848515,6.41294750729587,10.7200756342629,39.149718615563
"1479","Parker Chavers","RF/LF/CF",7.65387703418623,1.75624115767124,0.312484852655863,0.52197266823858,11.9289025948845,17.4236201475204,4.62098857454609,1.72281497544129,6.53691884014245,10.2445757127519,30.1379582485638
"1480","Parker Meadows","CF",53.3033336745212,15.0292094038802,4.69847666892988,10.3775139181395,76.0521584125904,103.303593322675,41.0164646900884,11.3246087186411,50.6808228014852,83.4085336654709,305.502608380111
"1481","Parks Harber","3B/1B/LF",7.16761083393413,2.86997176686053,0.312215927324867,1.21637236891198,8.86335349917848,16.0341635088262,6.26826853577148,0.517138090812816,7.03865414708959,11.5661708970315,39.6319306841884
"1482","Pascanel Ferreras","2B/SS/3B",9.67857931773508,2.89348982998548,0.626768143462763,1.22307698978591,10.9797500953789,24.5265866904676,7.13871956572299,1.04274159582799,6.58818773709668,14.4219142809692,41.3250621373565
"1483","Patrick Bailey","C",63.6951333505272,18.4133238514577,1.37622978857579,9.29101354643896,71.0871490386193,122.136611582505,44.7101334505811,2.06309056395281,45.7813009099895,92.7757005369997,297.783839020943
"1484","Patrick Clohisy","CF/RF/LF",14.6398028310944,3.02983539910549,0.468080177406086,0.868972877258936,11.9219032544828,21.4135092446363,8.07803469272916,6.19777887191229,9.5486006005177,19.0066912848649,66.0038931608122
"1485","Patrick Lee","RF/LF/CF",5.86404733709479,1.75458027750705,0.31201423332662,1.0418657394319,10.2253763996953,26.4792984484476,5.60628540444617,3.27176628536614,6.03324609313893,8.97250758736036,20.8537280590407
"1486","Patrick Winkel","C",6.19160931232479,1.91608818111455,0.000319348830557769,0.87003763094611,5.80110783048447,15.3450221470364,4.12942600494145,0.000897105551309742,3.19242924605309,8.97805447321601,23.4387334007714
"1487","Patrick Wisdom","1B/3B/RF",5.001245844829,2.61334690093328,0.175996227706981,3.45824265645348,14.0802444794271,29.9353748795077,9.4629892510943,0.577591923195256,8.14315390477639,11.2488316299227,35.3349224150341
"1488","Paul DeJong","SS/3B/2B",12.1759400810337,3.62984436960848,0.0348213455283631,4.27995407641482,13.6398320783669,35.5544484592971,13.3007043163309,1.08629650627169,11.2425399300005,20.1205598725853,66.9761212009716
"1489","Paul Goldschmidt","1B",57.4271018983499,18.0003001770823,0.29983717136083,12.0555933481141,67.6845288333469,89.5006294090763,45.0573671942229,4.391335827594,45.90664683821,87.7828325949071,323.969972799818
"1490","Paul McIntosh","C",7.76719037525951,2.10913619904005,0.158015652729187,1.58566585825755,9.70669077379949,14.5023856864239,7.18271767711979,0.351641973438593,5.96027888622799,11.6200080852863,41.0344421854925
"1491","Paul Witt",NA,3.92876376534869,1.60182521236483,0.00067231332749004,0.872682878387683,3.77001160702991,8.7523645244501,3.97490837505094,0.00194101019283381,3.36866689227197,6.40394416942869,22.0262027355346
"1492","Pavin Smith","DH",52.0403119865911,16.9077339522231,1.07073498297807,11.5423546040558,96.0062316454019,100.91857493466,45.8003571944385,2.4325033604808,45.8108131564522,81.5611355258481,291.484773084602
"1493","Payton Eeles","SS/2B/LF",11.5751610359814,2.07927357368789,0.624566317315233,0.523969081402031,12.9736909417478,14.4866788899422,7.43120209645925,3.1037908944683,9.56283020227635,14.8029700083866,54.9203677809458
"1494","Payton Green","SS/2B/3B",8.95488522718714,2.39406802409016,0.312232735158055,0.868706688837142,8.86116211690319,17.9412398830903,5.93816616629718,0.86189681802136,5.70042197841594,12.5298926752725,37.7735766663794
"1495","Payton Henry","C",6.19423230633111,1.11964334257381,0.000302540997370518,1.39011370667941,5.45859061266973,12.2102254165063,5.77566287063819,0.172803449864891,4.86532528345286,8.70429189658171,30.0070314218016
"1496","Pedro León","CF/RF/LF",13.244423655989,4.69442997336066,0.365308912069023,3.92313439045166,16.4551411867854,36.8055198457814,14.8893151695311,3.93713606718757,14.151750151686,22.2272969318704,80.049023307088
"1497","Pedro Pagés","C",46.4968415812493,12.6617926647274,0.691633325035329,8.77182595397582,44.5049299615231,87.5964194548094,35.3073140975047,0.864476323682466,31.7037267253808,68.6220935249878,226.505915443447
"1498","Pedro Pineda","CF/RF/LF",7.32749963689458,1.43653050198296,0.468012946073337,1.21598972305565,7.49861590121617,22.8227162683795,5.93743086944912,0.517382755963173,4.6959256609624,10.4480328080065,25.6926470053114
"1499","Pedro Ramirez","3B/2B/LF",15.9414710032324,2.87103473016561,0.624246968484675,1.21462550739396,12.600984980051,19.8427619720635,9.06466531691177,2.41016306552521,10.2163002370822,20.6513782092767,71.5659064646026
"1500","Pete Alonso","1B",81.7583958038798,28.7491455626952,0.971627176536908,36.716594272017,129.351274927627,150.4668370567,103.264854100186,2.36105028942041,86.9796741976194,148.195762815129,627.568212707731
"1501","Pete Crow-Armstrong","CF",81.4748320275321,27.469781605947,5.22148319853855,23.1334510778649,71.1717781761628,146.594866035104,76.3225423347938,33.1599403403082,83.4346082518608,137.299547909883,565.533969858125
"1502","Peter Burns",NA,2.61844817426081,0.322185367132919,0.00033615666374502,0.175388378627276,3.7656942568756,4.56115669414214,1.98647949170362,0.173602689356058,1.68517191809316,3.11635807668475,9.48219445140719
"1503","Petey Halpin","CF/LF/RF",15.7191535860107,4.41503171719574,0.56500261116463,2.18878533133239,17.4813384373345,35.9116321975814,11.0343867894905,1.88851377264852,14.0198277576195,22.8879732457035,71.8064087928097
"1504","Peyton Graham","2B/3B/SS",8.30399191222123,2.5517060769151,0.156234022411338,0.868107764888107,8.86253581922501,17.2456457486832,6.5944037222516,1.5496689943659,7.2043091375383,11.8800397764358,39.2113528511821
"1505","Peyton Powell",NA,7.16515706534756,0.799600510852702,0.156200406744964,0.175405015403638,9.88420017700424,17.6051068149975,3.13850329915736,0.00135381383197652,4.52789364321763,8.29636299834887,16.5899493068096
"1506","Peyton Stovall","2B/1B/3B",5.70442929480596,1.59614500220329,0.000302540997370518,0.348231330471151,8.86554488145378,11.1593195936197,3.30288758675325,0.861815262971241,3.85947764226252,7.64910816847778,22.4536294794121
"1507","Peyton Williams","1B",6.8412842042684,1.91607157231291,0.156234022411338,1.56345576181415,8.52198103329861,20.5568322731294,6.26929453137343,0.000717684441047794,5.36693034232898,10.4770455608068,29.4301538700125
"1508","Peyton Wilson","2B/CF/LF",10.6980886947655,2.74967030012661,0.629406973273161,1.22708645288917,13.7677711759719,21.9794426985718,7.49669481571684,2.08483075125503,8.29455752874792,15.3042524210544,49.4991412656517
"1509","Phil Clarke",NA,6.85524530139885,1.28171594543715,0.000487427162430279,0.52300414837303,9.23102255236191,6.47020974052442,4.13424818427059,0.34563952174983,4.53841117495228,8.66045282237145,31.3811508524437
"1510","Phillip Glasser","LF/2B/RF",15.6172089236878,2.8710679477689,0.468214640071584,0.868773235942591,13.6273591743622,12.8881928631816,8.5716663534644,2.58270553922972,10.0499940062784,19.8252647474709,74.2057842139435
"1511","Phillip Sikes","RF/CF/LF",7.05947116433719,2.57206846772809,0.157746727398191,1.22765210328548,9.27619119299152,22.1147634536019,6.31512233492704,1.73356393104698,6.9189278826834,11.016938462749,32.4741843156833
"1512","Pierce Bennett",NA,6.51774979402877,0.959181793469747,0.312232735158055,0.521856210804045,7.16414465414357,9.07127930814121,3.96199793039312,0.345525344679663,4.36155485039608,8.31102053346062,27.6800763139075
"1513","Poncho Ruiz","C/1B",7.00337293768577,3.3476194338033,0.000235309664621514,0.174689634020068,11.2479238518243,15.3342076268525,4.29006540859023,0.000962349591404996,5.36460215805954,10.5259173151738,29.7713331901027
"1514","Quincy Hamilton",NA,6.63378766436023,2.11111264643544,0.316468309121242,1.58776209207917,11.7863244792919,18.4107325790317,6.20369652031829,1.04972270811818,6.4726619729808,10.6491307119961,34.7700762992893
"1515","Quincy Scott","LF/1B/RF",7.16646010107974,1.43658032838789,0.000302540997370518,0.348580702774755,8.18276724249589,17.2554147563418,3.96151913244554,1.20587261674876,4.19394613888211,8.95192367323975,21.4446216701608
"1516","Quinn McDaniel","2B/LF/CF",9.60136175869724,2.23251029407773,0.468080177406086,1.21530761522481,13.6245136481242,26.6420802434011,6.92390759429143,1.89382421420356,8.37488375167135,13.5172598454059,37.9169083475472
"1517","R.J. Yeager",NA,9.70435234916498,2.26140960893465,0.157477802067195,1.23224385356142,7.24143176334543,13.1989800250032,6.83281359252792,0.697004208018019,7.94252182354986,13.3554836137283,48.6129072140306
"1518","RJ Schreck","RF/CF/LF",8.58842503231308,2.39378616787656,0.332971717968306,3.17255117933046,18.718550655424,19.6323368064634,11.0457603919487,0.766817633225138,10.079783592322,14.4877340974884,58.3006102453022
"1519","Rafael Devers","1B",81.8156042447348,28.6136663374212,1.00564871626826,30.4530999642963,179.624296099364,158.360564020169,90.9247015561457,2.23393688254378,87.9692514909052,141.88801926272,570.415647360434
"1520","Rafael Flores Jr.","C/1B",21.3714005024524,6.51732242678735,0.22207657826709,3.87695879980703,21.7787731631862,42.4323838008336,14.6912723049986,0.759408474653206,14.6109861641811,31.9877583073138,102.184910047683
"1521","Rafael Lantigua","2B/3B/LF",12.6724125708509,3.38905839389987,0.158839236555362,1.05347820933264,18.2810360313182,16.7563116321654,7.99858574104774,1.91406617764312,10.8195964774052,17.2737884106388,62.6644734908554
"1522","Rafael Marchán","C",22.6534032550211,6.41734586459166,0.214935706074718,2.55970749940055,25.2236786432551,26.3714940178231,15.2371473165244,0.708157206887095,15.3595069275202,31.845392325088,114.995834183315
"1523","Rafael Morel",NA,7.97592226073195,1.59529795331955,0.156082751912653,0.695298086596956,10.9044254180654,26.4709996927778,5.11284184290462,1.72177107079977,7.20347880608556,10.4226010525611,22.8282529016313
"1524","Rafael Ortega",NA,6.76959569008841,1.94090173076757,0.158015652729187,1.0578869550686,12.0826918405329,13.2486091976904,5.01817395646099,1.74043086626701,6.10812245296507,9.92640002865376,34.8279120653957
"1525","Rafe Perich","3B/1B",8.13953402292718,1.91391242809946,0.156149983245402,0.69564745890056,12.9458898233299,18.4659495004726,4.94943225113058,0.516958669702554,5.5320806215025,10.9052438931726,29.5614084926728
"1526","Rainer Nunez",NA,10.9825151104979,2.09402218954591,0.157360147234884,1.74905912112775,8.24301390146746,18.7670983437013,7.80395168312113,0.175772053689225,6.58805748902566,14.9829565684064,48.4054724347529
"1527","Ralphy Velazquez","1B/LF",11.8753084932098,3.98536325621401,0.935824198148427,3.29705931770151,13.2843513485754,24.3691717108714,11.8655422788472,0.00101128262147644,11.7227435145983,20.0935552652737,75.2489807666323
"1528","Ramon Mendoza","3B/2B/LF",8.46762059695844,2.07522102608727,0.156351677243649,1.0424813001573,11.5899504616669,15.5061049841362,5.93893566299864,0.345150191449116,6.3705149232854,11.7416746004467,37.8888878759834
"1529","Ramón Laureano","LF",66.6977187995859,20.8138631857283,2.51110187755311,19.052170072837,73.4115228080651,131.877095804179,62.371487486395,8.31407796727612,62.8474381114656,109.074853935704,411.873046727416
"1530","Ramón Rodríguez","C",5.63879905065349,1.14445689222683,0.00216821048115538,0.709772082031979,5.23470240250424,4.64349080551253,3.86408105787666,0.178887456603774,3.09030275224313,7.49519623539345,28.2534787266765
"1531","Ramón Urías","INF",45.0508887692211,12.6950867674534,0.810968706367516,8.25083322724432,44.4200612596666,67.2274972753935,32.5002955441838,1.88017922718294,31.8923366779664,66.8077774702863,238.53817044672
"1532","Randal Grichuk","OF",23.2383010539332,8.13473514843225,0.565857378221047,6.46284181328017,22.6642709126699,37.7075358958807,20.5517060513389,0.450080941105134,20.2942198929985,38.4017353938667,147.448652515877
"1533","Randy Arozarena","LF",81.128168402791,26.6785568866345,1.63840777141936,22.6421334096441,131.43620656654,170.889857188265,74.8164416512997,24.0714584368786,84.1262321467686,132.087266470489,506.267847116555
"1534","Randy De Jesus","RF/LF",8.94945309121275,2.39122791900939,0.156116367579027,2.4298333019606,10.2194891040303,33.2536387721095,9.06446011779138,0.344807660238615,7.03694464115749,13.9266306797618,34.9654262464125
"1535","Raudelis Martinez","C/1B",6.8418595706956,1.27789592105951,0.156217214578151,0.521806300474959,7.84437113164664,8.54642266556002,3.96196373053972,0.34508494740902,3.85985210546669,8.79777900680821,29.1695643899207
"1536","Raylin Heredia","RF/CF/LF",6.35498415893235,1.43749381247819,0.312182311658493,1.56330603082689,3.41473858194107,14.9953790967803,5.61057748604764,0.51762742111353,5.19871923348656,9.66796631389593,32.0872205138311
"1537","Rayne Doncon","3B/SS/2B",5.70356624516517,2.07402519236905,0.312131888158931,1.0423482059464,7.50061104030263,15.6838506771086,4.45645038760991,0.345117569429068,4.36145716434281,9.13207153163955,26.700722625718
"1538","Raynel Delgado","2B/3B/SS",13.0509498688819,2.24312331832691,0.313392475647975,1.04446107654438,12.6440603599998,17.6534127608948,7.10956419070101,3.45283941731311,8.06416924700356,16.6519267394012,56.9322318115824
"1539","Rece Hinds","RF/CF/LF",13.6367034523959,4.94923518484631,0.565288344531024,4.71975794279394,13.5032551668261,39.2680721973879,15.3207294942292,3.29361697597186,14.3462859163664,23.8709849245672,85.5446006651713
"1540","Reed Trimble","RF/CF/LF",6.67973699219428,2.23423760944849,0.312535276155425,1.91052251793995,9.2051838658323,15.3366417107005,6.7642599863912,2.06726379345938,8.04448550727106,11.1370323957381,43.5413404792148
"1541","Reese McGuire","C",11.1288370456587,2.60511655657542,0.0805527204540114,2.05346320058362,9.29720505629252,18.4880834171271,9.38451008024136,0.423050587007387,7.74098078296588,15.8679695232717,55.590978202137
"1542","Reginald Preciado","3B/2B/LF",7.4912637019676,1.59597891418687,0.156133175412215,0.521872847580407,5.45482928488378,19.1637326767297,4.29078360551159,0.861635841860979,4.86195511461529,9.76524863914709,23.620251610452
"1543","Reivaj Garcia",NA,12.0451646733943,2.23485213510924,0.312316774323991,0.174140620400119,6.81600179824897,14.279626173994,5.11427823674734,1.03365636324473,6.87023138513176,14.7664742032276,46.4198699657703
"1544","René Pinto","C",5.30310962890647,2.32706420182513,0.00356326063569721,1.98463935663309,5.00329153676683,19.0353041875205,6.51601227378816,0.188445708477728,5.7526394487616,9.61837644800039,30.5650313805039
"1545","Reylin Perez",NA,3.9168333732554,1.59740727112808,0.156351677243649,0.348464245340221,4.77918181512013,17.959634369083,2.80990572323258,0.862223038221836,3.19045924397896,6.01905656696735,9.91562669888847
"1546","Rhylan Thomas","RF/CF/LF",18.9529541700541,3.94461836708442,0.169457546078499,0.785183083951832,12.4417288241229,8.65962061105834,9.12497124255119,3.21947605270133,12.3928713211551,23.8522131671689,94.2734202179528
"1547","Rhys Hoskins","1B",44.851239421353,15.104343044761,0.51600037825792,14.9885557625654,87.8273405892318,105.89025399631,48.3394184177984,2.45610189652966,43.6664654067431,75.4601386069374,276.054158634546
"1548","Ricardo Genovés",NA,4.89070265457573,1.43822459975044,0.000386580163306773,0.869804716077041,5.80362628474115,13.2603634411321,4.29310919554267,0.00119070373173838,3.86092665205259,7.19911855056651,20.5406306702026
"1549","Ricardo Olivar","C/LF",10.2029381599758,3.06287030557125,0.157897997896876,1.58014244850533,12.7550031760864,17.0647549544699,7.66398609085157,0.8716508020156,8.29203397237196,15.0038489119493,52.893556293498
"1550","Richie Martin","SS/2B/CF",7.6544693231554,1.91540722024723,0.62507055231085,0.347832047838461,7.84280118613598,14.9882728788346,5.11381653872647,2.92761106552848,7.03829596489429,10.5427791435519,35.9288325893547
"1551","Richie Palacios","RF/LF/2B",29.3472336183023,8.10594732885099,0.50270825687419,3.31458896559993,43.2397609409273,41.0243588472798,18.4174766586123,6.5524377057367,23.3807374488317,41.2704781696274,150.192858214182
"1552","Ricky Cabrera","3B/SS/2B",7.65438471044552,1.91462660657006,0.312064656826182,0.868640141731694,5.79594009317854,17.5969714206598,6.10133635909743,0.689908918657659,5.53168987728944,10.7497161155735,32.1197884265227
"1553","Rikuu Nishida","RF/2B/LF",14.9671448132787,1.43696233082565,0.312417621323114,0.000765291712656392,17.0333322272021,13.5838360059883,6.59383942467052,3.44346058654942,11.3863212969134,16.7172900571402,60.0557489221754
"1554","Riley Adams","C",12.2729751716336,3.95919664774187,0.257015982860726,3.1620742346342,14.8007590372163,35.574470789065,11.3642494438645,0.354244020293055,9.98256405145889,19.6512620368703,59.0398241545284
"1555","Riley Greene","LF",86.4521126647322,27.2670921573495,3.24262452618959,28.0705924388102,116.330654627782,172.958790232435,88.1643784744357,3.7672023673727,82.5394763925735,145.032421787081,554.57365088935
"1556","Riley Tirotta","3B/1B/RF",9.15865418149213,2.56517581504669,0.313207589482915,2.09130121210855,14.3793452445817,25.372873881254,8.44266181420897,1.21073329773586,8.07935942828597,14.1283387981303,44.2103916837058
"1557","Riley Unroe","2B/3B/LF",7.49131446959353,2.0750383292692,0.31219911949168,1.0418657394319,11.9325330938779,13.6012176517221,5.11479123454832,1.72261924332101,6.53750495646203,10.9204176577863,38.3599845425165
"1558","Rio Foster","LF/RF",7.32782116519213,2.71010813461557,0.312031041159808,1.21620600114836,11.2481855094094,20.5598544577729,7.08955727646305,0.861016023480074,6.53647925290277,11.5661663421159,35.6084853418008
"1559","Ripken Reyes",NA,8.9457762732355,1.95390642245319,0.63149114458838,0.52887693042885,11.7864553080845,11.3376284875895,7.00909942910639,1.04606904187285,7.97807954693761,12.0600507707059,45.6792913453616
"1560","Rob Brantly",NA,3.43772540825927,0.962271030575143,0.000537850661992032,0.349462451921946,2.74039940010297,4.73199220276735,2.97877019162363,0.00159847898233372,2.19102632028622,4.74999674141835,16.7011271000449
"1561","Rob Refsnyder","OF/1B",31.1416080251729,9.59054418467246,0.352665140898926,7.20469965781422,49.6411323942461,62.8380883522302,27.1031430943071,2.74542785462039,27.4553793832988,48.2895170085585,171.244386445585
"1562","Robert Brooks","C",2.61655284955947,0.642028893234328,0.000403387996494024,0.523286973571185,3.7614750283157,10.4829530879988,2.48286424063742,0.00135381383197652,1.35213615025476,3.78227210436147,6.9129140197506
"1563","Robert Hassell III","CF/RF/LF",47.671073193791,11.2003153110821,0.522463196522774,5.10486915935492,43.301787648384,72.5600622384751,27.7704931973693,6.94398510029044,30.00688650408,64.4987208607508,213.217314327709
"1564","Robert Moore","2B/3B/SS",8.74881018080498,3.07162314403654,0.158435848558868,1.05655601295963,10.703432246597,19.7071386029708,6.67971525655344,1.22250984697305,7.29299179289228,13.03542518636,41.1525167325612
"1565","Roberto Campos",NA,10.0905217136273,3.34952944599212,0.468231447904771,1.04209865430097,9.54079986483976,21.2448791139942,7.58390713411965,0.688979191086302,7.53999870982368,14.9503812618251,46.8314380112154
"1566","Roc Riggio","2B",7.97864678999013,3.34966231640525,0.468096985239273,2.2568239823531,13.2895190858813,17.0688802237033,8.24493266954982,1.72340217180215,9.04821661730737,14.0532300739878,55.1636896908624
"1567","Rodney Green Jr.","CF/LF",7.64949409581437,3.02809147493309,0.467912099074213,1.56269047010149,13.2829776462536,32.0324855413932,7.41808645268104,1.37745274086187,7.53892416323778,12.7081881399232,31.0785293185429
"1568","Rodolfo Castro",NA,9.51266608983107,2.73379228575694,0.313207589482915,2.62165881563362,12.6941350803502,21.9212697282166,10.2832420390784,1.38997959656015,8.77385760546231,15.1813247807045,55.2949677666216
"1569","Rodolfo Durán","C",8.48400008083323,2.5912461478738,0.184414380630723,1.77237638621418,6.99175257604671,16.444303879507,7.1343434613939,0.222678824619248,7.01483321847932,13.0320369955519,45.3008666794191
"1570","Rodolfo Nolasco",NA,6.83727356182002,2.23239403246623,0.000302540997370518,1.39034662154848,10.5634781457613,27.1720174234101,6.59672931228267,0.689435899366969,5.53278070488422,10.4603167568321,23.4319177427265
"1571","Roismar Quintana",NA,7.81750571892344,1.43704537483386,0.156200406744964,0.348747070538376,5.11715273239358,14.9882075343018,4.12686101593658,0.17309704804532,4.02653279947466,9.75949857104064,25.4124664422156
"1572","Roman Anthony","LF",84.5093746128562,29.8797559059528,2.52895559416475,17.975730855227,150.286310806289,145.039243954803,68.3398410198852,9.05004346208514,82.1840181980845,134.893816968201,508.080969289817
"1573","Romeo Sanabria","1B",11.8838712994498,3.03171219369102,0.000285733164183267,1.73689763760706,13.6304990653836,22.9900885167645,7.91797668658815,0.345019703368925,8.0463089802653,16.6527668639121,51.5204940180346
"1574","Romy Gonzalez","INF/OF",38.7397341488271,11.5541177546277,1.63187107804229,7.08028304919655,28.7348083707131,60.3384973016771,30.2866207026328,6.65635798382848,30.0418486266387,59.0060060306937,219.723057161806
"1575","Ronaiker Palma",NA,6.68376455718464,1.11990908340008,0.156301253744087,0.175088916652758,4.10052528312772,5.59174036731747,2.81115401788162,0.345329612559377,3.35893084896342,8.13506381098157,27.2866438858782
"1576","Ronald Acuña Jr.","RF",92.8180142363375,25.1536053277391,2.13029323010189,29.2334480999525,175.346568456947,130.534737679764,82.0802983955819,25.3864775916658,102.841445617726,149.335360894131,644.894102695403
"1577","Ronald Hernandez","C/1B",9.27665969306124,1.91399547210767,0.312064656826182,0.868407226862625,10.2240026973735,19.8571541054201,6.26517344903894,1.7217221377697,6.86972667385657,12.3711270488577,37.2561957681662
"1578","Ronald Rosario","C",8.95353142382904,2.2342043918452,0.156250830244525,1.21612281726655,8.18011795944665,17.7667450806264,6.26823433591809,0.345166502459139,5.53356219331032,12.5601094631853,38.255620844751
"1579","Ronaldo Hernández",NA,6.53978294368191,1.92313031301072,0.000722736827051793,1.22172941090058,5.47949051228039,10.6722320910164,5.13590964402172,0.174010464606653,4.04602116710064,9.68536540442026,33.32956941734
"1580","Ronny Mauricio","INF",29.1423252016381,8.06391140084573,0.307043915773232,6.37296389000752,26.8288883404812,50.4397691833976,22.210054293202,5.55033525132776,22.9263481493894,43.8862444082646,159.70259263773
"1581","Ronny Simon","LF/2B/RF",13.6159776072294,3.50525339573219,0.50080246270906,1.32430692379547,14.0372227134731,16.902311524834,8.21992063056325,3.32541854351752,10.6520305657177,18.9463403894661,70.6138584758997
"1582","Rosman Verdugo","3B/2B",8.46144386913709,2.39156009504223,0.312047848992995,2.0816685185949,16.3462045308918,35.6848529990936,8.07497380585002,0.51694235869253,8.87591897523677,13.2467203317672,30.7838044848003
"1583","Rowdy Tellez",NA,29.9574701104042,8.47179064903558,0.0941010340926665,9.98035599404672,38.5462021155126,57.5796496459617,30.6938788431057,0.747351333772436,24.5723287417612,48.5037177875792,182.546123334776
"1584","Royce Lewis","3B",68.5546022954008,22.6518913201382,0.523322446703757,18.0903393459664,72.7029788221595,103.269721726569,61.2835178652317,10.5619417192069,56.1151152232717,109.820155408209,432.120873557214
"1585","Rubel Cespedes","3B/1B",10.0911986153063,3.03035027195639,0.312249542991242,1.38976433437581,8.52064003817492,17.7627263918571,7.09160926766694,0.172836071884939,6.53724446032,14.8235627646298,48.3337940629703
"1586","Ruben Ibarra","1B",7.32624736878833,2.0744404124101,0.000201693998247012,2.77793153822085,10.5657022352347,21.7735257394798,9.06805110239819,0.000603507370881099,6.20419241147272,12.1788210134175,40.4444227370838
"1587","Ruben Santana","1B/3B",9.43876534902059,2.07347710191487,0.312115080325744,0.868523684297159,11.5813484685564,25.4246679871895,6.10101146049015,1.37694709955113,6.36776343278515,12.6928812155584,31.8029759677698
"1588","Rudy Martin","CF/RF/LF",7.98170977008784,1.27949036601713,0.468399526236644,0.869804716077041,8.86600278222772,14.6378293580513,4.95310873537089,3.61805824751693,6.20518555301423,10.5994043784187,36.7624398798282
"1589","Ryan Bliss","2B/SS/3B",18.8414531040787,6.29926155376992,0.605694413309608,3.03411744731531,24.0694504690919,41.545680464626,14.6377922836374,8.62021819593748,17.976796536,28.7805265184736,102.643708828705
"1590","Ryan Burrowes","2B/3B/SS",9.92770531090494,1.7548792359366,0.311997425493433,0.867941397124486,9.19710518789203,24.9008405210005,6.42885663964017,3.27077131375469,8.54073411422658,12.8625233694595,36.9097899332963
"1591","Ryan Campos",NA,8.62801707617818,3.0286893917922,0.312047848992995,0.348114873036617,12.9481139128033,14.4610801692046,4.94849175516213,1.03354218617456,6.5352418962281,12.31686919,39.7039329472481
"1592","Ryan Cermak","RF/LF/CF",3.26665080505249,1.11841429125231,0.156267638077713,0.696629028705924,4.10206252144024,9.43863072679525,3.30519607685763,0.862728679532574,3.35840985667935,5.23796176308844,17.3224258290651
"1593","Ryan Cesarini","RF/CF/LF",9.60298632272696,1.9145601713635,0.623877196154556,0.695531001466025,11.923832979173,14.4606227574748,6.10171255748481,2.58273816124977,7.20505806394665,12.836954691711,45.1886576684102
"1594","Ryan Clifford","1B/LF/RF",13.3584451079788,4.50229366343364,0.178394470024369,5.24846702219948,29.1626356520793,38.7776253568511,16.4887320409027,0.868513985207329,13.9176011759696,23.2876002636363,82.9645063062183
"1595","Ryan Fitzgerald","SS/2B/3B",7.31637118827975,2.72487145615974,0.331523329763355,2.00393269152702,10.8199881374038,17.4195472126572,8.16166434088551,0.735221965376757,6.81639985923811,12.3766986657299,44.8235511403003
"1596","Ryan Galanie","1B/LF",11.2289673420355,2.71188527639126,0.468080177406086,2.08291627682205,9.53936074812165,17.0664624759885,9.23108449578485,1.03324858799413,8.2098311585511,16.4918490726549,60.7800434459759
"1597","Ryan Ignoffo","C",7.6708164987045,2.71819662101518,0.312552083988612,1.04402852035897,6.49085210264591,9.42796323181016,5.94868262121713,1.37986677034539,6.54637810630009,11.7455937240673,46.1591317883236
"1598","Ryan Jackson","SS/3B/2B",13.0143633331291,2.23392204221729,0.312148695992118,0.694516158107937,19.0701849175291,22.10867863958,7.08820638225382,1.37728963076163,7.70716783409796,16.2549502294465,47.7706038043982
"1599","Ryan Jeffers","C",65.7855798166214,21.759785621472,0.781643540127143,14.9431025961882,91.5319503528423,101.16441714868,54.7708123683852,2.43902059589779,55.6772876393031,103.270111574409,389.685418668423
"1600","Ryan Johnson","SS/2B/CF",4.89080418982759,1.43819138214715,0.00033615666374502,1.04281403568454,5.45813271189579,24.0463689274767,4.62170677146745,0.517562177073435,4.36191303259138,7.37214576432302,12.1385561491529
"1601","Ryan Kreidler","INF/OF",15.8555321772894,5.44924725377818,0.274350532533028,2.33874926093818,28.8104811374281,44.2571266993826,12.1345733839221,4.16564530345057,14.5312081173496,23.9178792245387,71.3421338806147
"1602","Ryan Lasko","CF/RF/LF",9.92770531090494,2.23390543341565,0.312098272492557,0.869139245022557,12.9472635256517,23.8545088154122,6.76087420090477,1.72183631483986,7.20645823071009,13.3428482618357,37.328724430018
"1603","Ryan McCarty","2B/LF/3B",8.46511606074595,2.55256973460048,0.31219911949168,1.21544070943571,10.2218113150982,21.4219876977715,7.08971117580334,0.861603219840931,6.7037623442392,12.5453256242738,37.6923560168244
"1604","Ryan McCrystal","C/1B",7.49288826599732,2.71077248668125,0.312047848992995,0.522222219884011,5.11433991335365,14.6379927193834,5.11465443513473,0.00104390464152406,5.69892412559924,11.0379308215556,34.1919570549781
"1605","Ryan McMahon","3B",55.2063370720602,17.2138592543457,0.864816239999918,16.4815679716341,110.493805796792,152.212457949962,53.0607323935114,3.18881168762995,53.0147229112717,89.76658053804,294.739746305819
"1606","Ryan Mountcastle","1B",33.2056792297493,10.2741793311212,0.431678551608151,7.64571532133601,27.2168524711148,53.9960525765493,27.2270105524014,1.33827488089164,24.9838623655054,51.5572524338146,188.299534922039
"1607","Ryan Nicholson","1B",10.0879833323308,3.02932052625459,0.156166791078589,2.25700698689309,14.9871579854056,25.7695245504156,9.06634110972828,0.172640339764653,8.20991256359548,15.5304776365571,48.3834774414352
"1608","Ryan Noda","1B/RF/LF",6.61740201735878,2.47594941618479,0.00463896195968128,2.69286421846339,24.3816362362534,28.19900477369,8.69194454562856,0.886640620227485,9.02955084987836,11.7908546139666,36.3455150794386
"1609","Ryan O'Hearn","RF",80.1526525141266,22.3820143820642,1.58422725116364,13.5354854859311,96.9106917312043,94.8851270272705,57.6719710085121,3.38730388150819,58.5261880375556,117.654379633286,443.820400142347
"1610","Ryan Ritter","INF/OF",38.7612568316839,11.8929458485344,1.94272109897858,6.23403774021209,39.3570193443437,70.5641492002827,28.1539201970118,4.2568321257556,31.8390157559714,58.830961519409,204.659004703811
"1611","Ryan Spikes","LF/3B/2B",9.27818272183911,1.75625776647288,0.312552083988612,1.73623216655258,5.79495887723438,22.1186763531036,7.25575415628904,1.55050085587711,7.03813315480552,13.0832247388532,40.5654444645355
"1612","Ryan Stafford","C/1B/2B",5.54019139855761,2.07311170827874,0.312098272492557,0.00134757888532973,8.52296224924277,16.7314402649539,3.79547615195984,1.72270079837112,3.85887524493406,7.92674895821424,19.1272097948737
"1613","Ryan Vilade","OF/INF",30.2974164681077,8.76354983864743,0.998482161396973,4.39183531222722,33.1010299665852,51.884630058247,21.9706138603911,3.37479488288239,22.8386888635203,44.4512837803793,153.589338987808
"1614","Ryan Waldschmidt","LF/RF/CF",30.9749285493849,8.56755352855981,0.938161087729184,4.11986260104203,46.0211721310651,47.5966435302972,22.920105134922,5.62640334828755,26.914325443088,44.6005057667159,164.469171203292
"1615","Ryan Ward","LF/1B/RF",13.0407907626205,4.08460963574574,0.669040255862735,5.25955930349688,18.6679262295658,28.9594768095487,16.0110988233117,1.5205685944526,14.9964146056559,23.0539999577259,93.931973145011
"1616","Ryan Wrobleski",NA,4.89256413419312,1.11975960418531,0.156402100743211,0.696129925415061,5.11976930824468,14.6468469035823,3.79923813583365,1.03419462657551,3.35914250207882,6.8648557645367,17.6612492364326
"1617","Sabin Ceballos","3B/1B",11.3904468639417,2.71253301965529,0.000352964496932271,1.04226502206459,12.6046154790444,16.7193188541132,7.41960834615726,0.517203334852911,7.8750858847806,15.1455978701585,50.3694063369961
"1618","Sahid Valenzuela",NA,8.80868676068552,1.44103148722792,0.156738257406956,0.348430971787497,5.4662440970342,12.3903725210603,4.13352998734923,0.518133062424269,4.70302418083285,10.7548874771079,32.0287780582741
"1619","Sal Frelick","RF",92.6143150216096,21.4190639792873,3.50781069644555,7.77599302487415,86.1323436098654,73.9464577295088,50.8501480069146,16.2203019004463,62.2181572168158,125.317182722217,483.056362008119
"1620","Sal Stewart","1B",72.95640345737,24.1324636552569,0.330258977331084,17.6777994513977,76.6682205203999,93.0339237321294,64.026615064602,7.01739614513091,59.7892628801794,115.096925541356,460.916506945962
"1621","Salvador Perez","C",82.4070086640232,24.9102081396769,0.377638766994523,26.7832950176365,67.0656992920187,119.925301223836,86.7111210594196,0.425089873691769,62.8898468152364,134.478150588331,539.55057901608
"1622","Sam Antonacci","2B/3B/SS",17.0972389890017,4.05278220834377,0.871395421352369,1.08926645487344,21.133225905552,20.2597492939293,12.2424668293758,4.62832705703885,14.0997605736573,23.1106830735713,89.1062268025253
"1623","Sam Brown","1B/RF/LF",12.4194959282783,3.40927130549808,0.631726454253002,1.23893183765898,13.8725650388084,19.3021728420061,8.54194398862399,0.353419873531189,7.68141555293083,17.6994255256884,58.7624028771261
"1624","Sam Haggerty","OF/INF",35.9007443480096,9.74917371808602,1.8510254982132,3.13912886125391,39.5006600903808,52.2734334141816,19.761158831572,12.4070745175918,29.0629655307471,50.6400724255627,183.746594040692
"1625","Sam Hilliard",NA,8.65574849610893,3.09032465468533,0.951673984844005,2.311908348888,14.9538873259927,23.3234840957501,7.93849390638971,1.75685605336099,9.39503039353241,15.0096554845263,52.7252603821491
"1626","Sam Huff","C",7.67365244806894,2.4234985677398,0.162900340253513,2.05287439120558,10.3135892716598,22.7174283617391,6.83005283697923,0.00603688923990464,6.0420965492394,12.3129257472678,36.0074575773864
"1627","Sam Kulasingam","2B/LF",13.3418576181912,3.18878554726014,0.935857813814801,0.347466038758495,14.3021889641724,18.1055409384322,6.75913000838146,1.72182000382984,10.382215723673,17.8139670180247,60.3024251426913
"1628","Sam Petersen","CF/LF/RF",5.05631127672417,1.11876307608679,0.468063369572899,0.696878580351355,5.12176444733114,9.60064472348792,4.6226643673626,1.89506385096537,6.03519981420419,7.34001630273521,29.1178577735365
"1629","Sam Praytor","C",3.59314666013798,0.801892525479286,0.000605081994741036,0.522621502516702,4.78552701155905,8.03657892939736,2.81168411560929,0.34619409609064,2.18868185500791,4.91826577012871,14.4357456447155
"1630","Sam Ruta","3B/1B",5.21579393867718,2.0751545908807,0.312333582157178,0.869804716077041,8.86436742232078,23.5204831085033,4.45804068079293,0.00112545969164313,4.02869817365533,8.4730868277921,15.695877592439
"1631","Sam Shaw","2B/CF/LF",5.54125751870211,1.59553047654254,0.312031041159808,1.04153300390466,10.5653751632533,14.4665037654298,4.94844045538203,0.68935434431685,5.86593043978475,8.49035204030912,27.8524691655573
"1632","Samad Taylor","2B/CF/LF",17.3593646068752,3.68382165137449,0.858125122335357,1.95717211774385,20.9449726453656,28.3814669306286,11.1985465258014,5.75580094633971,15.7406793618316,23.8584834983289,87.1605986476076
"1633","Sammy Hernandez","C/1B",8.62683249823984,1.91369651367812,0.000252117497808765,0.521440291394993,9.54263146793553,15.3332111227267,5.60597760576558,0.689093368156469,6.0324157616862,11.0622214208108,33.6594614981725
"1634","Sammy Siani","CF/RF/LF",9.18617023474559,2.25164363356921,0.314552216137895,1.05216390400003,12.0158383275373,22.5967540826442,6.64508790498775,1.90602484970138,7.59060008541394,12.8045299884527,37.9957885006621
"1635","Sammy Stafura","SS/2B",9.27671046068717,3.50585540348735,1.40324887006021,0.694649252318834,16.0050610153989,28.5480620967402,7.25194087263514,2.40962480219443,7.8728716675733,14.8804639865536,42.0240681058876
"1636","Samuel Basallo","DH",56.3720193027712,18.961044374448,0.685192150766955,18.1888121950213,70.0405839035423,104.271017881826,56.8990362696871,2.29714199892688,50.8564778169166,94.2070680230075,363.300707533773
"1637","Samuel Gil","2B/3B/SS",9.76532889427398,1.43646406677639,0.312081464659369,0.174140620400119,11.5862218410791,13.5897496862098,4.9470724612461,0.861130200550241,6.86861956525292,11.6880150461099,36.7341665364646
"1638","Samuel Munoz","LF/CF/RF",9.92594536653941,2.55084241922972,0.623826772654994,2.08213434833303,14.643496015656,24.2013583868897,8.07711129668741,1.54916335305516,8.87762848116887,15.1827489067572,49.895690473832
"1639","Samuel Zavala","CF/RF/LF",10.5754002654373,2.39157670384387,0.156149983245402,1.38924859430858,16.351437682594,22.6360837189417,7.41839425136162,1.37769740601222,8.87761220016,14.5123755468352,45.4463692323581
"1640","Sandy León","C",3.41454294154884,0.879002790041818,0.00206533108396095,1.1096354358474,6.94396185278809,14.4284270603273,3.57006397835359,0.180950062174413,2.77439012889311,5.40524649852202,12.5247563644119
"1641","Santiago Espinal","INF/OF",26.8706868596348,6.40726981356957,0.134815299852447,1.69042941537474,21.574230583023,21.1733387659062,13.6302859889574,1.84478303230405,15.4164179024066,35.1032013884316,126.775940982455
"1642","Scott Bandura","LF/RF",12.5261848856337,3.0303170543531,0.468147408738835,1.04223174851186,14.3060484135528,26.2898397479648,7.91281250872502,3.09804941893992,11.5539625704452,17.0668810972375,54.5689351592242
"1643","Scott Kingery","SS/2B/CF",8.54102926717485,1.95547202248452,0.490976376778679,1.68680897016816,9.55576367082703,24.0062243029962,6.77606339969106,1.50722589193774,7.43620437554313,12.6742866366062,37.7339809605406
"1644","Sean Barnett","RF/LF/RP",4.56500215896313,1.11774993918664,0.156166791078589,0.869305612786178,5.45973536460459,19.699648881493,4.29104010441208,0.173211225115486,4.19332746054477,6.70822450201453,13.1206037743253
"1645","Sean Bouchard",NA,7.1943269013463,2.29657044201058,0.478585073148118,1.43170564758465,14.368969623866,19.3851681711732,6.43516382035477,1.23611322933291,6.88441641874034,11.4011880640896,36.9229470205845
"1646","Sean Keys","3B/1B",7.97478845041954,2.86915793558008,0.311963809827059,2.60262634347539,18.0517912795637,25.071855727091,10.0517576391152,0.688865014016135,8.54369725784223,13.7585365393021,46.7890383874492
"1647","Sean McLain","SS/3B/2B",8.30235042564953,2.07442380360845,0.31219911949168,0.868407226862625,10.9028881797528,21.2464963911819,6.10167835763141,0.861521664790812,7.20525343605318,11.5573805756123,32.8981425173101
"1648","Sean Murphy","C",40.57861111688,13.6879371755204,0.27796295401561,14.7082053687374,70.0661569805565,96.1868169846649,44.7744523089374,0.435433541020291,41.0861862883386,69.2527166151534,256.235884188855
"1649","Seaver King","SS",14.6397351409265,2.55263616980705,0.624263776317862,0.86797467067721,8.17465585735748,22.8027045051992,7.74697472735971,2.75410624223257,10.2142976729903,18.6846097577287,60.3715911450438
"1650","Sebastian Walcott","SS/3B",12.526726406977,3.82649615206757,0.468248255737959,1.56235773457425,16.6871518031958,25.0650598956763,8.73664913849476,2.92679551502729,9.71576972479198,18.3838285493567,60.9157059979743
"1651","Sebastián Rivero","C",8.06450281844575,2.52733447503377,0.17476239975932,0.976522499413269,5.52334362460231,15.4829172270636,6.14667433714173,0.260745724153909,5.22161401887106,11.7431221926521,37.1819102038516
"1652","Seby Zavala","C",4.98004632864094,2.23118298432283,0.0131200915421709,1.12341725347089,9.59364036778392,19.893332219753,5.0401475438612,0.229832358294897,4.91414504030626,8.34776665797683,20.9617676244597
"1653","Seiya Suzuki","RF",79.0603719683842,25.9866370193577,2.83900194142367,25.2468947878565,130.643313079233,149.698951611891,81.6478598863387,8.19527311244463,77.5771114123944,133.132905717022,524.525335216127
"1654","Sergio Alcántara","SS/2B/3B",11.4991392814909,2.68316296522219,0.342557674280016,0.600611449914022,17.1407714224035,19.702174215738,6.20956318074631,0.402111487132081,8.53614011877653,15.1254713709071,45.9921673471625
"1655","Seth Beer",NA,7.83268523907618,1.92065560156608,0.156637410407832,1.56646701833569,8.54170347377627,16.9356995021235,7.43373288561072,0.00151692393221465,5.71421199293491,11.4764452693858,37.5764295859005
"1656","Seth Brown","LF/RF/1B",7.72074566733975,2.18276301671864,0.16349500634823,2.9097613541141,10.6694747360232,17.1648207516433,9.30582289091192,0.539843016765964,6.54672855723962,12.9767650445207,49.3969059385938
"1657","Seth Stephenson","RF/CF/LF",13.9909063760817,2.55278564902183,0.779993563733583,1.04183246587917,8.5189392638717,17.5856504803463,10.2164839252451,4.81977155670961,12.5577262424992,18.3655180547163,72.3431555823831
"1658","Shalin Polanco","LF/RF/CF",7.16388787469934,2.07349371071651,0.623894003987743,1.21672174121559,8.86112940970505,21.5974953404943,5.77419227694207,0.861962062061455,5.198263365238,11.0779973306192,30.4423612979435
"1659","Shane McGuire","C/1B",10.9297634342435,2.3941900137001,0.0360211579437404,0.933630037221499,16.3996428243405,19.6986764423049,6.90635248743112,0.669814943595496,7.27860386305323,14.2936046431089,43.3040312223536
"1660","Shane Sasaki","CF/LF/RF",8.95493599481307,2.23453656787804,0.156301253744087,0.522205583107649,9.2051838658323,17.2521148574337,4.95076604541311,2.75603094141538,6.37027070815224,11.8679793995428,36.5426468608647
"1661","Shawn Goosenberg",NA,8.14117550949888,2.3938853272721,0.312283158657616,1.04286394601362,7.16087393432969,20.7289746724113,6.26833693547828,1.8943298555143,6.53739098939989,11.8902079414422,35.7887504149361
"1662","Shawn Ross","C/3B",4.07518222489601,1.59624465501314,0.000302540997370518,1.217154297401,8.86871747967324,22.6591666751652,4.29316049532277,0.173178603095439,4.52968455419412,6.88888371830752,12.2518207615806
"1663","Shay Whitcomb","3B/2B/LF",13.9347600604526,4.05575716095474,0.176659855630567,4.56106893806153,15.9815184148279,34.7617202176998,14.3451601325324,2.44613054124481,13.5274038440006,22.7282460150995,81.8339960317769
"1664","Shea Langeliers","C",67.0510876397135,24.8758763335817,1.39127504207827,28.3071447388462,80.8119673855076,118.431887581849,79.1120728929588,5.6175016679585,70.0741606587889,121.62538375422,513.827859534793
"1665","Shohei Ohtani","DH",80.578814118038,28.1453892911065,5.12228986585624,47.7830540419222,207.502598202176,160.467765575712,116.991194330462,24.9063194563647,124.536643172274,161.629547316923,772.594164482743
"1666","Silas Ardoin","C/1B",7.55113565547973,2.09124851967171,0.157511417733569,1.05055013669291,13.3931354895849,22.1031321267575,5.32178853947838,0.348445015473926,4.57683435590242,10.8504457295779,26.2531947380486
"1667","Skyler Messinger","3B/1B/LF",10.0906909390471,2.71100500990423,0.156250830244525,1.21623927470109,6.81521682549364,21.2467087609136,6.92609638490892,0.861619530850955,6.20186422720329,14.1741860538969,41.9376540382368
"1668","Slade Caldwell","CF/LF/RF",9.9258099862036,4.14275217701433,0.312098272492557,0.348081599483892,20.4318807460645,29.9453110709748,7.74558963329708,2.06556744841691,11.218110188071,14.7287420351944,41.0813758248444
"1669","Sonny DiChiara",NA,5.53959910958844,1.59685918067389,0.00033615666374502,1.2166718308865,9.54815898442098,20.2170725834643,5.28052641635343,0.00104390464152406,3.86134995828339,8.35346627781258,19.2337935159126
"1670","Spencer Horwitz","1B",72.9667328977328,25.7429733462635,0.649810529540101,10.7928567272781,106.565804805693,87.5955683773668,52.7965012687824,1.95992916467164,56.1930348250435,110.152373500814,413.232181970752
"1671","Spencer Jones","CF/LF/RF",13.5370082177417,4.71622811708421,0.543930980147982,4.99143174670986,19.7819397522104,46.315511771308,16.0900109311674,3.89985943538146,16.1018225835171,23.7885990616837,81.9203636813189
"1672","Spencer Nivens","LF/RF",10.0904032558335,2.55280225782347,0.312249542991242,1.56265719654877,15.6705897683263,22.633045198165,7.25582255599584,1.20539959745807,7.54170821575578,14.5181122531969,44.7894948640878
"1673","Spencer Packard","LF/1B/RF",11.2538773238246,3.19617646399079,0.156351677243649,1.2186016969445,15.0272570103237,14.3188002214277,8.25883490995619,0.173064426025272,7.55904749020997,15.8250071620036,56.3118530000859
"1674","Spencer Steer","INF/OF",56.2086017306053,19.3245655271803,1.47450856081225,14.2797266054324,84.8299736848678,94.4760737214609,51.9902772821996,7.80231314104563,51.1335612264567,91.2874024240303,355.425047665434
"1675","Spencer Torkelson","1B",70.8380436069824,27.4331045787335,0.83391609815929,26.7494176620382,136.365190490535,158.929317282264,81.9591898675331,2.08919791617961,75.1597799491627,125.854481945913,487.191486049518
"1676","Starling Marte","OF",43.9741274590344,10.5470506530256,0.923158105631301,5.56627852160671,32.1462413607584,53.5032983954104,26.6084350305299,7.77570688225147,30.4455434783451,61.010614739298,223.450433642718
"1677","Stephen Paolini",NA,6.19025550896668,1.59689239827718,0.1562844459109,0.86932224956254,8.1866593990744,20.7380738986083,4.45677528621719,1.89571629136633,5.19881691953982,8.8127546027173,21.7689264454535
"1678","Stephen Scott",NA,5.89547249754478,1.76623965625967,0.313610977479409,1.39552065899709,8.91267595397171,13.318128008157,5.47013309583051,0.693350541772684,5.89370584092921,9.37084379028095,33.431616429428
"1679","Sterlin Thompson","LF/RF",16.0503805561872,4.98406239243333,0.743120010502439,2.55130794679467,15.4794221846985,25.4116824237525,12.6955329446766,1.68024667372007,12.6261811633855,24.3288709059176,88.7011173296048
"1680","Steven Kwan","CF",118.71501952368,25.9004394325385,2.85356224076491,8.39744190022999,118.374912059403,57.5997050293274,55.3282471124407,17.4832825485764,78.2835348863524,155.866463097214,617.894638424441
"1681","Steward Berroa","CF/LF/RF",9.54493463010158,2.64383567152156,0.514836175545746,1.02487846687071,14.6778881423757,24.2238367819525,6.76270346639746,5.08271133875191,9.68954976342922,13.7284849440396,45.2447260419701
"1682","Stone Garrett",NA,6.63881365932719,2.27071053785413,0.158318193726557,1.24194309418052,8.32442211763481,18.7829031569822,6.03773903946608,1.0399361021039,5.45987862200878,10.3097854850884,30.9971832697106
"1683","Stuart Fairchild","LF/RF/CF",8.56685770689373,2.83116291473384,0.224973484670246,1.50988664357055,11.0669793566766,19.8523407888794,6.55091010940706,2.3657474177517,8.55819054170719,13.1328807498684,44.8319193443776
"1684","Sung-Mun Song","INF/OF",47.7970898074937,12.646414529607,1.08311277499745,6.86438359441471,52.8410258656489,58.6818280110757,31.8132164486897,6.35999713992184,34.0007059872652,68.3910007065129,254.070884547186
"1685","T.J. McCants","LF/RF/CF",5.86717800736041,1.27739765701025,0.467945714740588,0.695980194427802,6.47901209691969,17.7805327770543,4.29168990162664,1.72279866443127,4.69561632179374,8.30850157353905,22.1563065011893
"1686","T.J. Schofield-Sam",NA,12.2029889262336,3.18941668172253,0.468130600905648,0.695198265938783,6.13410725364082,21.5895069713554,9.06415231911079,0.344709794178473,7.20489525385788,16.5557344748006,50.9027265015437
"1687","T.J. White","LF/RF",9.43830844038723,2.23251029407773,0.312047848992995,1.56247419200879,9.88092945719036,26.4661478612149,7.25349696596476,0.516779248592292,5.36443934797077,13.5453407754667,34.8486185958033
"1688","TJ Friedl","CF",83.906294122923,20.0394920169111,2.76079410742834,13.1340352739641,116.241446652053,97.0952041142376,53.3634235679407,11.7590217183453,68.8612401991785,119.840615521227,461.373513988566
"1689","TJ Rumfield","1B",36.9612497420112,11.4246862718157,0.381032817269921,5.50866559572582,39.2470411470791,47.5939984087833,25.0220824844123,1.41924160986759,26.3546853983562,54.2756344268227,196.741663057854
"1690","TT Bowens","1B/LF/RF",6.87194785032945,2.40340217061292,0.157040798404326,2.09141766954308,8.21406803111467,22.0324130060983,7.28501213087122,0.174189885716915,6.06203091683378,11.5238084888898,35.0519821700438
"1691","Tai Peete","CF/LF",10.250968960473,3.34703812574583,0.623826772654994,1.73571642648535,11.9182073410931,37.937668087777,8.2414271845765,3.09813097399004,8.04054550312278,15.9575502853591,39.1169273805016
"1692","Tanner Murray","3B/SS/RF",20.1130252613554,6.36735057554632,0.225306159983069,2.70844737976982,13.2270281356806,32.8331596957219,13.7429760072044,0.613070933177547,14.175723850834,29.4141293766546,98.8843042602797
"1693","Tanner Schobel","3B/SS/2B",10.6173973882541,2.77280636081379,0.316955736283672,1.23946421450257,13.1913246381631,19.325288470496,7.05889441565419,1.05176158437116,8.18214143732758,14.9466236998541,48.9324905433081
"1694","Tatem Levins","C",7.32623044624635,2.23387221581236,0.156217214578151,1.21567362430477,13.2953736743482,17.4288477101471,6.1019519564586,0.172656650774677,6.20230381444297,10.9319935009416,34.037372732237
"1695","Tavian Josenberger","RF/CF/2B",5.37974415171194,1.2788426227531,0.312333582157178,1.2157068978575,10.9123732672131,13.9435911227005,4.45735668372496,2.58565783204403,6.03681163408303,8.18662725447972,29.2467472712307
"1696","Tayden Hall","1B/LF",6.35132888986547,1.43636441396654,0.312215927324867,0.521906121133131,13.9760907598233,17.7724463911162,4.12564692114094,0.517219645862935,5.19777493497168,8.62181535229001,21.5601557997451
"1697","Taylor Trammell","CF/LF/RF",9.12915381597966,3.59656444311543,0.231913895110826,2.98191673449845,19.2429690880481,25.7091705817826,9.91640772409338,2.08863412549038,10.7550691302403,15.9395488887044,57.875729500987
"1698","Taylor Walls","SS",39.3623487780652,12.202226095132,1.54159878416748,5.02905295845353,60.8022289429093,73.0184907081859,26.4882032803183,13.7650872632639,34.5168446418555,58.1352266158182,206.529906863534
"1699","Taylor Ward","LF",79.5511649165345,25.9251334416421,1.4996066201144,26.9397104211755,130.726895362377,152.718147620783,82.7794605065544,4.85677534506673,80.1224368840871,133.915615399466,526.530849258722
"1700","Taylor Young","2B/3B/SS",12.8674448671277,3.44335256646728,0.315829611460126,0.539690835064212,17.8432680136177,21.2863798736154,7.28085415644597,4.21941008308269,10.2876478928585,17.1663178801193,57.6945701937099
"1701","Teo Banks","CF/RF/LF",3.59228361049719,0.4813846473122,0.156250830244525,0.176087123234484,3.07614622790298,9.0827309375203,1.82293310051599,0.345818942860092,2.52077332433143,4.4060062112884,10.1469607415571
"1702","Teoscar Hernández","LF",80.5040324637104,26.083402013216,1.08279393370706,26.8263036830084,74.5763070700266,146.972381448615,84.2763123763259,6.34663952628382,73.0561617241642,134.496532093642,528.92422938874
"1703","Termarr Johnson","2B",13.8265500220395,2.71147005635021,0.312266350824429,1.38891585878134,17.0325145472486,21.238197635512,8.40699136711463,2.06615464477776,9.88266207191536,18.2392022879955,61.3379676466254
"1704","Terrell Tatum",NA,8.71484201269015,2.30469214601348,0.318552480436461,0.722050022987206,14.7011186598707,25.6967291584459,5.60421362107821,3.3383804503034,8.06015211268745,12.0601366621273,32.5943741878531
"1705","Terrin Vavra",NA,7.6721026118947,1.76092483973426,0.312787393653234,0.522405224423994,8.88408986279845,12.0563468141514,4.30006886570921,0.690854957239041,5.70994636860909,10.2682200697062,33.4028988868372
"1706","Tevin Tucker",NA,5.54152827937374,1.59619482860822,0.000386580163306773,0.348114873036617,9.88626073048698,16.7332862480064,3.63155356238483,2.58312962549034,4.86298081817455,7.48622456118188,19.4443640496336
"1707","Thairo Estrada","2B/SS",23.7803568419888,6.1737084793665,0.589743366608696,3.36483320780743,12.7746805620885,27.3440599295306,15.7559848897601,2.68076767244961,16.681012593848,33.9086418957715,126.947325749848
"1708","Thayron Liranzo","C",7.48809918661803,2.55243686418735,0.000319348830557769,1.90969067912185,13.9712500944988,24.03416583597,7.25520695863467,0.00065244040095254,7.70778651243529,11.9505460787578,35.0632659109883
"1709","Theo Hardy",NA,2.78101073885352,0.799982513290466,0.156318061577274,0.00129766855624345,5.46336586359799,8.21337712664364,1.65661652120311,0.690284071888207,3.02257375531407,3.7386089822775,9.48843581070799
"1710","Thomas Gavello","3B/LF/2B",7.65240477303429,1.91595531070142,0.1562844459109,1.56274038043058,7.83989024550163,22.1257825710492,7.58406103345994,0.861228066610384,7.2054488081597,11.2873849100772,34.3038554112273
"1711","Thomas Saggese","INF/OF",44.8406261281157,13.1162550622661,1.11771455428064,5.94590564762934,34.3312793314834,74.3975870940376,29.6743715680086,3.28672671019574,30.8136418331944,65.0205013922917,217.628058307952
"1712","Thomas Sosa","RF/LF/CF",6.51690366692995,1.91582244028828,0.312148695992118,1.217154297401,6.82120224275303,17.9474802859759,5.44696269515322,0.862271971251908,5.53481583099386,9.96202910061136,29.9742402377327
"1713","Tim Anderson",NA,16.1516432119138,2.66350644388647,0.202165410576542,0.566543630441676,7.27978150225246,22.4016816684757,6.01361669912496,1.77861799451755,8.40802052202227,19.5838586968185,57.317617794009
"1714","Tim Elko","1B",13.894699538689,3.29844477886336,0.173285667705152,3.52613519393807,11.1578263662709,34.5556068489504,12.5560217620725,0.387661962976495,10.5640120917325,20.8925651791956,65.8532062015055
"1715","Tim Locastro",NA,7.16744160851436,2.07547015811189,0.312484852655863,0.869422070220713,7.84080604704951,12.7234834045095,5.93931186138602,2.75580258727504,7.87606274531323,10.4248186895028,40.4308559320591
"1716","Tim Tawa","INF/OF",27.9058536310874,8.4694699078617,0.858436971810006,5.82662525453053,32.8513118067677,54.8809405128523,22.5681109966988,4.19108560894375,23.2746323789843,43.0603857652896,152.000265382717
"1717","Tirso Ornelas","LF/RF/CF",18.6987378265303,5.25448886537289,0.211519113620702,2.73896034652499,22.1893259698923,27.1792042728623,13.0203744352822,1.39667648053199,13.8065093301154,26.9037061520489,95.6498825614032
"1718","Titus Dumitru","LF/RF/CF",9.11528170640688,3.02830738935443,0.623826772654994,0.868939603706212,9.880373434822,22.8126858825895,6.101815157045,1.37786051611246,6.70265523563555,13.6363554721225,39.1614911883541
"1719","Tom Murphy",NA,8.8954277768907,2.90304122900012,0.0683096409713725,2.47484581398832,11.8544442565601,20.3550717741986,8.02100689691822,0.280060884272993,7.75077087676267,14.3416244608505,49.1858382192147
"1720","Tomas Frick","C",4.4053841166743,1.27940732200892,0.000352964496932271,0.523120605807564,5.46487039471237,9.42698306381765,3.79988793304821,0.173162292085415,3.52740245394787,6.20826500898772,19.5477397106525
"1721","Tommy Edman","INF/OF",64.4074691614926,18.8045304484829,1.93128187928669,11.8293814254722,57.3668944774704,75.8215513803818,48.3985288622429,9.35060694163259,53.3786563630092,96.9726629147343,384.379468014179
"1722","Tommy Hopfe","LF/2B/CF",10.0927554891682,2.86988872285232,0.1562844459109,1.2150913371321,9.19919844857291,14.4568981191033,7.74743642538058,1.54979948244609,6.20181538417665,14.3340199950635,50.8719447841609
"1723","Tommy Pham",NA,34.8814388170084,9.74393768023005,0.560320974487998,5.4099462825352,44.8373857888729,54.666984601312,23.8764139808889,4.04273278284285,26.7535166211178,50.5956437542617,178.887028523134
"1724","Tommy Sacco Jr.","SS/LF/2B",9.74940015590588,1.95229536869392,0.316619579619927,0.882032746703181,12.4512112808679,23.6347457966313,5.69812911074707,1.56829616781309,5.79884067707847,12.9003478509229,33.3631964798194
"1725","Tommy Troy","2B/CF/SS",19.3308310585473,5.44913186356631,0.583786564824908,2.14738887201504,21.212952000466,29.3303182323392,13.0153526868247,3.31503517244652,13.5263240344853,27.5111383589535,96.1186803475392
"1726","Tommy White","3B/1B",9.44372365381964,2.5537655683187,0.000319348830557769,1.56362212957777,6.47806358817366,12.3695929596192,7.09359285916404,0.173064426025272,6.20458315568578,13.5614307005467,49.031210237609
"1727","Tomás Nido","C",8.91698910336317,1.81203673145802,0.0165691711001712,1.29958731956281,5.17779665253471,14.8365521672357,5.46553441660843,0.0704449061789222,5.72022240788366,12.0451823254842,38.2991335722347
"1728","Trace Willhoite","1B",7.00124069739676,2.07266327063441,0.156166791078589,2.42981666518424,10.9009257478645,23.6884924660835,8.57132435493042,1.20512231028767,9.21168995256653,11.659887424294,39.9537532729274
"1729","Travis Bazzana","2B",30.3271548582099,9.41769381040519,1.22470812823198,5.52764036631931,54.5338139214141,71.4036915898906,24.1755831367937,4.04132228241675,30.257281583048,46.4971971631664,155.012118067694
"1730","Travis Blankenhorn",NA,6.90812361870637,2.6330227697539,0.162368881524685,2.32079238746536,10.204501768377,20.6320671478259,8.1373345462843,0.183340362340275,6.57438571644539,12.0243076574503,40.2560541447943
"1731","Travis Honeyman","CF/LF/RF",8.46802673796587,2.07362658112964,0.312081464659369,0.348597339551117,9.88488702816515,12.8991544085644,5.60779019799569,0.68914230118654,7.20471616276023,11.202332123306,37.9530721523978
"1732","Travis Jankowski",NA,5.27175215862439,0.851835192016514,0.00344560580338646,0.19343928098015,6.7350440439498,7.09960907197458,2.44019723128578,1.59305628102924,4.16400963843354,6.32047223742445,21.4981150376111
"1733","Travis Swaggerty",NA,4.40506258837675,1.12020804182964,0.312266350824429,0.349878371330999,6.83006589344863,12.0416442942638,2.97714569858722,0.690072028757898,3.86222913276276,6.18741535236182,16.844424480401
"1734","Travis d'Arnaud","C",26.8813556428577,9.52067187962747,0.39175108956512,7.2764632643397,28.5279680257371,62.1879283655953,24.9251873024349,0.555751909464199,21.9815629484453,44.07024187639,149.618863275696
"1735","Trayce Thompson",NA,6.18820788138755,2.71123753312722,0.156200406744964,1.73764629254335,11.5866470346549,21.260774171606,6.43419181677029,1.03344432011442,6.2034272040555,10.7932921138031,33.0267427349907
"1736","Tre Richardson III","2B/SS",7.65524776008631,2.39249018793418,0.000352964496932271,0.347599132969392,7.50090540508588,12.3758333625048,4.61898788312229,1.37865975560363,5.53129913307639,10.3956900454868,33.7761770615942
"1737","Tre' Morgan","1B/LF",16.0191090956962,3.22309138562269,0.403974173440593,1.68014350798794,22.8530480079264,19.9029002300383,9.96482701904935,1.21490728587807,10.9078134066895,21.3263181627474,75.2350722262886
"1738","Trea Turner","SS",110.02653901433,28.9678797756932,3.82458004018372,17.9916555190442,81.3823820401698,113.857490696962,72.0559762918433,26.5242968209238,86.2242236200872,160.810654349252,643.97097549684
"1739","Trei Cruz","SS/CF/3B",12.8665832757406,4.05789972118734,0.528433946063714,2.13031238199166,24.6924614563697,27.0457304318991,10.5263112875558,1.56587213229102,13.0333504893736,19.5832293249834,68.3351962115612
"1740","Trent Farquhar","2B/3B/SS",7.330765687496,1.91608818111455,0.156318061577274,0.174689634020068,11.935149669729,10.8085493501722,4.29126240345917,1.89537376015583,5.70157793004622,9.5778615642079,32.566042642442
"1741","Trent Grisham","CF",55.6644421606865,17.6008201281935,1.13853722737197,23.4240959187139,136.002476060787,128.712633851762,63.7343676847883,5.45253272785813,69.0033146288215,97.8278954349659,393.111449833683
"1742","Trenton Brooks",NA,8.61056530903222,2.91996425980268,0.158620734723928,1.76310056037736,17.6278256994778,14.8698841302768,7.70001563640659,0.526190701376033,8.66516986507484,13.4522508639362,50.9047520747719
"1743","Tres Barrera","C",5.86673802126902,0.800663474157784,0.000369772330119522,0.869621711537058,5.80326650556162,12.0352078577797,3.96340012438244,0.172901315925034,3.52587203911342,7.53739297929399,21.6494127129523
"1744","Tres Gonzalez","LF/RF",11.1460253374413,2.09405540714919,0.00144547365410359,0.180545779299526,10.6538808414168,15.4402127952418,5.15713065305531,0.868062379810361,5.74713219288456,13.4220719975441,39.2369121154967
"1745","Trevor Austin",NA,7.81657497911474,2.7121011908126,0.312266350824429,0.694832256858817,10.9038039813007,19.8543769627747,6.10155865814452,0.861619530850955,5.86763994571686,11.5357747776106,33.0048961678073
"1746","Trevor Boone",NA,3.59913723999759,1.28133394299938,0.313073126817417,1.22071456754249,3.76729690958439,16.2656550800543,4.1398740601546,0.519128034035721,4.20410548842147,6.41425887735688,17.4098530338898
"1747","Trevor Hauver","LF/RF",8.83549206717597,3.36432788825506,0.157578649066318,1.57215679585153,18.1462496677884,23.4564532387947,7.45861327895792,0.174923881167987,8.08395067278933,13.9295554003489,42.4456563691094
"1748","Trevor Larnach","LF",61.3280406453928,18.2073445773772,0.975767512983265,13.0926049814496,88.394679819611,99.8208252949063,48.9592663448994,3.64619724592545,50.3768977521736,93.6037577172029,343.409503747393
"1749","Trevor Story","SS",81.2486923727839,25.613067786662,1.44443450441175,19.36224342839,71.2484806662458,152.087616921265,69.4926219899221,21.5841391782549,69.1217906456596,127.668438092248,477.70491624997
"1750","Trevor Werner","RF/3B/1B",6.67635248379902,2.23299194932534,0.623894003987743,1.38913213687405,9.88066779960525,28.5582885161287,6.1019006566785,1.55010939163654,6.86997088898973,10.9223705739862,26.3789805110575
"1751","Trey Faltine","2B/SS/LF",2.61655284955947,0.801311217421819,0.156402100743211,0.175371741850914,3.42046234161535,14.8380699064517,1.82231750315482,0.519013856965555,2.1869072250403,3.74963790957541,2.57931305189623
"1752","Trey Lipscomb","3B/2B/LF",16.8210394129696,4.37551738611458,0.198348656852105,1.45466058920994,12.0737512970764,22.5886452003534,9.63255858597036,1.91764191575197,10.10931929253,22.8495660451462,76.7557691967861
"1753","Trey Mancini","1B/LF/RF",8.92362590089333,2.32906136315547,0.00932097786464089,1.93020820427472,9.18237296553944,17.7297348534925,7.14250693604068,0.205385750009543,7.03214752736851,13.1922164461882,44.3652826301996
"1754","Trey Paige","1B/3B",8.30397498967925,2.07449023881502,0.624213352818301,0.522322040542184,9.88387310502285,21.2502046934202,5.1150990332289,0.68935434431685,7.03784009664573,11.5250006218548,31.0569737124138
"1755","Trey Sweeney","SS",16.2991653644128,4.55279720300982,0.55273393715005,3.22737580036388,21.4891192005127,34.2059158937279,13.3158822470005,2.43224605569408,14.986676401458,24.6320723049365,85.7654982036359
"1756","Tristan Gray","2B/3B/SS",15.6512656416461,5.92943161597092,0.464867350412249,3.75703542916458,17.6583324483983,38.7128335653004,14.362089227936,0.355959798372534,13.4926329145331,25.8026000371938,85.0359210914118
"1757","Tristan Peters","CF/RF/LF",16.0577778188977,4.44067121201522,0.574478903908928,2.00996370735219,20.2024915599852,23.9939133271445,10.9210564555767,1.5346231580922,13.0913830660981,23.082891642174,82.4213444210343
"1758","Tristin English","1B/RF/3B",11.8446652103571,2.99613294218859,0.00597918538452001,1.97555954342785,7.79407373357853,17.942687367824,8.89298910078399,0.181572661328873,7.83376572456098,16.822336881358,58.3674207061651
"1759","Triston Casas","1B",24.7015789708053,8.38764403145404,0.176077892755107,7.8721718713564,51.8555127052617,50.1936295753183,26.1177697256735,0.235139543487416,22.8432242989607,41.1374727663708,154.771237722949
"1760","Troy Johnston","1B",43.7211268296578,13.2527417425752,1.92635528864739,6.73047106488665,37.0785969098618,57.5886182483586,31.9289947809537,8.41851836654589,32.2852817270302,65.630694925767,249.233126918002
"1761","Troy Schreffler Jr.",NA,4.56698209637436,0.799799816472405,0.312367197823553,0.696213109296871,4.4388559795807,13.6085689116659,3.46944356503992,1.0347328899063,4.52878909870587,6.37536221996718,18.0636568418979
"1762","Tsung-Che Cheng","SS/2B/3B",12.0690720849101,2.92626338731371,0.656812384918676,0.972865564138963,14.6899716994534,23.9148128793821,7.75667353340548,2.47116688172177,9.41129471164885,16.6250134212815,52.7578473608064
"1763","Tucker Barnhart",NA,3.53860068097998,0.829978009055758,0.00210097914840638,0.183773313913772,5.26564341194349,7.38470805992427,1.72125424412573,0.00804132794174005,2.08997437306215,4.55445298309791,11.483420743593
"1764","Tucker Flint","RF/LF/CF",9.33291789239563,3.14812328439918,0.322418282069529,2.17669778517519,16.6641110578946,33.6415627813518,9.235405392765,1.77819085447214,9.5511815496734,14.9801572440395,42.1867399517411
"1765","Tucker Mitchell","C/1B",5.21790925642422,1.11941081935083,0.000487427162430279,0.522854417385771,3.75830243009624,13.9492270886574,3.30555517531831,0.345231746499235,3.02428326124618,6.86066192032325,15.9967777812091
"1766","Tucker Toman","3B/1B/2B",9.60163251936886,2.71029083143363,0.156133175412215,0.868590231402608,9.19864242620455,23.8588542268457,6.92380499473124,0.344791349228592,7.87257860941351,13.3366467576173,36.9205888758455
"1767","Turner Hill","CF/LF/RF",9.93046368524708,2.39406802409016,0.468651643734453,0.174822728230965,10.2277313179613,8.02007943485687,5.44407280754107,2.2390559607028,6.87211998216152,12.9680060813027,49.2950270557084
"1768","Ty France","INF",33.6047700875537,8.9441845527773,0.133570495150835,4.90781089403188,25.8578829998839,39.1152526712924,23.1918948668166,0.398075375229833,22.2911209314828,47.5903360295137,173.471604815952
"1769","Tyler Austin","1B/OF",22.6873934343054,8.9052661156511,0.304833242299963,7.81940788555131,38.7578542994522,49.3361427757232,25.5838261712892,0.305820206175027,22.6829792421085,39.7169006778077,151.360341134178
"1770","Tyler Black","LF/1B",13.2732466724565,3.30768245451735,0.920108886142217,2.01160570568259,24.4440171354451,26.1903716437945,10.8010683295897,4.23201103081967,12.2898125480802,19.5126437187986,70.8531687649406
"1771","Tyler Callihan","2B/LF/1B",14.7792999773493,4.17341671213457,0.594273557369652,2.34463865792178,16.2691568959958,31.0181094360852,10.5411950397487,3.12316338556168,11.139896952983,21.8916289047753,71.8569124571732
"1772","Tyler Dearden",NA,6.19462152479657,1.43897199582432,0.156452524242772,0.350061375870982,5.46529558828818,10.1216133663655,3.47200855404479,0.173309091175629,3.02657888349786,8.14010742073464,23.7726665964795
"1773","Tyler Fitzgerald","2B/RF/SS",18.5767363176363,5.57847900727628,0.529223151127214,3.88946671663346,16.8119357546542,41.0532705692911,14.8449435846616,3.80776537968115,16.4714931063399,28.5739051926733,98.0979725388425
"1774","Tyler Freeman","OF/INF",58.2356219371154,15.4122163941475,1.5409028355859,4.96406999265352,50.2825342416883,42.1315572977983,31.1182271233383,12.7307622460036,41.8587628653588,80.1528111595023,317.420860458689
"1775","Tyler Gentry","RF/LF",9.26331547724712,2.97462382600622,0.320014761923752,1.79602474079795,12.6698261932273,23.8556507623438,8.32803562107012,0.886216533966866,7.95763487466443,14.353978805975,45.3809002575303
"1776","Tyler Hardman","1B/3B",7.32453819204873,2.07407501877397,0.468096985239273,2.60433993144068,10.2210917567391,28.3879104192333,8.08005248407966,1.20557901856833,7.70819353765722,12.4710501275027,36.8423537871545
"1777","Tyler Heineman","C",20.2528899323638,4.65381410152494,0.459040472338726,2.30522150030222,23.3804859279516,29.8163495002702,12.2838527630171,1.9688887387772,14.9837853998624,27.6709660065297,94.9206349680846
"1778","Tyler Locklear","1B",33.5862001817645,10.5398539925819,0.903828206787997,6.64581321929427,39.9452385253616,65.533983317226,28.959317054002,4.90688614666127,28.302327490301,51.6756956004286,183.946584239065
"1779","Tyler McDonough","SS/LF/2B",9.48892376343833,2.40880003114654,0.470063501722182,0.700538671151016,8.90770445985462,19.433107740868,5.640109059457,1.38435229810194,6.56868308846182,13.0683259674581,38.8155576555709
"1780","Tyler Miller","1B/LF/RF",7.81637190861103,2.07601824856608,0.3125688918218,1.04274748857909,6.47701695783322,16.8986981604064,5.61044068663405,0.689028124116374,5.70082900363787,11.247706537578,34.6741177646628
"1781","Tyler O'Neill","RF",45.5307790911472,13.5738117408073,0.856583233517771,18.3148308237811,79.1041414214972,106.682883477652,51.1326052568929,4.62134293805796,48.637907048258,78.2760048892534,302.768457112504
"1782","Tyler Robertson","CF/RF/LF",5.54300054052567,1.11979282178859,0.312182311658493,0.696495934495027,5.80006120014403,16.7352792562578,4.29353669371015,1.8943950995544,4.53030323253145,7.67147160846778,20.8310158435322
"1783","Tyler Soderstrom","LF",77.1565156338858,26.4650197516761,1.56827799207763,23.6951228280459,99.2825449063006,132.005016126468,77.3090367945756,4.96381067528192,69.9933301755872,128.884936205685,507.602914356001
"1784","Tyler Stephenson","C",56.6699099995551,17.4264651287058,0.615533439237498,14.3568874080998,84.0962699316363,119.211783967176,50.9238831007975,0.86847036441489,47.7746532006029,89.0687959755981,309.289804856914
"1785","Tyler Tolbert","CF/2B/LF",25.552620789523,6.72117562289204,1.32521298959288,2.0795926125491,20.9617749158784,47.6787471043838,14.763134879718,14.0107097081323,21.8793185604874,35.6786020145571,125.62060152735
"1786","Tyler Tolve","C",4.40362417230877,1.43819138214715,0.000437003662868526,1.04357932739719,4.09872638723009,18.8302297260835,3.96500751749216,0.173064426025272,3.69387149484044,6.88583188551598,14.2290127404868
"1787","Tyler Wade","2B/LF/CF",14.8695622455927,3.02819730238542,0.316534952839042,0.522861159258308,18.2005853259573,24.8486166348298,6.71208417420041,4.26069755665073,11.3594177178819,18.7371556600754,58.924900479968
"1788","Tyler Whitaker","RF/LF/1B",6.67501560298289,1.9142446041323,0.156234022411338,0.695531001466025,10.5628567089966,28.9107087090302,4.78415876734634,1.2056931956385,5.02977547924466,9.44102523099256,14.74530007953
"1789","Tyler Wilson","LF/RF/1B",9.27838579234282,1.43659693718953,0.000268925330996016,0.695813826664181,10.222727116646,16.5528287569214,4.78564646096916,1.03373791829485,5.53256905176881,11.4110654815275,32.556897386538
"1790","Tyresse Turner","3B/2B/1B",5.86753338074191,0.960311191981397,0.156334869410462,0.348031689154806,8.18522028235629,17.9558443861786,3.30287048682655,2.23965946807368,5.86640258904219,7.33221113128858,17.7667975498963
"1791","Tyrone Taylor","OF",37.4651424194674,13.0839842902736,2.06647454386553,5.99359143432484,29.8903559278165,63.7546337422136,27.1389966269482,7.6470864755229,31.9964880016062,58.6091926879314,214.053223106637
"1792","Vance Honeycutt","CF/LF/RF",6.9992099923596,1.91311520562065,0.77982548540171,0.695214902715146,11.5817082477359,37.0857939394333,4.94761965890048,2.58255874013951,6.03231807563293,10.3873655860971,13.1972101781004
"1793","Vaughn Grissom","INF",40.4923093701877,10.69026339048,0.458021284570412,4.97480857921721,36.8248385641746,50.1457581869445,24.4895237605134,4.42621365070243,28.9502595903092,56.6154026244553,204.097178385219
"1794","Vaun Brown",NA,5.39103148721013,1.44202801532644,0.312602507488174,0.698775172856634,4.7914797216203,14.8673605932943,4.46720624150365,2.07147203404553,5.0411559044498,7.84443718288138,24.4093436842215
"1795","Viandel Pena",NA,7.49260058278372,1.59758996794614,0.468332294903895,0.521623295934976,7.84338991570247,16.8989105301381,4.29129660331256,1.3783661574232,5.69964048998983,10.0801461415687,28.8099555908525
"1796","Victor Acosta","2B/SS/3B",8.62774631550656,1.75546054399407,0.312098272492557,0.347765500733013,9.20188043882029,18.4624372318328,5.77043029306827,1.20549746351821,6.36738896958098,11.0430706327262,31.4330449836914
"1797","Victor Arias","CF/LF/RF",11.2281719825626,2.55320086906287,0.780027179399957,1.38898240588679,11.925239388693,21.2442093325327,8.24296617797942,1.72183631483986,10.0497660721541,15.9503824369122,54.9017089887006
"1798","Victor Bericoto","1B/RF",12.8357197272906,2.90893601551245,0.316300230789369,1.93348126931965,10.3478648567249,22.1729364239571,8.83998399553746,0.179784562155083,8.47299311116521,17.994437242912,58.6451172586869
"1799","Victor Caratini","DH",55.2796062947551,12.6168221717278,0.18422164379591,9.29734920535192,53.9796157059849,62.8659614244946,38.2997507150138,1.18676762059158,36.2814817843991,77.3779993156307,285.913349717777
"1800","Victor Figueroa","1B/RF",6.51539756069406,2.71005830821065,0.311997425493433,1.38988079181034,12.605465866196,18.9902017061251,6.59690031154966,0.517301200913054,6.36963574880603,10.9273340862085,34.7793333483976
"1801","Victor Labrada","LF/RF/CF",10.9026576349118,2.87078559814098,0.46811379307246,1.21520779456664,14.9900362188418,20.3749045300557,7.91252180997113,3.96023983514171,9.88251554283546,15.4567648206918,55.203303687954
"1802","Victor Mesa Jr.","CF/LF/RF",12.9275294906189,3.82833162393995,0.382698093441946,2.0962837850964,13.0014652100854,19.9238620541025,10.2141358063746,1.08588418452692,9.50026204727305,19.2348429930972,69.4635281294766
"1803","Victor Robles","OF",44.8561256135117,12.5849039545692,1.52456451442504,5.23452714643506,39.5425449034972,66.6789272512013,26.1147379893882,16.1981627301852,35.8724329950491,64.200121228941,235.444384572969
"1804","Victor Scott II","CF",73.2755314338505,17.4501232983918,2.81186527808308,7.08700819982293,77.4352248963509,112.666732193334,38.1588394688846,32.869815374678,56.5846433657318,100.624528210148,361.155029100433
"1805","Vidal Bruján","SS/3B/RF",11.8666159317713,2.99772594325526,0.222919549367386,1.05423799315994,12.9777893559756,17.2575170094387,7.18106092376146,2.77149093513889,9.34008525745261,16.1414994175539,57.0658973810458
"1806","Vimael Machín","3B/2B/LF",13.6304034466763,3.85803506246619,0.335032599563768,2.05212323585697,13.5009046258057,16.2755888513117,9.2148218369329,1.12403269479255,8.67333268172501,19.8755943445632,73.0478513649931
"1807","Vincent Perozo","C/1B/LF",6.18984936795925,1.75504532395302,0.156149983245402,0.521822937251321,6.47973165527874,17.0796784077541,4.78388516851915,0.345378545589449,4.86219932974844,8.62286761240899,22.4132015755278
"1808","Vinnie Pasquantino","1B",86.9428266425423,30.1973821542971,1.54225892597147,25.5726690649508,109.234867348334,89.3020145128474,88.6114928269581,1.23037829616457,73.1594640490953,144.255136787762,616.464638223748
"1809","Vinny Capra","SS/3B/2B",9.39309813498285,2.76423599583843,0.17228320655792,0.940756515174389,10.2874644551205,13.0035374296866,6.23391345202103,1.1032529703309,7.03156430930524,13.2703738525536,47.1073868141088
"1810","Vladimir Guerrero Jr.","1B",107.014907581791,32.1248221302608,0.633732929501425,30.7713331807427,162.780371325736,89.0510507397495,98.4202604139631,5.38750052397501,94.6748876039454,170.544795822296,746.772272800512
"1811","Wade Meckler","CF/LF/2B",17.2245420589131,3.89247320967928,0.448942243158285,0.892311422814581,19.923805185281,20.8071852976029,8.57014255177969,1.62682229686602,11.0502430983087,22.4582689345653,75.2821214174869
"1812","Wade Stauss",NA,1.64126207471313,0.323248330438001,0.000437003662868526,0.00251215323067642,2.74687542533444,7.71034555802889,1.16442125431059,0.00166372302242898,0.84966819790815,1.96745956204468,0.539445100802076
"1813","Wady Mendez","RF/LF/CF",5.05429749422899,0.959198402271389,0.156234022411338,0.349179626723791,6.82290301705624,13.7832760838615,2.81047002081365,1.20636194704948,3.69263413816578,6.5189095456355,15.8021239863394
"1814","Walker Janek","C",7.49021450436507,2.39215801190134,0.156217214578151,1.38936505174312,6.47541430512442,23.5109101344432,6.43176362717902,1.89429723349425,6.87019882311401,11.4279547825877,32.8419014933941
"1815","Walker Jenkins","CF/RF/LF",18.9825155517564,5.88395624424362,0.556814695477367,2.67009350167054,24.272338112455,28.6495872382608,13.7799127302548,3.00243464691424,15.1759121023473,28.0933799931479,102.596678360909
"1816","Warming Bernabel","1B/3B",21.6126870676204,5.7455477785753,0.28860548756498,2.4576160967338,11.6111256138549,22.2844297425736,13.9608968578344,1.44460113831857,13.356268048302,30.1044564304944,110.486312637271
"1817","Wenceel Pérez","RF/CF/LF",59.4043047682568,18.0747286511693,4.29751590812105,11.383675076934,70.0926420740714,93.2277287124151,45.8224293351426,10.546655105457,53.4740674351844,93.1602244044811,356.916882075025
"1818","Wes Clarke",NA,7.79406799828627,2.86439120950885,0.155847442248031,2.94540081129977,20.3979633815946,27.1116064028054,9.37867665536221,0.343780066607115,8.02646243044402,13.7597074613429,43.9287236615409
"1819","Wes Kath","1B/3B",6.35192117883464,1.91514147942096,0.156183598911776,1.21693801930829,7.16025249756505,27.6932147721526,5.60980798934618,0.345199124479187,5.53274814286646,9.64018427647567,18.5934160491357
"1820","Weston Eberly",NA,1.64148206775882,0.321919626306648,0.000319348830557769,0.175621293496345,2.74196934561363,6.13471378162678,1.32820704447201,0.173504823295915,1.18281793280869,2.13934233639237,3.81726523258375
"1821","Weston Wilson","LF/1B/2B",9.26252741781332,2.70176152889568,0.195588934418405,3.00455118003041,14.6208653559214,22.772763205787,8.769463810694,2.0716071181477,10.0810219843768,15.1644290611578,55.7492098287287
"1822","Wilber Sanchez","SS/2B/3B",5.21696159407355,1.11819837683097,0.156116367579027,0.521473564947717,6.47966624088246,14.8168982778136,3.30232328917218,1.37857820055351,4.02545825288877,7.01274990343126,17.9225629819269
"1823","Wilfred Veras",NA,11.9472246702406,3.09372945902192,0.318249939439091,2.29738444312389,9.73799156241827,29.737056462441,9.72878324683711,1.92988785736621,8.53642392175069,17.6565885118256,54.0501867662615
"1824","Wilfredo Lara","SS/3B/2B",6.84079345055109,1.75546054399407,0.624078890152803,0.695497727913301,9.20312331234956,16.2047376393201,4.78508216338809,1.55056609991721,6.03375080441413,9.91583061261126,31.0022647742727
"1825","Will Banfield","C",10.0002803838247,2.75653262230193,0.174578630674448,1.48918778476158,6.77309092450412,22.3795587749378,7.84208832043551,0.0299416568763289,6.96468228170791,14.4205794215627,43.2921449867056
"1826","Will Benson","OF",29.1472787038429,10.244281596202,1.82288047554029,9.86425975957447,53.9343494683145,79.4311717710172,30.8384797510205,6.98295780208063,32.9106321539728,51.0787005351597,188.019821367542
"1827","Will Brennan","RF/LF/CF",27.7606776209631,7.25451454444895,0.398961020472235,2.36285964914069,17.1732721644034,22.3115338739159,15.2677006453169,2.59779302245849,15.7553215471089,37.777012835025,139.781335378859
"1828","Will Bush","C/1B",7.1637017267376,2.07442380360845,0.000369772330119522,2.08334883300747,13.9697128561863,24.9027355124526,7.58501862935509,0.861097578530193,7.0396472886311,11.3218441356836,32.8737702384058
"1829","Will Holland",NA,6.02779447962584,1.75660655130736,0.312131888158931,0.869255702457092,8.52499009552737,15.86434084046,4.62153577220046,1.89521065005559,6.20245034352287,8.96578862154922,28.7408592249631
"1830","Will Robertson","RF/LF/CF",7.21093254139345,3.36534102515522,0.313089934650604,3.13717641464371,11.651734358951,23.1206468933661,9.27829739340109,0.347368488812354,8.58788391593488,14.026539915843,50.5755727906987
"1831","Will Simpson","1B/RF/LF",11.0633417973451,3.34883187632316,0.156183598911776,2.25655779393131,11.9232769568046,23.3312857861519,9.39570818235452,0.689109679166493,8.20981487754222,16.8249150665113,55.868964608386
"1832","Will Smith","C",67.437513516971,20.6244941774023,1.28086043173563,20.2024176475059,117.864433783272,94.2940655419967,67.2246011671237,2.69322359173261,67.526897887304,109.545285773615,455.579982408399
"1833","Will Taylor","CF/RF/LF",7.16525860059942,3.18749006073207,0.312047848992995,1.21652209989924,10.2223346302684,21.6000274411416,6.92587408586183,1.55071289900742,8.375990860275,11.8813186102237,38.3576582930896
"1834","Will Verdung","1B/3B/2B",8.79323647986116,1.43682946041252,0.312115080325744,0.000765291712656392,9.54603301654196,12.5504915263008,3.63141676297124,0.51749693303334,4.5284146355017,10.5429463123121,29.8190312383437
"1835","Will Wagner","INF",18.7698190662102,5.40544446527483,0.388526463295696,1.65791091633018,22.8837120716832,21.6558821990203,11.245090908729,0.866896309920236,12.9868067499629,26.2217009111109,93.2642446437813
"1836","Will Wilson","SS/3B/2B",8.36339003455803,2.25074675828055,0.157460994234007,1.39977967374579,9.9478156773841,21.2094211412671,6.97206098787612,0.694378135404184,6.74640230648852,12.1713774608184,36.4825604389427
"1837","Willi Castro","3B",77.8215837375126,22.7637292666617,4.11711154156859,12.1528361371633,82.535707937795,113.819738423149,51.6917056508074,14.4361819234836,64.7777389857153,116.855260682906,435.108130946864
"1838","William Bergolla Jr.","SS/2B",16.4314263176354,2.55248669059227,0.468130600905648,0.174024162965584,8.85975570738322,6.44477438111893,6.75954040662224,3.61553004096324,10.5497918731692,19.6260677720989,77.3691116372326
"1839","William Contreras","C",92.6046101175314,27.9484102097804,0.784577170091361,19.8341274913731,144.421773875795,117.607624230257,77.6818537955929,6.06192158439859,76.2549430658711,141.171724988776,554.926216206017
"1840","William Lugo","SS/3B/2B",8.95195762742524,2.7117025795732,0.156217214578151,1.21517452101391,10.9042291748765,21.5937707021228,5.77279008295274,0.517023913742649,6.36870773130003,13.0350519425905,36.8395674254154
"1841","Willie MacIver","C",10.9040054852174,3.15228119770336,0.20991403190071,1.60970949430809,12.5636705704163,21.9689817704558,8.11465989060884,1.55240096488515,7.66993970522752,15.8759102091295,51.3969871620834
"1842","Willson Contreras","1B",71.2015399112672,23.9587607368433,1.03288877256156,20.9383319988536,101.298422078192,136.828915309863,71.1888516207875,4.78044529173616,67.1121557394406,117.131521419526,446.486635879205
"1843","Willy Adames","SS",78.8417122987195,27.2603134481152,1.28776669356639,27.089976776057,141.608975704593,164.218079736479,84.1533012206223,11.3793538986131,82.6124358591279,134.479769216458,528.472096054677
"1844","Willy Vasquez","SS/RF/3B",8.87498928014865,2.09682907702339,0.471324089211225,1.05522507085066,5.8546495138376,18.6058358091362,5.83260562654622,1.21720876871531,5.75642864895342,12.4983675172339,37.9006622547783
"1845","Wilman Diaz",NA,6.67914470322511,1.9145601713635,0.468046561739711,0.6950152613988,6.81665594221174,19.3403348403775,4.61979157967715,1.03377054031489,5.53108747996099,9.75676669772712,26.0503139317962
"1846","Wilmer Flores",NA,30.938875693646,8.1054926366377,0.127609660193133,6.79660180583778,36.1780942206004,40.6076140278265,26.1708592468827,0.233292307597416,22.6763689065196,45.9685797963146,175.129163196654
"1847","Wilyer Abreu","RF",60.7464152956033,23.4864341635038,1.08856266989833,20.3298277142769,105.408245705415,119.785464028663,66.6200736847234,8.18537572428415,61.4947251238025,105.651239843282,420.121472680125
"1848","Won-Bin Cho","CF/RF/LF",9.76514274631224,2.23254351168101,0.156149983245402,0.695198265938783,11.2443914744253,22.466228378309,5.60729430012141,2.06613833376774,6.86972667385657,12.8490345071774,35.2544727269572
"1849","Woody Hadeen","SS/CF/2B",11.2263612705712,2.23242725006952,0.312182311658493,0.867941397124486,10.9023321573845,17.7622199717277,8.56822926819788,2.92602889755617,10.2139720528128,14.6389122294236,53.32336299987
"1850","Wuilfredo Antunez","RF/LF",9.27867347555642,2.87204786706577,0.780043987233145,2.08371484208743,8.51923362865495,20.0256862192629,8.245377267644,1.37800731520268,8.37807482941128,15.0144801719428,53.7024940766177
"1851","Wyatt Hendrie","C/LF/RF",4.56735439229783,0.960394235989607,0.156318061577274,0.349246173829239,6.14702659690563,11.5166732987502,3.14040139102096,0.517872086263887,3.69367612273392,6.03331286369395,16.2559837729823
"1852","Wyatt Hoffman",NA,4.4030318833396,1.11919490492948,0.00033615666374502,0.174489992703723,6.82159472913069,19.6985216883016,2.80802473129568,1.20601941583897,3.69103859929581,5.69705293763655,6.74105706740665
"1853","Wyatt Langford","LF",79.9083644458792,27.5216374873412,2.21416609483974,23.9802927039772,145.835265388754,139.655821442997,74.8549495567095,20.8925023783226,83.8789421839035,133.624460732037,544.734802661002
"1854","Wyatt Young","2B/SS/3B",12.2611809217217,1.80429042082129,0.159746859547474,0.532237559253993,14.9482616879129,17.5996660914426,5.71921332036707,1.22906687300262,8.17584068689211,14.7574557613444,45.5173188905307
"1855","Xander Bogaerts","SS",94.6354865075713,25.0168666581692,1.00949480547303,13.3418819926678,95.8171789855434,100.932515531746,58.9241765121803,16.3591991628154,67.7172856815512,134.003729963881,511.140837963564
"1856","Xavier Edwards","2B",113.906034450009,22.5027370301366,3.93748052372886,3.69658046422336,98.4820646103408,81.1066270379646,45.0233100872004,26.6951214988183,68.2880927684343,144.042832468098,532.495834191047
"1857","Xavier Isaac","1B",5.55195256523113,1.91955942065771,0.156805488739705,2.26176510493264,11.9565401773118,19.9057377655819,7.1059219063141,0.518818124845269,6.38394675560907,9.8900825795612,32.7916624728051
"1858","Yainer Diaz","C",88.4180355919014,23.8405450609843,1.20910107138956,18.7575999138334,47.5344734911017,89.9515333364746,67.9681215597049,1.51054652795805,59.1237602476047,132.225281638109,517.858286858383
"1859","Yamal Encarnacion","RF/CF/2B",6.5188666817992,1.2794405396122,0.156435716409585,0.522904327714857,7.16483150530448,11.1616393245353,3.30666667055375,2.23988782221401,5.03322705312662,8.47764726553585,28.0121089735426
"1860","Yandy Díaz","DH",108.865338266479,27.5622381019976,0.743122341058905,19.2582264986227,118.798773742567,92.2113545708556,75.6995403330322,2.14042604031575,75.8146199880714,156.428925208158,617.553169695022
"1861","Yanquiel Fernández","RF/LF",17.6993924056108,5.15555473761416,0.226018892815974,3.51241831241379,15.1557421944979,27.0977087563625,13.3974272412123,0.109485503538949,12.718810935161,26.5933843484548,95.0530154294015
"1862","Yasmani Grandal",NA,6.71560815481563,1.48560951083481,0.00279010030908367,1.07665323880504,9.4762284168081,9.38040795684397,4.43589358348022,0.00928096470354988,3.49953364162671,9.28066100476456,31.1274326751283
"1863","Yasmil Bucce","C/1B",6.35181964358278,2.07264666183277,0.311997425493433,1.56212481970518,14.6497757976987,20.7332057309122,6.59464312122538,0.172917626935058,5.86677705224637,10.2985885506142,30.1799136932723
"1864","Yeiner Fernandez","C/2B/3B",11.9804990141344,2.57846285636022,0.157074414070701,0.529808589905127,10.6664404055021,11.0735790028771,6.49096357341133,0.349668341225712,7.43769312491606,15.2458448744705,53.4243181143045
"1865","Yeison Morrobel",NA,7.00323755734996,2.07347710191487,0.156133175412215,0.869255702457092,7.49956440996219,16.3767166772699,4.95023594768544,0.51728488990303,4.19427175905965,10.1021035371341,28.5848970908912
"1866","Yerlin Confidan","RF/CF/LF",8.78836278777199,3.02902156782503,0.467912099074214,0.868889693377126,10.5614175922785,26.1193309620038,6.10135345902413,0.861521664790812,6.86964526881219,13.1541861480484,33.7472627208733
"1867","Yhoswar Garcia",NA,7.81872414194573,1.43721146285028,0.312165503825306,0.174822728230965,5.45744586073488,12.8942535686019,3.63264795769357,4.65447117145568,5.53291095295523,9.74292383685228,32.7405586792532
"1868","Yiddi Cappe","2B/3B",9.44231908283561,1.91490895619798,0.156200406744964,0.86797467067721,6.13453244721663,16.547388824563,5.44260221384494,2.23954529100351,6.36730756453659,12.3814031164558,39.4775093759088
"1869","Yohairo Cuevas","RF/LF/1B",8.46389763772366,3.02862295658563,0.156116367579027,0.348198056918427,13.6289945342692,21.076788075748,5.44183271714348,1.7216568937296,6.70267151664443,11.9968350188067,33.1653279706887
"1870","Yohandy Morales","1B/3B",19.5883676206261,5.81454235841671,0.573288266800361,2.47907675950629,19.9856299813356,40.3777370205769,13.8620673346952,0.94698622753694,15.0571163790593,28.4552750053495,89.2526071072992
"1871","Yohel Pozo","C/1B",31.3990265407066,10.0410596002624,0.0902174742134426,4.922702011351,12.6089876478763,25.0827958109578,22.4515613729635,0.667265563051975,18.2901454117953,46.4530056265335,180.674793999196
"1872","Yohendrick Pinango","LF/RF",11.3005496945952,3.37402742841394,0.313476514813911,2.09366363435197,14.7490094368516,20.3233718022515,9.4497610506504,0.865729905376956,8.2668960946656,17.081717272175,59.7861384260643
"1873","Yolmer Sánchez","2B/SS/LF",8.96877863414968,2.07827704558938,0.312770585820047,0.696429387389578,15.7014980705674,20.7620880144247,5.12313599877748,0.862353526302027,6.71462177716027,12.0562556529487,32.8998966260593
"1874","Yonatan Henriquez","CF/RF/3B",8.78966582350416,2.39112826619954,0.31201423332662,1.04184910265554,11.5828857068689,17.4210717107399,6.10085756114985,2.58202047680872,8.20751925529054,12.5346574256859,43.2140019003861
"1875","Yonathan Perlaza",NA,11.8757823243851,4.62343925465757,0.156217214578151,2.60355800295167,20.0897233074293,26.2832236140154,10.8782789573767,1.37758322894206,11.7238343421931,19.2589967965725,68.2200109968828
"1876","Yonny Hernández",NA,11.5598292129509,1.59778927356584,0.312484852655863,0.347649043298478,11.5947257125952,10.6374524634156,5.28030411730635,1.55068027698738,7.87721869694351,13.8177523824711,48.7897138840078
"1877","Yophery Rodriguez","LF/RF/CF",10.0894894385667,3.18875232965686,0.780027179399957,0.868573594626246,13.6257565216534,19.5039007697249,6.92476259062639,0.861423798730669,7.20530227907981,14.9268425422498,47.6226429977968
"1878","Yordan Alvarez","DH",77.8561147238766,26.9410868200515,1.16350908989646,29.8185181042753,151.744556205788,91.0803500135295,85.5680740930164,3.56494901575222,80.4086634239499,135.7792287381,604.522682046159
"1879","Yordys Valdes",NA,8.54064136558616,1.93578621986186,0.314316906473274,0.875211668394722,6.53216129389515,22.8097694872136,5.32399443002257,1.56121718946276,6.24647419152675,11.665956160316,30.5098398427391
"1880","Yoyner Fajardo",NA,9.68489142589224,1.93495577977976,0.314165635974589,0.355418417859577,8.59648803065867,15.0878579468731,5.15976404176697,2.42777895635093,6.41789265911798,12.2894312595062,39.4154137941889
"1881","Yoán Moncada","3B",50.0082142019108,16.5084813864266,1.07431896647716,12.5555980973184,72.8403602920809,101.105897126378,44.0909509606952,1.20674751086667,42.9729879235898,80.1466126521329,283.928540836509
"1882","Yuli Gurriel",NA,7.65043713179664,2.43524124336046,0.159578781215601,1.06164686652643,9.35746858036631,9.97934119105694,5.2166725978216,0.700641563253329,5.12956178265287,11.3069040228991,40.9275862267392
"1883","Yunior Severino",NA,10.1108872014299,2.81891239417174,0.16337735151592,1.98498872893669,14.7941706385755,25.9558529033977,8.03551889048045,0.362945503385096,7.48593802909569,15.0781656760543,44.2636798317401
"1884","Zac Veen","RF/LF/CF",25.2212975436041,7.43211187350948,1.11918852022122,4.07575864745617,26.1984420138178,42.3163137566706,17.7576751396705,6.02990990711977,19.8939869967981,37.8483565847909,136.808092897611
"1885","Zach Arnold",NA,6.6796523794844,1.27861009953011,0.000437003662868526,1.56254073911423,4.43692625489051,18.9909695043859,5.93850816483116,0.689125990176516,5.19827964624687,9.52124022179161,27.365771286442
"1886","Zach Cole","OF",39.1930004492883,13.8565563939554,2.83510661609433,12.0863689220321,63.0667796721855,141.1198182441,41.1598166868217,9.612298847828,43.1829011282912,67.9710323813701,212.534171955192
"1887","Zach DeLoach",NA,10.6144482395818,2.82738288300911,0.320283687254748,1.44957354539754,14.1203547719076,23.3147924816867,7.68679470083082,1.25043429613382,9.1585898513623,15.2116883552432,48.2327623260811
"1888","Zach Dezenzo","LF/RF/1B",19.0113441037068,6.05324634042564,0.0946925792750333,4.18499238540182,21.0526980497938,42.4340277112422,15.4342279100703,1.78696980454895,16.5834161765547,29.3442754088093,98.2010210615408
"1889","Zach Ehrhard","RF/LF/CF",10.9019807332327,3.82636328165444,0.156250830244525,2.60329181452987,15.6669592693329,20.1974692236142,11.5362094060744,3.0987181703509,11.7242250864061,17.4878866596615,70.5740838039348
"1890","Zach Evans","3B/2B/1B",14.6385844080721,2.55092546323793,0.156133175412215,0.521689843040424,10.2159894338295,24.0234983409849,6.75914710830816,1.20482871210724,7.53801242674066,17.8673328897627,49.5087499186429
"1891","Zach Humphreys","C/1B/2B",5.54210364580093,1.75673942172049,0.000302540997370518,0.521906121133132,7.84852494581026,11.5124585763824,3.63293865644746,1.03414569354544,4.36209212368902,7.82105172965193,24.3029359533699
"1892","Zach Kokoska","1B/RF/LF",5.90224151433529,2.4067239309413,0.157376955068071,1.92251763369702,8.56744403871146,19.9710659622824,6.80105902864768,1.3852820256733,7.07474914377029,10.3888600340417,34.9456350801025
"1893","Zach Levenson","CF/LF/RF",9.27762427795389,2.55268599621198,0.156250830244525,1.73649835497437,13.9692876626105,17.5914988160349,7.58542902759587,0.689647942497278,7.87603018329547,13.7230594593848,47.8034694371321
"1894","Zach McKinstry","DH",55.34337585632,15.7706814893661,4.77385139158192,7.96281143798006,69.004587481933,87.1998684499124,36.447953429332,13.6084193285451,48.4932195156527,83.8507201752481,312.108702935832
"1895","Zach Morgan","C/1B",6.19313234110265,1.59765640315271,0.000487427162430279,0.52228876698946,7.50574607041042,9.76739619881102,3.96341722430914,0.345411167609497,4.02827486742452,8.31356493840725,26.6758994341998
"1896","Zach Neto","SS",83.4896555877667,30.0702219256877,1.2901171210751,26.5462679297951,93.0766434226492,152.654697120545,77.8465075151924,26.771229704674,84.7758447882558,141.396262564325,573.216932537774
"1897","Zack Gelof","2B",24.1678645955519,8.46470723458114,0.347070790607204,6.85969075749998,34.1792127760373,65.4224599101402,23.1447180932712,6.64220382139705,24.7312643024114,39.8393333782402,138.351647529956
"1898","Zack Short","SS/3B/2B",7.22791814716925,2.46334333573857,0.00314306480601594,1.95545845089397,19.2532396666059,22.9297085860332,8.26733088128828,0.713543572182165,8.42361708611729,11.6498629986078,37.7603767674105
"1899","Zander Darby","2B/3B/1B",6.19133855165317,1.75546054399407,0.156234022411338,0.868573594626246,8.86240499043246,15.8610899499515,5.11371393916627,0.861293310650479,5.53164103426281,8.97160671268482,27.234027844878
"1900","Zane Zielinski",NA,12.2017197355854,1.4363478051649,0.312165503825306,0.347782137509375,11.2392564443175,24.3764739624155,6.42858304081298,2.92584947644591,9.20970366948352,14.298015182085,40.1857329959254
"1901","Zavier Warren","1B/LF/2B",8.32231902518156,2.07943966170431,0.468987800398198,1.56758168235195,11.9528442639221,24.0769174965764,6.94317921168133,0.862891789632813,6.38630750189626,12.438328169636,35.1506058250986
"1902","Zyhir Hope","RF/LF/CF",10.2506643547174,3.34700490814255,0.311980617660246,2.08273327228207,17.368097839058,27.8569113905657,9.55903227449507,2.23739223768037,10.0495381380299,15.9923831528022,52.1853666783555
"1903","Émilien Pitre","2B/SS",11.8771192052013,3.50638688513989,0.312131888158931,1.21465878094669,13.9627462229827,20.7210026394056,8.07546970372429,1.20538328644805,9.04356024876849,16.9102967594468,56.1089278821734
"1904","Óscar Mercado","RF/CF/LF",9.31429542641653,2.24493367770588,0.469777768557998,1.74120656268484,11.9735152131458,13.4716472155813,7.94082218865816,3.28207484370119,8.40659915696409,13.7702134353652,55.8765981827143
