Name,Team,G,PA,AB,H,1B,2B,3B,HR,R,RBI,BB,IBB,SO,HBP,SF,SH,GDP,SB,CS,AVG,BB%,K%,BB/K,OBP,SLG,wOBA,OPS,ISO,Spd,BABIP,UBR,wSB,wRC,wRAA,wRC+,BsR,Fld,Off,Def,WAR,ADP,InterSD,InterSK,IntraSD,Vol,Skew,Dim,FPTS,FPTS/G,SPTS,SPTS/G,P10,P20,P30,P40,P50,P60,P70,P80,P90,TT10,TT20,TT30,TT40,TT50,TT60,TT70,TT80,TT90,NameASCII,PlayerId,MLBAMID
"Aaron Judge","NYY",145.111,637.707,518.489,148.833,72.6698,26.0644,0.408057,49.6907,105.788,119.735,108.232,18.2188,161.93,5.98771,4.23589,0.513031,8.90254,7.84002,2.89744,0.287051,0.169721,0.253926,0.668389,0.412992,0.626408,0.428638,1.0394,0.339357,3.21939,0.318679,,-0.732059,135.194,59.844,180.945,-0.732059,-2.34,60.10708248615265,-9.350192785263062,7.43871,1.909999966621399,,,,,,,1210.6,8.348965517,1210.6,8.348965517,,,,,,,,,,,,,,,,,,,"Aaron Judge","15640",592450
"Bobby Witt Jr.","KCR",151.414,660.092,599.119,174.794,102.731,35.4139,5.52248,31.1266,104.291,96.4595,47.9962,5.00549,112.63,6.41002,5.70408,0.862956,7.05871,36.9353,8.5098,0.291751,0.0727113,0.170628,0.42614,0.347678,0.525159,0.369155,0.872837,0.233407,7.00729,0.311597,,2.89784,108.061,30.0659,135.824,2.89784,3.65,30.7690486907959,10.659907341003418,6.56317,3.0199999809265137,,,,,,,1015.2,6.723178807,1015.2,6.723178807,,,,,,,,,,,,,,,,,,,"Bobby Witt Jr.","25764",677951
"Cal Raleigh","SEA",149.964,623.634,538.611,120.915,58.7346,22.3644,0.850024,38.9655,81.9506,102.99,73.8822,6.88879,172.277,6.20118,4.4358,0.504108,6.34389,7.32862,2.61735,0.224493,0.118471,0.276246,0.428858,0.322562,0.486206,0.342992,0.808768,0.261712,3.61012,0.24698,,-0.477081,88.8451,15.1579,127.35,-0.477081,14.95,19.625501841306686,21.703858375549316,6.42459,18.040000915527344,,,,,,,819.6,5.464,819.6,5.464,,,,,,,,,,,,,,,,,,,"Cal Raleigh","21534",663728
"Shohei Ohtani","LAD",148.484,660.136,559.007,159.408,77.855,30.8187,3.12438,47.6097,121.418,118.873,90.9425,13.4596,156.657,4.77889,3.60594,0.738253,8.74762,25.4773,8.21861,0.285163,0.137763,0.237311,0.580519,0.387538,0.606977,0.412891,0.994515,0.321815,5.97183,0.311984,,0.672761,131.509,53.509,168.938,0.672761,0,54.60980325937271,-14.016881942749023,6.40024,1.2200000286102295,,,,,,,1202.7,8.126351351,1202.7,8.126351351,,,,,,,,,,,,,,,,,,,"Shohei Ohtani","19755",660271
"Juan Soto","NYM",154.765,678.279,548.039,148.115,82.9627,26.4457,0.402562,38.3039,107.51,99.577,121.148,8.89427,123.239,4.16719,3.84162,1.08312,13.817,16.7215,6.07504,0.270263,0.178611,0.181694,0.983032,0.403768,0.529666,0.397463,0.933434,0.259402,3.96602,0.281323,,-0.459798,126.627,46.4834,161.161,-0.459798,-2.99,48.7078812122345,-10.350013494491577,6.23333,4.639999866485596,,,,,,,1103.9,7.121935483,1103.9,7.121935483,,,,,,,,,,,,,,,,,,,"Juan Soto","20123",665742
"Julio Rodríguez","SEA",151.546,659.331,597.99,163.495,103.501,25.7879,6.1555,28.0504,95.5409,87.195,47.6697,3.64278,145.981,9.22532,3.88978,0.556679,10.7974,25.5511,6.59174,0.273407,0.0723001,0.221408,0.326547,0.334545,0.477842,0.347448,0.812387,0.204435,6.69631,0.316571,,1.37597,96.3162,18.4112,130.419,1.37597,0.52,25.014857411384583,2.6677606105804443,5.15407,9.550000190734863,,,,,,,888.4,5.844736842,888.4,5.844736842,,,,,,,,,,,,,,,,,,,"Julio Rodriguez","23697",677594
"Gunnar Henderson","BAL",152.564,659.146,582.607,155.867,93.7275,34.6286,2.69938,24.8111,94.0367,79.9483,64.8897,3.18258,139.966,5.7051,5.40943,0.535037,12.2336,20.4843,5.22859,0.267533,0.0984451,0.212344,0.463611,0.343847,0.463996,0.347369,0.807843,0.196463,5.58058,0.309649,,0.89187,96.2468,18.3636,125.278,0.89187,-1.33,20.5296630859375,5.733147978782654,5.00815,12.229999542236328,,,,,,,881.2,5.759477124,881.2,5.759477124,,,,,,,,,,,,,,,,,,,"Gunnar Henderson","26289",683002
"Fernando Tatis Jr.","SDP",148.445,645.902,564.905,154.141,93.28,27.5061,4.13537,29.22,99.2724,85.1481,69.6377,3.08036,128.809,6.21416,4.18956,0.955486,12.4391,23.2786,7.04276,0.272863,0.107815,0.199424,0.540629,0.356608,0.491372,0.363539,0.84798,0.218509,5.9172,0.303896,,0.675371,102.793,26.4744,138.36,0.675371,4.32,30.04090839624405,-2.7433552742004395,4.99151,14.199999809265137,,,,,,,926.1,6.257432432,926.1,6.257432432,,,,,,,,,,,,,,,,,,,"Fernando Tatis Jr.","19709",665487
"Vladimir Guerrero Jr.","TOR",152.96,662.677,578.661,173.141,109.606,30.8449,1.16238,31.5276,97.6129,98.0026,71.9629,7.00338,87.526,7.13627,4.28948,0.627287,16.5052,5.85787,2.26395,0.29921,0.108594,0.132079,0.822188,0.380999,0.519982,0.383914,0.900981,0.220772,3.45682,0.305269,,-0.955091,116.425,38.1245,149.612,-0.955091,-0.37,37.79379093647003,-12.367149472236633,4.93503,18.209999084472656,,,,,,,1029,6.725490196,1029,6.725490196,,,,,,,,,,,,,,,,,,,"Vladimir Guerrero Jr.","19611",665489
"Corey Seager","TEX",124.021,531.47,458.246,126.282,73.787,23.742,0.677077,28.0759,71.5017,83.9247,60.1184,8.51282,100.099,4.65708,4.28207,0.486769,10.3598,1.76836,0.711342,0.275577,0.113117,0.188344,0.600589,0.362329,0.514147,0.370393,0.876476,0.23857,2.3746,0.29372,,-0.796181,87.5385,24.7413,141.099,-0.796181,-0.09,24.948051393032074,3.9977218210697174,4.83305,96.63999938964844,,,,,,,782.1,6.307258064,782.1,6.307258064,,,,,,,,,,,,,,,,,,,"Corey Seager","13624",608369
"Ketel Marte","ARI",140.022,612.149,533.872,147.518,85.6392,30.9071,1.82319,29.148,85.8032,94.8115,66.7164,4.38957,100.653,6.30006,4.2458,0.633985,12.7758,4.84547,1.7962,0.276316,0.108987,0.164425,0.662838,0.36086,0.504831,0.369489,0.865691,0.228515,3.65183,0.289896,,-0.784896,100.378,28.048,137.713,-0.784896,-0.25,26.57660734653473,-0.17876380681991577,4.78456,32.119998931884766,,,,,,,891.6,6.368571428,891.6,6.368571428,,,,,,,,,,,,,,,,,,,"Ketel Marte","13613",606466
"William Contreras","MIL",143.897,599.621,523.563,137.782,89.6816,27.1185,0,20.9822,71.6289,80.8346,66.3592,2.71362,119.025,4.6419,4.0945,0.962822,15.0097,5.34016,2.10213,0.263163,0.110669,0.198501,0.557521,0.348752,0.435186,0.340968,0.783939,0.172023,2.77084,0.301303,,-0.835688,84.4387,13.5889,119.914,-0.835688,5.49,13.31645393371582,12.624372959136963,4.69516,54.849998474121094,,,,,,,741.4,5.148611111,741.4,5.148611111,,,,,,,,,,,,,,,,,,,"William Contreras","20503",661388
"Yordan Alvarez","HOU",129.283,552.423,470.396,137.287,76.0697,26.9164,1.26549,33.0349,83.2129,91.2881,68.6607,8.89036,91.9986,7.6929,5.14905,0.524326,9.12723,3.4959,1.17863,0.291853,0.12429,0.166537,0.746323,0.3871,0.565138,0.39966,0.952238,0.273285,3.14454,0.297427,,-0.731047,104.117,38.8438,160.43,-0.731047,-0.44,38.61480909585953,-12.211138188838959,4.64675,33.290000915527344,,,,,,,925.3,7.172868217,925.3,7.172868217,,,,,,,,,,,,,,,,,,,"Yordan Alvarez","19556",670541
"Will Smith","LAD",123.476,497.176,424.761,115.064,68.4131,20.9612,1.65366,24.036,72.6388,72.6907,56.1457,2.28298,93.7436,9.14963,5.79309,0.468692,7.73291,2.95557,1.06567,0.270891,0.112929,0.188552,0.598928,0.363738,0.497788,0.368857,0.861526,0.226896,3.60084,0.291034,,-0.712923,81.27,22.5249,138.773,-0.712923,-2.55,22.13433462381363,6.391163110733032,4.61088,99.51000213623047,,,,,,,714.8,5.811382113,714.8,5.811382113,,,,,,,,,,,,,,,,,,,"Will Smith","19197",669257
"Corbin Carroll","ARI",138.004,601.744,523.465,136.132,74.6097,29.0855,6.94221,25.4951,96.308,77.0375,62.9297,2.58974,125.126,7.92883,3.9362,3.48406,7.62545,34.0451,6.61528,0.26006,0.104579,0.207939,0.502931,0.345988,0.488261,0.356982,0.834249,0.228201,7.75237,0.293639,,3.15672,92.5614,21.4607,129.145,3.15672,7.11,23.942511081695557,0.9102320671081543,4.59106,15.069999694824219,,,,,,,855.6,6.2,855.6,6.2,,,,,,,,,,,,,,,,,,,"Corbin Carroll","25878",682998
"Ronald Acuña Jr.","ATL",143.672,628.896,534.034,148.621,91.4073,24.6734,3.24384,29.2969,101.761,82.7565,82.0101,3.4098,135.708,8.47617,3.82481,0.551306,12.0154,26.2469,9.00895,0.2783,0.130403,0.215788,0.604312,0.380536,0.501229,0.379,0.881765,0.22293,5.93508,0.320031,,0.381774,107.981,33.6718,144.742,0.381774,-2.8,33.730849623680115,-10.214375257492065,4.54677,5.71999979019165,,,,,,,956.8,6.644444444,956.8,6.644444444,,,,,,,,,,,,,,,,,,,"Ronald Acuna Jr.","18401",660670
"Francisco Lindor","NYM",140.706,620.836,546.907,140.238,86.5174,27.1116,1.5755,25.0336,85.2675,76.7734,53.6681,1.06513,115.891,9.53932,4.52195,0.684706,9.27434,21.6223,6.69328,0.25642,0.0864448,0.186669,0.46309,0.331001,0.449073,0.337449,0.780075,0.192653,5.18623,0.280641,,0.602041,85.6527,12.2961,120.05,0.602041,1.02,15.355057954788208,7.051635265350342,4.40579,26.8799991607666,,,,,,,775.9,5.502836879,775.9,5.502836879,,,,,,,,,,,,,,,,,,,"Francisco Lindor","12916",596019
"José Ramírez","CLE",150.798,649.666,576.277,155.805,94.4752,31.0079,4.10971,26.2123,91.2717,83.8722,62.2297,14.9486,72.201,4.49213,5.95442,0.712895,6.9694,34.0397,9.50022,0.270365,0.0957872,0.111136,0.861894,0.342901,0.474892,0.34391,0.817793,0.204527,6.27448,0.267854,,1.95196,93.0377,16.2747,122.635,1.95196,0.6,19.283549785614014,1.1997756361961365,4.38345,5.739999771118164,,,,,,,889.3,5.889403973,889.3,5.889403973,,,,,,,,,,,,,,,,,,,"Jose Ramirez","13510",608070
"Kyle Tucker","LAD",142.781,620.24,528.619,142.336,82.8573,28.4077,2.45279,28.6178,95.5528,86.3999,80.9996,5.83126,88.7146,3.55772,5.10502,0.82526,8.79687,17.3996,6.36931,0.26926,0.130594,0.143033,0.913035,0.366974,0.49469,0.36806,0.861664,0.22543,5.18974,0.273103,,-0.195145,100.985,27.699,138.227,-0.195145,0.35,27.90604019165039,-6.2602318823337555,4.32591,13.199999809265137,,,,,,,901.9,6.306993006,901.9,6.306993006,,,,,,,,,,,,,,,,,,,"Kyle Tucker","18345",663656
"Alejandro Kirk","TOR",122.314,484.139,429.438,115.312,77.6384,19.6585,0,18.0152,59.3157,62.4155,45.0114,1.62272,59.412,4.54821,4.57405,0.566987,12.224,0.304895,0.152776,0.268519,0.0929721,0.122717,0.757615,0.340946,0.440148,0.338441,0.781093,0.171629,1.63894,0.272857,,-0.830593,67.1835,9.97872,118.287,-0.830593,7.31,9.604285717010498,15.865312099456787,4.31072,156.9499969482422,,,,,,,592.2,4.85409836,592.2,4.85409836,,,,,,,,,,,,,,,,,,,"Alejandro Kirk","22581",672386
"Wyatt Langford","TEX",142.493,613.139,532.91,133.415,78.1293,27.328,3.05527,24.9026,86.516,74.1371,69.6819,2.63576,143.918,6.2889,3.70973,0.548891,7.8971,19.6821,5.37636,0.250352,0.113648,0.234723,0.484179,0.341804,0.453288,0.343691,0.795092,0.202935,5.78752,0.295032,,0.734792,87.6979,15.2508,122.705,0.734792,5.45,17.142647802829742,2.29496169090271,4.14784,41.33000183105469,,,,,,,794.2,5.592957746,794.2,5.592957746,,,,,,,,,,,,,,,,,,,"Wyatt Langford","33333",694671
"Junior Caminero","TBR",149.262,636.962,585.026,156.857,92.8967,27.2775,0.619024,36.0634,81.8215,105.067,41.5368,2.20469,123.996,4.6517,5.16475,0.582813,13.2834,4.85499,1.80199,0.268119,0.0652107,0.194669,0.334983,0.319063,0.501794,0.348698,0.820857,0.233675,3.03489,0.280829,,-0.670587,93.6949,18.433,123.867,-0.670587,-0.39,17.247027099132538,1.331507682800293,4.14383,16.700000762939453,,,,,,,861.5,5.781879194,861.5,5.781879194,,,,,,,,,,,,,,,,,,,"Junior Caminero","28163",691406
"Mookie Betts","LAD",142.519,621.46,545.296,145.376,92.2554,31.3501,1.54679,20.2237,83.4906,77.3392,63.0332,1.26182,71.1395,5.81546,5.96397,0.710653,9.08191,8.37612,3.20072,0.2666,0.101428,0.114471,0.886051,0.345463,0.441028,0.341318,0.786491,0.174428,4.00104,0.272131,,-0.690752,87.6909,14.2606,119.908,-0.690752,-1.65,13.972836911678314,4.94810163974762,4.05128,58.29999923706055,,,,,,,770.1,5.385314685,770.1,5.385314685,,,,,,,,,,,,,,,,,,,"Mookie Betts","13611",605141
"Willy Adames","SFG",151.861,649.508,568.799,133.438,75.1398,27.7894,1.46402,29.0449,84.816,84.2766,68.7824,1.63473,172.719,3.80554,5.05044,0.498416,7.68837,10.7728,3.50569,0.234596,0.105899,0.265923,0.398232,0.31871,0.441791,0.328427,0.760501,0.207195,4.47014,0.280563,,-0.24554,84.8504,8.10601,112.961,-0.24554,0.76,9.732099533081055,7.790601491928101,4.00369,129.41000366210938,,,,,,,764,5.026315789,764,5.026315789,,,,,,,,,,,,,,,,,,,"Willy Adames","15986",642715
"Trea Turner","PHI",143.427,627.757,572.151,162.17,110.827,29.2621,4.74616,17.335,85.658,74.0152,39.624,0.322868,113.319,5.32219,4.19202,0.777548,11.5052,25.4496,5.56609,0.283439,0.06312,0.180515,0.349667,0.333365,0.442067,0.335423,0.775432,0.158628,6.53987,0.324969,,1.78427,85.575,11.4006,113.75,1.78427,-0.43,12.014889240264893,6.210139095783234,4.00151,26.110000610351562,,,,,,,773.3,5.407692307,773.3,5.407692307,,,,,,,,,,,,,,,,,,,"Trea Turner","16252",607208
"Matt Chapman","SFG",145.563,613.512,532.731,127.624,70.8777,28.0034,1.69024,27.0522,83.0474,77.9726,68.9325,1.06039,152.044,6.6543,4.66203,0.532528,8.79881,8.58118,2.55003,0.239565,0.112357,0.247825,0.453373,0.331513,0.450817,0.3385,0.782329,0.211252,4.38206,0.280693,,-0.287954,85.1654,12.6742,119.862,-0.287954,1.2,14.15419116616249,3.4463424682617188,3.88913,163.82000732421875,,,,,,,766.9,5.252739726,766.9,5.252739726,,,,,,,,,,,,,,,,,,,"Matt Chapman","16505",656305
"Adley Rutschman","BAL",137.748,559.804,489.556,122.74,79.6508,24.4292,1.2087,17.4514,66.3003,64.171,60.8054,1.84088,89.4686,3.83093,4.98574,0.6259,10.9067,1.06209,0.376818,0.250717,0.108619,0.159821,0.679629,0.335093,0.412498,0.326335,0.74759,0.161781,2.49692,0.271627,,-0.88228,72.181,6.03588,110.788,-0.88228,5.56,6.2357423305511475,11.497413635253906,3.78563,150.97999572753906,,,,,,,630.8,4.571014492,630.8,4.571014492,,,,,,,,,,,,,,,,,,,"Adley Rutschman","26288",668939
"Jackson Merrill","SDP",142.772,606.554,554.22,150.605,92.4482,33.7821,1.85995,22.515,76.9932,78.8882,41.0485,1.95359,120.377,3.17224,5.14441,2.96872,9.61122,9.24748,2.40937,0.271743,0.0676749,0.19846,0.341,0.322781,0.461282,0.335775,0.784063,0.18954,4.47108,0.30756,,-0.0265281,82.8578,11.1888,119.341,-0.0265281,0.13,13.877261443063617,2.1374250650405884,3.70319,70.52999877929688,,,,,,,761.3,5.323776223,761.3,5.323776223,,,,,,,,,,,,,,,,,,,"Jackson Merrill","29490",701538
"Austin Riley","ATL",145.948,626.003,563.656,145.95,85.2289,28.3514,2.79111,29.5789,82.3902,89.8562,48.4578,0.897306,161.878,8.43833,4.93298,0.517474,9.85754,2.47786,0.854438,0.258935,0.0774082,0.25859,0.299347,0.324302,0.476568,0.343217,0.800871,0.217633,3.57771,0.308569,,-0.786675,89.2968,15.3297,120.229,-0.786675,-0.75,14.22180950641632,1.1269031763076782,3.70126,62.91999816894531,,,,,,,802.9,5.499315068,802.9,5.499315068,,,,,,,,,,,,,,,,,,,"Austin Riley","18360",663586
"Zach Neto","LAA",148.063,633.985,567.415,141.076,83.7275,28.8444,2.14003,26.3642,85.2433,75.4177,43.3732,2.83034,158.364,16.0937,3.87728,3.22612,8.41913,26.9389,8.13476,0.24863,0.0684137,0.249791,0.273884,0.317939,0.446399,0.329268,0.764338,0.197769,5.87364,0.296747,,1.12982,83.2555,8.34532,110.186,1.12982,-1.66,8.741069793701172,5.194768786430359,3.65834,27.790000915527344,,,,,,,768.4,5.191891891,768.4,5.191891891,,,,,,,,,,,,,,,,,,,"Zach Neto","31347",687263
"Elly De La Cruz","CIN",148.702,640.66,574.197,146.633,91.1758,30.1952,3.72603,21.5362,91.6144,69.6225,57.6388,4.96963,177.063,3.30509,3.97544,1.5439,9.17528,40.6026,9.67647,0.255371,0.0899678,0.276377,0.325526,0.324788,0.433456,0.326179,0.758244,0.178085,6.89026,0.329573,,3.1864,82.5251,6.82622,104.148,3.1864,0.56,6.335904598236084,7.205311834812164,3.56622,8.550000190734863,,,,,,,798.7,5.360402684,798.7,5.360402684,,,,,,,,,,,,,,,,,,,"Elly De La Cruz","26668",682829
"Alex Bregman","CHC",148.699,641.169,563.434,142.045,90.8399,27.7604,0.836361,22.6089,76.4214,80.716,63.5217,1.41648,90.359,7.87622,5.41001,0.926776,12.1059,2.3046,0.911947,0.252107,0.0990716,0.140929,0.702992,0.333379,0.424726,0.33019,0.758105,0.172619,2.55456,0.261993,,-0.974228,84.6789,8.91989,113.568,-0.974228,0.48,9.336471676826477,2.7747375667095184,3.42164,118.83000183105469,,,,,,,752.3,5.048993288,752.3,5.048993288,,,,,,,,,,,,,,,,,,,"Alex Bregman","17678",608324
"Jeremy Peña","HOU",137.4,592.536,540.563,147.258,100.97,27.8036,1.99091,16.4937,76.2616,65.3984,34.3426,0.753676,106.39,10.0769,3.93825,2.21315,12.8793,16.6084,3.99222,0.272416,0.0579588,0.179551,0.322798,0.325472,0.422752,0.325022,0.748225,0.150337,5.33762,0.310149,,0.731963,75.77,5.75729,109.015,0.731963,-0.37,7.027753949165344,5.991110682487488,3.41857,104.48999786376953,,,,,,,678.3,4.95109489,678.3,4.95109489,,,,,,,,,,,,,,,,,,,"Jeremy Pena","21636",665161
"Shea Langeliers","ATH",128.415,525.998,478.08,122.258,66.7902,25.4762,1.47001,28.5211,71.1677,76.5462,39.1034,1.11625,121.472,4.1121,3.96547,0.737351,7.31248,5.99186,1.7685,0.255726,0.0743414,0.230937,0.321912,0.31503,0.494138,0.344382,0.809168,0.238411,4.20036,0.282295,,-0.244712,75.5293,13.3786,118.956,-0.244712,-3.75,11.507301107048988,3.516280174255371,3.38937,55.369998931884766,,,,,,,690.8,5.396875,690.8,5.396875,,,,,,,,,,,,,,,,,,,"Shea Langeliers","25816",669127
"Bryce Harper","PHI",140.172,606.854,522.262,142.54,86.0591,28.3388,2.24928,25.8932,84.4908,85.5024,74.6828,7.59013,126.7,4.75303,4.1756,0.980164,11.4358,10.3351,3.82862,0.272929,0.123065,0.208782,0.589445,0.366374,0.48454,0.363644,0.850914,0.211612,4.49597,0.31202,,-0.543305,96.6302,24.9257,133.083,-0.543305,0.39,23.251355469226837,-10.516820311546326,3.36861,47.029998779296875,,,,,,,863.6,6.168571428,863.6,6.168571428,,,,,,,,,,,,,,,,,,,"Bryce Harper","11579",547180
"Dansby Swanson","CHC",153.172,629.433,564.234,138.528,87.7064,27.0783,1.56725,22.1761,78.9686,76.5802,50.9066,0.981607,163.386,3.66677,4.45317,1.11251,10.1618,15.3039,4.36404,0.245515,0.0808769,0.259576,0.311573,0.309824,0.416971,0.315177,0.726795,0.171456,5.00792,0.303691,,0.340833,75.4569,1.08454,103.284,0.340833,2.07,2.7907321751117706,9.161296129226685,3.36541,149.14999389648438,,,,,,,693.2,4.530718954,693.2,4.530718954,,,,,,,,,,,,,,,,,,,"Dansby Swanson","18314",621020
"Manny Machado","SDP",146.603,628.663,568.314,148.286,92.8802,27.2677,0.0218506,28.1164,79.2638,86.3318,51.5056,3.6497,120.987,2.30558,5.69594,0.624967,11.1999,8.26796,3.55195,0.260923,0.0819287,0.192451,0.425712,0.321903,0.4574,0.333516,0.779303,0.196477,3.23769,0.282814,,-0.745308,84.7248,10.4434,117.793,-0.745308,-0.27,12.51200819015503,-0.5650946795940399,3.36226,37.68000030517578,,,,,,,768.3,5.226530612,768.3,5.226530612,,,,,,,,,,,,,,,,,,,"Manny Machado","11493",592518
"Pete Crow-Armstrong","CHC",146.878,617.769,561.196,136.702,82.0341,26.6629,5.96883,22.0359,86.9844,66.6566,36.1376,2.35002,153.699,8.08671,4.98333,7.36516,5.43275,35.3432,6.32814,0.24359,0.058497,0.248798,0.235119,0.296404,0.43017,0.311362,0.726574,0.18658,7.86896,0.29368,,3.65916,72.145,-0.849162,100.67,3.65916,5.81,4.1500542759895325,8.076635837554932,3.35381,32.0099983215332,,,,,,,707.2,4.810884353,707.2,4.810884353,,,,,,,,,,,,,,,,,,,"Pete Crow-Armstrong","27769",691718
"Xander Bogaerts","SDP",136.389,569.657,507.008,134.183,92.3661,24.9883,1.78669,15.0416,72.1959,61.5627,44.9412,1.41636,101.951,4.9389,5.39194,0.901998,11.5196,16.2348,5.35711,0.264656,0.0788918,0.17897,0.440811,0.327351,0.409992,0.320806,0.737343,0.145336,5.09729,0.301313,,0.123426,70.8944,3.58505,109.087,0.123426,0.12,6.258296363055706,6.434305779635906,3.2377,238.92999267578125,,,,,,,634.7,4.666911764,634.7,4.666911764,,,,,,,,,,,,,,,,,,,"Xander Bogaerts","12161",593428
"Jazz Chisholm Jr.","NYY",139.829,584.631,518.784,121.118,71.3124,20.5265,2.6704,26.6091,84.8069,68.122,55.7777,1.96988,158.247,4.83013,3.99408,1.24536,7.89081,31.2003,8.18329,0.233466,0.0954067,0.270678,0.352473,0.311503,0.437202,0.322944,0.748705,0.203736,6.47608,0.279678,,2.03097,73.7727,4.69406,108.136,2.03097,1.82,7.637322664260864,3.7771241664886475,3.22658,20.1200008392334,,,,,,,709.9,5.070714285,709.9,5.070714285,,,,,,,,,,,,,,,,,,,"Jazz Chisholm Jr.","20454",665862
"Byron Buxton","MIN",121.103,521.832,468.057,116.808,60.1524,27.7585,2.04141,26.8562,74.5805,73.8903,41.4159,1.93676,143.96,8.49825,3.32916,0.532141,5.34789,14.449,3.29663,0.249561,0.0793664,0.275874,0.287691,0.319821,0.489724,0.345074,0.809545,0.240163,5.71695,0.299273,,0.825944,75.2244,13.5659,121.495,0.825944,-0.26,14.046061396598816,-0.6337747573852539,3.20984,71.86000061035156,,,,,,,698.8,5.775206611,698.8,5.775206611,,,,,,,,,,,,,,,,,,,"Byron Buxton","14161",621439
"Geraldo Perdomo","ARI",150.441,648.401,551.801,140.72,100.37,25.4912,3.66738,11.1921,80.9089,55.1701,71.609,1.23459,88.698,6.93362,5.46274,12.5945,12.6071,18.1552,5.66997,0.25502,0.110439,0.136795,0.807336,0.344858,0.375357,0.31953,0.720215,0.120337,5.52893,0.2832,,0.13612,80.0221,3.40854,103.489,0.13612,-0.26,2.8174526691436768,6.7048609256744385,3.18138,76.6500015258789,,,,,,,690.7,4.604666666,690.7,4.604666666,,,,,,,,,,,,,,,,,,,"Geraldo Perdomo","22799",672695
"Pete Alonso","BAL",152.706,654.769,574.215,144.094,80.6957,26.2966,0,37.1015,87.2738,99.0937,62.4123,4.09218,153.526,12.5313,5.01574,0.594393,11.4446,2.60806,1.092,0.25094,0.0953195,0.234474,0.406525,0.33483,0.490574,0.352412,0.825404,0.239633,2.39398,0.275325,,-0.926046,98.2887,20.9227,128.752,-0.926046,-0.43,21.262341260910034,-12.795939147472382,3.17194,24.469999313354492,,,,,,,883.5,5.774509803,883.5,5.774509803,,,,,,,,,,,,,,,,,,,"Pete Alonso","19251",624413
"Roman Anthony","BOS",140.601,609.875,529.63,140.588,88.2986,30.6107,2.33483,19.3441,80.2264,73.1554,71.3731,1.42233,147.3,4.68839,3.51144,0.672073,12.8853,9.78854,2.85706,0.265446,0.117029,0.241525,0.484542,0.355628,0.44163,0.347337,0.797258,0.176184,4.6039,0.330819,,-0.28797,89.0367,16.9752,119.615,-0.28797,4.08,13.811793684959412,-3.8758177757263184,3.16421,52.869998931884766,,,,,,,778.1,5.518439716,778.1,5.518439716,,,,,,,,,,,,,,,,,,,"Roman Anthony","31812",701350
"Gabriel Moreno","ARI",113.025,440.8,393.863,108.423,75.9239,20.3266,1.68951,10.4827,53.2406,52.0269,38.6901,1.85455,75.1683,3.9308,3.6487,0.667873,10.0586,3.98495,1.51496,0.275281,0.0877724,0.170527,0.514712,0.343178,0.415314,0.330357,0.758492,0.140033,3.7709,0.314051,,-0.593765,58.276,6.1921,110.906,-0.593765,3.31,5.1039615869522095,11.146675109863281,3.16311,178.91000366210938,,,,,,,505.2,4.47079646,505.2,4.47079646,,,,,,,,,,,,,,,,,,,"Gabriel Moreno","22664",672515
"Kyle Schwarber","PHI",150.241,657.654,548.865,126.628,63.436,21.7413,0.658258,40.7928,94.4878,106.896,97.9078,3.82932,183.309,7.14193,3.19028,0.54915,9.51444,5.78881,2.23193,0.230709,0.148874,0.278731,0.534115,0.352574,0.495686,0.363647,0.84826,0.264976,3.13973,0.261731,,-0.84326,104.721,27.0138,133.085,-0.84326,0,24.94481486082077,-16.040470123291016,3.14966,23.90999984741211,,,,,,,937.9,6.252666666,937.9,6.252666666,,,,,,,,,,,,,,,,,,,"Kyle Schwarber","16478",656941
"Patrick Bailey","SFG",126.69,473.278,428.655,91.7808,62.9637,18.7174,0.72285,9.37689,44.2736,43.2948,34.8288,0.418785,125.842,3.42516,3.51181,2.85769,7.52639,1.75076,0.703711,0.214114,0.0735906,0.265895,0.276765,0.276423,0.326777,0.267042,0.6032,0.112664,2.88219,0.277504,,-0.603471,38.2405,-17.6809,70.9107,-0.603471,21.91,-16.92058092355728,31.685462951660156,3.12165,746.6099853515625,,,,,,,346.6,2.729133858,346.6,2.729133858,,,,,,,,,,,,,,,,,,,"Patrick Bailey","27478",672275
"Oneil Cruz","PIT",126.581,533.316,472.612,115.233,64.448,24.3704,1.87901,24.5357,78.3922,69.8128,53.4061,2.79995,161.362,3.71758,3.12654,0.454156,7.16081,25.1898,5.72199,0.243822,0.10014,0.302563,0.330971,0.323455,0.459085,0.335855,0.78254,0.215263,6.29073,0.312922,,1.91062,72.8879,9.87253,113.773,1.91062,0.25,10.616589426994324,2.0004587173461914,3.10627,95.33999633789062,,,,,,,688.7,5.422834645,688.7,5.422834645,,,,,,,,,,,,,,,,,,,"Oneil Cruz","21711",665833
"Rafael Devers","SFG",149.88,649.365,557.512,140.196,81.0232,26.6394,0.859506,31.6743,85.1699,92.8867,81.0234,9.27664,155.151,6.43706,3.84442,0.548121,11.767,2.04704,0.871065,0.251468,0.124773,0.238927,0.522224,0.35088,0.472775,0.351819,0.823655,0.221307,2.64053,0.289754,,-0.998341,97.1647,20.4372,128.986,-0.998341,0.02,21.310113668441772,-12.58328865095973,3.10328,58.22999954223633,,,,,,,872.8,5.818666666,872.8,5.818666666,,,,,,,,,,,,,,,,,,,"Rafael Devers","17350",646240
"Austin Wells","NYY",116.951,440.669,394.405,85.4692,49.6614,16.9323,1.33476,17.5407,49.4898,51.9971,37.2106,0.764882,110.374,4.75489,3.47245,0.826328,5.83348,3.32108,1.14277,0.216704,0.0844411,0.25047,0.33713,0.289728,0.399826,0.299509,0.689553,0.183121,3.7096,0.251622,,-0.40361,47.222,-4.84643,91.9928,-0.40361,10.95,-4.562399476766586,19.67319679260254,3.09781,259.4800109863281,,,,,,,435.1,3.718803418,435.1,3.718803418,,,,,,,,,,,,,,,,,,,"Austin Wells","27562",669224
"Maikel Garcia","KCR",150.054,640.193,576.736,155.799,108.876,31.0303,2.89109,13.0015,82.1514,66.0017,52.4863,0.817744,92.2742,1.63626,5.97624,3.3582,12.92,25.0158,7.60996,0.270139,0.081985,0.144135,0.568808,0.329633,0.401598,0.319017,0.731231,0.131459,5.7128,0.299092,,0.816089,78.7429,3.09912,101.286,0.816089,3.97,1.7866660952568054,6.383149147033691,3.09027,66.29000091552734,,,,,,,712.9,4.752666666,712.9,4.752666666,,,,,,,,,,,,,,,,,,,"Maikel Garcia","22715",672580
"Brent Rooker","ATH",149.883,640.781,567.815,151.265,83.5478,32.6794,0.901134,34.1369,89.9043,94.5414,59.7195,2.45745,160.459,8.32329,4.3426,0.580572,9.1805,6.73807,2.21682,0.266399,0.093198,0.250411,0.372179,0.342562,0.507485,0.362562,0.850047,0.241086,3.7642,0.310223,,-0.544741,101.469,25.756,131.48,-0.544741,-0.04,23.229740142822266,-15.159775771200657,3.08212,45.150001525878906,,,,,,,910.3,6.068666666,910.3,6.068666666,,,,,,,,,,,,,,,,,,,"Brent Rooker","19627",667670
"Brendan Donovan","SEA",131.496,564.873,499.678,132.105,91.5293,25.8829,1.07214,13.6207,64.8745,62.9055,49.535,1.98621,78.6277,9.69146,4.39469,1.57413,12.6987,5.05275,1.7649,0.26438,0.0876923,0.139195,0.629994,0.339662,0.402248,0.325128,0.741911,0.137868,3.50419,0.287706,,-0.694336,72.2809,5.53684,115.044,-0.694336,-0.21,9.321267068386078,1.2104814499616623,3.06669,270.5299987792969,,,,,,,635.8,4.853435114,635.8,4.853435114,,,,,,,,,,,,,,,,,,,"Brendan Donovan","24679",680977
"Nick Kurtz","ATH",142.045,577.044,497.282,124.937,65.6805,23.3649,2.25942,33.6323,83.8703,87.9422,71.0625,3.62569,178.861,4.37169,3.75385,0.574041,8.26368,3.21833,0.978023,0.25124,0.123149,0.30996,0.397306,0.347583,0.510209,0.36502,0.857792,0.258969,3.72693,0.316434,,-0.664509,92.5281,24.3459,133.173,-0.664509,-0.7,21.896968603134155,-11.909359157085419,3.05388,17.860000610351562,,,,,,,828.6,5.835211267,828.6,5.835211267,,,,,,,,,,,,,,,,,,,"Nick Kurtz","35110",701762
"Taylor Ward","BAL",147.812,630.401,552.111,135.861,80.7598,26.2673,1.4521,27.3818,81.4386,81.6843,65.8097,0.578475,155.357,6.61289,5.27543,0.592244,9.53304,4.68775,1.70434,0.246076,0.104393,0.246441,0.423603,0.330709,0.447696,0.337109,0.778405,0.201621,3.6608,0.28955,,-0.76785,86.798,12.3113,118.21,-0.76785,2.07,12.76203715801239,-4.773147821426392,3.03728,150.0399932861328,,,,,,,767.4,5.185135135,767.4,5.185135135,,,,,,,,,,,,,,,,,,,"Taylor Ward","17548",621493
"Bo Bichette","NYM",139.219,607.795,564.094,160.503,113.833,26.5356,2.63017,17.5039,74.4161,72.8385,35.0912,1.16469,98.4476,3.67808,4.14563,0.681802,13.9779,5.7914,2.48101,0.284532,0.0577352,0.161975,0.356445,0.328285,0.433989,0.32948,0.762274,0.149457,4.08789,0.316168,,-0.857481,79.921,8.10533,114.591,-0.857481,-0.81,9.6531480550766,-0.26146191358566284,3.0298,96.41999816894531,,,,,,,725,5.215827338,725,5.215827338,,,,,,,,,,,,,,,,,,,"Bo Bichette","19612",666182
"Jackson Chourio","MIL",144.931,629.064,579.082,155.85,99.5764,30.6781,4.21789,21.3772,81.0075,81.6341,39.868,2.54566,128.305,4.30374,4.60969,1.20036,9.14279,24.6064,6.39085,0.269132,0.0633767,0.203962,0.310728,0.318575,0.447424,0.328516,0.765999,0.178292,6.06607,0.309838,,1.37195,82.2251,7.89632,111.384,1.37195,4.68,9.859186887741089,-1.8373737335205078,2.96204,19.09000015258789,,,,,,,767.4,5.292413793,767.4,5.292413793,,,,,,,,,,,,,,,,,,,"Jackson Chourio","28806",694192
"Seiya Suzuki","CHC",138.604,597.244,523.533,133.288,77.8015,26.7569,1.73983,26.9898,81.6012,82.8327,63.6493,1.77458,151.26,4.33813,4.97863,0.745096,8.56379,10.0124,2.99085,0.254594,0.106572,0.253263,0.420795,0.337428,0.467008,0.346068,0.804436,0.212415,4.4706,0.303482,,-0.173055,86.577,16.008,124.445,-0.173055,-0.12,17.13044047355652,-8.286902539432049,2.9378,89.97000122070312,,,,,,,778.9,5.603597122,778.9,5.603597122,,,,,,,,,,,,,,,,,,,"Seiya Suzuki","30116",673548
"Otto Lopez","MIA",135.928,563.819,516.872,141.384,100.14,26.2042,3.12501,11.9154,66.8068,59.9555,36.4251,1.56005,88.2142,4.06859,4.58879,1.86492,12.2017,17.0275,4.77337,0.273539,0.0646043,0.156458,0.412917,0.323653,0.405487,0.316643,0.72914,0.131948,5.3667,0.307286,,0.532612,68.2619,1.6423,101.155,0.532612,1.85,1.3041399121284485,8.142962574958801,2.88578,226.42999267578125,,,,,,,616.2,4.530882352,616.2,4.530882352,,,,,,,,,,,,,,,,,,,"Otto Lopez","19608",672640
"Hunter Goodman","COL",137.438,555.024,510.269,130.292,71.8134,29.2131,1.28965,27.976,69.3403,87.0465,34.0842,0.407099,145.073,5.64171,4.56171,0.467094,8.35963,2.44205,0.859504,0.25534,0.0614103,0.261382,0.234945,0.306584,0.482123,0.336271,0.788707,0.226783,3.06909,0.299361,,-0.597231,76.0423,10.4619,102.289,-0.597231,4.68,0.9085104465484619,8.70743465423584,2.87311,64.41999816894531,,,,,,,692,5.05109489,692,5.05109489,,,,,,,,,,,,,,,,,,,"Hunter Goodman","29715",696100
"Yainer Diaz","HOU",130.562,518.923,487.943,131.36,88.7807,24.3243,0.676036,17.5794,58.7947,66.2211,22.6873,1.08093,91.0001,3.39375,4.22768,0.671486,11.7603,1.60935,0.556443,0.269213,0.04372,0.175363,0.249311,0.303794,0.429917,0.315315,0.733711,0.160705,2.5676,0.296621,,-0.657146,62.267,0.952204,102.328,-0.657146,1.11,0.7666546702384949,9.347913146018982,2.8622,110.80000305175781,,,,,,,569.1,4.344274809,569.1,4.344274809,,,,,,,,,,,,,,,,,,,"Yainer Diaz","23003",673237
"Marcus Semien","NYM",137.286,580.17,516.5,126.51,80.5703,22.8174,4.0647,19.058,70.4057,66.1682,49.6267,0.458601,98.6737,3.40783,5.35063,0.612953,8.25181,8.42447,2.44531,0.244938,0.0855383,0.170077,0.502938,0.312315,0.415549,0.315778,0.727864,0.170611,4.91041,0.265893,,-0.195491,69.834,1.28247,105.204,-0.195491,2.8,3.382955774664879,4.734383821487427,2.80538,256.3399963378906,,,,,,,631.9,4.612408759,631.9,4.612408759,,,,,,,,,,,,,,,,,,,"Marcus Semien","12533",543760
"Randy Arozarena","SEA",151.714,651.461,564.518,131.162,79.778,24.6586,2.69696,24.0282,87.8682,73.7144,65.4421,0.868332,169.548,16.8631,3.99229,0.645156,10.7003,23.7037,7.48437,0.232343,0.100454,0.260257,0.385981,0.327999,0.413271,0.325146,0.74127,0.180928,5.81752,0.285739,,0.611478,83.3701,6.39496,115.056,0.611478,0,12.171737492084503,-7.216890335083008,2.80102,89,,,,,,,755.8,4.972368421,755.8,4.972368421,,,,,,,,,,,,,,,,,,,"Randy Arozarena","19290",668227
"Andy Pages","LAD",139.8,573.921,524.737,134.441,81.3359,29.0586,1.90689,22.1395,75.9999,75.7485,35.4665,1.21407,125.809,8.34677,4.85134,0.519531,7.51557,9.31249,3.11975,0.256206,0.0617968,0.21921,0.281907,0.310871,0.445427,0.325055,0.756298,0.18922,4.75262,0.29426,,-0.233273,73.4048,5.59165,108.768,-0.233273,0.4,5.73053152859211,2.1560292541980743,2.7605,134.74000549316406,,,,,,,665.4,4.752857142,665.4,4.752857142,,,,,,,,,,,,,,,,,,,"Andy Pages","24816",681624
"Gleyber Torres","DET",147.174,633.532,552.566,141.228,97.1003,26.7176,0.489231,16.9209,75.2027,68.8506,69.9638,0.0365611,109.855,3.9879,5.73047,1.28369,11.7244,7.16765,3.22315,0.255586,0.110434,0.173401,0.636875,0.34034,0.397575,0.32523,0.737916,0.14199,3.29682,0.288067,,-1.01539,81.1192,6.26251,108.332,-1.01539,-2.44,5.206026911735535,-0.16879653930664062,2.74631,248.13999938964844,,,,,,,701.6,4.772789115,701.6,4.772789115,,,,,,,,,,,,,,,,,,,"Gleyber Torres","16997",650402
"Ben Rice","NYY",131.686,541.309,475.339,118.416,66.7689,23.2835,2.57099,25.7924,73.3218,71.2834,53.8513,0.454191,112.531,7.82567,3.74599,0.547245,9.34451,5.19496,1.58727,0.249119,0.0994835,0.207887,0.478545,0.333035,0.471702,0.34659,0.804737,0.222583,4.26635,0.271813,,-0.45598,78.6981,14.7383,124.425,-0.45598,0.7,15.126989603042603,-7.094354450702667,2.72802,53.349998474121094,,,,,,,703.9,5.332575757,703.9,5.332575757,,,,,,,,,,,,,,,,,,,"Ben Rice","29576",700250
"George Springer","TOR",131.287,568.352,498.916,131.171,79.9404,23.0224,1.6539,26.5537,81.6527,76.4033,56.5468,0.965681,111.454,6.07505,3.76531,0.70616,10.7358,12.1793,3.46614,0.262911,0.0994925,0.1961,0.507355,0.342811,0.475355,0.352457,0.818166,0.212443,4.84249,0.286878,,0.0816437,85.3373,18.1821,127.942,0.0816437,-0.16,18.799275994300842,-12.340039402246475,2.66227,92.33999633789062,,,,,,,769.9,5.877099236,769.9,5.877099236,,,,,,,,,,,,,,,,,,,"George Springer","12856",543807
"Miguel Vargas","CHW",137.889,579.806,513.115,125.413,73.1972,28.6682,1.11273,22.4354,69.9867,70.9149,54.902,0.565143,110.439,6.00704,4.85707,0.924848,7.52572,7.3798,2.4273,0.244416,0.0946903,0.190475,0.497127,0.321867,0.435796,0.328307,0.757662,0.19138,3.84696,0.267407,,-0.399655,75.6881,7.1796,110.445,-0.399655,-2.18,6.737944543361664,-0.7448934316635132,2.65491,289.82000732421875,,,,,,,674.3,4.886231884,674.3,4.886231884,,,,,,,,,,,,,,,,,,,"Miguel Vargas","20178",678246
"Nico Hoerner","CHC",145.961,606.913,555.922,153.67,118.409,26.3544,3.32754,5.57932,73.3119,54.4434,36.2276,1.19557,56.9963,8.93106,4.73707,1.09555,12.6839,25.5263,7.22823,0.276424,0.0596915,0.0939118,0.635613,0.328199,0.36591,0.305634,0.694109,0.0894864,5.9003,0.297321,,1.07325,68.0545,-3.65697,96.7463,1.07325,4.63,-1.2672189474105835,6.977325916290283,2.65012,105.04000091552734,,,,,,,620.1,4.247260273,620.1,4.247260273,,,,,,,,,,,,,,,,,,,"Nico Hoerner","21479",663538
"Luke Keaschall","MIN",126.93,536.518,476.456,129.171,89.66,27.1605,1.86072,10.4895,68.4614,52.4004,45.7911,1.6146,91.0739,8.73062,4.89585,0.64483,9.24143,20.0892,5.55421,0.271108,0.0853487,0.16975,0.50279,0.342791,0.401971,0.326232,0.744762,0.130863,5.45084,0.312493,,0.802103,69.1338,5.74001,108.515,0.802103,-0.52,6.186609506607056,0.9551428556442261,2.62,125.95999908447266,,,,,,,616.3,4.852755905,616.3,4.852755905,,,,,,,,,,,,,,,,,,,"Luke Keaschall","33321",807712
"Brice Turang","MIL",148.782,633.238,565.964,144.299,103.99,23.3728,5.0878,11.8484,77.3607,58.6295,56.7089,1.35291,133.599,2.44363,4.2044,3.91674,10.2656,31.1016,6.32129,0.254961,0.0895539,0.210978,0.42447,0.323287,0.377043,0.307765,0.70033,0.122081,6.58668,0.311853,,2.56356,72.1022,-2.71975,97.1687,2.56356,1.51,0.43865013122558594,3.954148530960083,2.60496,51.790000915527344,,,,,,,667.5,4.479865771,667.5,4.479865771,,,,,,,,,,,,,,,,,,,"Brice Turang","22186",668930
"Trevor Story","BOS",135.988,575.363,521.739,130.037,82.1997,23.6207,2.94261,21.2735,74.0538,69.9095,35.7763,1.41267,154.455,6.24651,4.08771,1.04242,7.05705,21.8221,5.91627,0.249237,0.0621804,0.268448,0.231629,0.303002,0.428112,0.314922,0.731114,0.178876,6.22367,0.310664,,1.13086,68.8557,0.87217,97.2858,1.13086,-0.03,-0.7097327709197998,6.265741081908345,2.59455,109.33000183105469,,,,,,,641.1,4.713970588,641.1,4.713970588,,,,,,,,,,,,,,,,,,,"Trevor Story","12564",596115
"Freddie Freeman","LAD",143.129,618.061,542.308,146.609,92.123,31.3795,0.842276,22.2646,83.1165,81.8441,63.0599,7.43522,112.195,6.91642,5.04382,0.73253,11.0554,7.96908,2.84503,0.270343,0.102029,0.181527,0.562057,0.350844,0.454478,0.34552,0.805322,0.184135,3.66504,0.301155,,-0.592314,89.3198,16.2912,122.787,-0.592314,-0.24,16.099641740322113,-11.331404909491539,2.59171,66.73999786376953,,,,,,,800.4,5.597202797,800.4,5.597202797,,,,,,,,,,,,,,,,,,,"Freddie Freeman","5361",518692
"Yandy Díaz","TBR",142.183,615.965,550.197,157.3,108.997,24.7773,0.467183,23.0585,76.9022,84.5277,56.0136,1.45462,92.5712,5.41108,3.56523,0.778598,18.291,2.12144,0.918584,0.285898,0.0909363,0.150286,0.605087,0.355542,0.458358,0.352847,0.8139,0.17246,2.42165,0.306395,,-1.06735,92.6812,19.9002,126.725,-1.06735,-0.08,18.334499955177307,-14.353980138897896,2.57633,137.13999938964844,,,,,,,801.9,5.647183098,801.9,5.647183098,,,,,,,,,,,,,,,,,,,"Yandy Diaz","16578",650490
"Jacob Wilson","ATH",138.249,578.63,536.165,156.885,120.898,26.7059,2.27783,7.00323,65.8544,56.5163,29.1656,0.762096,47.0414,6.36474,4.04302,2.89162,16.7409,5.22917,1.9524,0.292605,0.0504045,0.0812979,0.619997,0.334206,0.390096,0.316934,0.724302,0.0974909,3.87555,0.308295,,-0.781366,70.1921,1.82251,100.049,-0.781366,-0.54,-0.7481707222759724,5.7149524092674255,2.54577,188.1199951171875,,,,,,,607.6,4.40289855,607.6,4.40289855,,,,,,,,,,,,,,,,,,,"Jacob Wilson","33266",805779
"Riley Greene","DET",148.286,629.68,562.005,139.093,82.8228,26.0254,3.36677,26.8777,80.3237,82.6422,58.0468,1.88473,181.187,4.91117,4.23785,0.479096,10.7383,3.73955,1.12989,0.247494,0.0921846,0.287745,0.320369,0.321123,0.449257,0.331799,0.77038,0.201763,4.07021,0.313294,,-0.664753,83.9842,9.58265,112.857,-0.664753,1.45,8.8770592212677,-5.808789491653442,2.5313,77.75,,,,,,,756.5,5.111486486,756.5,5.111486486,,,,,,,,,,,,,,,,,,,"Riley Greene","25976",682985
"Ian Happ","CHC",145.836,631.223,544.147,130.123,78.4221,28.62,1.78194,21.2989,80.2529,74.6343,77.3199,1.55368,148.738,5.23122,3.73615,0.788495,10.6417,8.35816,2.53918,0.239132,0.122492,0.235634,0.519841,0.337345,0.415703,0.329821,0.753048,0.176571,4.20175,0.288011,,-0.420642,83.1761,8.59227,113.315,-0.420642,1.02,9.540867507457733,-5.82743501663208,2.52859,183.33999633789062,,,,,,,729.7,4.997945205,729.7,4.997945205,,,,,,,,,,,,,,,,,,,"Ian Happ","17919",664023
"Bo Naylor","CLE",119.919,445.95,393.321,83.5618,48.9587,17.1061,1.59059,15.9064,49.4812,50.2682,43.6975,1.04024,114.706,3.46749,3.39359,2.07009,5.47043,5.16454,1.55803,0.212452,0.0979873,0.257216,0.380953,0.294509,0.385355,0.297052,0.679864,0.172903,4.32172,0.254245,,-0.232843,46.8982,-5.79422,90.3564,-0.232843,5.41,-5.301576271653175,14.663008689880371,2.52817,658.1099853515625,,,,,,,433.4,3.611666666,433.4,3.611666666,,,,,,,,,,,,,,,,,,,"Bo Naylor","21865",666310
"Kazuma Okamoto","TOR",126.112,523.094,460.384,108.734,60.7729,22.1789,0.476544,25.3058,65.8251,73.5584,51.5849,2.41337,113.929,6.96424,3.5562,0.604391,9.43341,1.35264,0.341244,0.236181,0.0986149,0.217799,0.452779,0.320166,0.451326,0.332139,0.771492,0.215145,2.48397,0.256936,,-0.64101,69.9124,8.10483,113.945,-0.64101,0,7.95667964220047,-1.3623210191726685,2.51672,999,,,,,,,628.1,4.984920634,628.1,4.984920634,,,,,,,,,,,,,,,,,,,"Kazuma Okamoto","sa3063134",672960
"Trent Grisham","NYY",125.274,521.925,442.502,98.7141,53.5655,19.2203,1.02773,24.9005,68.6139,65.0484,67.9838,0.502374,129.694,5.85893,3.00283,2.57699,8.04594,5.4926,1.83022,0.223081,0.130256,0.248492,0.524185,0.332257,0.439978,0.336486,0.772234,0.216896,3.69889,0.253733,,-0.48878,71.5983,9.92881,117.464,-0.48878,-5.61,10.254469275474548,-3.6767594814300537,2.5109,251.3300018310547,,,,,,,633.1,5.0648,633.1,5.0648,,,,,,,,,,,,,,,,,,,"Trent Grisham","18564",663757
"Francisco Alvarez","NYM",111.393,429.812,383.508,85.2993,53.9924,14.3444,0.665508,16.2969,47.2533,51.9303,37.2383,1.28706,116.446,5.71938,2.77456,0.571483,8.50082,0.858474,0.405164,0.222418,0.0866385,0.270924,0.319789,0.2988,0.390775,0.301084,0.689574,0.168357,2.5117,0.272156,,-0.625763,46.6081,-4.17748,95.1385,-0.625763,6.69,-3.102299392223358,13.192409038543701,2.49541,171.82000732421875,,,,,,,419.6,3.78018018,419.6,3.78018018,,,,,,,,,,,,,,,,,,,"Francisco Alvarez","26121",682626
"Brandon Nimmo","TEX",143.043,615.949,541.865,136.151,86.456,25.3159,2.92937,21.4501,78.525,71.3379,60.0261,0.853798,132.366,8.6538,4.25633,1.14775,11.8053,7.55579,2.16018,0.251264,0.0974531,0.214897,0.453487,0.333167,0.427553,0.331452,0.76072,0.176289,4.4826,0.292377,,-0.391993,81.9793,9.2002,114.274,-0.391993,0.66,9.970586091279984,-6.845342457294464,2.48877,145.27999877929688,,,,,,,723.2,5.057342657,723.2,5.057342657,,,,,,,,,,,,,,,,,,,"Brandon Nimmo","12927",607043
"James Wood","WSN",146.111,630.905,550.56,141.833,88.142,29.0639,1.9376,22.6897,82.0098,78.8738,72.3974,4.46472,184.595,4.28828,3.11029,0.549561,11.4229,17.4709,5.11783,0.257616,0.114752,0.292587,0.392196,0.34666,0.441081,0.341166,0.78774,0.183464,4.84368,0.343962,,0.339688,88.9458,14.3995,119.315,0.339688,-0.2,14.782563835382462,-11.57203121483326,2.47605,34.04999923706055,,,,,,,802.2,5.494520547,802.2,5.494520547,,,,,,,,,,,,,,,,,,,"James Wood","29518",695578
"J.P. Crawford","SEA",143.833,597.995,517.936,124.57,89.6915,23.654,1.04678,10.178,63.46,54.4394,65.4581,0.776933,114.302,5.25903,3.4785,3.41416,12.7951,4.42758,1.43156,0.240513,0.109463,0.191142,0.572675,0.329804,0.349178,0.30384,0.678981,0.108665,3.31006,0.288189,,-0.754568,66.1837,-4.47397,100.379,-0.754568,-2.64,-0.48716023564338684,4.018934488296509,2.46714,746.6699829101562,,,,,,,566.1,3.93125,566.1,3.93125,,,,,,,,,,,,,,,,,,,"J.P. Crawford","15491",641487
"Mike Trout","LAA",117.875,502.312,424.447,100.887,56.0026,19.1469,1.01983,24.7174,64.5485,68.9362,67.6471,5.16984,152.113,6.66351,3.13733,0.416975,6.01425,3.38183,1.04039,0.23769,0.134672,0.302826,0.444716,0.349072,0.462309,0.349042,0.81138,0.224619,3.39713,0.303761,,-0.575846,74.0286,14.6766,123.808,-0.575846,-0.94,13.519095659255981,-6.76098769903183,2.4603,178.82000732421875,,,,,,,665.3,5.638135593,665.3,5.638135593,,,,,,,,,,,,,,,,,,,"Mike Trout","10155",545361
"Bryson Stott","PHI",137.303,559.029,504.123,128.564,88.6109,23.2797,3.30862,13.3646,70.0347,57.1827,46.4922,1.10858,95.1893,2.86477,4.17259,1.37661,8.55266,22.2353,5.23572,0.255025,0.083166,0.170276,0.488418,0.319053,0.393861,0.31131,0.712914,0.138837,6.10767,0.288184,,1.39945,65.2617,-0.791873,97.2323,1.39945,3.26,-0.4343377351760864,5.4741034507751465,2.41854,186.16000366210938,,,,,,,599.2,4.373722627,599.2,4.373722627,,,,,,,,,,,,,,,,,,,"Bryson Stott","26294",681082
"Ryan Jeffers","MIN",125.761,499.757,439.483,103.788,67.0425,20.5686,0.45554,15.7217,56.226,54.7451,45.188,0.521976,105.982,8.97663,3.42822,2.68093,8.97928,2.33717,0.955714,0.23616,0.09042,0.212067,0.426375,0.317764,0.392355,0.312216,0.710119,0.156195,2.78682,0.274173,,-0.720672,58.7095,-0.340596,98.8596,-0.720672,3.34,-1.3924162983894348,7.803739309310913,2.41582,311.45001220703125,,,,,,,517.7,4.108730158,517.7,4.108730158,,,,,,,,,,,,,,,,,,,"Ryan Jeffers","24618",680777
"Jake Cronenworth","SDP",140.582,575.937,498.207,118.245,76.5877,24.4607,1.51162,15.685,66.9271,60.4022,60.4562,1.38214,115.766,9.86743,4.07435,2.41298,10.7722,4.74728,1.35259,0.237341,0.10497,0.201005,0.522227,0.329317,0.386956,0.316046,0.716273,0.149615,3.81793,0.276569,,-0.565189,69.4497,1.39834,105.825,-0.565189,-0.56,3.411081314086914,0.8381062150001526,2.39521,742.260009765625,,,,,,,610.9,4.332624113,610.9,4.332624113,,,,,,,,,,,,,,,,,,,"Jake Cronenworth","18036",630105
"J.T. Realmuto","PHI",121.04,474.446,425.489,109.846,70.8743,22.4384,1.66345,14.8699,58.1451,58.1506,31.3551,0.829948,113.213,6.99662,3.5452,0.495351,8.63963,8.51488,2.58621,0.258164,0.0660879,0.238622,0.276956,0.317078,0.423562,0.320913,0.74064,0.165398,4.71495,0.315587,,-0.0717193,59.0863,3.02687,103.81,-0.0717193,-3.54,2.0708876848220825,5.512136459350586,2.39083,214.39999389648438,,,,,,,529.9,4.379338842,529.9,4.379338842,,,,,,,,,,,,,,,,,,,"J.T. Realmuto","11739",592663
"Carlos Correa","HOU",129.297,545.75,485.526,126.025,88.6094,22.1854,0.499038,14.731,62.0232,61.0077,48.7436,1.56082,107.768,3.29175,3.73185,0.522823,12.3891,0.480328,0.175042,0.259564,0.0893148,0.197468,0.452301,0.328954,0.398334,0.318253,0.727288,0.13877,2.00349,0.303453,,-0.893804,66.7878,2.30327,104.352,-0.893804,0.18,1.9054478406906128,2.5694620013237,2.37966,281.4100036621094,,,,,,,580.4,4.499224806,580.4,4.499224806,,,,,,,,,,,,,,,,,,,"Carlos Correa","14162",621043
"Colton Cowser","BAL",128.118,516.244,457.516,104.734,60.4317,22.4719,0.836267,20.9944,66.2171,62.3267,47.4666,1.64248,162.389,7.1551,3.2432,0.863356,7.69504,11.1199,3.18361,0.22892,0.091946,0.314559,0.292301,0.309201,0.419356,0.316138,0.728557,0.190437,4.69979,0.301901,,0.171527,62.2905,1.29228,103.764,0.171527,0.39,2.461747854948044,2.3671294450759888,2.31197,254.9199981689453,,,,,,,571.4,4.4640625,571.4,4.4640625,,,,,,,,,,,,,,,,,,,"Colton Cowser","29591",681297
"Daulton Varsho","TOR",132.974,544.83,491.512,108.604,58.7583,21.4917,2.0762,26.2777,69.5808,71.6848,43.9353,1.08203,143.104,4.55278,3.61932,1.21101,6.3779,9.85036,2.27606,0.220959,0.0806404,0.262658,0.307016,0.288974,0.433522,0.310584,0.722497,0.212563,5.14746,0.252729,,0.337124,63.2828,-1.09306,99.0972,0.337124,2,-0.24259570240974426,4.052067756652832,2.30834,200.25,,,,,,,595.5,4.477443609,595.5,4.477443609,,,,,,,,,,,,,,,,,,,"Daulton Varsho","19918",662139
"Kevin McGonigle","DET",103.802,424.372,380.977,96.8333,61.6972,19.603,3.17636,12.3568,52.3848,47.4502,36.3593,1.07022,61.9862,2.39776,3.30942,1.32843,6.935,9.22258,1.60926,0.254171,0.0856778,0.146066,0.58657,0.320512,0.419603,0.320697,0.740115,0.165433,5.4763,0.272555,,0.529396,52.7759,2.63308,105.209,0.529396,0,3.1349483728408813,4.639218807220459,2.28979,999,,,,,,,475.6,4.573076923,475.6,4.573076923,,,,,,,,,,,,,,,,,,,"Kevin McGonigle","sa3022895",805808
"Max Muncy","LAD",109.057,444.249,371.999,82.4156,43.8256,16.6222,1.20701,20.7607,60.6948,60.6497,62.8186,2.22283,109.624,5.34685,3.63202,0.452014,5.8176,2.36662,0.76007,0.221548,0.141404,0.246763,0.573036,0.339302,0.440146,0.338461,0.779447,0.218598,3.50226,0.251399,,-0.562591,61.6549,9.16349,117.951,-0.562591,-2.7,8.888972640037537,-1.3277254104614258,2.28582,246.63999938964844,,,,,,,544.6,4.996330275,544.6,4.996330275,,,,,,,,,,,,,,,,,,,"Max Muncy","13301",571970
"Colson Montgomery","CHW",130.35,550,491.799,106.798,62.1513,20.0454,1.78057,22.8211,61.9965,66.4588,45.1191,1.81424,168.254,8.74668,3.81584,0.51892,7.87071,3.58991,1.04472,0.217158,0.0820346,0.305916,0.268161,0.292392,0.404369,0.302223,0.696761,0.18721,3.88237,0.275751,,-0.463778,60.1495,-4.83723,92.4764,-0.463778,2.66,-5.3408516347408295,8.694722414016724,2.27993,240.82000732421875,,,,,,,559.6,4.304615384,559.6,4.304615384,,,,,,,,,,,,,,,,,,,"Colson Montgomery","29712",695657
"Jarren Duran","BOS",140.198,608.192,546.429,143.178,86.5384,33.9684,3.64084,19.0306,82.4854,70.7117,50.2562,0.8397,139.14,7.0236,3.31565,1.16767,9.04104,24.6355,5.10329,0.262025,0.0826321,0.228777,0.361191,0.330231,0.441997,0.334342,0.772228,0.179972,6.32108,0.317048,,1.89331,82.3741,10.5115,110.664,1.89331,0.69,9.53730833530426,-8.417033731937408,2.25632,68.63999938964844,,,,,,,759.3,5.423571428,759.3,5.423571428,,,,,,,,,,,,,,,,,,,"Jarren Duran","24617",680776
"Drake Baldwin","ATL",132.712,531.628,477.971,121.771,83.0182,22.2477,0.635861,15.8695,60.0251,63.2034,44.5053,0.838824,97.1235,4.35126,4.22845,0.571712,12.6539,0.480048,0.179393,0.254767,0.0837151,0.182691,0.458234,0.321299,0.403578,0.316447,0.724877,0.148812,2.00338,0.286836,,-0.842511,64.2799,1.464,101.891,-0.842511,3.72,0.34868329763412476,3.958142399787903,2.25028,82.12999725341797,,,,,,,572.1,4.301503759,572.1,4.301503759,,,,,,,,,,,,,,,,,,,"Drake Baldwin","31539",686948
"Wilyer Abreu","BOS",125.027,504.913,447.69,107.349,60.076,23.4496,1.55546,22.2677,62.6926,69.8667,49.4953,2.43699,124.381,3.18177,3.83621,0.709721,5.9755,8.54461,2.61824,0.239784,0.0980274,0.246341,0.397933,0.317384,0.448329,0.328917,0.765713,0.208545,4.38778,0.279066,,-0.0915651,66.162,6.5026,106.927,-0.0915651,6.12,4.030433669686317,0.22741937637329102,2.21365,209.6999969482422,,,,,,,600.8,4.8064,600.8,4.8064,,,,,,,,,,,,,,,,,,,"Wilyer Abreu","23772",677800
"Ezequiel Tovar","COL",147.415,627.051,582.357,153.557,97.3274,32.7097,2.9623,20.5575,74.4487,79.16,30.6162,0.249115,157.328,3.91917,5.23373,4.92459,8.75582,9.78398,3.19277,0.263682,0.0488257,0.250902,0.194601,0.302338,0.435924,0.317166,0.738262,0.172243,4.75429,0.324622,,-0.219568,76.184,2.09309,89.2014,-0.219568,2.16,-8.244921460747719,8.984768152236938,2.21015,208.0399932861328,,,,,,,706.2,4.804081632,706.2,4.804081632,,,,,,,,,,,,,,,,,,,"Ezequiel Tovar","24064",678662
"Iván Herrera","STL",127.937,539.662,475.301,126.441,84.9742,22.8154,0.549254,18.1022,68.0712,63.9674,51.0367,0.730319,109.089,9.22805,3.40248,0.693395,12.3869,7.08012,2.90645,0.266023,0.0945717,0.202142,0.467847,0.346413,0.430594,0.33953,0.777007,0.164571,3.55503,0.308207,,-0.728216,75.3655,11.6002,120.322,-0.728216,1.26,12.270175755023956,-8.657068490982056,2.20666,167.00999450683594,,,,,,,657.1,5.13359375,657.1,5.13359375,,,,,,,,,,,,,,,,,,,"Ivan Herrera","20599",671056
"Jordan Westburg","BAL",94.333,400.703,366.336,95.2268,58.3344,17.8437,3.09899,15.9497,52.9604,50.1329,26.1765,0.192434,92.3687,5.08753,2.42919,0.674098,6.65862,5.14352,1.51814,0.259944,0.0653264,0.230517,0.283391,0.316204,0.456187,0.332291,0.772392,0.196243,5.22347,0.304389,,-0.18323,53.6041,6.25799,114.891,-0.18323,0.41,6.849348679184914,0.7566085457801819,2.18923,469.3599853515625,,,,,,,482.6,5.134042553,482.6,5.134042553,,,,,,,,,,,,,,,,,,,"Jordan Westburg","27815",676059
"Dillon Dingler","DET",109.547,415.948,381.862,92.1724,60.1116,20.2349,0.846057,10.9798,43.1438,46.3815,24.1661,0.764013,104.144,6.49831,2.90027,0.521002,6.48131,1.67229,0.56603,0.241376,0.0580987,0.250378,0.232044,0.295688,0.385057,0.296534,0.680745,0.143681,3.01065,0.301116,,-0.491571,43.5683,-5.57919,88.5645,-0.491571,4.63,-6.09774062037468,13.082700729370117,2.17938,271.07000732421875,,,,,,,391.3,3.557272727,391.3,3.557272727,,,,,,,,,,,,,,,,,,,"Dillon Dingler","27464",693307
"Jackson Holliday","BAL",113.77,486.175,432.052,108.469,72.2379,21.628,1.98368,12.6196,61.7504,49.3679,46.673,1.2399,108.608,3.75493,3.12228,0.572866,9.39172,13.3989,3.61902,0.251056,0.0960004,0.223393,0.429738,0.327217,0.397923,0.317536,0.72514,0.146867,5.36888,0.305306,,0.396105,59.2142,1.7689,104.727,0.396105,-0.61,3.1048150956630707,1.252116322517395,2.1578,198.0800018310547,,,,,,,536.7,4.707894736,536.7,4.707894736,,,,,,,,,,,,,,,,,,,"Jackson Holliday","31781",702616
"Tyler Soderstrom","ATH",140.106,585.138,524.09,133.993,80.7207,27.6177,2.26677,23.3882,75.0542,74.0993,50.5025,2.41274,140.725,5.48254,4.54731,0.515708,11.3579,5.92268,1.71965,0.255669,0.0863087,0.240499,0.358873,0.324959,0.450894,0.333659,0.775853,0.195225,4.29893,0.303424,,-0.40625,78.9271,9.78855,111.57,-0.40625,-0.02,7.57286149263382,-6.866744060069323,2.13277,83.0199966430664,,,,,,,709,5.064285714,709,5.064285714,,,,,,,,,,,,,,,,,,,"Tyler Soderstrom","27467",691016
"Teoscar Hernández","LAD",132.486,553.918,507.973,133.87,80.1747,25.6317,1.4226,26.6408,77.674,80.754,35.9885,0.864212,142.361,5.40858,3.99346,0.554025,10.3175,6.20211,1.95141,0.263537,0.0649709,0.257008,0.252797,0.31673,0.476933,0.339479,0.793663,0.213396,4.36743,0.312653,,-0.355586,77.3332,11.8835,118.648,-0.355586,-3.34,11.887144595384598,-9.473610639572144,2.13245,130.1699981689453,,,,,,,706.1,5.349242424,706.1,5.349242424,,,,,,,,,,,,,,,,,,,"Teoscar Hernandez","13066",606192
"Masyn Winn","STL",143.938,611.254,560.62,139.206,97.3995,26.2002,3.48166,12.1247,66.6366,58.0381,38.165,0.24823,110.048,4.66678,4.69198,3.1102,9.9967,12.3636,3.67378,0.248307,0.0624372,0.180036,0.346804,0.299333,0.372344,0.293727,0.671678,0.124037,4.9929,0.286775,,0.0441265,62.6323,-9.59205,88.9457,0.0441265,1.74,-7.9642906710505486,8.403796434402466,2.12565,313.8900146484375,,,,,,,563.3,3.911805555,563.3,3.911805555,,,,,,,,,,,,,,,,,,,"Masyn Winn","27479",691026
"Heliot Ramos","SFG",144.326,607.953,549.005,141.122,88.6917,26.4419,1.5673,24.421,77.7465,77.5453,45.5303,1.2963,147.222,8.41152,4.07332,0.933313,11.8727,6.35439,2.31565,0.257051,0.0748911,0.24216,0.309263,0.321347,0.444371,0.330624,0.765717,0.18732,4.06692,0.305953,,-0.610485,80.5063,8.67202,114.467,-0.610485,-1.93,9.813414752483368,-9.297067761421204,2.12228,219.66000366210938,,,,,,,720.8,5.005555555,720.8,5.005555555,,,,,,,,,,,,,,,,,,,"Heliot Ramos","22515",671218
"Jakob Marsee","MIA",132.419,571.241,497.478,115.726,75.5081,24.6337,2.72547,12.8589,70.122,51.4566,58.2858,0.610982,126.83,7.58968,3.69206,4.19536,8.75382,25.9571,6.78938,0.232626,0.102034,0.222026,0.459558,0.320259,0.370645,0.306035,0.690904,0.138019,6.0182,0.284572,,1.48171,64.2407,-3.25581,93.888,1.48171,2.82,-2.6563384532928467,4.365087628364563,2.11931,137.3699951171875,,,,,,,592.2,4.486363636,592.2,4.486363636,,,,,,,,,,,,,,,,,,,"Jakob Marsee","31370",805300
"Jose Altuve","HOU",138.527,600.006,540.569,137.063,91.2714,24.5731,0.745674,20.4727,74.3972,69.4684,49.69,1.86635,105.306,5.12944,3.61275,1.00436,11.8674,11.4902,3.90691,0.253553,0.0828158,0.175509,0.471861,0.320337,0.415387,0.319808,0.735723,0.161834,4.06705,0.278655,,-0.25403,74.1852,3.28989,105.423,-0.25403,-3.02,3.581140458583832,-3.6685346364974976,2.10394,115.86000061035156,,,,,,,667.1,4.799280575,667.1,4.799280575,,,,,,,,,,,,,,,,,,,"Jose Altuve","5417",514888
"Matt McLain","CIN",131.047,545.32,485.18,114.651,71.8546,22.257,2.66947,17.8699,67.5086,58.1527,48.832,0.59622,153.353,6.50105,3.32453,1.48232,6.91993,16.183,4.432,0.236306,0.0895473,0.281217,0.318428,0.312564,0.403678,0.312857,0.716242,0.167372,5.73641,0.305032,,0.585913,64.346,-0.0877348,95.0221,0.585913,2.74,-2.631382703781128,4.944112539291382,2.09287,173.64999389648438,,,,,,,596.3,4.551908396,596.3,4.551908396,,,,,,,,,,,,,,,,,,,"Matt McLain","29695",680574
"Munetaka Murakami","CHW",132.855,547.42,457.73,94.4197,46.7892,15.8153,0.72031,31.0949,77.4657,77.5751,80.7204,2.47846,206.231,5.95952,2.43677,0.573015,6.84205,11.5468,2.25816,0.206278,0.147456,0.376732,0.391409,0.331171,0.447776,0.337986,0.778946,0.241497,4.59923,0.28417,,0.519851,75.7624,11.0805,117.112,0.519851,0,11.56074345111847,-9.958267211914062,2.09165,999,,,,,,,690.1,5.188721804,690.1,5.188721804,,,,,,,,,,,,,,,,,,,"Munetaka Murakami","sa3063258",808959
"Salvador Perez","KCR",141.002,576.039,524.701,131.438,77.5906,25.3807,0,28.4664,64.8982,92.391,30.0434,4.02803,120.013,9.29391,5.20587,0.494672,9.45993,0.410483,0.214429,0.2505,0.0521552,0.208342,0.250334,0.300003,0.46163,0.323665,0.761633,0.21113,1.59893,0.269963,,-0.751044,73.0254,4.96193,104.487,-0.751044,-2.74,2.295645833015442,-1.7807072401046753,2.08117,92.04000091552734,,,,,,,661.3,4.690070921,661.3,4.690070921,,,,,,,,,,,,,,,,,,,"Salvador Perez","7304",521692
"Agustín Ramírez","MIA",123.533,515.888,470.472,116.089,72.9416,24.5742,1.01284,17.5602,59.2721,64.5295,36.1578,1.84249,104.026,5.08313,3.62518,0.549532,10.6239,8.86769,3.4979,0.24675,0.0700885,0.201644,0.347586,0.305294,0.415262,0.311416,0.720556,0.168513,4.12626,0.279505,,-0.400546,60.2698,-0.686382,97.5743,-0.400546,5.62,-1.8836736679077148,4.91765171289444,2.06648,83.12000274658203,,,,,,,558.7,4.505645161,558.7,4.505645161,,,,,,,,,,,,,,,,,,,"Agustin Ramirez","26546",682663
"Michael Harris II","ATL",138.549,571.881,533.557,139.408,91.0684,28.5841,1.65639,18.0991,72.6856,66.6973,27.9003,2.01403,112.879,4.77391,3.75268,1.89749,10.3924,18.9399,5.03814,0.261281,0.0487869,0.197382,0.24717,0.301907,0.422827,0.311622,0.724734,0.161546,5.57103,0.298547,,0.921157,66.9068,-0.665392,98.5853,0.921157,-1.05,-0.037700653076171875,1.0881016254425049,2.05413,100.81999969482422,,,,,,,630.2,4.533812949,630.2,4.533812949,,,,,,,,,,,,,,,,,,,"Michael Harris II","25931",671739
"CJ Abrams","WSN",140.488,613.357,556.948,136.169,88.3871,28.5833,2.92129,16.2776,74.4279,64.1229,37.8772,1.39081,119.226,11.9662,4.27756,2.28822,8.70387,30.2835,8.25482,0.244492,0.0617539,0.194382,0.317693,0.304405,0.393983,0.304165,0.698388,0.149491,6.30101,0.28162,,1.77284,68.0457,-4.4272,93.968,1.77284,-3.48,-2.6121695041656494,2.0605077743530273,2.0314,64.62999725341797,,,,,,,640.8,4.577142857,640.8,4.577142857,,,,,,,,,,,,,,,,,,,"CJ Abrams","25768",682928
"Joey Bart","PIT",83.509,313.984,277.908,66.1124,44.9762,11.7816,0.339423,9.0151,34.7897,34.9177,28.2062,0.0138907,87.9098,5.6593,1.82235,0.388436,6.77165,0.864767,0.327808,0.237893,0.0898332,0.279982,0.320854,0.318811,0.380047,0.309088,0.698859,0.142154,2.47639,0.312339,,-0.481685,36.0884,-1.01124,95.437,-0.481685,5.05,-2.17972531914711,11.493596076965332,2.02172,999,,,,,,,314.9,3.748809523,314.9,3.748809523,,,,,,,,,,,,,,,,,,,"Joey Bart","21524",663698
"Cody Bellinger","NYY",138.63,594.506,534.159,132.093,83.1261,24.6001,3.53088,20.8354,71.7372,68.2101,50.2673,2.63148,92.8517,3.24727,6.30923,0.523288,8.07461,11.3969,2.85311,0.247291,0.084553,0.156183,0.541372,0.312479,0.423583,0.317033,0.736062,0.176292,5.15315,0.260689,,0.226291,72.1656,1.92014,104.064,0.226291,1.12,3.0741335451602936,-3.7907851934432983,2.02019,79.83000183105469,,,,,,,669.4,4.815827338,669.4,4.815827338,,,,,,,,,,,,,,,,,,,"Cody Bellinger","15998",641355
"Alec Bohm","PHI",132.94,562.374,516.369,140.254,99.2015,26.0859,0.991419,13.9755,62.3599,67.2077,35.2751,0.839709,89.4942,4.44575,5.70129,0.582469,13.316,2.60438,1.02871,0.271616,0.0627253,0.159136,0.39416,0.320359,0.407169,0.316,0.727528,0.135553,2.99042,0.301668,,-0.811974,67.7933,1.34446,100.445,-0.811974,-0.13,-0.515662670135498,1.3556002378463745,2.00024,249.52999877929688,,,,,,,600.6,4.515789473,600.6,4.515789473,,,,,,,,,,,,,,,,,,,"Alec Bohm","21618",664761
"Matt Olson","ATL",153.655,664.908,573.046,136.107,82.3763,26.6296,0.426181,26.6754,80.5444,85.6752,80.6395,3.81825,157.807,5.68811,4.92264,0.611568,11.7173,1.10423,0.442898,0.237516,0.121279,0.237337,0.510999,0.334843,0.425124,0.330489,0.759967,0.187608,2.1242,0.278109,,-1.04905,87.9755,9.41151,111.51,-1.04905,1,8.021255850791931,-10.856095314025879,1.97328,49.5099983215332,,,,,,,783.6,5.088311688,783.6,5.088311688,,,,,,,,,,,,,,,,,,,"Matt Olson","14344",621566
"Willson Contreras","BOS",133.662,563.284,487.01,123.387,76.8627,22.584,1.31192,22.6288,71.9049,74.2665,51.6457,0.875017,142.287,16.4011,3.92814,1.23345,12.0899,5.08841,1.78366,0.253357,0.0916868,0.252603,0.362968,0.342467,0.444512,0.342645,0.786979,0.191155,3.91164,0.309055,,-0.663627,80.0889,13.5325,116.383,-0.663627,0.38,10.213085234165192,-10.502442479133606,1.95396,168.0800018310547,,,,,,,698.3,5.211194029,698.3,5.211194029,,,,,,,,,,,,,,,,,,,"Willson Contreras","11609",575929
"Lars Nootbaar","STL",117.354,499.141,433.119,105.563,66.5445,20.6118,1.22668,17.1801,60.7952,58.0239,57.9455,2.0343,101.227,3.41982,3.29757,1.35878,9.68333,5.61537,1.94586,0.243728,0.11609,0.202803,0.572429,0.335344,0.415979,0.327994,0.751324,0.172252,3.64809,0.277926,,-0.504776,65.0313,6.05392,112.419,-0.504776,0.31,6.842318177223206,-4.720606744289398,1.91613,728.3400268554688,,,,,,,575.8,4.921367521,575.8,4.921367521,,,,,,,,,,,,,,,,,,,"Lars Nootbaar","21454",663457
"Michael Busch","CHC",141.298,590.232,519.413,125.953,72.9138,26.8688,1.62835,24.5419,73.6362,80.2031,57.8365,1.26504,150.956,8.0604,4.14588,0.775807,9.65694,3.17579,1.02839,0.242491,0.0979895,0.255757,0.383135,0.325469,0.442238,0.332374,0.767707,0.199747,3.45454,0.29136,,-0.694017,78.9984,9.25789,115.064,-0.694017,0.1,9.844196259975433,-10.853333853185177,1.90588,106.41999816894531,,,,,,,712.2,5.051063829,712.2,5.051063829,,,,,,,,,,,,,,,,,,,"Michael Busch","26319",683737
"Kyle Teel","CHW",106.515,429.546,377.031,91.679,61.9945,16.4306,1.65501,11.5989,49.8374,42.9679,44.2164,0.359925,111.75,4.26068,3.16003,0.878159,7.41038,4.9563,1.42111,0.243161,0.102937,0.260159,0.395671,0.326957,0.38781,0.315034,0.714767,0.144649,4.29176,0.311788,,-0.31763,51.4445,0.690315,101.302,-0.31763,0,0.34157097339630127,3.457543134689331,1.90131,208.83999633789062,,,,,,,459.5,4.294392523,459.5,4.294392523,,,,,,,,,,,,,,,,,,,"Kyle Teel","33549",691019
"Andrés Giménez","TOR",138.148,558.486,507.18,123.676,90.4532,22.4356,2.36141,8.42597,65.1127,46.6457,30.2421,1.54618,98.4809,13.7109,4.1339,3.21884,10.3831,22.3781,5.22392,0.243851,0.0541501,0.176335,0.307086,0.301889,0.347239,0.286351,0.649128,0.103388,6.20682,0.284986,,1.45923,53.8809,-12.1085,82.4041,1.45923,2.71,-10.123102307319641,9.105740547180176,1.86258,378.1499938964844,,,,,,,497.6,3.605797101,497.6,3.605797101,,,,,,,,,,,,,,,,,,,"Andres Gimenez","19950",665926
"Jonathan Aranda","TBR",136.751,569.142,501.621,129.309,81.0646,25.934,0.996348,21.3138,67.2418,76.6615,53.4296,2.48848,138.042,9.11934,4.47385,0.498384,10.913,0.957419,0.339718,0.257782,0.0938774,0.242545,0.387052,0.337395,0.440925,0.337036,0.77832,0.183143,2.39975,0.311459,,-0.879298,78.3298,11.0813,115.833,-0.879298,-0.03,9.741476953029633,-11.455025939270854,1.82888,195.27000427246094,,,,,,,686.8,5.013138686,686.8,5.013138686,,,,,,,,,,,,,,,,,,,"Jonathan Aranda","21837",666018
"Lawrence Butler","ATH",135.98,562.536,506.849,122.112,72.5047,25.812,1.40884,22.3865,74.1731,66.9079,49.2478,0.703451,151.604,1.77242,3.57792,1.08853,8.72688,15.6153,4.74647,0.240924,0.087546,0.269501,0.324845,0.308368,0.429914,0.31919,0.738281,0.18899,5.1803,0.296417,,0.368462,69.2698,2.80187,101.602,0.368462,0.7,1.430788904428482,-2.9972808957099915,1.82066,156.72999572753906,,,,,,,633.5,4.658088235,633.5,4.658088235,,,,,,,,,,,,,,,,,,,"Lawrence Butler","22542",671732
"Luis Robert Jr.","NYM",127.615,522.407,473.785,110.8,69.3804,19.7782,2.62263,19.0183,71.5172,55.3918,37.8619,2.19334,147.437,6.01654,3.50504,0.724073,4.89159,29.427,7.79301,0.23386,0.0724758,0.282227,0.2568,0.296791,0.4071,0.304245,0.703891,0.17324,6.95834,0.295274,,1.96082,57.9898,-3.73664,97.304,1.96082,-1.75,0.2915639877319336,0.024861693382263184,1.81063,107.1500015258789,,,,,,,566,4.421875,566,4.421875,,,,,,,,,,,,,,,,,,,"Luis Robert Jr.","20043",673357
"Danny Jansen","TEX",89.877,332.945,289.532,58.9991,35.2086,11.6156,0.582001,11.5929,35.3345,37.0011,35.2042,0.213131,79.8877,4.98893,2.14623,0.552204,4.37947,0.372378,0.146641,0.203774,0.105736,0.239943,0.440672,0.298888,0.368033,0.295338,0.666921,0.164259,2.29094,0.236797,,-0.481947,34.5506,-4.78941,89.3962,-0.481947,3.89,-4.643040060997009,10.82495379447937,1.80493,999,,,,,,,313.7,3.485555555,313.7,3.485555555,,,,,,,,,,,,,,,,,,,"Danny Jansen","16535",643376
"Jo Adell","LAA",139.555,567.953,516.334,122.315,67.2729,23.0589,1.42199,30.5615,72.3347,79.8943,39.7087,1.23649,155.731,7.8789,3.51645,0.514948,7.56861,10.1519,3.07939,0.236892,0.0699155,0.274197,0.254983,0.299421,0.464627,0.326814,0.764048,0.227735,4.63822,0.275076,,0.0192034,73.4527,6.34468,108.496,0.0192034,-2.5,5.706258466467261,-7.673654079437256,1.79872,119.06999969482422,,,,,,,685.6,4.897142857,685.6,4.897142857,,,,,,,,,,,,,,,,,,,"Jo Adell","20220",666176
"Ceddanne Rafaela","BOS",140.314,559.16,522.408,130.846,85.0482,25.3328,3.98294,16.4825,68.4274,62.2209,24.2778,0.750717,122.74,6.03199,4.0718,2.37048,7.3695,20.9355,5.5425,0.250468,0.0434184,0.219508,0.197799,0.289438,0.408861,0.300841,0.6983,0.158394,6.31978,0.295318,,1.16074,60.524,-5.54507,87.5857,1.16074,3.17,-7.020699739456177,5.335339307785034,1.79661,131.22999572753906,,,,,,,570.4,4.074285714,570.4,4.074285714,,,,,,,,,,,,,,,,,,,"Ceddanne Rafaela","24262",678882
"Jonathan India","KCR",121.934,514.325,444.197,109.454,71.6898,23.528,1.40689,12.8296,62.795,54.9908,52.5577,0.0227537,98.1803,12.5324,3.69768,1.3402,9.80669,8.43964,2.70678,0.246409,0.102188,0.190892,0.535318,0.340253,0.392359,0.324512,0.732612,0.14595,4.49888,0.286818,,-0.323371,65.5556,4.78414,105.071,-0.323371,-1.42,2.750717371702194,-3.1426807641983032,1.77106,588.3300170898438,,,,,,,568.7,4.661475409,568.7,4.661475409,,,,,,,,,,,,,,,,,,,"Jonathan India","21523",663697
"Logan O'Hoppe","LAA",116.962,453.444,412.9,95.1212,57.447,17.5536,0.888076,19.2325,50.0358,56.9825,31.4512,0.410934,131.768,5.15324,2.81755,1.12202,6.75192,2.81626,0.924591,0.230373,0.0693608,0.290594,0.238687,0.291221,0.416925,0.306354,0.708146,0.186552,3.21563,0.286678,,-0.433569,51.1109,-2.46703,94.4015,-0.433569,-2.25,-3.4256299138069153,4.91830587387085,1.74949,246.85000610351562,,,,,,,466.4,3.986324786,466.4,3.986324786,,,,,,,,,,,,,,,,,,,"Logan O'Hoppe","24729",681351
"Konnor Griffin","PIT",96.717,403.148,369.114,94.7104,66.2123,16.5708,1.09643,10.8308,49.5238,42.5859,23.6667,1.27787,103.822,6.96345,2.13868,1.26522,6.69909,16.2132,2.4847,0.256588,0.0587046,0.257528,0.227955,0.311883,0.395451,0.30825,0.707335,0.138863,5.89743,0.326888,,1.59422,46.0624,-1.57268,94.863,1.59422,0,-0.8602931499481201,4.477639198303223,1.7424,999,,,,,,,439.2,4.527835051,439.2,4.527835051,,,,,,,,,,,,,,,,,,,"Konnor Griffin","sa3065496",804606
"Brenton Doyle","COL",137.675,562.912,515.35,133.399,83.2989,26.5749,3.68518,19.8402,75.2899,67.4239,36.4745,0.369647,150.345,3.32598,4.30823,3.45349,7.69729,21.0277,5.44551,0.258852,0.064796,0.267084,0.242606,0.309584,0.440215,0.322673,0.7498,0.181364,6.47198,0.324943,,1.16529,70.9079,4.39555,92.9734,1.16529,-0.49,-3.5226120948791504,1.6346142292022705,1.72297,168.41000366210938,,,,,,,661.8,4.795652173,661.8,4.795652173,,,,,,,,,,,,,,,,,,,"Brenton Doyle","25479",686668
"Carlos Narváez","BOS",108.059,410.23,367.346,82.4561,54.2811,14.7244,0.434472,13.0161,42.5863,47.7767,35.1202,0.926447,108.465,3.71751,2.99597,1.05019,7.3262,2.70247,1.22288,0.224464,0.085611,0.264399,0.323794,0.296432,0.373212,0.293614,0.669643,0.148747,2.86929,0.279031,,-0.568918,41.9967,-6.47519,82.6074,-0.568918,3.43,-8.978287756443024,11.46468997001648,1.69899,425.04998779296875,,,,,,,377.8,3.498148148,377.8,3.498148148,,,,,,,,,,,,,,,,,,,"Carlos Narvaez","19722",665966
"Evan Carter","TEX",109.212,433.622,384.274,90.1902,58.4269,18.2331,3.22459,10.3055,54.2865,39.8961,40.0772,1.59397,98.5324,5.59916,3.13559,0.536485,5.39448,16.1952,3.70271,0.234703,0.0924242,0.227231,0.406741,0.313717,0.379389,0.30393,0.693106,0.144686,6.45058,0.286765,,1.04598,48.0233,-3.21252,95.3153,1.04598,3.12,-1.3482264280319214,3.020860403776169,1.6981,277.1300048828125,,,,,,,440.5,4.041284403,440.5,4.041284403,,,,,,,,,,,,,,,,,,,"Evan Carter","27790",694497
"Tyler Stephenson","CIN",108.58,425.744,377.353,89.3605,57.1789,16.8186,0.530064,14.833,47.3624,51.0671,40.0518,0.813065,120.82,4.95611,2.85028,0.492247,8.1196,0.97027,0.387046,0.236809,0.0940748,0.283786,0.331499,0.316004,0.402112,0.314054,0.718116,0.165303,2.27141,0.304754,,-0.633685,50.6503,0.345411,95.8424,-0.633685,0.86,-2.7315940260887146,5.158322691917419,1.6975,278.5,,,,,,,454.3,4.167889908,454.3,4.167889908,,,,,,,,,,,,,,,,,,,"Tyler Stephenson","17988",663886
"Brandon Lowe","PIT",123.929,527.982,472.863,112.523,67.2919,23.5545,1.15447,20.5217,61.739,69.158,45.5701,1.10528,135.573,5.14049,3.93443,0.473857,7.91454,4.12923,1.31792,0.23796,0.0863099,0.256776,0.336129,0.309442,0.422852,0.317185,0.732294,0.184892,3.44814,0.286873,,-0.485581,64.1555,1.77034,100.984,-0.485581,-2.91,0.12987041473388672,-1.3898200988769531,1.66832,182.75,,,,,,,590.3,4.76048387,590.3,4.76048387,,,,,,,,,,,,,,,,,,,"Brandon Lowe","18882",664040
"Isaac Paredes","HOU",117.01,494.802,426.707,99.6327,63.2288,17.8962,0.385365,18.1224,58.3757,57.5975,54.5051,0.408137,82.219,9.46173,3.66235,0.465668,8.03685,1.05259,0.42783,0.233492,0.110155,0.166165,0.662926,0.330948,0.404649,0.323879,0.735597,0.171157,2.30624,0.24698,,-0.801696,62.8129,4.34821,108.227,-0.801696,0.16,3.9961923360824585,-4.755543559789658,1.66472,236.14999389648438,,,,,,,548.3,4.686324786,548.3,4.686324786,,,,,,,,,,,,,,,,,,,"Isaac Paredes","20036",670623
"Jeff McNeil","ATH",131.792,536.797,478.501,120.99,81.1547,25.3581,2.12887,12.3487,60.2861,55.231,42.8278,2.05437,69.9753,8.34369,4.49578,2.62917,10.4481,2.78077,0.953477,0.252853,0.079784,0.130357,0.612042,0.322299,0.392168,0.312172,0.714467,0.139314,3.45606,0.271148,,-0.694324,63.0419,-0.384821,96.7681,-0.694324,-0.85,-2.739096462726593,0.39970099925994873,1.65094,494.70001220703125,,,,,,,551.2,4.175757575,551.2,4.175757575,,,,,,,,,,,,,,,,,,,"Jeff McNeil","15362",643446
"Sean Murphy","ATL",88.889,344.94,301.23,66.9614,40.6127,12.9559,0,13.3929,39.3915,43.1517,32.7862,0.574936,95.4945,7.5015,2.19455,0.387827,6.78547,0.162086,0.0798155,0.222293,0.0950491,0.276844,0.343331,0.312031,0.398685,0.311931,0.710716,0.176391,1.67302,0.275363,,-0.530551,40.4425,-0.314869,98.7969,-0.530551,4.54,-1.0224292576313019,5.539745450019836,1.63634,742.3900146484375,,,,,,,357.1,4.01235955,357.1,4.01235955,,,,,,,,,,,,,,,,,,,"Sean Murphy","19352",669221
"Ozzie Albies","ATL",139.807,587.562,533.802,130.788,84.0719,27.3626,1.65042,17.703,67.033,67.8908,42.374,1.36031,88.6135,4.81569,6.00069,0.569117,8.71541,9.11163,3.00983,0.245012,0.0721183,0.150816,0.478189,0.303202,0.401947,0.305589,0.705149,0.156935,4.13888,0.260873,,-0.267819,65.8636,-3.56143,94.4529,-0.267819,-1.82,-4.130757629871368,0.3375154733657837,1.61194,155.61000061035156,,,,,,,608.2,4.344285714,608.2,4.344285714,,,,,,,,,,,,,,,,,,,"Ozzie Albies","16556",645277
"Joey Ortiz","MIL",131.575,514.02,470.256,113.195,80.4231,19.2384,3.0604,10.4735,55.0789,49.7612,32.9338,0.562641,90.0104,4.02216,3.18279,3.62498,9.16315,13.0447,3.65981,0.24071,0.064071,0.175111,0.365889,0.294186,0.361452,0.287404,0.655638,0.120742,5.49025,0.275427,,0.339002,50.0303,-10.7051,83.2207,0.339002,2.41,-9.8832728266716,8.501435041427612,1.60833,742.3200073242188,,,,,,,453.5,3.43560606,453.5,3.43560606,,,,,,,,,,,,,,,,,,,"Joey Ortiz","25493",687401
"Jake Meyers","HOU",116.738,458.535,412.912,103.238,70.8074,21.4484,0.946782,10.0354,53.8734,44.1876,34.7644,0.331475,94.9072,5.89328,2.85153,2.11336,8.53215,10.7362,3.16838,0.250024,0.0758163,0.206979,0.366299,0.315269,0.379466,0.305522,0.694735,0.129442,4.69559,0.299859,,0.116058,51.3749,-2.80457,95.5816,0.116058,0.36,-2.2717964500188828,2.16151225566864,1.60342,742.4600219726562,,,,,,,459.9,3.93076923,459.9,3.93076923,,,,,,,,,,,,,,,,,,,"Jake Meyers","20308",676694
"Nolan Arenado","ARI",134.137,559.627,513.327,129.625,88.2733,24.2855,0.893428,16.1733,59.1721,70.0895,36.1307,2.48323,75.318,4.01849,5.45729,0.693906,10.2235,2.50442,1.11155,0.25252,0.0645621,0.134586,0.479709,0.303748,0.397832,0.30341,0.701579,0.145311,2.6439,0.265514,,-0.785726,61.742,-4.38226,92.4467,-0.785726,0.69,-5.795630931854248,2.56966894865036,1.57489,686.6699829101562,,,,,,,563.6,4.205970149,563.6,4.205970149,,,,,,,,,,,,,,,,,,,"Nolan Arenado","9777",571448
"Bryan Reynolds","PIT",146.244,632.509,562.815,144.875,95.7531,28.9825,3.43489,16.7049,75.5353,72.2841,56.2393,2.09958,151.61,8.26568,4.58432,0.605008,12.3622,6.11442,1.83144,0.257412,0.0889147,0.239696,0.370948,0.331348,0.410157,0.323372,0.741505,0.152745,4.46218,0.321162,,-0.571231,80.0339,5.29809,105.222,-0.571231,-1.84,3.3433290123939514,-9.101175665855408,1.56394,203.92999267578125,,,,,,,707.8,4.847945205,707.8,4.847945205,,,,,,,,,,,,,,,,,,,"Bryan Reynolds","19326",668804
"Harrison Bader","SFG",123.045,486.512,444.355,106.091,69.4604,18.7924,3.03542,14.8026,61.7387,50.1503,30.6623,0.309514,118.923,7.38178,3.18779,0.924825,7.17318,15.3619,4.4743,0.238752,0.0630247,0.24444,0.257833,0.296826,0.394643,0.30108,0.691469,0.155891,6.10759,0.290896,,0.532405,52.755,-4.7301,94.2281,0.532405,-0.02,-2.795755684375763,1.8788424544036388,1.56226,481.0299987792969,,,,,,,494.1,4.01707317,494.1,4.01707317,,,,,,,,,,,,,,,,,,,"Harrison Bader","18030",664056
"Carson Kelly","CHC",95.371,363.671,321.44,75.4965,49.5334,13.0373,0.373083,12.5528,40.5747,44.287,33.6417,0.254682,72.7983,4.04618,3.08875,0.551712,6.87114,1.17634,0.44662,0.23487,0.0925059,0.200176,0.462122,0.312477,0.394905,0.309993,0.707382,0.160035,2.48985,0.263167,,-0.521755,42.0664,-0.904168,99.7325,-0.521755,-2.69,-0.6370538920164108,3.7553582191467285,1.55696,626.9000244140625,,,,,,,374.8,3.945263157,374.8,3.945263157,,,,,,,,,,,,,,,,,,,"Carson Kelly","13620",608348
"Christian Yelich","MIL",135.215,577.499,505.099,128.945,85.8115,22.6155,2.66179,17.8561,72.6579,68.8877,64.3993,4.81977,140.873,4.10939,2.83812,1.05341,13.5475,15.9956,4.09615,0.255287,0.111514,0.243937,0.457144,0.342536,0.416656,0.330282,0.759192,0.161369,5.15206,0.318117,,0.534719,76.3132,8.07726,112.594,0.534719,-0.05,9.154458045959473,-13.172716904431581,1.55467,126.11000061035156,,,,,,,693.6,5.137777777,693.6,5.137777777,,,,,,,,,,,,,,,,,,,"Christian Yelich","11477",592885
"Ryan McMahon","NYY",117.293,474.9,414.956,88.3512,54.3869,16.4196,0.95015,16.5946,53.5438,52.188,53.8293,1.36256,150.019,2.69898,2.99929,0.415974,7.71205,3.54673,1.19744,0.212917,0.113349,0.315895,0.358818,0.305341,0.377039,0.30033,0.68238,0.164122,3.34029,0.285494,,-0.504256,51.2064,-4.90665,92.5578,-0.504256,1.56,-4.669848918914795,3.3700770139694214,1.53934,729.1300048828125,,,,,,,465.5,3.978632478,465.5,3.978632478,,,,,,,,,,,,,,,,,,,"Ryan McMahon","15112",641857
"Josh Jung","TEX",125.494,512.744,475.245,116.294,76.697,22.5312,1.0251,16.0405,55.5116,60.233,29.3712,0.414148,128.202,4.31072,3.3061,0.51113,8.37802,3.76874,1.45252,0.244703,0.0572825,0.250031,0.229102,0.292788,0.397683,0.299574,0.690472,0.15298,3.39669,0.299883,,-0.567036,54.9723,-5.61235,92.3142,-0.567036,0.52,-5.211760580539703,2.4566357135772705,1.52371,625.4000244140625,,,,,,,501.2,4.0096,501.2,4.0096,,,,,,,,,,,,,,,,,,,"Josh Jung","26299",673962
"Josh Naylor","SEA",144.075,606.623,543.055,135.673,90.5853,24.837,0.230337,20.0201,70.1947,73.7688,51.2591,5.27883,88.2471,5.96881,5.51685,0.651644,12.7243,12.8782,5.71465,0.249833,0.0844991,0.145473,0.580859,0.318423,0.407014,0.313539,0.725437,0.157181,3.646,0.262665,,-0.705582,71.9157,0.238479,107.061,-0.705582,0.91,4.342682778835297,-10.456715404987335,1.51064,64.33999633789062,,,,,,,658,4.569444444,658,4.569444444,,,,,,,,,,,,,,,,,,,"Josh Naylor","18839",647304
"Cedric Mullins","TBR",111.218,451.048,399.821,92.261,55.4243,17.1345,2.68174,17.0204,59.569,50.4368,41.2474,0.583927,99.8873,4.02214,3.11466,2.81353,4.85027,20.6774,4.72561,0.230755,0.0914479,0.221456,0.412939,0.306847,0.414736,0.313452,0.721583,0.18398,6.47785,0.263053,,1.53937,53.44,0.145247,99.5867,1.53937,-3.43,1.3196676820516586,-2.1175146102905273,1.5067,322.989990234375,,,,,,,502.3,4.525225225,502.3,4.525225225,,,,,,,,,,,,,,,,,,,"Cedric Mullins","17929",656775
"Kyle Higashioka","TEX",74.583,274.343,251.64,53.7785,33.4488,10.9579,0.0640435,9.30773,27.0992,31.5657,17.3195,0.123013,69.534,1.44742,1.91786,0.919455,3.75888,1.78072,0.796867,0.213712,0.0631308,0.253457,0.249079,0.266393,0.368732,0.276396,0.635125,0.15502,2.70716,0.254532,,-0.314085,24.2503,-8.16545,76.3481,-0.314085,7.78,-7.961808621883392,13.213659763336182,1.50341,999,,,,,,,221.9,2.958666666,221.9,2.958666666,,,,,,,,,,,,,,,,,,,"Kyle Higashioka","5517",543309
"Vinnie Pasquantino","KCR",146.426,628.394,562.666,144.603,88.6474,30.5181,1.7978,23.6397,73.1831,86.5269,51.9345,3.41997,90.2192,6.05394,6.7153,1.02443,11.6096,0.91574,0.326251,0.256996,0.0826465,0.143571,0.575649,0.322922,0.443666,0.329131,0.766588,0.18667,2.6181,0.265549,,-0.895922,82.4514,8.20179,108.253,-0.895922,-0.22,5.216559827327728,-12.163919180631638,1.50204,77.45999908447266,,,,,,,751.8,5.149315068,751.8,5.149315068,,,,,,,,,,,,,,,,,,,"Vinnie Pasquantino","27676",686469
"Jared Triolo","PIT",123.48,490.795,436.448,106.295,74.2946,20.6083,2.33292,9.05919,56.433,45.5406,45.7499,0.616223,110.97,3.76173,3.32244,1.51307,7.69616,11.9407,3.4353,0.243546,0.0932159,0.226103,0.412272,0.318439,0.363724,0.301716,0.682164,0.120179,5.13466,0.304108,,0.168057,53.4726,-4.51857,90.3865,0.168057,1.56,-5.424067810177803,3.6159939765930176,1.48566,737.4600219726562,,,,,,,478.9,3.893495934,478.9,3.893495934,,,,,,,,,,,,,,,,,,,"Jared Triolo","25807",669707
"Gavin Lux","TBR",110.317,446.892,397.502,100.469,70.5515,20.46,2.6381,6.81941,48.8617,42.891,43.7321,0.459941,94.8613,2.00198,3.18652,0.46936,9.36863,4.05646,1.16973,0.252751,0.0978583,0.212269,0.461011,0.327499,0.368963,0.307899,0.696462,0.116212,4.3143,0.313201,,-0.432376,50.9329,-1.87081,95.7617,-0.432376,0,-2.6647700369358063,1.7548049688339233,1.4806,746.739990234375,,,,,,,445.7,4.051818181,445.7,4.051818181,,,,,,,,,,,,,,,,,,,"Gavin Lux","19955",666158
"Xavier Edwards","MIA",135.174,580.056,522.905,142.548,115.072,21.8148,4.05083,1.61109,65.4932,40.5783,45.0009,1.51975,80.1875,2.72959,4.14142,5.27953,11.3478,27.5995,6.64424,0.272609,0.0775802,0.138241,0.561196,0.331048,0.339064,0.297579,0.670112,0.0664552,6.14263,0.316537,,1.73423,61.2498,-7.2883,88.0956,1.73423,-0.58,-6.4499170780181885,1.506018340587616,1.46867,186.8800048828125,,,,,,,560.8,4.154074074,560.8,4.154074074,,,,,,,,,,,,,,,,,,,"Xavier Edwards","22266",669364
"Kerry Carpenter","DET",114.868,473.471,430.804,107.851,61.3709,20.079,3.14397,23.2574,60.4333,67.6456,31.2131,1.3511,113.239,6.8779,3.49033,0.496739,6.96791,2.7706,0.846224,0.250349,0.0659241,0.239167,0.275641,0.308948,0.473511,0.333892,0.782459,0.223162,4.39774,0.284064,,-0.440119,63.9541,8.00989,114.299,-0.440119,-0.03,7.539066463708878,-9.501038817688823,1.46656,236.08999633789062,,,,,,,582,5.060869565,582,5.060869565,,,,,,,,,,,,,,,,,,,"Kerry Carpenter","25961",681481
"Ha-Seong Kim","ATL",88.465,356.275,313.669,76.1098,51.9823,13.3356,2.10474,8.68714,45.4994,32.4665,33.7298,1.00859,63.162,3.07514,2.72445,2.97445,5.59305,12.9096,4.18933,0.242644,0.0946735,0.177284,0.534021,0.319692,0.381665,0.30792,0.701357,0.139021,5.95053,0.275707,,0.286833,40.6112,-1.48542,96.0492,0.286833,-0.24,-1.3814168870449066,3.8556015640497208,1.46589,741.8699951171875,,,,,,,369.8,4.202272727,369.8,4.202272727,,,,,,,,,,,,,,,,,,,"Ha-Seong Kim","27506",673490
"Steven Kwan","CLE",147.249,645.385,575.455,152.156,120.459,23.6376,3.7609,4.29825,70.5354,50.9215,57.0299,1.36526,54.9496,4.80857,5.41272,2.67844,12.5487,16.5787,4.91758,0.264409,0.0883657,0.0851423,1.03786,0.332958,0.340964,0.300257,0.673922,0.0765552,5.05017,0.283458,,0.107446,69.551,-6.70618,92.564,0.107446,3.24,-5.548799268901348,-2.4289424419403076,1.45646,168.5500030517578,,,,,,,610.5,4.153061224,610.5,4.153061224,,,,,,,,,,,,,,,,,,,"Steven Kwan","24610",680757
"Kyle Stowers","MIA",138.554,576.813,511.803,120.931,69.792,25.3793,1.59327,24.1666,67.5317,78.1065,53.4894,1.94202,165.751,6.8745,3.8094,0.837022,9.2598,3.87411,1.0989,0.236285,0.0927327,0.287356,0.32271,0.314762,0.433755,0.323551,0.748516,0.19747,3.53362,0.297102,,-0.521625,73.0701,4.91522,105.887,-0.521625,-2.22,3.5027589797973633,-8.536229848861694,1.44846,132.89999389648438,,,,,,,659.9,4.747482014,659.9,4.747482014,,,,,,,,,,,,,,,,,,,"Kyle Stowers","26151",669065
"Colt Keith","DET",121.321,488.938,438.934,111.302,72.7306,20.264,4.66667,13.6408,58.8114,53.9839,43.1178,1.53418,102.521,2.96088,3.46058,0.464961,7.92016,3.77036,1.03664,0.253574,0.0881866,0.20968,0.420577,0.322189,0.414235,0.319601,0.736425,0.160662,4.81426,0.29936,,-0.444663,60.3702,2.59841,104.454,-0.444663,0.13,2.122030884027481,-5.012061238288879,1.42607,427.6600036621094,,,,,,,543.5,4.491735537,543.5,4.491735537,,,,,,,,,,,,,,,,,,,"Colt Keith","27899",690993
"Anthony Volpe","NYY",110.492,450.326,409.558,94.0045,59.996,19.7135,1.68304,12.612,54.1014,44.4067,31.2764,0.395778,109.458,4.20233,3.53811,1.75125,6.99189,15.7713,4.36911,0.229527,0.0694527,0.243063,0.285739,0.288655,0.378262,0.290892,0.666916,0.148735,5.90281,0.279674,,0.737348,45.1062,-8.1033,86.0567,0.737348,-0.06,-6.663236320018768,5.055370274931192,1.42129,664.7999877929688,,,,,,,432.2,3.929090909,432.2,3.929090909,,,,,,,,,,,,,,,,,,,"Anthony Volpe","27647",683011
"Alec Burleson","STL",139.345,578.494,527.232,138.649,92.0145,25.4169,0.496981,20.7203,65.8709,74.1166,39.4195,1.07495,83.9689,4.00005,5.52189,1.67267,11.7291,4.88283,1.8744,0.262975,0.0681416,0.145151,0.469454,0.315996,0.430969,0.322416,0.746965,0.167994,3.1066,0.275492,,-0.67803,72.7503,4.39675,108.599,-0.67803,-0.14,5.217477321624756,-10.644757881760597,1.41389,176.24000549316406,,,,,,,654.2,4.70647482,654.2,4.70647482,,,,,,,,,,,,,,,,,,,"Alec Burleson","27615",676475
"Tommy Edman","LAD",108.981,441.481,403.18,98.673,66.5168,18.8393,2.42366,10.8932,55.045,46.162,28.5459,0.73794,74.8699,4.30226,3.38764,2.06519,8.60238,9.83833,2.6728,0.244737,0.0646595,0.169588,0.381274,0.299309,0.384541,0.297828,0.68385,0.139804,5.45297,0.273624,,0.222005,46.7063,-5.45812,90.1159,0.222005,2.32,-4.949840858578682,4.049180269241333,1.41064,708.3599853515625,,,,,,,430.9,3.953211009,430.9,3.953211009,,,,,,,,,,,,,,,,,,,"Tommy Edman","19470",669242
"Victor Caratini","MIN",91.167,347.137,310.027,76.8865,53.434,13.3677,0,10.0848,37.4223,39.3986,26.6297,0.851926,63.6901,6.2294,2.99365,0.447881,8.53117,0.801971,0.371353,0.248,0.0767124,0.183473,0.418114,0.317295,0.388704,0.309416,0.705999,0.140704,2.06525,0.279218,,-0.555736,39.9913,-1.02566,96.931,-0.555736,3.46,-1.8114107251167297,3.647586449980736,1.41028,701.260009765625,,,,,,,353.8,3.887912087,353.8,3.887912087,,,,,,,,,,,,,,,,,,,"Victor Caratini","14968",605170
"Spencer Torkelson","DET",146.552,615.101,538.045,123.435,69.9576,26.4716,0.594349,26.4111,72.4529,80.7646,63.653,2.89728,158.075,7.46473,5.4482,0.489629,7.76893,2.27849,0.828507,0.229413,0.103484,0.25699,0.402675,0.316545,0.428083,0.322089,0.744629,0.19867,2.56383,0.270255,,-0.795795,77.1907,4.51177,106.168,-0.795795,0.45,3.6760809421539307,-11.10655289888382,1.40581,181.52999877929688,,,,,,,690.3,4.695918367,690.3,4.695918367,,,,,,,,,,,,,,,,,,,"Spencer Torkelson","27465",679529
"Eugenio Suárez","CIN",142.601,599.163,532.683,123.079,65.5133,23.2971,0.411122,33.8577,73.3803,92.3282,50.4243,0.563399,176.644,9.78397,5.26986,0.545756,7.66382,2.357,0.924107,0.231055,0.0841579,0.294818,0.285457,0.306418,0.467016,0.331583,0.773434,0.235961,2.60039,0.272473,,-0.733291,79.8091,9.01334,107.85,-0.733291,0,4.841484487056732,-11.053177833557129,1.40399,100.5,,,,,,,723.1,5.056643356,723.1,5.056643356,,,,,,,,,,,,,,,,,,,"Eugenio Suarez","12552",553993
"Tyler O'Neill","BAL",89.604,370.047,324.857,76.2826,42.4691,13.815,0.941605,19.0569,49.2353,50.9757,37.3816,1.3845,104.287,4.87749,2.51716,0.41424,5.31614,3.89664,1.25906,0.234819,0.101018,0.28182,0.35845,0.320701,0.45913,0.33538,0.779831,0.224311,4.05949,0.280477,,-0.286485,50.4314,6.70748,117.019,-0.286485,-0.54,7.136320203542709,-6.2941394448280334,1.38926,541.9600219726562,,,,,,,456.3,5.07,456.3,5.07,,,,,,,,,,,,,,,,,,,"Tyler O'Neill","15711",641933
"Dylan Crews","WSN",136.436,563.723,514.347,121.363,79.6778,22.6876,3.06125,15.9364,66.3059,59.3813,36.9302,0.651551,129.5,7.99747,3.69124,0.756654,8.84683,22.6083,6.48686,0.235955,0.0655112,0.229723,0.285175,0.295383,0.38492,0.296797,0.680303,0.148964,6.18438,0.282947,,1.04688,59.167,-7.44127,88.9206,1.04688,4.38,-6.355609774589539,1.035980463027954,1.37463,168.24000549316406,,,,,,,559.7,4.115441176,559.7,4.115441176,,,,,,,,,,,,,,,,,,,"Dylan Crews","33541",686611
"Sal Stewart","CIN",119.788,483.702,440.154,119.411,76.4451,24.1294,0.528211,18.3088,59.1789,63.4451,35.0766,0.865033,89.4232,4.27548,3.61411,0.581487,9.25314,5.80318,2.14802,0.271295,0.072517,0.184873,0.392254,0.328621,0.453304,0.337058,0.781925,0.182009,3.4783,0.300868,,-0.477761,66.5794,9.42625,111.6,-0.477761,-0.09,6.172545850276947,-8.922105640172958,1.36519,181.83999633789062,,,,,,,593.7,4.9475,593.7,4.9475,,,,,,,,,,,,,,,,,,,"Sal Stewart","31505",701398
"Royce Lewis","MIN",122.128,496.573,454.694,107.057,66.8012,22.8544,0.541671,16.8596,56.7956,57.1749,34.6792,0.977067,104.944,2.86778,3.72844,0.604024,6.9295,9.69938,3.51394,0.235448,0.069837,0.211337,0.330453,0.291558,0.399332,0.299281,0.69089,0.163883,4.11722,0.267951,,-0.181564,53.1205,-5.55338,89.9492,-0.181564,0.62,-6.063983589410782,2.1324065923690796,1.3464,181.00999450683594,,,,,,,498.2,4.083606557,498.2,4.083606557,,,,,,,,,,,,,,,,,,,"Royce Lewis","20437",668904
"Victor Scott II","STL",131.79,512.24,458.751,101.435,73.7698,15.9414,4.07519,7.64907,61.1083,33.2765,37.0157,0.542534,120.021,7.1969,3.66728,5.60875,7.11939,31.8017,4.92496,0.221112,0.0722624,0.234307,0.30841,0.287483,0.323649,0.271716,0.611132,0.102537,7.50921,0.28017,,3.56818,43.3326,-17.1925,73.8674,3.56818,6.32,-12.297177076339722,8.353796243667603,1.34019,362.7799987792969,,,,,,,429.8,3.256060606,429.8,3.256060606,,,,,,,,,,,,,,,,,,,"Victor Scott II","31349",687363
"Willi Castro","COL",128.102,522.869,465.821,120.128,81.7649,23.0703,3.79124,11.5013,65.4359,53.1431,40.2788,0.783592,114.887,11.2396,3.616,1.91397,8.92043,15.7796,4.62636,0.257884,0.0770343,0.219725,0.350594,0.329484,0.397759,0.318934,0.727243,0.139875,6.06892,0.316651,,0.386623,64.2768,2.49579,90.4124,0.386623,-0.65,-5.554887235164642,1.2241874933242798,1.33674,259.20001220703125,,,,,,,577.7,4.51328125,577.7,4.51328125,,,,,,,,,,,,,,,,,,,"Willi Castro","17338",650489
"Ernie Clement","TOR",139.493,553.591,516.762,131.286,93.4159,24.6852,2.84918,10.3353,59.9145,53.8708,23.3605,0.880846,60.3674,3.52334,4.78754,5.15748,8.59554,10.5896,3.01916,0.254054,0.0421981,0.109047,0.386972,0.288402,0.37285,0.286722,0.661252,0.118796,5.06963,0.268273,,0.0931608,53.5751,-11.8359,82.6593,0.0931608,2.93,-11.221157878637314,5.176264047622681,1.33096,338.6000061035156,,,,,,,493.7,3.551798561,493.7,3.551798561,,,,,,,,,,,,,,,,,,,"Ernie Clement","20352",676391
"Matt Wallner","MIN",117.686,480.716,417.608,91.4302,48.417,19.8856,0.886305,22.2414,60.7738,62.8128,49.07,1.06413,151.827,10.8207,2.83372,0.383373,6.1274,4.26755,1.32823,0.218938,0.102077,0.315836,0.323196,0.315033,0.430577,0.324137,0.74561,0.211639,3.74419,0.280829,,-0.39841,61.1255,4.32518,107.072,-0.39841,-1.45,3.6082375049591064,-7.218921422958374,1.32339,386.4599914550781,,,,,,,546.9,4.634745762,546.9,4.634745762,,,,,,,,,,,,,,,,,,,"Matt Wallner","26466",670242
"Andrew Vaughn","MIL",129.194,537.402,488.846,125.372,78.605,24.8847,0.173559,21.7087,59.0333,79.4019,36.1361,0.35598,105.065,6.62143,4.98743,0.811042,10.9187,0.622032,0.251872,0.256465,0.0672422,0.195506,0.34394,0.313329,0.441304,0.325498,0.754633,0.184839,1.67144,0.282415,,-0.777586,68.9273,5.42913,109.316,-0.777586,-0.15,5.15635871887207,-10.118672758340836,1.32159,287.5799865722656,,,,,,,621.2,4.815503875,621.2,4.815503875,,,,,,,,,,,,,,,,,,,"Andrew Vaughn","26197",683734
"Nick Gonzales","PIT",95.413,394.5,362.19,94.8102,65.0099,20.406,2.20363,7.19062,42.8735,41.8841,22.9845,0.501196,79.6069,4.99912,3.39124,0.935133,7.63823,3.26933,0.974068,0.261769,0.0582623,0.201792,0.288725,0.312004,0.389838,0.305831,0.701842,0.128069,4.3885,0.314292,,-0.355636,44.2995,-2.3137,93.206,-0.355636,0.4,-3.5322541892528534,3.148522526025772,1.3036,999,,,,,,,392.1,4.127368421,392.1,4.127368421,,,,,,,,,,,,,,,,,,,"Nick Gonzales","27490",693304
"Chase Meidroth","CHW",124.488,531.292,470.387,117.509,92.3009,19.1407,1.50822,4.55875,56.3439,39.4539,48.9057,0.0248007,79.1188,7.2999,2.99647,1.7028,13.3603,10.4613,3.74377,0.249813,0.0920504,0.148918,0.61813,0.328017,0.325991,0.294885,0.654008,0.0761786,4.47201,0.289833,,-0.421102,54.9384,-7.83785,87.4218,-0.421102,0.38,-8.297439515590668,2.7333608865737915,1.30163,605.1400146484375,,,,,,,480.1,3.871774193,480.1,3.871774193,,,,,,,,,,,,,,,,,,,"Chase Meidroth","31580",805367
"Jung Hoo Lee","SFG",136.896,568.8,515.987,138.966,94.7588,32.6017,4.02869,7.57657,66.6636,55.9318,41.9763,1.36138,64.2496,5.08834,4.99077,0.757743,11.8487,8.28978,2.24429,0.26932,0.0737979,0.112956,0.653331,0.327494,0.39217,0.314128,0.719664,0.12285,4.98864,0.292528,,-0.188404,67.7034,0.495278,103.166,-0.188404,-3.21,1.9459334313869476,-8.187947750091553,1.29754,339.4800109863281,,,,,,,606.7,4.428467153,606.7,4.428467153,,,,,,,,,,,,,,,,,,,"Jung Hoo Lee","33824",808982
"Jesús Sánchez","TOR",104.06,416.362,375.116,92.1222,57.7998,17.9212,0.862804,15.5384,53.4007,49.805,34.9657,0.96195,99.5371,3.14382,2.13012,1.00638,7.772,8.44966,2.4521,0.245583,0.0839792,0.239064,0.351283,0.313543,0.422227,0.319135,0.73577,0.176644,4.56206,0.292114,,0.0589433,51.2518,2.0554,104.988,0.0589433,0.87,2.5066411830484867,-4.161707758903503,1.29686,556.1099853515625,,,,,,,472.1,4.539423076,472.1,4.539423076,,,,,,,,,,,,,,,,,,,"Jesus Sanchez","19913",660821
"Hunter Feduccia","TBR",73.891,256.055,228.745,48.3445,33.3102,10.2007,0.529596,4.30412,23.0051,23.8183,24.1324,0.334346,66.1486,1.20818,1.61643,0.353175,4.86333,0.469616,0.159766,0.211347,0.0942469,0.258338,0.364821,0.288168,0.31702,0.270593,0.605188,0.105673,2.3825,0.27541,,-0.35649,21.4273,-8.82758,70.0629,-0.35649,7.49,-9.391240507364273,13.191465854644775,1.29049,999,,,,,,,187.1,2.528378378,187.1,2.528378378,,,,,,,,,,,,,,,,,,,"Hunter Feduccia","23372",676439
"Josh Smith","TEX",122.586,502.737,440.149,103.003,72.0832,19.934,2.30582,8.67981,55.6813,43.2197,45.9331,0.990171,94.0157,10.2496,3.47298,2.93255,9.28454,9.14695,2.70052,0.234018,0.091366,0.187008,0.488568,0.318496,0.348946,0.297467,0.667441,0.114927,4.89262,0.276667,,-0.116754,53.0397,-6.36258,90.8632,-0.116754,-0.86,-5.530597887933254,0.663917064666748,1.27243,513.2000122070312,,,,,,,467.5,3.800813008,467.5,3.800813008,,,,,,,,,,,,,,,,,,,"Josh Smith","26396",669701
"Ryan O'Hearn","PIT",124.819,511.063,453.123,118.795,81.1697,22.7614,1.96969,12.8942,59.1326,57.8561,47.7211,2.56984,96.8411,4.92186,4.32094,0.976422,10.3724,3.85906,1.09314,0.26217,0.0933762,0.18949,0.492777,0.336096,0.406465,0.32371,0.742561,0.144295,3.64467,0.304568,,-0.542271,64.8072,4.42114,105.453,-0.542271,0.53,2.760987341403961,-7.372437238693237,1.26783,280.0899963378906,,,,,,,577.5,4.62,577.5,4.62,,,,,,,,,,,,,,,,,,,"Ryan O'Hearn","16442",656811
"Caleb Durbin","BOS",131.926,526.254,473.423,118.254,85.695,21.1144,2.89782,8.54684,60.5573,47.5892,32.4327,0.995604,56.9941,12.9739,4.03728,3.38741,10.9682,18.6487,5.12948,0.249785,0.0616293,0.108302,0.569053,0.313006,0.360787,0.297325,0.673793,0.111001,5.82069,0.266332,,0.77021,55.46,-6.72097,85.1638,0.77021,0.66,-8.431978046894073,2.6958948969841003,1.26629,225.6199951171875,,,,,,,507.5,3.844696969,507.5,3.844696969,,,,,,,,,,,,,,,,,,,"Caleb Durbin","29646",702332
"Justin Crawford","PHI",106.966,429.099,395.024,105.07,79.0433,18.6564,1.95193,5.4179,52.4892,35.7738,26.6115,0.785727,88.7615,2.17318,1.73282,3.55759,9.14623,22.5489,3.2801,0.265983,0.0620171,0.206856,0.299809,0.31455,0.36424,0.298203,0.67879,0.0982573,6.47512,0.329343,,2.45987,45.5272,-5.17413,88.2536,2.45987,0,-3.514007091522217,1.5536092519760132,1.26006,999,,,,,,,428.8,4.007476635,428.8,4.007476635,,,,,,,,,,,,,,,,,,,"Justin Crawford","sa3020240",702222
"JJ Wetherholt","STL",119.593,499.81,447.958,107.272,74.9992,22.0079,1.60007,8.66485,52.2416,46.4659,41.1166,1.21455,93.1743,6.23643,3.23277,1.26628,9.94056,8.02741,1.5107,0.239469,0.0822645,0.18642,0.441287,0.310154,0.353771,0.293603,0.663925,0.114302,4.52236,0.282258,,0.187113,51.1627,-7.89369,88.8605,0.187113,0,-6.4116696417331696,2.0762672424316406,1.25777,999,,,,,,,461.6,3.846666666,461.6,3.846666666,,,,,,,,,,,,,,,,,,,"JJ Wetherholt","sa3025154",802139
"Dylan Beavers","BAL",100.402,400.87,353.995,84.6326,53.8062,18.3697,1.50322,10.9534,49.2884,40.6855,40.183,1.11128,95.2286,2.35637,3.15453,1.18121,5.0287,10.5577,2.45184,0.239079,0.100239,0.237555,0.421964,0.318177,0.392291,0.310841,0.710468,0.153212,5.3593,0.293581,,0.478758,46.6453,-0.720628,100.115,0.478758,2.01,0.5330414026975632,-2.074817419052124,1.25389,417.67999267578125,,,,,,,430.3,4.303,430.3,4.303,,,,,,,,,,,,,,,,,,,"Dylan Beavers","31695",687637
"Luis García Jr.","WSN",122.736,501.225,465.764,123.177,83.6163,24.0852,1.17461,14.3009,56.2447,61.0019,28.0504,1.6872,80.7758,1.89011,4.8046,0.715986,9.59764,13.3083,4.59237,0.264462,0.0559636,0.161157,0.347262,0.305924,0.41333,0.309788,0.719254,0.148868,4.54904,0.289956,,0.0424821,57.894,-1.32956,97.8199,0.0424821,0.34,-1.2525997683405876,-3.2614084780216217,1.24431,251.52999877929688,,,,,,,530.4,4.312195121,530.4,4.312195121,,,,,,,,,,,,,,,,,,,"Luis Garcia Jr.","20391",671277
"Denzel Clarke","ATH",97.88,378.895,345.906,76.8483,50.5447,16.8087,1.83262,7.66239,43.5669,31.5961,24.9897,0.0703078,128.929,5.07184,1.71067,1.21675,6.01882,11.159,2.59825,0.222165,0.0659541,0.340275,0.193826,0.283071,0.347809,0.278209,0.630881,0.125644,6.12251,0.327856,,0.636093,34.0497,-10.7197,73.3719,0.636093,8.79,-11.255252599716187,10.300493717193604,1.23657,737.8300170898438,,,,,,,323.6,3.302040816,323.6,3.302040816,,,,,,,,,,,,,,,,,,,"Denzel Clarke","29858",672016
"Ramón Laureano","SDP",127.286,518.648,467.421,113.857,70.3329,20.7396,3.25445,19.5304,67.235,63.1773,37.2066,0.646422,137.198,9.87477,3.54009,0.605662,9.48705,8.52605,3.06141,0.243586,0.0717377,0.26453,0.271189,0.310667,0.427232,0.319654,0.737899,0.183645,5.21611,0.300182,,-0.319353,64.0609,2.77862,108.297,-0.319353,-4.13,4.780760645866394,-10.022870540618896,1.22912,223.0800018310547,,,,,,,587.1,4.622834645,587.1,4.622834645,,,,,,,,,,,,,,,,,,,"Ramon Laureano","17128",657656
"Luis Arraez","SFG",139.275,607.785,560.553,165.48,136.62,25.3962,3.4497,0.0143439,64.9513,52.2103,32.9763,2.64091,21.2491,4.01704,5.26178,4.97653,14.5811,8.08375,2.97958,0.295208,0.0542566,0.0349616,1.55189,0.335883,0.352898,0.302784,0.688781,0.0576905,4.39578,0.303856,,-0.732139,66.7459,-5.06854,95.3951,-0.732139,-3.26,-4.049277603626251,-4.34672749042511,1.20986,284.3500061035156,,,,,,,570.4,4.103597122,570.4,4.103597122,,,,,,,,,,,,,,,,,,,"Luis Arraez","18568",650333
"Christian Walker","HOU",135.286,568.424,509.273,116.696,67.9526,21.5514,0.134385,27.058,67.8348,76.9218,46.5961,1.14014,144.975,7.38749,4.5491,0.618626,8.73429,3.76568,1.37688,0.229143,0.0819741,0.255047,0.321408,0.300596,0.431381,0.315974,0.731977,0.202238,2.80849,0.262262,,-0.608175,68.5108,1.34709,102.782,-0.608175,1.49,1.2554987668991089,-8.997857809066772,1.20953,207.3800048828125,,,,,,,630.6,4.671111111,630.6,4.671111111,,,,,,,,,,,,,,,,,,,"Christian Walker","13419",572233
"Pedro Pagés","STL",89.652,332.492,305.492,66.3861,45.8267,12.0749,0.301958,8.18256,29.419,33.927,20.1179,0.657629,88.4667,3.16004,2.24919,1.47286,6.06263,0.620339,0.297206,0.217309,0.0605065,0.266072,0.227407,0.270873,0.339166,0.267716,0.610039,0.121858,2.12052,0.275726,,-0.449508,27.0472,-12.2393,71.1274,-0.449508,5.54,-11.827401548624039,12.457592487335205,1.19627,999,,,,,,,245.5,2.727777777,245.5,2.727777777,,,,,,,,,,,,,,,,,,,"Pedro Pages","25782",686780
"Jose Trevino","CIN",69.89,253.441,233.507,54.0963,38.9338,8.97886,0.0148838,6.1688,22.7281,26.5937,14.223,0.18969,40.029,1.63328,1.96954,1.36011,5.94521,0.321254,0.197428,0.231669,0.0561197,0.157942,0.355319,0.278327,0.349504,0.27503,0.627831,0.117834,1.67825,0.253212,,-0.377054,22.1215,-7.82451,69.1092,-0.377054,7.45,-9.656043410301208,12.84274673461914,1.18874,999,,,,,,,198.9,2.841428571,198.9,2.841428571,,,,,,,,,,,,,,,,,,,"Jose Trevino","16725",624431
"Jordan Lawlar","ARI",91.341,340.289,308.656,74.1446,49.4679,15.3943,2.18652,7.09584,41.2137,33.3142,24.5457,0.81764,93.8549,3.95207,2.14005,0.995668,4.77529,12.5639,2.86728,0.240218,0.0721318,0.275809,0.261528,0.302518,0.37323,0.295758,0.675748,0.133012,6.5102,0.319516,,0.82927,35.4289,-4.77888,87.2047,0.82927,3.42,-4.331256926059723,4.539375066757202,1.17962,287.92999267578125,,,,,,,329.4,3.619780219,329.4,3.619780219,,,,,,,,,,,,,,,,,,,"Jordan Lawlar","29976",691783
"Sal Frelick","MIL",131.546,548.648,494.108,123.756,92.1433,20.8906,4.64589,6.07661,59.9996,46.7791,42.7096,0.738705,74.5134,5.43912,3.39966,2.2866,10.6475,16.5824,3.67938,0.250464,0.0778452,0.135813,0.57318,0.315043,0.348443,0.293905,0.663486,0.097979,5.98472,0.282262,,0.88843,56.2965,-8.53048,87.674,0.88843,5.53,-7.126678764820099,0.32978391647338867,1.17217,217.00999450683594,,,,,,,511.3,3.873484848,511.3,3.873484848,,,,,,,,,,,,,,,,,,,"Sal Frelick","29622",686217
"Cam Smith","HOU",116.28,459.496,411.614,99.5644,67.757,20.1974,1.32515,10.2848,52.445,44.7421,38.7307,1.24778,121.025,5.87898,2.60078,0.671456,8.35664,6.73419,1.77667,0.241888,0.0842895,0.263386,0.320023,0.314225,0.372355,0.302231,0.686579,0.130467,4.44855,0.315581,,-0.114311,50.2549,-4.03809,93.3148,-0.114311,3.93,-3.7348141074180603,-0.8551852703094482,1.14847,401.82000732421875,,,,,,,448.4,3.865517241,448.4,3.865517241,,,,,,,,,,,,,,,,,,,"Cam Smith","35108",701358
"Carter Jensen","KCR",102.042,383.234,341.912,81.218,50.2134,16.9776,2.93669,11.0903,45.4662,43.8439,36.1646,1.31229,100.604,2.07946,2.5102,0.567369,5.52901,4.69468,1.3009,0.237541,0.094367,0.262513,0.359476,0.312183,0.401682,0.310508,0.713865,0.164141,4.99529,0.301329,,-0.169111,44.4896,-0.792432,95.4246,-0.169111,-2.27,-2.235735595226288,0.027545452117919922,1.12361,999,,,,,,,402.1,3.942156862,402.1,3.942156862,,,,,,,,,,,,,,,,,,,"Carter Jensen","29478",695600
"Josh Bell","MIN",130.945,543.883,480.435,118.728,77.1729,20.6387,0.201325,20.7154,64.2915,67.5523,54.3701,1.31532,104.438,4.05873,4.25402,0.611009,13.1083,1.57004,0.624954,0.247126,0.0999665,0.192023,0.520596,0.326185,0.420276,0.324986,0.746461,0.17315,2.13492,0.272609,,-0.828437,69.5326,5.26866,107.657,-0.828437,-0.92,4.079840302467346,-12.009515702724457,1.10394,638.989990234375,,,,,,,619.7,4.730534351,619.7,4.730534351,,,,,,,,,,,,,,,,,,,"Josh Bell","13145",605137
"Brandon Marsh","PHI",120.855,473.03,419.387,103.512,69.8225,19.6163,2.85477,11.2189,57.0017,47.5901,45.9068,1.22908,132.153,2.92161,2.85536,1.95972,7.09515,10.0516,2.62337,0.246819,0.0970483,0.279376,0.347375,0.323393,0.387458,0.311924,0.710851,0.14064,5.28981,0.330956,,0.160824,55.4578,-0.434372,97.6527,0.160824,-0.19,-1.15517458319664,-4.103970468044281,1.0721,656.0900268554688,,,,,,,499.5,4.128099173,499.5,4.128099173,,,,,,,,,,,,,,,,,,,"Brandon Marsh","20202",669016
"Jake Burger","TEX",130.059,531.516,491.031,118.247,68.2124,23.0054,0.826444,26.2028,63.1929,75.8453,29.1846,0.702606,133.872,7.49154,3.25605,0.552671,9.34072,2.02366,0.684769,0.240814,0.0549083,0.251867,0.218005,0.291778,0.45112,0.318321,0.742898,0.210306,3.00472,0.275406,,-0.563495,65.075,2.27231,105.228,-0.563495,-0.47,2.7118571400642395,-10.599867552518845,1.06465,240.72000122070312,,,,,,,595.6,4.581538461,595.6,4.581538461,,,,,,,,,,,,,,,,,,,"Jake Burger","22275",669394
"Freddy Fermin","SDP",117.949,434.63,398.692,91.3672,67.4153,12.9732,2.18999,8.78871,42.6169,39.4088,26.1177,0.766574,88.8158,2.961,3.18226,3.6766,8.9357,2.58828,0.955005,0.229167,0.0600918,0.204348,0.294066,0.279487,0.338824,0.271449,0.618311,0.109657,3.77902,0.271399,,-0.505397,36.6731,-14.6818,75.2752,-0.505397,0,-13.241800546646118,9.10100269317627,1.05581,714.5900268554688,,,,,,,334.2,2.832203389,334.2,2.832203389,,,,,,,,,,,,,,,,,,,"Freddy Fermin","21840",666023
"Addison Barger","TOR",114.816,470.267,427.122,101.321,60.018,22.8036,1.31614,17.183,56.0069,57.6234,35.6347,1.89967,115.947,4.18022,2.90021,0.429913,7.54474,4.31928,1.15219,0.237217,0.0757754,0.246556,0.307336,0.300393,0.417458,0.309762,0.717851,0.180241,4.04883,0.283395,,-0.254509,54.3082,-1.25743,98.5308,-0.254509,-2.07,-1.0688490271568298,-4.799609661102295,1.0556,197.72999572753906,,,,,,,495.6,4.309565217,495.6,4.309565217,,,,,,,,,,,,,,,,,,,"Addison Barger","24598",680718
"Jorge Polanco","NYM",123.238,507.036,450.837,109.043,66.8881,21.6659,0.756437,19.7327,60.5235,63.1683,45.812,1.36397,104.486,3.65693,3.90476,1.37351,7.50856,5.5428,1.85496,0.241868,0.0903525,0.206072,0.438451,0.314376,0.424588,0.320028,0.738964,0.18272,3.7106,0.270209,,-0.410225,62.7806,2.87041,108.116,-0.410225,-1.34,4.466736137866974,-11.145492434501648,1.04261,213.1699981689453,,,,,,,572.7,4.65609756,572.7,4.65609756,,,,,,,,,,,,,,,,,,,"Jorge Polanco","13152",593871
"Marcelo Mayer","BOS",107.733,420.26,384.04,94.0368,61.0473,21.6525,1.3089,10.0281,45.4373,46.5645,30.8224,1.98493,99.7671,1.99726,2.82803,0.572582,7.0863,6.84296,1.81704,0.244862,0.0733412,0.237394,0.308943,0.302264,0.386396,0.298931,0.688661,0.141534,4.44605,0.303201,,0.0179067,44.8376,-4.81932,86.2701,0.0179067,1.12,-6.782882617786527,2.400978207588196,1.03159,610.5999755859375,,,,,,,412.6,3.82037037,412.6,3.82037037,,,,,,,,,,,,,,,,,,,"Marcelo Mayer","29668",691785
"Parker Meadows","DET",98.881,396.763,355.639,78.064,50.3446,13.3874,4.8368,9.49526,47.7361,34.5208,34.9459,0.737729,101.755,2.5877,2.60278,0.987879,4.18822,11.323,2.53676,0.219504,0.0880774,0.256462,0.343432,0.292079,0.364445,0.287865,0.656524,0.144941,6.97225,0.277616,,0.650489,38.7659,-8.11469,82.5922,0.650489,2.17,-7.489938020706177,3.6959413290023804,1.009,999,,,,,,,358.1,3.617171717,358.1,3.617171717,,,,,,,,,,,,,,,,,,,"Parker Meadows","23800",678009
"Kyle Manzardo","CLE",126.496,518.766,458.789,106.736,60.8129,21.701,0.731153,23.4906,59.1865,72.4674,48.7325,2.03057,122.103,5.71279,5.11925,0.412861,6.64623,1.3404,0.508951,0.232647,0.0939393,0.235373,0.399109,0.310948,0.436739,0.322023,0.747687,0.204092,2.51898,0.261519,,-0.687836,65.0736,3.77737,107.558,-0.687836,-0.15,3.9334822297096252,-12.00006428360939,1.00149,245.7100067138672,,,,,,,590,4.682539682,590,4.682539682,,,,,,,,,,,,,,,,,,,"Kyle Manzardo","29794",700932
"José Caballero","NYY",95.062,360.446,318.333,68.6152,46.8471,12.632,1.1585,7.97753,49.4536,24.8676,31.0438,0.346969,94.173,6.52215,2.19778,2.34967,3.82745,33.2228,7.87033,0.215546,0.0861262,0.261268,0.329647,0.296516,0.337687,0.282821,0.634203,0.122141,7.3185,0.27767,,2.86655,33.7414,-8.84804,80.4966,2.86655,0,-5.4190332889556885,2.7339658737182617,0.99457,205.10000610351562,,,,,,,341.3,3.592631578,341.3,3.592631578,,,,,,,,,,,,,,,,,,,"Jose Caballero","23401",676609
"Henry Davis","PIT",75.972,281.592,252.006,54.8928,35.0894,10.5452,0.781027,8.47723,30.5905,29.9245,20.8642,0.836413,73.9516,5.57982,1.66425,1.47761,4.35215,3.92443,1.2525,0.217823,0.0740937,0.26262,0.282133,0.29037,0.366784,0.288433,0.657154,0.148961,4.41629,0.271053,,-0.128737,27.6431,-5.62919,81.2877,-0.128737,0.81,-6.373870134353638,6.672037184238434,0.989035,746.3699951171875,,,,,,,254.6,3.35,254.6,3.35,,,,,,,,,,,,,,,,,,,"Henry Davis","29617",680779
"Davis Schneider","TOR",86.345,327.046,284.051,60.2543,33.6591,12.5607,0.648262,13.3863,39.8004,40.1474,36.7156,0.0144685,95.1639,3.59451,2.3841,0.301038,3.25082,3.47197,1.15631,0.212125,0.112264,0.29098,0.385814,0.307777,0.402289,0.311269,0.710066,0.190164,3.79024,0.263474,,-0.26736,38.1688,-0.474211,99.5692,-0.26736,0.55,-0.43342818319797516,-1.3618257641792297,0.967993,999,,,,,,,343.5,3.994186046,343.5,3.994186046,,,,,,,,,,,,,,,,,,,"Davis Schneider","23565",676914
"Harry Ford","WSN",97.991,288.325,255.147,58.3038,39.4023,12.0663,0.676862,6.15844,29.7497,28.5441,26.9521,0.475226,66.7625,3.92699,1.7975,0.501719,4.98154,6.29493,1.08052,0.228511,0.0934783,0.231553,0.403702,0.309853,0.353519,0.294554,0.663372,0.125008,4.53179,0.283363,,0.355658,29.7367,-4.33108,87.3839,0.355658,2.6,-3.9555910527706146,3.785243034362793,0.964019,690.0499877929688,,,,,,,268.3,2.737755102,268.3,2.737755102,,,,,,,,,,,,,,,,,,,"Harry Ford","29958",695670
"Connor Norby","MIA",115.607,449.981,411.76,100.289,64.7503,20.8811,2.8862,11.7719,49.7007,49.8536,30.4005,0.566774,123.578,4.09593,3.28259,0.44239,6.29109,8.11366,2.2822,0.243563,0.0675595,0.27463,0.246002,0.299832,0.394062,0.301628,0.693893,0.150498,5.1109,0.316482,,0.0366786,48.9941,-4.17466,90.8692,0.0366786,-2.39,-4.8329407796263695,-0.8537274599075317,0.949901,723.969970703125,,,,,,,450.4,3.88275862,450.4,3.88275862,,,,,,,,,,,,,,,,,,,"Connor Norby","29592",681393
"Yoán Moncada","LAA",92.603,372.638,330.16,77.1694,48.3899,16.1505,0.656172,11.9729,40.0731,41.8194,35.2457,0.876459,97.7183,4.18681,2.60148,0.443719,6.46595,0.90392,0.300898,0.233733,0.0945842,0.262234,0.360686,0.313282,0.395417,0.31009,0.708699,0.161684,2.54406,0.292269,,-0.516427,43.133,-0.8971,96.975,-0.516427,-2.11,-1.8449971675872803,-1.7362461686134338,0.945813,746.6699829101562,,,,,,,385,4.139784946,385,4.139784946,,,,,,,,,,,,,,,,,,,"Yoan Moncada","17232",660162
"Jordan Walker","STL",125.314,502.67,458.674,108.848,66.7334,23.3358,1.13373,17.6451,58.328,60.1307,35.4263,0.976059,138.899,5.2476,2.85325,0.469095,8.70126,7.90136,2.40757,0.23731,0.0704762,0.276323,0.25505,0.297733,0.40854,0.306168,0.706274,0.17123,4.23718,0.299043,,-0.108294,56.5837,-2.81063,97.4683,-0.108294,0.06,-1.6166109889745712,-6.042954865843058,0.9274,377.3299865722656,,,,,,,522.6,4.1808,522.6,4.1808,,,,,,,,,,,,,,,,,,,"Jordan Walker","27475",691023
"Colt Emerson","SEA",72.349,288.591,260.136,62.3896,42.8365,13.4574,0.605578,5.49018,30.4258,28.9627,22.3819,1.3211,59.9375,3.75634,1.82846,0.487973,5.69356,5.27379,0.951111,0.239834,0.0775559,0.20769,0.373421,0.307278,0.359537,0.293144,0.666815,0.119703,4.44543,0.28951,,0.218635,29.4339,-4.66539,93.011,0.218635,0,-2.15858094394207,1.2590283155441284,0.924218,999,,,,,,,262.3,3.643055555,262.3,3.643055555,,,,,,,,,,,,,,,,,,,"Colt Emerson","sa3022923",806068
"Cole Young","SEA",96.032,369.422,328.839,77.7486,52.9893,16.2081,1.03006,7.52117,39.713,36.2484,32.3087,0.732741,63.4271,4.24708,2.56851,1.45864,6.87468,5.9131,1.70228,0.236434,0.0874573,0.171693,0.509383,0.310641,0.360603,0.296563,0.671243,0.124169,4.40803,0.269629,,-0.100804,38.7035,-4.94656,95.3664,-0.100804,-3.16,-2.1182965338230133,-1.572169542312622,0.923313,999,,,,,,,348.9,3.634375,348.9,3.634375,,,,,,,,,,,,,,,,,,,"Cole Young","31680",702284
"Mike Yastrzemski","ATL",114.647,461.596,402.195,91.8578,53.9329,20.4361,1.05707,16.4317,54.5772,54.3137,49.7982,2.04801,105.974,4.26822,3.18108,2.15358,6.35203,4.28667,1.4344,0.228391,0.107883,0.229581,0.469911,0.317611,0.407024,0.315766,0.724636,0.178633,3.58646,0.266551,,-0.429533,55.557,1.0159,101.424,-0.429533,-1.47,0.34949129819869995,-6.777731657028198,0.913566,672.77001953125,,,,,,,494.1,4.296521739,494.1,4.296521739,,,,,,,,,,,,,,,,,,,"Mike Yastrzemski","14854",573262
"Chase DeLauter","CLE",102.436,439.775,400.638,95.8758,63.7464,20.1567,0.917654,11.0551,45.4121,47.5969,32.6445,1.2879,83.991,2.76877,3.01458,0.70923,8.4203,3.9336,0.97752,0.239308,0.07423,0.190986,0.388667,0.299019,0.376982,0.295001,0.676001,0.137674,3.56265,0.274851,,-0.259709,45.5165,-6.44628,88.9436,-0.259709,0,-5.990547925233841,-0.23951555788516998,0.911224,999,,,,,,,416.5,4.083333333,416.5,4.083333333,,,,,,,,,,,,,,,,,,,"Chase DeLauter","32127",800050
"Garrett Mitchell","MIL",93.976,361.43,321.74,70.6987,47.7326,12.6477,2.46902,7.84933,40.8166,31.9461,32.5058,0.693718,113.188,3.45259,1.57092,2.16042,5.61876,12.5007,2.51433,0.219738,0.0899366,0.313168,0.287183,0.296872,0.347586,0.285433,0.644458,0.127848,6.30062,0.310715,,0.92255,34.6,-8.10571,81.8703,0.92255,2.55,-6.843653619289398,3.6949316263198853,0.90814,688.030029296875,,,,,,,324.2,3.44893617,324.2,3.44893617,,,,,,,,,,,,,,,,,,,"Garrett Mitchell","27555",669003
"Jorge Soler","LAA",115.886,474.825,414.617,93.7382,52.4163,18.9155,0,22.4064,55.4013,63.0572,49.7204,0.43607,127.938,4.97513,3.25702,0.464553,7.55981,0.722877,0.256319,0.226084,0.104713,0.269442,0.38863,0.314099,0.433829,0.324605,0.747929,0.207745,1.80367,0.266631,,-0.66463,60.557,4.45279,106.974,-0.66463,-1.81,3.2383732199668884,-10.898809909820557,0.888305,675.2100219726562,,,,,,,540.2,4.656896551,540.2,4.656896551,,,,,,,,,,,,,,,,,,,"Jorge Soler","14221",624585
"Isaac Collins","KCR",107.973,411.063,358.243,86.3527,57.9534,17.2914,3.13951,7.96852,51.1091,37.85,43.3351,0.941992,82.6406,4.88307,2.86878,1.73271,7.14836,12.9192,3.93117,0.241045,0.105422,0.201041,0.524381,0.328759,0.373569,0.310579,0.702328,0.132524,6.00579,0.289772,,0.279262,47.7438,-0.826487,95.4731,0.279262,1.36,-1.9139454364776611,-3.6387497186660767,0.87942,637.8599853515625,,,,,,,422.7,3.913888888,422.7,3.913888888,,,,,,,,,,,,,,,,,,,"Isaac Collins","25477",686555
"Carson Williams","TBR",96.166,375.087,341.259,73.9456,45.8835,14.7143,1.83683,11.511,42.2939,40.7871,27.41,0.53023,130.089,3.61196,1.98794,0.818494,4.55866,8.51397,2.55924,0.216685,0.0730764,0.346824,0.210702,0.280461,0.371761,0.284873,0.652222,0.155076,5.51701,0.309624,,0.150536,35.7369,-8.58254,79.8997,0.150536,-0.05,-8.735483393073082,4.402129840105772,0.877487,746.5499877929688,,,,,,,342.8,3.570833333,342.8,3.570833333,,,,,,,,,,,,,,,,,,,"Carson Williams","30038",700246
"Casey Schmitt","SFG",72.06,280.932,255.936,61.3989,38.6323,12.2778,0.849644,9.63918,32.0126,33.0681,18.5811,0.633409,66.4275,3.11453,2.10634,1.19402,4.4047,1.93683,0.67698,0.239899,0.0661409,0.236454,0.27972,0.297044,0.407499,0.304923,0.704543,0.167599,3.71224,0.284432,,-0.283953,31.3394,-1.85483,96.8606,-0.283953,-0.51,-1.3292491734027863,0.525344729423523,0.874032,999,,,,,,,287.1,3.9875,287.1,3.9875,,,,,,,,,,,,,,,,,,,"Casey Schmitt","27577",669477
"Gabriel Arias","CLE",113.519,450.908,415.467,93.4707,62.7806,18.298,0.676862,11.7152,47.5426,45.248,27.3804,0.820148,139.478,4.8404,2.41114,0.809349,8.40889,8.96033,3.26038,0.224978,0.0607228,0.309327,0.196306,0.279253,0.356871,0.278466,0.636124,0.131893,4.44931,0.306563,,-0.164869,40.6154,-12.6629,77.5532,-0.164869,0.46,-12.094193875789642,5.004619091749191,0.862489,999,,,,,,,381.2,3.343859649,381.2,3.343859649,,,,,,,,,,,,,,,,,,,"Gabriel Arias","22563",672356
"Andrew Benintendi","CHW",119.638,494.807,443.476,109.435,70.6546,19.7154,1.51518,17.5496,55.3432,58.7071,42.7681,1.86804,84.194,2.51486,5.1351,0.9133,8.23203,3.20781,1.10589,0.246766,0.0864339,0.170155,0.507971,0.313261,0.416775,0.315599,0.730037,0.170009,3.39227,0.2649,,-0.56437,59.4874,1.02211,101.691,-0.56437,-2.46,0.4218948483467102,-9.096575736999512,0.8549,742,,,,,,,546.9,4.5575,546.9,4.5575,,,,,,,,,,,,,,,,,,,"Andrew Benintendi","17901",643217
"Jordan Beck","COL",131.42,542.093,493.342,125.121,78.8172,26.4356,3.07212,16.7958,68.9869,63.6808,40.8172,0.268818,153.146,3.69914,3.75846,0.476623,7.50045,15.7002,4.58982,0.253619,0.0752956,0.282509,0.266525,0.313205,0.421793,0.318542,0.734998,0.168174,5.74172,0.331109,,0.447996,66.4673,2.41488,90.1436,0.447996,2.23,-5.884638667106628,-3.8542590141296387,0.848853,232.1199951171875,,,,,,,610.7,4.661832061,610.7,4.661832061,,,,,,,,,,,,,,,,,,,"Jordan Beck","31431",687597
"Miguel Amaya","CHC",78.634,293.129,263.29,58.8119,40.0088,11.4181,0.301924,7.08309,28.4841,30.1387,19.5151,0.500697,64.901,5.44419,2.12113,2.75845,5.8137,0.574808,0.255565,0.223373,0.0665751,0.221408,0.30069,0.288497,0.34974,0.281466,0.638237,0.126367,2.32469,0.267433,,-0.415289,27.1174,-7.51802,80.1906,-0.415289,1.52,-7.297456532716751,5.7935872077941895,0.843935,729.0900268554688,,,,,,,242,3.063291139,242,3.063291139,,,,,,,,,,,,,,,,,,,"Miguel Amaya","21693",665804
"Romy Gonzalez","BOS",61.371,237.347,218.783,58.1738,38.7049,10.5819,1.06871,7.81828,30.3127,28.8252,14.2739,0.411396,59.2682,1.91357,1.72625,0.650574,4.91718,7.20823,2.18118,0.265897,0.0601392,0.249711,0.240835,0.314163,0.43124,0.321608,0.745403,0.165343,5.50617,0.328214,,0.188752,29.6926,1.6482,101.892,0.188752,-0.42,0.7178933620452881,-0.6486063301563263,0.84289,746.72998046875,,,,,,,274.3,4.496721311,274.3,4.496721311,,,,,,,,,,,,,,,,,,,"Romy Gonzalez","21562",663853
"Daylen Lile","WSN",132.291,546.36,501.273,133.087,90.139,29.9938,4.54731,8.40673,61.0098,55.3938,34.0673,0.801253,97.8281,5.49687,4.34428,1.17829,7.75838,14.6825,3.49166,0.265498,0.0623533,0.179054,0.348237,0.316685,0.393788,0.309334,0.710473,0.128291,5.8591,0.312182,,0.65563,62.9058,-1.65081,97.5087,0.65563,-1.28,-0.95759117603302,-8.997970819473267,0.84121,205.1999969482422,,,,,,,571.6,4.33030303,571.6,4.33030303,,,,,,,,,,,,,,,,,,,"Daylen Lile","29995",695734
"Brooks Lee","MIN",134.995,544.625,501.881,118.827,83.3409,22.5898,1.26866,11.6275,53.5005,55.4291,34.1035,1.16667,96.7191,3.1112,4.87294,0.656001,10.7317,3.66409,1.36167,0.236763,0.0626183,0.177588,0.352603,0.286857,0.356332,0.28103,0.64319,0.11957,3.2723,0.269069,,-0.612975,50.1906,-14.161,77.3769,-0.612975,-1.57,-15.134864211082458,4.581732392311096,0.838142,516.77001953125,,,,,,,465.4,3.447407407,465.4,3.447407407,,,,,,,,,,,,,,,,,,,"Brooks Lee","31595",686797
"Wenceel Pérez","DET",115.186,468.943,423.461,98.4587,62.9791,19.1663,4.17033,12.143,56.0218,45.7256,37.193,0.700376,99.3268,3.38316,3.67789,1.22757,5.78843,12.0316,3.31832,0.232509,0.0793123,0.21181,0.374451,0.297264,0.383493,0.296764,0.680757,0.150984,6.19585,0.273437,,0.368395,49.2067,-6.20253,88.7228,0.368395,2.71,-5.864545822143555,-2.1323232650756836,0.83317,999,,,,,,,450.9,3.920869565,450.9,3.920869565,,,,,,,,,,,,,,,,,,,"Wenceel Perez","22857",672761
"Austin Martin","MIN",85.468,331.143,289.517,74.8751,54.9055,15.2925,1.07019,3.60688,40.0799,25.5048,31.6814,0.400981,55.5422,5.67991,2.07353,2.19146,6.73708,11.7062,3.56892,0.258621,0.0956729,0.167729,0.570403,0.341194,0.35621,0.311583,0.697404,0.0975887,5.33016,0.306608,,0.273229,38.7314,-0.39566,98.424,0.273229,-0.97,-0.3418518602848053,-2.9770989418029785,0.826527,746.7100219726562,,,,,,,342.4,4.028235294,342.4,4.028235294,,,,,,,,,,,,,,,,,,,"Austin Martin","27462",668885
"Nolan Schanuel","LAA",141.12,599.038,516.078,131.032,97.6877,22.4712,2.45454,8.41839,65.1189,50.5727,65.7584,2.94581,80.8717,9.28381,4.80733,3.1106,14.1423,5.95113,2.30801,0.253899,0.109773,0.135003,0.81312,0.345804,0.355891,0.312848,0.701695,0.101991,3.74272,0.284094,,-0.875804,70.6802,-0.100749,98.8749,-0.875804,-0.02,-1.6701671481132507,-10.90888835862279,0.822476,563.7000122070312,,,,,,,598.8,4.24680851,598.8,4.24680851,,,,,,,,,,,,,,,,,,,"Nolan Schanuel","33189",694384
"Zach McKinstry","DET",102.785,397.51,356.605,83.1624,55.0463,16.1796,4.31297,7.62348,48.4556,34.0391,33.1425,0.608572,88.3997,3.64622,2.7708,1.34534,4.61474,14.4134,3.62312,0.233206,0.0833753,0.222384,0.374917,0.302781,0.3669,0.29408,0.669681,0.133694,6.95496,0.286835,,0.796692,40.8448,-6.12409,86.8736,0.796692,0.42,-5.353176057338715,-0.34574612975120544,0.816733,483.8800048828125,,,,,,,378.6,3.675728155,378.6,3.675728155,,,,,,,,,,,,,,,,,,,"Zach McKinstry","19392",656716
"Tyler Freeman","COL",77.728,315.797,279.721,80.7906,57.9257,14.9501,2.07628,5.83851,42.5772,31.6479,22.5707,0.245058,40.5658,8.80698,2.33371,2.36447,7.14844,13.1751,4.01973,0.288825,0.0714723,0.128455,0.556398,0.357871,0.419735,0.341056,0.777606,0.13091,6.16335,0.318065,,0.400936,44.4933,7.17941,105.567,0.400936,-0.89,2.484475761651993,-5.0216323137283325,0.815378,999,,,,,,,394.4,5.056410256,394.4,5.056410256,,,,,,,,,,,,,,,,,,,"Tyler Freeman","22532",671289
"Travis d'Arnaud","LAA",60.3,221.003,198.973,44.48,27.9835,8.64155,0.279621,7.57537,22.4397,25.6289,14.2459,0.00977717,62.6025,2.94948,1.26475,0.281502,3.91948,0.682644,0.268673,0.223548,0.0644604,0.283266,0.227562,0.283653,0.384007,0.291427,0.667659,0.160459,2.5096,0.283752,,-0.271689,22.2323,-3.88088,84.1185,-0.271689,0.27,-4.408469170331955,4.612592726945877,0.799131,999,,,,,,,201.6,3.36,201.6,3.36,,,,,,,,,,,,,,,,,,,"Travis d'Arnaud","7739",518595
"Luis Torrens","NYM",62.197,223.557,205.204,48.5897,34.2576,8.42622,0.857956,5.04789,22.8785,22.4954,14.2233,0.347365,50.595,1.91179,1.59744,0.620641,4.7192,1.04445,0.421316,0.236788,0.0636229,0.226318,0.281121,0.290329,0.36001,0.284821,0.650339,0.123223,3.32895,0.288054,,-0.29403,21.2903,-5.12473,83.9976,-0.29403,0,-4.534048557281494,4.7991509437561035,0.788103,999,,,,,,,195.2,3.148387096,195.2,3.148387096,,,,,,,,,,,,,,,,,,,"Luis Torrens","15905",620443
"Luisangel Acuña","CHW",96.34,342.581,319.284,78.5644,59.4888,13.6856,1.64532,3.74466,37.8426,25.1454,17.7963,0.302047,65.1153,1.72389,2.04515,1.73198,6.28233,16.1723,3.59298,0.246065,0.0519477,0.190073,0.273304,0.287766,0.334419,0.273692,0.622185,0.0883547,6.24554,0.296352,,1.24347,29.5301,-10.9485,72.8229,1.24347,3.76,-9.729874014854431,5.455391883850098,0.769042,444.0799865722656,,,,,,,292.2,3.04375,292.2,3.04375,,,,,,,,,,,,,,,,,,,"Luisangel Acuna","26548",682668
"Austin Hedges","CLE",42.219,141.845,124.491,23.2276,15.8727,3.83799,0.0163167,3.50062,12.4729,11.154,10.2872,0.214003,38.3996,1.53818,0.945862,3.42445,2.27048,1.74372,0.780309,0.18658,0.0725241,0.270715,0.267898,0.255371,0.30203,0.248419,0.557401,0.11545,3.28763,0.236146,,-0.152248,9.31632,-7.44376,56.8551,-0.152248,6.74,-7.365246906876564,9.997638702392578,0.768824,999,,,,,,,91,2.166666666,91,2.166666666,,,,,,,,,,,,,,,,,,,"Austin Hedges","12976",595978
"Brayan Rocchio","CLE",121.486,468.299,423.575,97.6057,68.7569,19.9287,1.60074,7.31939,48.6762,39.5665,32.5267,0.589429,90.3674,6.18099,3.57553,2.44047,8.35702,12.2754,4.0589,0.230433,0.0694571,0.19297,0.359938,0.292607,0.33688,0.278587,0.629487,0.106447,5.01674,0.27404,,0.087331,42.228,-13.1051,77.6368,0.087331,-0.15,-12.255936488509178,3.6516452729701996,0.768756,999,,,,,,,388.6,3.211570247,388.6,3.211570247,,,,,,,,,,,,,,,,,,,"Brayan Rocchio","23690",677587
"Marcell Ozuna","PIT",123.475,517.141,448.965,107.509,67.6981,20.4209,0,19.3901,59.8037,66.5552,60.6675,1.10449,126.14,3.14926,3.8587,0.500935,9.25453,0.302949,0.134058,0.23946,0.117313,0.243918,0.480953,0.331615,0.41451,0.326398,0.746125,0.17505,1.51325,0.286759,,-0.855236,66.7065,5.60226,107.295,-0.855236,0,3.6158493161201477,-13.338348388671875,0.765595,372.29998779296875,,,,,,,584.4,4.751219512,584.4,4.751219512,,,,,,,,,,,,,,,,,,,"Marcell Ozuna","10324",542303
"Joc Pederson","TEX",101.017,398.682,342.968,78.1655,45.9603,14.5764,0.417764,17.211,48.4323,50.8419,44.2756,1.86381,89.6529,7.24882,3.28243,0.72219,6.76084,2.77297,1.07565,0.227909,0.111055,0.224873,0.493855,0.326039,0.423393,0.32607,0.749432,0.195484,3.0207,0.254628,,-0.517162,51.3203,4.21293,110.567,-0.517162,0,4.448137879371643,-10.756439208984375,0.758513,999,,,,,,,453,4.485148514,453,4.485148514,,,,,,,,,,,,,,,,,,,"Joc Pederson","11899",592626
"Trevor Larnach","MIN",106.49,439.897,387.735,95.7722,63.6174,18.8778,0.841983,12.4351,50.7009,48.2731,43.5324,1.3586,98.7186,4.17648,4.0029,0.450041,8.32089,3.94759,1.37992,0.247004,0.0989605,0.224413,0.440975,0.326504,0.396248,0.316417,0.722751,0.149243,3.49493,0.297013,,-0.501554,53.1778,1.20062,101.754,-0.501554,-0.79,0.40758687257766724,-8.257216036319733,0.745951,746.6300048828125,,,,,,,472,4.452830188,472,4.452830188,,,,,,,,,,,,,,,,,,,"Trevor Larnach","21501",663616
"Ke'Bryan Hayes","CIN",126.982,505.427,465.241,112.234,83.2383,18.9695,1.56557,8.46013,52.0687,45.9593,32.4614,0.675331,97.913,3.45005,3.3792,0.895425,10.6814,9.90066,3.87011,0.241237,0.0642257,0.193723,0.331533,0.293629,0.343294,0.28061,0.636923,0.102057,4.51723,0.286471,,-0.386873,46.406,-13.3141,72.9319,-0.386873,5.04,-16.601600170135498,6.9995986223220825,0.73805,999,,,,,,,416.7,3.281102362,416.7,3.281102362,,,,,,,,,,,,,,,,,,,"Ke'Bryan Hayes","18577",663647
"Edmundo Sosa","PHI",66.162,245.504,226.172,56.0955,36.9342,10.1124,1.43383,7.61515,28.3851,28.363,10.3298,0.261258,57.2834,5.41492,1.64966,1.77557,4.61645,3.39906,0.957152,0.248021,0.0420759,0.23333,0.180328,0.294951,0.40642,0.303779,0.701371,0.158399,5.12038,0.297565,,-0.0582013,27.1592,-1.84901,92.0729,-0.0582013,1.18,-2.3647804595530033,1.3001197502017021,0.726758,999,,,,,,,245.4,3.718181818,245.4,3.718181818,,,,,,,,,,,,,,,,,,,"Edmundo Sosa","17022",624641
"Dalton Rushing","LAD",55.662,200.458,178.029,39.5319,23.7304,8.5052,0.596655,6.69967,23.9214,23.8111,17.5669,0.54554,56.6701,3.43277,1.19195,0.236839,3.13778,0.699794,0.212109,0.222053,0.087634,0.282703,0.309986,0.302324,0.389427,0.302653,0.691751,0.167374,3.40949,0.283399,,-0.238596,21.9928,-1.6929,93.4217,-0.238596,-1.14,-1.801506146788597,2.163774847984314,0.719416,741.8900146484375,,,,,,,208.5,3.723214285,208.5,3.723214285,,,,,,,,,,,,,,,,,,,"Dalton Rushing","31382",687221
"Mauricio Dubón","ATL",108.226,407.864,380.617,95.6429,71.5964,15.2988,2.9421,5.80558,41.6307,37.961,19.4734,0.291712,52.3279,2.20561,3.36109,2.20731,8.27694,3.19309,1.13033,0.251284,0.0477449,0.128297,0.372143,0.289215,0.352698,0.280431,0.641913,0.101414,4.33221,0.275706,,-0.43812,37.3889,-10.8034,77.2185,-0.43812,2.89,-11.450788110494614,4.395876884460449,0.666548,746.6099853515625,,,,,,,339.5,3.143518518,339.5,3.143518518,,,,,,,,,,,,,,,,,,,"Mauricio Dubon","16530",643289
"Luis Campusano","SDP",71.803,261.236,236.717,53.9,38.2108,9.406,0.142281,6.14089,25.3431,26.5397,19.8514,0.157348,53.3184,2.27875,2.02825,0.360799,5.7388,0.209868,0.103956,0.227698,0.0759901,0.2041,0.372317,0.291442,0.346461,0.281891,0.637904,0.118763,1.66761,0.266385,,-0.39791,24.2572,-6.6099,82.4281,-0.39791,0,-5.838498890399933,3.6408047676086426,0.664386,999,,,,,,,213.9,2.970833333,213.9,2.970833333,,,,,,,,,,,,,,,,,,,"Luis Campusano","22217",669134
"Brett Baty","NYM",111.594,442.909,401.322,94.2358,62.1683,16.8653,0.408874,14.7933,49.3341,50.4407,34.7276,0.73169,112.993,3.21673,2.31083,1.19641,9.26208,3.73442,1.19929,0.234814,0.0784079,0.255115,0.307344,0.299337,0.38946,0.300765,0.688797,0.154646,3.2665,0.287995,,-0.400325,47.9134,-4.41967,94.9196,-0.400325,0.34,-3.067218601703644,-5.215256839990616,0.660245,298.45001220703125,,,,,,,434.5,3.879464285,434.5,3.879464285,,,,,,,,,,,,,,,,,,,"Brett Baty","26123",683146
"Lourdes Gurriel Jr.","ARI",80.119,336.537,310.148,82.4941,55.6407,15.7488,1.09817,10.0064,39.7487,42.4642,19.5687,0.3376,52.7492,3.32129,3.1233,0.375484,6.21131,4.49427,1.67087,0.265983,0.0581472,0.156741,0.370976,0.313492,0.420633,0.317541,0.734125,0.15465,4.22734,0.289354,,-0.301601,40.9902,1.22575,102.127,-0.301601,0.19,0.5467139780521393,-5.39255291223526,0.649769,711.3499755859375,,,,,,,366.3,4.57875,366.3,4.57875,,,,,,,,,,,,,,,,,,,"Lourdes Gurriel Jr.","19238",666971
"Javier Sanoja","MIA",60.796,222.903,207.283,55.9782,40.384,10.6589,1.79555,3.13974,24.9505,21.5571,11.8545,0.831208,21.216,0.921913,1.67743,1.16651,4.3464,6.77543,1.98555,0.270057,0.0531824,0.0951803,0.558754,0.310074,0.384246,0.301077,0.694319,0.114188,5.66696,0.286225,,0.196507,24.1699,-2.16783,90.4912,0.196507,0.02,-2.315578371286392,1.0876181311905384,0.633118,999,,,,,,,224.8,3.685245901,224.8,3.685245901,,,,,,,,,,,,,,,,,,,"Javier Sanoja","28253",691594
"Nasim Nuñez","WSN",95.231,345.505,308.638,70.579,54.4074,11.2844,1.20186,3.68536,37.9804,21.4853,29.0409,0.489812,82.4582,1.54637,2.14771,4.13225,5.80147,22.5993,4.08965,0.228679,0.0840535,0.23866,0.352189,0.296351,0.308851,0.271088,0.605203,0.0801722,6.33849,0.297779,,2.2872,29.0515,-11.7726,71.309,2.2872,1.87,-9.461606740951538,4.141221880912781,0.631744,633.25,,,,,,,289.3,3.045263157,289.3,3.045263157,,,,,,,,,,,,,,,,,,,"Nasim Nunez","25979",683083
"Jasson Domínguez","NYY",60.683,238.469,213.058,50.8182,32.1393,9.84589,1.06376,7.76928,31.2197,24.5111,22.0859,0.894624,60.9705,1.71065,1.34878,0.265482,3.62492,9.75927,2.38136,0.238518,0.0926154,0.255675,0.362239,0.31324,0.404112,0.312209,0.717352,0.165594,5.98452,0.295529,,0.613284,28.0131,-0.163876,100.741,0.613284,-0.36,0.8215289562940598,-2.88125479221344,0.629016,327.1000061035156,,,,,,,267.9,4.391803278,267.9,4.391803278,,,,,,,,,,,,,,,,,,,"Jasson Dominguez","28080",691176
"Kyle Karros","COL",64.673,257.366,232.405,61.7787,43.6756,12.5726,0.969911,4.56059,28.0927,27.6409,20.2587,1.31618,59.5117,2.59542,1.76968,0.337118,5.08596,1.92098,0.679781,0.265823,0.0787157,0.231234,0.340416,0.329274,0.387138,0.313169,0.716412,0.121315,3.60603,0.336375,,-0.324706,30.4335,0.0237293,86.4628,-0.324706,1,-4.453976005315781,1.9980400204658508,0.624791,999,,,,,,,275.6,4.24,275.6,4.24,,,,,,,,,,,,,,,,,,,"Kyle Karros","33252",691720
"Ramón Urías","STL",73.175,283.419,257.347,61.5742,41.5264,11.6323,0.689255,7.72616,29.8863,30.7897,20.3292,0.068287,61.9209,3.40858,1.93079,0.403558,5.7859,1.6088,0.622513,0.239265,0.0717284,0.218478,0.328309,0.301439,0.37989,0.298683,0.681329,0.140625,3.15249,0.283963,,-0.363571,30.1809,-3.3072,92.3404,-0.363571,-1.58,-2.936493307352066,-0.4507561922073364,0.61819,999,,,,,,,275.9,3.779452054,275.9,3.779452054,,,,,,,,,,,,,,,,,,,"Ramon Urias","18795",602104
"Connor Wong","BOS",60.385,220.657,201.499,46.442,31.7291,8.57709,0.961045,5.17469,23.3879,21.6593,14.0004,0.140581,54.7637,2.55315,1.32628,1.27798,3.79475,4.07843,1.28521,0.230482,0.0634489,0.248185,0.255652,0.287154,0.35963,0.283844,0.646784,0.129148,4.92167,0.288811,,-0.0284464,20.8391,-5.23326,75.8772,-0.0284464,0.02,-6.302077060565352,4.679336089640856,0.611002,999,,,,,,,191.2,3.186666666,191.2,3.186666666,,,,,,,,,,,,,,,,,,,"Connor Wong","19896",657136
"Jake McCarthy","COL",92.822,367.194,332.391,87.9288,64.4412,14.095,4.47689,4.91562,46.6188,30.8622,23.2788,0.495679,63.4,5.57664,2.19989,3.74816,7.08703,17.2199,2.95425,0.264535,0.0633963,0.172661,0.367173,0.321325,0.378243,0.306929,0.699568,0.113709,7.43552,0.311757,,1.62152,41.5604,-1.8264,82.1884,1.62152,3.02,-6.1301186084747314,-0.131364107131958,0.609286,638.489990234375,,,,,,,382.1,4.10860215,382.1,4.10860215,,,,,,,,,,,,,,,,,,,"Jake McCarthy","21622",664983
"Carson Benge","NYM",93.031,371.092,334.635,79.9501,53.3817,17.1371,0.721664,8.70971,40.9546,37.9325,29.8436,1.68285,80.3437,3.63987,2.17336,0.800451,6.6466,7.11588,1.44479,0.238918,0.080421,0.216506,0.371449,0.306336,0.372525,0.297196,0.67886,0.133607,4.49406,0.287544,,0.269165,39.0691,-4.77824,92.4749,0.269165,0,-3.0405118465423584,-3.4235053062438965,0.601833,999,,,,,,,365.1,3.925806451,365.1,3.925806451,,,,,,,,,,,,,,,,,,,"Carson Benge","sa3025452",701807
"Kody Clemens","MIN",74.201,286.746,260.462,60.3671,34.6712,12.098,1.32797,12.27,34.4754,36.7287,20.8128,0.472305,71.3426,2.2301,2.52136,0.719675,4.08502,3.45534,0.947046,0.231769,0.0725827,0.248801,0.29173,0.291617,0.42974,0.309989,0.721356,0.19797,4.55016,0.268144,,-0.0746555,33.1675,-0.713784,97.3258,-0.0746555,0.18,-0.9784426167607307,-3.0531588196754456,0.597273,693.0999755859375,,,,,,,301.2,4.07027027,301.2,4.07027027,,,,,,,,,,,,,,,,,,,"Kody Clemens","20572",665019
"Blaze Alexander","BAL",83.238,324.922,289.946,63.8189,43.4402,10.7319,1.84833,7.79847,37.7917,28.3392,25.6203,0.0641104,104.765,5.81133,1.83976,1.70469,5.54118,6.86119,2.04342,0.220106,0.0788506,0.32243,0.244551,0.294695,0.350558,0.286099,0.645253,0.130452,5.54565,0.312575,,0.0415684,31.2809,-7.11112,83.0712,0.0415684,-0.16,-6.441453356295824,1.0551025569438934,0.593099,999,,,,,,,290.6,3.501204819,290.6,3.501204819,,,,,,,,,,,,,,,,,,,"Blaze Alexander","23789",677942
"Samuel Basallo","BAL",108.491,423.048,385.724,91.2092,57.4265,17.7576,0.570831,15.4543,47.4955,50.9884,30.8285,2.1207,100.687,2.87987,2.91659,0.698624,7.91551,3.03575,1.07875,0.236462,0.0728724,0.238003,0.306183,0.295768,0.405656,0.302756,0.701424,0.169194,3.12085,0.278,,-0.42226,46.4489,-3.53749,94.5454,-0.42226,-2.53,-3.1419662833213806,-5.62481427192688,0.592783,174.0399932861328,,,,,,,427.4,3.957407407,427.4,3.957407407,,,,,,,,,,,,,,,,,,,"Samuel Basallo","28824",694212
"Chandler Simpson","TBR",108.575,447.832,415.45,118.632,99.5711,14.8424,4.21826,0,56.7878,29.3673,23.1469,0.747064,44.5536,1.14669,2.92653,5.1617,9.04169,36.8502,6.47776,0.28555,0.0516866,0.0994873,0.519529,0.322871,0.341583,0.292912,0.664454,0.056033,7.52596,0.317347,,3.90451,45.5909,-7.32391,85.4378,3.90451,-1.48,-3.7817471027374268,-5.8879594802856445,0.587677,182.72000122070312,,,,,,,443.2,4.066055045,443.2,4.066055045,,,,,,,,,,,,,,,,,,,"Chandler Simpson","31912",802415
"Brooks Baldwin","CHW",99.156,378.527,346.614,81.5601,52.1488,15.0234,1.97537,12.4126,42.5701,39.724,24.0606,0.860994,92.344,2.02571,2.58892,3.23794,5.03063,7.45536,1.86404,0.235305,0.0635636,0.243956,0.260554,0.286836,0.39748,0.295782,0.684316,0.162175,5.29895,0.282874,,0.216917,39.4174,-5.30848,88.0398,0.216917,-1.53,-5.118985623121262,-2.2362393140792847,0.580425,746.1199951171875,,,,,,,365.6,3.692929292,365.6,3.692929292,,,,,,,,,,,,,,,,,,,"Brooks Baldwin","31394",681460
"Gary Sánchez","MIL",44.308,166.061,147.84,31.3846,18.6091,5.49848,0,7.27702,16.8252,23.9382,13.1383,0.085812,46.1237,2.89214,1.18955,0.197964,2.82967,0.12489,0.0581965,0.212288,0.079117,0.277751,0.284848,0.28726,0.397147,0.298503,0.684407,0.184859,1.50077,0.252096,,-0.226966,17.6594,-1.96199,90.8239,-0.226966,0.25,-2.0329686254262924,2.1769752502441406,0.579999,999,,,,,,,153.9,3.497727272,153.9,3.497727272,,,,,,,,,,,,,,,,,,,"Gary Sanchez","11442",596142
"Lane Thomas","KCR",94.744,386.994,348.461,81.3431,50.3536,17.1856,1.63976,12.1642,50.1977,41.7418,31.0617,0.133273,96.2039,4.31445,2.73098,0.426322,4.95775,16.6216,4.43477,0.233436,0.0802641,0.248593,0.322874,0.301937,0.39689,0.30492,0.698828,0.163455,6.19106,0.284894,,0.94313,43.1703,-2.55607,91.5751,0.94313,-2.46,-2.8996352553367615,-4.799358129501343,0.575069,725.0700073242188,,,,,,,405.2,4.265263157,405.2,4.265263157,,,,,,,,,,,,,,,,,,,"Lane Thomas","16939",657041
"Giancarlo Stanton","NYY",96.078,392.295,350.694,76.3207,40.9491,11.5133,0,23.8583,47.933,58.891,36.7817,1.71325,124.47,2.06348,2.28737,0.407506,6.47413,0.0477091,0.0245462,0.217627,0.0937602,0.317288,0.295505,0.29392,0.454552,0.320154,0.748473,0.236925,1.33076,0.256348,,-0.515976,48.6136,2.2609,106.214,-0.515976,0,2.3570841550827026,-10.278275489807129,0.571003,256.2099914550781,,,,,,,452,4.708333333,452,4.708333333,,,,,,,,,,,,,,,,,,,"Giancarlo Stanton","4949",519317
"Edgar Quero","CHW",109.096,426.794,381.829,96.5154,70.228,17.296,0.668112,8.32333,43.6409,42.1481,34.9148,0.757372,74.9031,5.49409,3.99566,0.560624,10.1477,0.779289,0.504247,0.252771,0.0818072,0.175502,0.466133,0.321243,0.366964,0.303724,0.688207,0.114193,2.13848,0.291449,,-0.776029,47.1955,-3.23353,93.5104,-0.776029,-3.13,-4.040470540523529,-5.0941771268844604,0.568337,526.510009765625,,,,,,,410.5,3.766055045,410.5,3.766055045,,,,,,,,,,,,,,,,,,,"Edgar Quero","28022",700337
"Jake Rogers","DET",54.499,194.795,174.559,36.0284,22.0301,7.5063,0.286663,6.20528,19.5633,21.3339,16.0793,0.135437,56.9543,2.01904,1.42787,0.623161,2.81531,0.738841,0.269054,0.206397,0.0825449,0.292381,0.28232,0.278882,0.359328,0.280573,0.63821,0.152931,2.88522,0.264326,,-0.226435,17.8794,-5.13717,77.5694,-0.226435,0,-5.376243069767952,4.205169677734375,0.566142,999,,,,,,,162.1,3.001851851,162.1,3.001851851,,,,,,,,,,,,,,,,,,,"Jake Rogers","19452",668670
"Victor Robles","SEA",85.066,333.992,297.391,69.5729,48.875,12.1503,2.34351,6.2042,41.3647,25.5687,21.2649,0.320796,75.6663,8.07873,2.00449,5.25271,5.37724,17.3796,4.59051,0.233944,0.0636689,0.226551,0.281036,0.300897,0.353147,0.289296,0.654044,0.119203,7.15261,0.291317,,1.08177,33.021,-6.44277,90.3604,1.08177,0.43,-2.712847352027893,-3.258193790912628,0.565217,696.47998046875,,,,,,,302.9,3.563529411,302.9,3.563529411,,,,,,,,,,,,,,,,,,,"Victor Robles","18363",645302
"Braxton Fulford","COL",54.86,200.498,182.017,43.922,27.781,9.73507,1.04406,5.3619,22.5991,22.5132,13.0634,0.0413226,54.9922,3.37675,1.42541,0.615282,2.87207,2.68778,0.766751,0.241307,0.0651549,0.274278,0.237551,0.301988,0.394638,0.30386,0.696626,0.153331,4.93528,0.313272,,-0.0681021,22.1936,-1.49681,80.0862,-0.0681021,-0.59,-4.8002617210149765,3.6430246233940125,0.564088,999,,,,,,,197,3.581818181,197,3.581818181,,,,,,,,,,,,,,,,,,,"Braxton Fulford","29704",690924
"Luke Raley","SEA",81.655,307.683,270.323,59.2989,36.7001,11.3823,0.7428,10.4737,36.1793,33.5687,23.3033,0.309886,93.3221,10.5935,1.69773,1.76565,5.41516,6.35029,1.40978,0.219363,0.0757379,0.303306,0.249708,0.304643,0.383201,0.303335,0.687844,0.163838,5.11207,0.290238,,0.228719,33.9269,-2.42823,100.031,0.228719,-0.25,0.24004160426557064,-5.340836524963379,0.561609,999,,,,,,,302.6,3.690243902,302.6,3.690243902,,,,,,,,,,,,,,,,,,,"Luke Raley","19354",670042
"Adolis García","PHI",134.949,562.594,513.729,119.959,72.1197,23.1325,0.974427,23.7324,66.9377,74.7762,37.8011,0.846248,144.364,5.30161,5.17857,0.58353,8.01083,10.0939,3.65099,0.233506,0.0671907,0.256603,0.261847,0.29014,0.420917,0.306288,0.711057,0.187411,4.33038,0.274297,,-0.231431,63.384,-3.09081,93.7921,-0.231431,-2.88,-4.370792120695114,-9.127639293670654,0.53399,218.41000366210938,,,,,,,592.8,4.391111111,592.8,4.391111111,,,,,,,,,,,,,,,,,,,"Adolis Garcia","19287",666969
"Mitch Garver","SEA",30.126,114.026,99.3384,19.9625,12.0298,3.68236,0.0824323,4.16792,11.9521,13.5476,12.213,0.0924112,32.6475,1.26663,0.777347,0.132062,1.5806,0.479908,0.186561,0.200955,0.107108,0.286316,0.374088,0.294398,0.365554,0.292007,0.659951,0.164599,2.58357,0.249519,,-0.148214,11.5245,-1.94856,92.2282,-0.148214,0.16,-1.1926843374967575,2.484537035226822,0.533707,999,,,,,,,101.2,3.373333333,101.2,3.373333333,,,,,,,,,,,,,,,,,,,"Mitch Garver","15161",641598
"Joe Mack","MIA",63.416,241.711,219.833,47.5659,30.9518,9.47908,0.43651,6.69847,22.9416,26.6507,17.5182,0.645562,68.4091,2.42,1.42432,0.515469,4.1965,1.75305,0.438537,0.216373,0.0724759,0.28302,0.25608,0.279873,0.354876,0.278251,0.634748,0.138503,3.32798,0.279627,,-0.160676,21.7299,-6.83011,74.8552,-0.160676,-0.08,-7.364083006978035,4.519617483019829,0.531751,999,,,,,,,204.5,3.246031746,204.5,3.246031746,,,,,,,,,,,,,,,,,,,"Joe Mack","sa3017374",691788
"Spencer Horwitz","PIT",117.756,486.051,427.935,106.641,72.875,22.6524,0.771634,10.342,52.8751,51.8495,48.9456,1.41553,86.4054,5.01667,3.56455,0.588975,9.81961,1.82262,0.798058,0.249199,0.1007,0.17777,0.566464,0.330826,0.378241,0.312878,0.709066,0.129042,2.79374,0.287672,,-0.790287,57.3609,-0.0697605,98.0333,-0.790287,0.22,-1.9232212901115417,-9.07086780667305,0.529666,733.1300048828125,,,,,,,500.6,4.242372881,500.6,4.242372881,,,,,,,,,,,,,,,,,,,"Spencer Horwitz","26477",687462
"Amed Rosario","NYY",65.689,248.709,233.037,60.7513,44.3332,10.9778,0.930535,4.5098,27.665,23.6425,10.9884,0.0351252,44.3951,1.78697,1.79323,0.34932,5.11219,5.61529,1.65821,0.260694,0.0441818,0.178502,0.247514,0.296951,0.373844,0.292404,0.670795,0.11315,4.943,0.302495,,0.0672098,25.2168,-4.17008,87.0981,0.0672098,0,-3.7147690504789352,0.3167872130870819,0.528155,999,,,,,,,238,3.606060606,238,3.606060606,,,,,,,,,,,,,,,,,,,"Amed Rosario","15518",642708
"Bryce Eldridge","SFG",99.213,395.418,356.166,85.3343,50.6788,17.2846,0.611987,16.759,46.3043,53.1118,33.1531,3.57027,118.063,2.66931,3.12339,0.305832,6.03516,1.93316,0.33916,0.239591,0.0838433,0.298577,0.28081,0.306639,0.432719,0.316331,0.739358,0.193127,3.11767,0.305501,,-0.299743,47.7733,1.05161,104.675,-0.299743,-0.02,1.891312301158905,-10.125027198344469,0.503576,999,,,,,,,446.6,4.511111111,446.6,4.511111111,,,,,,,,,,,,,,,,,,,"Bryce Eldridge","33390",805811
"James McCann","ARI",52.745,194.042,176.049,41.9769,29.273,7.51903,0.416643,4.76819,19.8592,21.9273,10.618,0.110039,50.9215,2.12519,1.50903,1.16201,3.79936,1.12331,0.491367,0.238439,0.0547201,0.262425,0.208517,0.287545,0.367135,0.286133,0.65468,0.128697,3.26452,0.305319,,-0.253211,18.6861,-4.24146,80.611,-0.253211,0,-4.7122980654239655,3.1245791912078857,0.498068,999,,,,,,,170.3,3.213207547,170.3,3.213207547,,,,,,,,,,,,,,,,,,,"James McCann","12859",543510
"Rob Refsnyder","SEA",62.141,232.935,203.295,48.6245,31.7779,8.75622,0.767703,7.3227,27.6537,26.1305,23.5735,0.670096,61.2238,3.18071,1.47103,0.565409,4.20145,2.7229,0.947211,0.239182,0.101202,0.262837,0.385038,0.325581,0.397866,0.317407,0.723447,0.158684,4.04632,0.303199,,-0.225305,28.3461,0.823068,109.725,-0.225305,-0.15,2.4446550458669662,-5.600964933633804,0.497334,999,,,,,,,252.9,4.079032258,252.9,4.079032258,,,,,,,,,,,,,,,,,,,"Rob Refsnyder","13770",608701
"Will Benson","CIN",61.949,228.898,202.971,45.3099,25.3247,9.71153,1.11595,9.15772,29.3164,27.0378,22.1273,0.773813,70.9602,1.93265,1.4675,0.399592,2.61346,7.06081,1.66796,0.223233,0.0966688,0.310008,0.311827,0.30359,0.417431,0.312186,0.721021,0.194198,5.91767,0.290798,,0.408189,26.8845,-0.161524,94.5625,0.408189,0.57,-1.066967099905014,-1.7005073428153992,0.496013,999,,,,,,,248,4,248,4,,,,,,,,,,,,,,,,,,,"Will Benson","21853",666181
"Taylor Walls","TBR",85.159,324.396,289.02,62.656,42.2246,12.7387,1.75417,5.93845,36.7105,26.7923,29.6251,0.361938,75.9105,1.26554,2.71611,1.57737,3.77256,15.0667,3.96393,0.216788,0.0913239,0.234006,0.390264,0.289953,0.334643,0.276899,0.624596,0.117855,6.34786,0.270229,,0.909747,28.8072,-9.52267,74.4071,0.909747,-0.75,-8.875392019748688,2.5201737880706787,0.49212,999,,,,,,,279.6,3.289411764,279.6,3.289411764,,,,,,,,,,,,,,,,,,,"Taylor Walls","22458",670764
"Tyler Heineman","TOR",42.049,145.363,129.234,27.0243,19.9461,4.10509,0.353438,2.61965,14.0343,11.1016,10.308,0.216222,30.5472,2.37863,0.917428,2.49236,2.70832,1.85044,0.57106,0.209111,0.0709121,0.210144,0.337445,0.278013,0.307157,0.261765,0.585169,0.098046,4.07031,0.251633,,-0.0777744,11.1225,-6.0533,65.4676,-0.0777744,2.5,-5.994111880660057,5.744521617889404,0.48635,999,,,,,,,99,2.357142857,99,2.357142857,,,,,,,,,,,,,,,,,,,"Tyler Heineman","13897",623168
"Austin Hays","CHW",111.377,448.664,410.574,98.88,63.866,20.5705,1.08608,13.3574,47.9001,49.5956,28.6312,0.837279,106.703,5.38411,3.27485,0.800214,7.86365,3.44479,1.1547,0.240834,0.0638143,0.237825,0.268325,0.296732,0.393827,0.300098,0.690559,0.152993,3.45473,0.291103,,-0.424563,48.2931,-4.72004,91.0126,-0.424563,0.31,-5.177097469568253,-5.543818891048431,0.483055,628.97998046875,,,,,,,437.1,3.937837837,437.1,3.937837837,,,,,,,,,,,,,,,,,,,"Austin Hays","19363",669720
"Nick Fortes","TBR",89.811,308.161,280.547,60.8291,43.0285,10.8649,0.624141,6.3115,27.6513,28.2827,16.4583,0.267801,56.1469,5.0361,2.06497,4.05501,6.29911,2.12939,0.80122,0.216823,0.053408,0.1822,0.293129,0.270706,0.327492,0.264126,0.598198,0.110668,3.3589,0.247635,,-0.326426,24.1697,-12.2419,65.6081,-0.326426,0,-12.81769073009491,6.929860591888428,0.482769,999,,,,,,,218.6,2.428888888,218.6,2.428888888,,,,,,,,,,,,,,,,,,,"Nick Fortes","21538",663743
"Matt Vierling","DET",63.99,252.663,228.431,55.8318,37.3683,11.2381,0.668577,6.55686,28.289,26.6442,19.3702,0.184719,54.8991,2.34886,2.01887,0.494323,4.638,3.01019,0.885229,0.244414,0.0766643,0.217282,0.352834,0.307536,0.385577,0.303291,0.693112,0.141162,4.16193,0.291578,,-0.149335,27.8511,-2.00295,93.219,-0.149335,-0.7,-2.168669670820236,-1.8109375834465027,0.482572,999,,,,,,,254.9,3.9828125,254.9,3.9828125,,,,,,,,,,,,,,,,,,,"Matt Vierling","21558",663837
"Jonny DeLuca","TBR",72.375,279.267,256.015,59.2613,39.2419,12.1257,1.77978,6.11396,30.9634,26.8837,17.4977,0.717521,56.9824,2.95154,1.79943,1.00309,3.68622,8.8979,2.22032,0.231476,0.0626558,0.204043,0.307072,0.286456,0.364386,0.283986,0.650842,0.13291,5.98466,0.272945,,0.480998,26.4065,-6.59108,79.2889,0.480998,2.66,-6.3360350131988525,1.3303594589233398,0.471276,999,,,,,,,248.5,3.451388888,248.5,3.451388888,,,,,,,,,,,,,,,,,,,"Jonny DeLuca","26365",676356
"Edouard Julien","COL",80.564,311.59,270.33,65.9206,44.9923,12.5732,1.38637,6.96886,36.4154,31.7379,36.1274,1.18648,90.3859,2.74842,1.62334,0.761255,5.89808,3.46961,1.14482,0.243853,0.115945,0.29008,0.399702,0.337152,0.377958,0.316441,0.715109,0.134105,4.4596,0.337643,,-0.32074,37.6733,0.856574,88.7045,-0.32074,-1.56,-4.492153465747833,-1.3200703710317612,0.465977,746.7000122070312,,,,,,,328.7,4.058024691,328.7,4.058024691,,,,,,,,,,,,,,,,,,,"Edouard Julien","27534",666397
"Leo Jiménez","TOR",36.414,124.118,109.997,26.5235,18.4901,4.85659,0.340118,2.83664,13.9748,12.5344,9.09087,0.138758,26.9733,3.88639,0.832456,0.311469,2.67122,0.920565,0.300364,0.24113,0.0732438,0.21732,0.337032,0.319052,0.368831,0.304942,0.687883,0.127701,3.8874,0.292361,,-0.145713,13.8479,-0.817553,95.2107,-0.145713,-0.14,-0.8463220298290253,1.0349747985601425,0.456374,999,,,,,,,124.8,3.466666666,124.8,3.466666666,,,,,,,,,,,,,,,,,,,"Leo Jimenez","23782",677870
"Christian Moore","LAA",105.515,410.203,368.967,80.4537,53.8622,13.8647,1.65493,11.0718,43.0361,39.1577,34.3212,0.820935,131.977,3.28549,2.42129,1.20825,5.70531,7.08185,1.94384,0.218051,0.0836688,0.321736,0.260054,0.28866,0.354622,0.283222,0.643282,0.136571,4.7503,0.303854,,0.0219054,38.533,-9.93568,78.4669,0.0219054,-0.9,-10.388736275956035,0.7283178567886353,0.45612,746.3300170898438,,,,,,,353.1,3.331132075,353.1,3.331132075,,,,,,,,,,,,,,,,,,,"Christian Moore","34979",695681
"Mickey Moniak","COL",117.78,472.832,438.021,111.353,63.9815,23.5314,3.92952,19.9109,60.9512,66.2853,27.3525,0.911275,117.361,4.01394,2.98882,0.455772,5.32325,9.45059,2.51154,0.254219,0.0578482,0.248209,0.233062,0.302132,0.462253,0.326414,0.764385,0.208034,5.95649,0.301057,,0.238157,60.997,5.12825,95.536,0.238157,-0.45,-2.263471946120262,-9.063808619976044,0.45058,247.3000030517578,,,,,,,565.7,4.794067796,565.7,4.794067796,,,,,,,,,,,,,,,,,,,"Mickey Moniak","19956",666160
"Jacob Young","WSN",82.968,312.293,280.876,67.7674,54.9935,9.78841,2.13823,0.847268,32.999,16.2485,19.5148,0.491896,58.1704,4.00639,1.85176,6.04433,6.52063,16.5174,3.67271,0.241272,0.0624887,0.186269,0.335476,0.298086,0.300396,0.268,0.598483,0.0591246,6.60171,0.299138,,1.28435,25.4761,-11.4237,69.1941,1.28435,2.81,-10.117878437042236,4.090370297431946,0.446344,999,,,,,,,242.7,2.924096385,242.7,2.924096385,,,,,,,,,,,,,,,,,,,"Jacob Young","29931",696285
"Coby Mayo","BAL",45.118,171.029,153.974,34.1958,20.4298,6.74054,0.763639,6.26176,19.7776,19.7667,14.0155,0.473506,49.0345,1.93112,0.934709,0.173841,2.25831,1.27815,0.430064,0.222088,0.0819481,0.286703,0.285829,0.293479,0.397787,0.300459,0.691266,0.175699,4.0641,0.280427,,-0.157507,18.4592,-1.74915,92.9628,-0.157507,-0.4,-1.5760438740253448,-0.01318591833114624,0.439669,576.7000122070312,,,,,,,168.7,3.748888888,168.7,3.748888888,,,,,,,,,,,,,,,,,,,"Coby Mayo","28312",691723
"Daniel Schneemann","CLE",51.388,194.607,173.81,38.3962,25.1118,7.49722,0.747547,5.03966,21.5453,18.8894,17.9456,0.218742,52.1399,1.04702,1.18252,0.621733,3.38169,3.76187,1.05651,0.220909,0.0922144,0.267924,0.344181,0.295841,0.359631,0.289065,0.655472,0.138722,4.92028,0.283131,,0.0299944,19.2038,-3.79047,84.8545,0.0299944,0.46,-3.4438778031617403,0.9992567598819733,0.43518,999,,,,,,,173.6,3.403921568,173.6,3.403921568,,,,,,,,,,,,,,,,,,,"Daniel Schneemann","25180",682177
"Darell Hernaiz","ATH",50.688,196.523,179.377,46.3255,34.1366,8.97797,0.671692,2.53923,21.5132,16.9861,12.7411,0.249303,29.7507,1.31402,1.514,1.57652,4.19538,3.7909,1.15102,0.258257,0.0648326,0.151386,0.428261,0.309729,0.358264,0.293721,0.667994,0.100007,4.68152,0.294656,,-0.0296815,20.1359,-3.08484,84.0581,-0.0296815,-0.06,-3.722234569489956,1.1303381361067295,0.426859,999,,,,,,,185.4,3.635294117,185.4,3.635294117,,,,,,,,,,,,,,,,,,,"Darell Hernaiz","26224",687231
"Vaughn Grissom","LAA",65.215,256.871,234.204,57.8939,42.5296,10.5775,0.653127,4.13364,26.2593,23.1572,17.1269,0.349709,51.4836,3.51463,1.68683,0.338687,5.19475,4.49506,1.36165,0.247194,0.0666753,0.200426,0.332668,0.306143,0.350885,0.29029,0.657027,0.10369,4.20871,0.298215,,-0.073334,25.6034,-4.74785,83.3353,-0.073334,-0.66,-5.118611581623554,0.4470446705818176,0.426594,999,,,,,,,233.8,3.596923076,233.8,3.596923076,,,,,,,,,,,,,,,,,,,"Vaughn Grissom","26031",687093
"Jonah Heim","ATL",36.533,134.745,123.101,26.9666,18.0791,5.29498,0.00449259,3.58808,12.8813,14.5558,9.553,0.155727,26.9409,0.688296,1.03533,0.22603,2.45562,0.533461,0.230156,0.219062,0.0708969,0.19994,0.354591,0.276891,0.349591,0.274879,0.626482,0.130529,2.31672,0.249752,,-0.173495,11.7447,-4.17647,73.4152,-0.173495,1.26,-4.419105738401413,4.078904390335083,0.42386,999,,,,,,,115.2,3.113513513,115.2,3.113513513,,,,,,,,,,,,,,,,,,,"Jonah Heim","16930",641680
"Rhys Hoskins","CLE",95.695,386.917,335.505,72.4306,42.9736,14.5826,0.0367986,14.8376,42.9576,47.2197,43.136,0.722966,100.89,4.81561,2.99722,0.410161,5.36881,2.34868,1.10824,0.215886,0.111486,0.260754,0.427554,0.311505,0.392243,0.309209,0.703748,0.176358,2.52217,0.258527,,-0.579593,44.5089,-1.20827,98.7307,-0.579593,-0.34,-1.1584150195121765,-8.06845411658287,0.418477,741.5399780273438,,,,,,,396.7,4.132291666,396.7,4.132291666,,,,,,,,,,,,,,,,,,,"Rhys Hoskins","16472",656555
"Gavin Sheets","SDP",117.336,473.318,427.273,101.765,65.0324,21.9641,0.500392,14.2681,51.5659,53.8322,38.5456,1.25921,93.483,3.733,3.28755,0.47876,8.31451,2.06366,0.644168,0.238173,0.0814369,0.197506,0.412327,0.304635,0.392101,0.303712,0.696737,0.153928,2.74349,0.271048,,-0.551185,52.3356,-3.59059,97.376,-0.551185,0.03,-2.023179054260254,-9.696264000609517,0.412111,728.8599853515625,,,,,,,475.3,4.062393162,475.3,4.062393162,,,,,,,,,,,,,,,,,,,"Gavin Sheets","19901",657757
"Noelvi Marte","CIN",123.242,508.631,469.726,116.934,74.9883,23.3595,1.68949,16.8969,61.1807,58.5388,30.4164,1.26506,117.233,4.72127,3.15062,0.617092,8.55373,14.2775,4.14749,0.248941,0.0598005,0.230488,0.259451,0.299346,0.413781,0.308012,0.713126,0.164839,5.19247,0.295317,,0.438362,58.0161,-2.08256,91.7032,0.438362,-2.71,-4.563198000192642,-8.415647983551025,0.403462,139.57000732421875,,,,,,,543.5,4.418699186,543.5,4.418699186,,,,,,,,,,,,,,,,,,,"Noelvi Marte","26517",682622
"Travis Bazzana","CLE",53.662,214.079,189.255,40.6151,26.5904,8.32878,0.777652,4.91832,22.4318,19.8947,20.5426,0.328423,60.0246,2.42484,1.22002,0.636675,3.32822,3.22829,0.616346,0.214605,0.095958,0.280385,0.342237,0.297891,0.344795,0.285634,0.642686,0.13019,4.73026,0.284364,,0.0682567,20.529,-4.76612,82.4909,0.0682567,0,-4.349594317376614,0.8281172513961792,0.393573,999,,,,,,,188.4,3.488888888,188.4,3.488888888,,,,,,,,,,,,,,,,,,,"Travis Bazzana","sa3025129",683953
"Jett Williams","MIL",36.641,149.976,134.634,30.3261,19.2894,6.81411,0.573985,3.64864,16.3032,15.6733,12.4024,0.13222,38.5952,1.6875,0.999222,0.253303,1.76061,4.67328,0.628331,0.225249,0.0826958,0.257342,0.321346,0.296655,0.36569,0.291452,0.662344,0.14044,5.70507,0.285659,,0.457858,15.0903,-2.63049,85.994,0.457858,0,-2.0317512154579163,0.8885603547096252,0.39355,999,,,,,,,145.3,3.927027027,145.3,3.927027027,,,,,,,,,,,,,,,,,,,"Jett Williams","sa3020134",702518
"Keibert Ruiz","WSN",86.236,335.318,311.117,71.1837,50.9708,14.0842,0.00560861,6.12309,27.1002,35.058,16.7796,0.382963,38.1101,3.92522,3.06785,0.427864,6.688,1.08682,0.626758,0.2288,0.050041,0.113653,0.440294,0.274384,0.333149,0.26686,0.607533,0.104349,2.00107,0.241008,,-0.509956,27.0438,-12.5766,68.4126,-0.509956,-0.91,-13.063451051712036,5.744012176990509,0.39254,737.5800170898438,,,,,,,245.7,2.856976744,245.7,2.856976744,,,,,,,,,,,,,,,,,,,"Keibert Ruiz","19610",660688
"Thomas Saggese","STL",63.054,247.247,228.319,55.4752,38.595,11.0477,1.30382,4.52874,24.9415,24.0223,13.9463,0.362281,65.1621,2.51866,1.83278,0.630756,3.60928,2.93574,0.925106,0.242973,0.0564062,0.26355,0.214024,0.291709,0.362287,0.285852,0.653996,0.119314,4.65159,0.317502,,-0.152795,23.7534,-5.4607,83.5512,-0.152795,0.06,-4.972928136587143,0.5465277396142483,0.388743,999,,,,,,,218.5,3.468253968,218.5,3.468253968,,,,,,,,,,,,,,,,,,,"Thomas Saggese","27883",695336
"Spencer Steer","CIN",101.082,416.624,368.748,85.4162,53.7483,17.3078,1.62838,12.7318,48.2376,44.6439,39.0526,0.341615,89.5087,5.23099,2.96541,0.627372,5.83423,7.59437,2.45881,0.231639,0.0937358,0.214843,0.436299,0.311781,0.390989,0.308338,0.702769,0.15935,4.78098,0.269729,,-0.132971,47.6316,-1.59571,91.9263,-0.132971,0.55,-4.11965948343277,-5.944887340068817,0.388443,323.2200012207031,,,,,,,431.5,4.272277227,431.5,4.272277227,,,,,,,,,,,,,,,,,,,"Spencer Steer","26323",668715
"Brady House","WSN",122.667,493.486,463.579,109.494,76.8565,20.4948,1.55052,10.5925,45.6656,52.2412,22.0367,1.02463,138.897,4.2318,3.07546,0.562538,9.0356,5.42645,1.91431,0.236193,0.0446552,0.28146,0.158655,0.275424,0.355641,0.274651,0.631065,0.119448,3.92396,0.31183,,-0.372684,42.922,-15.3871,73.75,-0.372684,1.19,-15.725871831178665,3.0830092430114746,0.386285,728.7999877929688,,,,,,,401.1,3.260975609,401.1,3.260975609,,,,,,,,,,,,,,,,,,,"Brady House","29993",691781
"J.C. Escarra","NYY",42.94,147.907,132.474,27.5381,18.7149,5.94421,0.269213,2.60968,13.72,12.7257,12.0683,0.310046,27.5046,1.94717,1.02509,0.392332,2.70691,0.917536,0.301464,0.207875,0.0815938,0.185959,0.438773,0.281691,0.315909,0.266544,0.5976,0.108034,3.27637,0.241122,,-0.153976,11.891,-5.58536,69.2842,-0.153976,1.98,-5.508533269166946,4.166759252548218,0.383564,999,,,,,,,114.3,2.658139534,114.3,2.658139534,,,,,,,,,,,,,,,,,,,"J.C. Escarra","20084",641555
"Liam Hicks","MIA",81.508,309.411,270.283,64.5429,48.3151,12.1645,0.814999,3.24825,29.3806,26.4724,29.7756,0.400882,48.5173,5.59442,2.61819,1.14012,6.70079,1.35914,0.468968,0.238798,0.0962331,0.156805,0.613711,0.324107,0.325889,0.292737,0.649997,0.0870913,2.88703,0.277182,,-0.470037,31.4552,-5.10411,84.7785,-0.470037,0.67,-6.052006930112839,-0.5306649804115295,0.379734,746.6599731445312,,,,,,,272.6,3.324390243,272.6,3.324390243,,,,,,,,,,,,,,,,,,,"Liam Hicks","29844",689414
"Josh Lowe","LAA",113.253,464.616,421.181,96.7357,61.8952,19.7953,2.97342,12.0717,55.7179,42.9585,37.0373,1.81095,126.582,2.28908,3.42313,0.685337,4.99473,20.7473,4.81226,0.229677,0.0797159,0.272444,0.292595,0.293281,0.376781,0.29152,0.670062,0.147104,6.65518,0.296079,,1.52248,46.7743,-8.12362,84.1828,1.52248,0,-7.139111518859863,-5.144730567932129,0.379322,306.70001220703125,,,,,,,453,4.008849557,453,4.008849557,,,,,,,,,,,,,,,,,,,"Josh Lowe","19953",666139
"TJ Friedl","CIN",133.237,576.755,498.06,115.229,81.9341,19.1046,2.20034,11.9904,64.4275,48.7906,57.3405,0.261668,95.5621,11.5752,4.09017,5.68905,10.7172,11.47,3.58046,0.231356,0.0994192,0.165689,0.600034,0.322458,0.350772,0.301263,0.673231,0.119416,4.63526,0.261631,,-0.166384,62.6261,-5.52193,87.0798,-0.166384,-6.14,-8.998277828097343,-6.486538112163544,0.378962,263.3900146484375,,,,,,,542,4.075187969,542,4.075187969,,,,,,,,,,,,,,,,,,,"TJ Friedl","19522",670770
"Jake Fraley","TBR",95.968,359.364,321.952,75.8732,52.1675,14.7024,1.72436,7.27891,41.2161,33.6657,31.192,1.08538,75.6808,3.56817,2.15209,0.499609,5.3215,12.8893,3.40705,0.235666,0.0867976,0.210596,0.412152,0.308287,0.35987,0.294587,0.668157,0.124204,5.66364,0.284453,,0.61591,37.0731,-5.3885,86.5914,0.61591,1.24,-5.063354432582855,-3.611511468887329,0.377928,999,,,,,,,345.6,3.6,345.6,3.6,,,,,,,,,,,,,,,,,,,"Jake Fraley","19260",641584
"Dane Myers","CIN",63.302,236.008,216.697,52.8036,36.8922,8.94999,0.717019,6.24438,27.129,23.7075,14.8695,0.0745502,58.9603,2.59742,1.52432,0.319972,4.06289,7.27353,2.23222,0.243675,0.0630041,0.249823,0.252195,0.29815,0.378043,0.295923,0.676194,0.134368,5.22823,0.304276,,0.182205,24.6035,-3.28271,83.4221,0.182205,-0.13,-4.4549388736486435,0.15731841325759888,0.363662,999,,,,,,,229.7,3.646031746,229.7,3.646031746,,,,,,,,,,,,,,,,,,,"Dane Myers","22054",667472
"Javier Báez","DET",92.3,353.908,329.442,76.1007,51.0241,15.569,0.437631,9.06992,35.9959,38.0784,13.7933,0.0890751,86.8515,4.59744,2.52291,0.539786,6.94902,5.1558,1.76331,0.230999,0.0389744,0.245407,0.158815,0.269702,0.363508,0.27546,0.63321,0.132509,4.00821,0.283977,,-0.148615,31.0145,-10.8024,74.0474,-0.148615,0.03,-10.973990350961685,2.3273914139717817,0.361607,746.7000122070312,,,,,,,288.5,3.135869565,288.5,3.135869565,,,,,,,,,,,,,,,,,,,"Javier Baez","12979",595879
"Michael Massey","KCR",70.822,280.666,259.743,61.2436,39.0634,13.0127,0.891261,8.27627,28.5876,33.7503,14.258,0.454926,52.235,2.86132,2.71684,1.0865,3.98657,2.00829,0.684013,0.235785,0.0508004,0.186111,0.272958,0.280288,0.388336,0.288925,0.668624,0.152551,3.67474,0.262281,,-0.246354,27.6642,-5.49862,80.5567,-0.246354,-0.06,-6.678143605589867,0.5471844710409641,0.361072,999,,,,,,,252.2,3.552112676,252.2,3.552112676,,,,,,,,,,,,,,,,,,,"Michael Massey","27684",686681
"Nick Castellanos","SDP",82.957,334.475,308.561,77.9448,51.6179,14.5841,1.68684,10.056,38.0386,39.1439,19.7813,0.300767,77.3006,2.84063,2.92123,0.371184,5.66036,2.61013,0.870175,0.252608,0.0591413,0.23111,0.255901,0.301004,0.408576,0.307034,0.70958,0.155968,4.05882,0.302906,,-0.322448,37.8858,-1.63499,99.6522,-0.322448,-0.41,-0.460310161113739,-7.1491691172122955,0.359995,581.3900146484375,,,,,,,348.6,4.2,348.6,4.2,,,,,,,,,,,,,,,,,,,"Nick Castellanos","11737",592206
"Ben Williamson","TBR",60.503,235.028,217.158,54.6648,41.4873,9.62047,1.12635,2.43063,23.7362,20.4282,13.7343,0.413821,49.9587,2.15743,1.24444,0.733454,5.38548,4.19708,1.38139,0.251728,0.0584369,0.212565,0.274914,0.301145,0.339982,0.282874,0.641126,0.0882539,4.75698,0.314638,,-0.102354,22.0112,-5.75917,78.5229,-0.102354,0.15,-6.051682360470295,1.4797983467578888,0.359874,999,,,,,,,197.3,3.234426229,197.3,3.234426229,,,,,,,,,,,,,,,,,,,"Ben Williamson","33197",810938
"Leo Rivas","SEA",47.082,157.656,135.439,29.3281,21.5764,5.31273,0.472314,1.96664,17.3471,10.5338,18.2468,0.350802,38.8464,1.25376,0.96737,1.7495,2.46372,6.09284,1.57613,0.216542,0.115738,0.2464,0.469716,0.313192,0.306304,0.281095,0.619496,0.0897621,5.41844,0.286229,,0.304255,14.5373,-4.09092,84.7112,0.304255,-0.36,-2.536648780107498,0.6192954778671265,0.359005,999,,,,,,,123.5,2.627659574,123.5,2.627659574,,,,,,,,,,,,,,,,,,,"Leo Rivas","21009",660844
"Jimmy Crooks","STL",27.336,99.769,90.3458,21.612,14.7985,4.3901,0.321189,2.1022,10.1175,10.0287,7.06083,0.267112,24.8147,1.355,0.623985,0.38342,1.96921,0.461682,0.102302,0.239214,0.0707717,0.248722,0.284542,0.302135,0.364722,0.292809,0.666856,0.125508,3.36341,0.304589,,-0.101048,10.1485,-1.64002,88.3165,-0.101048,-0.13,-1.4825915023684502,1.641777753829956,0.355897,999,,,,,,,87.6,3.244444444,87.6,3.244444444,,,,,,,,,,,,,,,,,,,"Jimmy Crooks","31354",699625
"Derek Hill","CHW",36.666,135.839,125.171,29.5571,20.0234,5.20418,0.704964,3.62454,15.7385,12.3304,7.42016,0.0660734,39.5311,1.25998,0.684074,1.30335,2.21086,4.33234,0.946193,0.236133,0.0546247,0.291015,0.187704,0.284216,0.375843,0.287656,0.66006,0.13971,6.11232,0.313575,,0.289931,13.2492,-2.80126,82.4418,0.289931,1.08,-2.521167516708374,1.0800000245823433,0.330898,999,,,,,,,129.6,3.502702702,129.6,3.502702702,,,,,,,,,,,,,,,,,,,"Derek Hill","16947",656537
"Colby Thomas","ATH",67.856,262.209,242.04,55.9411,33.0109,12.74,0.746917,9.44332,30.9881,29.8649,13.9927,0.0116001,82.1928,3.75376,1.81578,0.606681,3.3341,4.74113,1.25116,0.231124,0.0533648,0.313463,0.170243,0.281678,0.406978,0.29772,0.688656,0.175854,4.96946,0.305465,,0.100845,27.7173,-3.2647,86.8124,0.100845,0.18,-3.9746931344270706,-1.8294160962104797,0.329518,746.75,,,,,,,260.3,3.827941176,260.3,3.827941176,,,,,,,,,,,,,,,,,,,"Colby Thomas","31855",687515
"Tyler Austin","CHC",39.879,156.71,139.081,33.2636,19.3407,6.92112,0.204206,6.79756,19.1621,21.4671,15.189,0.437147,43.8615,1.16459,1.00579,0.269673,2.72198,0.414156,0.0754141,0.239167,0.0969246,0.27989,0.346295,0.317164,0.438492,0.326569,0.755655,0.199324,2.73912,0.295949,,-0.180809,20.236,1.71949,111.088,-0.180809,0,1.8786094635725021,-3.879800796508789,0.328688,999,,,,,,,179.9,4.4975,179.9,4.4975,,,,,,,,,,,,,,,,,,,"Tyler Austin","11850",592122
"Alex Call","LAD",45.972,173.248,150.71,35.399,24.6757,6.68331,0.625376,3.41464,21.0106,15.6528,17.343,0.176179,32.1027,2.29506,1.35775,1.54262,3.16254,3.04316,1.03353,0.234882,0.100105,0.185299,0.540236,0.320532,0.355498,0.300924,0.676031,0.120616,4.67243,0.274426,,-0.105999,18.7642,-1.7064,92.2368,-0.105999,-0.02,-1.7000551968812943,-0.8713333196938038,0.326644,999,,,,,,,159.1,3.458695652,159.1,3.458695652,,,,,,,,,,,,,,,,,,,"Alex Call","19296",669743
"Andy Ibáñez","ATH",53.693,185.52,170.4,41.2309,27.8197,8.47796,0.480633,4.45257,20.1697,18.8077,11.6818,0.0476638,36.7374,1.7696,1.24096,0.42809,3.07526,2.52369,0.856338,0.241966,0.0629679,0.198024,0.317981,0.295433,0.375751,0.293542,0.671184,0.133785,4.05917,0.281933,,-0.118092,18.9814,-2.93919,83.9343,-0.118092,0.36,-3.630967102944851,0.4117872156202793,0.323933,999,,,,,,,165.3,3.061111111,165.3,3.061111111,,,,,,,,,,,,,,,,,,,"Andy Ibanez","18819",628451
"Tommy Pham",,58.904,236.363,211.443,50.9595,33.8447,10.0772,0.478913,6.55869,27.7322,25.6582,21.3069,0.374957,53.87,1.70809,1.59707,0.307665,4.93551,3.77339,1.30615,0.241008,0.0901447,0.227912,0.395524,0.313378,0.386253,0.306814,0.69963,0.145245,4.13422,0.29094,,-0.153108,26.7304,-1.19773,95.4733,-0.153108,-0.69,-1.417691856622696,-3.4170369505882263,0.3238,999,,,,,,,243.2,4.122033898,243.2,4.122033898,,,,,,,,,,,,,,,,,,,"Tommy Pham","2967",502054
"Max Kepler",,34.082,134.902,120.407,28.3557,17.127,5.97411,0.35516,4.89938,15.1764,16.9877,11.9964,0.51506,27.4736,1.26033,1.02703,0.211225,2.27289,0.434314,0.130851,0.235499,0.0889267,0.203656,0.436652,0.308948,0.413084,0.312921,0.722032,0.177586,3.02617,0.263373,,-0.163906,15.925,-0.0147181,99.6684,-0.163906,0.32,-0.21678274497389793,-1.257870376110077,0.316249,999,,,,,,,140.2,4.123529411,140.2,4.123529411,,,,,,,,,,,,,,,,,,,"Max Kepler","12144",596146
"Zack Gelof","ATH",41.791,160.633,145.713,31.8615,19.602,6.54338,0.390077,5.32607,19.7582,16.3385,12.4048,0.135062,54.0889,1.07793,0.905842,0.531535,1.93409,5.65548,1.60496,0.218659,0.0772244,0.336724,0.229341,0.283222,0.378575,0.288942,0.661797,0.159916,5.67769,0.304292,,0.256315,15.8352,-3.14479,80.7657,0.256315,0.26,-3.385204404592514,0.9049227833747864,0.311894,999,,,,,,,145.3,3.459523809,145.3,3.459523809,,,,,,,,,,,,,,,,,,,"Zack Gelof","29766",680869
"Nathan Lukes","TOR",80.575,315.196,284.421,72.175,53.3478,12.3022,1.34898,5.17598,34.4508,28.8166,23.4984,1.07355,49.8813,2.22593,2.03813,3.01274,7.30306,3.22387,0.934647,0.253761,0.0745517,0.158255,0.471087,0.313596,0.361096,0.296593,0.674691,0.107334,4.29037,0.289535,,-0.252902,33.0301,-4.21274,89.4594,-0.252902,-0.5,-4.168668478727341,-3.638209104537964,0.3112,999,,,,,,,284.6,3.513580246,284.6,3.513580246,,,,,,,,,,,,,,,,,,,"Nathan Lukes","18123",664770
"Jake Mangum","PIT",83.439,327.092,307.129,81.4807,63.8401,14.1672,2.40078,1.07253,35.9518,25.479,14.0307,0.261814,55.3424,3.06116,2.17427,0.697118,6.72889,12.3828,3.02868,0.265298,0.0428952,0.169195,0.253525,0.302004,0.337536,0.28145,0.63954,0.072238,6.16751,0.317959,,0.703699,30.2552,-8.39323,76.5041,0.703699,3.23,-8.404999077320099,0.5332467555999756,0.30803,660.72998046875,,,,,,,273.4,3.293975903,273.4,3.293975903,,,,,,,,,,,,,,,,,,,"Jake Mangum","26202",663968
"Ezequiel Duran","TEX",74.321,270.848,252.385,57.6768,39.6806,11.2399,1.40397,5.35228,29.3678,23.8329,13.3995,0.35402,66.3743,2.73862,1.52476,0.8001,3.62583,7.90795,2.18993,0.228527,0.0494725,0.245061,0.201878,0.27334,0.347808,0.271471,0.621148,0.119281,5.70959,0.287208,,0.318616,22.8583,-9.14451,72.9553,0.318616,0.52,-8.314765006303787,1.9946229457855225,0.307143,999,,,,,,,215,2.905405405,215,2.905405405,,,,,,,,,,,,,,,,,,,"Ezequiel Duran","23733",677649
"Tom Murphy",,16.905,63.698,57.0109,12.8567,7.91633,2.50245,0.0738975,2.36398,7.14403,7.91611,5.2579,0.00923366,18.8471,0.516651,0.384543,0.0851057,1.0661,0.354367,0.149164,0.225512,0.0825441,0.295881,0.278977,0.294938,0.396395,0.30168,0.691333,0.170883,2.91861,0.289978,,-0.0805337,6.9381,-0.588307,91.9463,-0.0805337,0.21,-0.686858057975769,1.5143981724977493,0.305235,999,,,,,,,61.3,3.605882352,61.3,3.605882352,,,,,,,,,,,,,,,,,,,"Tom Murphy","13499",608596
"Ryan Waldschmidt","ARI",40.074,161.21,143.679,35.4927,24.2772,7.15317,0.640694,3.42168,18.9236,16.8462,14.0261,0.533178,35.1313,2.1343,1.08847,0.282135,2.74332,4.07845,0.807383,0.247028,0.0870052,0.217922,0.399249,0.320971,0.377176,0.306967,0.698147,0.130148,5.3616,0.301946,,0.221617,18.2513,-0.796919,94.8828,0.221617,0,-0.7561051845550537,-1.7097657918930054,0.296463,999,,,,,,,159,3.975,159,3.975,,,,,,,,,,,,,,,,,,,"Ryan Waldschmidt","sa3025261",814439
"Blake Perkins","MIL",55.289,212.158,189.53,40.9739,28.4405,7.44108,1.55201,3.54034,22.523,17.7807,19.1762,0.319531,58.5032,1.36048,1.33426,0.756744,2.9612,7.09209,1.61042,0.216187,0.0903865,0.275753,0.32778,0.290966,0.327863,0.275276,0.618829,0.111677,6.14453,0.290586,,0.437703,18.5606,-6.50752,74.9127,0.437703,0.8,-5.870525896549225,1.653225302696228,0.290695,999,,,,,,,176.6,3.21090909,176.6,3.21090909,,,,,,,,,,,,,,,,,,,"Blake Perkins","19921",663368
"Nolan Gorman","STL",121.842,496.776,442.421,90.8932,53.4598,17.7111,0.861485,18.8608,51.8797,60.4841,47.5445,1.61315,163.049,3.0129,3.39539,0.402543,5.37398,3.84718,1.43935,0.205445,0.0957061,0.328213,0.291597,0.284968,0.377265,0.289181,0.662233,0.17182,3.27429,0.272946,,-0.496039,49.0688,-9.62916,85.8316,-0.496039,-0.8,-8.838157147169113,-4.85744172334671,0.289776,687.510009765625,,,,,,,461.9,3.786065573,461.9,3.786065573,,,,,,,,,,,,,,,,,,,"Nolan Gorman","22263",669357
"Walker Jenkins","MIN",26.006,106.674,95.9571,23.7333,15.9881,4.90669,0.527709,2.31071,12.3913,10.4756,8.64636,0.196129,22.8398,1.16494,0.737326,0.168276,1.83077,2.22831,0.392696,0.247332,0.081054,0.214108,0.378565,0.314955,0.381707,0.305518,0.696662,0.134375,5.20744,0.299432,,0.115821,11.9515,-0.652823,94.2454,0.115821,0,-0.6076861619949341,-0.2407963126897812,0.288835,999,,,,,,,111.2,4.276923076,111.2,4.276923076,,,,,,,,,,,,,,,,,,,"Walker Jenkins","sa3022894",805805
"César Salazar","HOU",39.73,115.131,102.047,20.8673,14.8779,4.15662,0.144643,1.68807,10.1958,9.46745,8.47637,0.213805,23.4668,2.84262,1.07101,0.693887,2.1334,0.526594,0.198944,0.204487,0.0736237,0.203827,0.361207,0.281257,0.29768,0.260606,0.578937,0.0931935,2.84125,0.246003,,-0.147684,8.70089,-4.90272,64.6407,-0.147684,0.67,-4.945774599909782,3.7355863451957703,0.281608,999,,,,,,,80.9,2.0225,80.9,2.0225,,,,,,,,,,,,,,,,,,,"Cesar Salazar","21587",663967
"Christian Vázquez","HOU",31.015,114.121,103.289,22.996,16.8204,3.89907,0.000665064,2.27592,10.8053,10.5288,7.01694,0.0821295,22.5663,0.775745,0.791817,0.90508,2.22106,1.16671,0.610693,0.222638,0.0614869,0.19774,0.310948,0.275211,0.326504,0.26583,0.601715,0.103866,3.06633,0.261491,,-0.178692,9.10859,-4.37569,68.2393,-0.178692,0.87,-4.450664207339287,3.263132691383362,0.28037,999,,,,,,,79.3,2.558064516,79.3,2.558064516,,,,,,,,,,,,,,,,,,,"Christian Vazquez","9774",543877
"JJ Bleday","CIN",84.991,332.356,294.13,66.813,37.8745,14.344,0.857866,13.7366,38.2794,42.296,33.8945,0.913348,75.8933,1.65188,2.28548,0.393949,4.60071,2.17745,0.679972,0.227155,0.101982,0.22835,0.446607,0.308347,0.421863,0.316339,0.73021,0.194709,3.45159,0.256673,,-0.321641,40.1567,0.886257,97.4077,-0.321641,-3.26,-1.3427560031414032,-6.980631351470947,0.279741,746.739990234375,,,,,,,368.1,4.330588235,368.1,4.330588235,,,,,,,,,,,,,,,,,,,"JJ Bleday","26368",668709
"José Fermín","STL",46.244,160.199,141.763,34.3088,25.0586,6.55593,0.449811,2.24443,17.4688,13.1898,13.5994,0.544603,20.7022,2.52156,1.14366,1.17096,3.27444,4.70437,1.38443,0.242014,0.0848908,0.129228,0.656908,0.317112,0.342102,0.293112,0.659215,0.100088,4.83526,0.267291,,0.105667,16.3348,-2.59391,88.5244,0.105667,-0.31,-2.073197118937969,-0.5240926146507263,0.279576,999,,,,,,,145.2,3.156521739,145.2,3.156521739,,,,,,,,,,,,,,,,,,,"Jose Fermin","21746",665877
"Sung-Mun Song","SDP",65.831,261.882,240.736,53.9454,35.8665,11.6619,0.486137,5.93079,26.622,26.1574,18.1296,0.760503,53.6792,0.814605,1.75124,0.450517,4.24801,4.59295,0.778403,0.224085,0.0692281,0.204975,0.33774,0.27881,0.350475,0.275064,0.629284,0.12639,4.45875,0.262551,,0.242999,22.8655,-8.07783,77.7514,0.242999,0,-6.662632465362549,0.6690142154693604,0.278214,999,,,,,,,216.3,3.277272727,216.3,3.277272727,,,,,,,,,,,,,,,,,,,"Sung-Mun Song","sa3012529",823550
"Austin Wynns","ATH",43.27,152.801,139.59,30.8341,21.2509,5.40573,0,4.17743,14.7686,15.2649,9.28561,0.130035,42.6957,1.37624,0.883344,1.32056,2.84748,0.552318,0.240375,0.22089,0.0607693,0.27942,0.217484,0.274561,0.349395,0.273868,0.623956,0.128505,2.34771,0.284792,,-0.197793,13.1931,-4.86153,70.3819,-0.197793,-0.37,-5.531836837530136,2.968734622001648,0.275841,999,,,,,,,117.6,2.73488372,117.6,2.73488372,,,,,,,,,,,,,,,,,,,"Austin Wynns","15271",642851
"Enrique Hernández","LAD",52.37,195.345,178.127,40.967,25.3402,8.5684,0.263604,6.79476,22.3438,23.9576,13.6063,0.0741744,43.2325,1.30286,1.61129,0.517759,3.12166,0.509139,0.196243,0.229987,0.0696529,0.221313,0.314725,0.287063,0.395486,0.296273,0.682549,0.165499,2.62902,0.263448,,-0.243761,20.4199,-2.66166,89.0509,-0.243761,-0.87,-2.778748467564583,-1.0565028637647629,0.272553,999,,,,,,,190.4,3.661538461,190.4,3.661538461,,,,,,,,,,,,,,,,,,,"Enrique Hernandez","10472",571771
"Rafael Marchán","PHI",44.971,159.568,144.322,32.1766,23.005,6.63343,0.299651,2.23851,14.6391,14.5362,11.43,0.281705,27.3109,1.92452,1.09113,0.800336,3.21204,0.734484,0.262567,0.22295,0.0716307,0.171155,0.418513,0.286778,0.319597,0.269669,0.606375,0.0966468,3.03636,0.25839,,-0.198802,13.2333,-5.62085,68.7066,-0.198802,0,-6.117051616311073,3.469984531402588,0.272335,999,,,,,,,115.2,2.56,115.2,2.56,,,,,,,,,,,,,,,,,,,"Rafael Marchan","21646",665561
"Dominic Canzone","SEA",104.93,414.384,378.584,88.4671,56.3637,17.156,0.528331,14.419,44.259,51.841,29.7872,1.61729,97.2844,2.75802,2.74541,0.509059,7.67797,3.47261,1.15783,0.233679,0.0718832,0.234769,0.306187,0.292389,0.396046,0.298113,0.688435,0.162368,3.17809,0.274632,,-0.355898,43.9355,-5.02719,96.434,-0.355898,-0.03,-2.0975222885608673,-9.52983501367271,0.2696,476.2900085449219,,,,,,,402.3,3.831428571,402.3,3.831428571,,,,,,,,,,,,,,,,,,,"Dominic Canzone","26438",686527
"Drew Millas","WSN",35.73,126.41,115.629,27.5651,20.3409,5.51818,0.404595,1.30142,11.689,10.8681,8.75403,0.673871,21.8824,0.658616,0.833904,0.534432,2.42402,2.69066,0.791256,0.238393,0.0692511,0.173106,0.400049,0.293765,0.326879,0.273262,0.620644,0.0884866,4.56623,0.28156,,0.0221244,10.8523,-4.08406,72.7986,0.0221244,-0.28,-4.053239244967699,2.4769444167613983,0.26902,999,,,,,,,100.5,2.791666666,100.5,2.791666666,,,,,,,,,,,,,,,,,,,"Drew Millas","25643",686452
"Randal Grichuk","NYY",41,157.014,144.569,34.5177,20.4924,6.87909,0.223775,6.92244,17.81,20.3621,9.59759,0.24407,32.7461,1.49659,1.15442,0.195898,2.69092,0.415797,0.14592,0.238762,0.0611257,0.208556,0.293091,0.290859,0.43309,0.311046,0.723949,0.194328,2.45109,0.260197,,-0.18351,18.2964,-0.256062,99.9403,-0.18351,-0.56,-0.19455856457352638,-2.5987516045570374,0.267123,999,,,,,,,170.1,4.148780487,170.1,4.148780487,,,,,,,,,,,,,,,,,,,"Randal Grichuk","10243",545341
"Paul Goldschmidt","NYY",88.716,361.561,330.293,80.2898,51.85,15.715,0.250619,12.4742,40.8548,42.1221,26.2423,0.837408,82.8566,1.86892,2.38363,0.49838,6.45623,4.04449,1.57589,0.243087,0.0725805,0.229163,0.316719,0.300457,0.405485,0.306031,0.705942,0.162398,3.44312,0.285725,,-0.358805,40.6591,-2.06207,96.485,-0.358805,-0.29,-1.8566725254058838,-7.981707125902176,0.266623,742.1099853515625,,,,,,,363.2,4.080898876,363.2,4.080898876,,,,,,,,,,,,,,,,,,,"Paul Goldschmidt","9218",502671
"Max Muncy","ATH",87.49,341.357,312.897,71.8245,46.3119,14.5804,0.923506,10.0087,37.8172,34.9253,20.127,0.563676,101.755,4.22108,1.98464,2.12771,5.608,4.5378,1.39562,0.229547,0.0589618,0.298089,0.197799,0.283503,0.37801,0.288045,0.661514,0.148463,4.46209,0.304335,,-0.126721,33.4025,-6.93145,80.148,-0.126721,-2.57,-8.113757163286209,-1.036773920059204,0.265851,741.6599731445312,,,,,,,312.1,3.587356321,312.1,3.587356321,,,,,,,,,,,,,,,,,,,"Max Muncy","29779",691777
"Jeremiah Jackson","BAL",56.535,227.231,212.644,49.8193,32.8982,9.86994,0.962965,6.08827,25.1018,23.6283,11.3446,0.0499431,54.3513,1.38304,1.57319,0.286552,3.74079,4.12713,1.36221,0.234286,0.0499254,0.23919,0.208727,0.275605,0.375652,0.28262,0.651257,0.141366,5.02349,0.284379,,-0.0332996,21.2341,-5.61497,80.6745,-0.0332996,-0.49,-5.209020297974348,-0.053773194551467896,0.261729,999,,,,,,,198.9,3.489473684,198.9,3.489473684,,,,,,,,,,,,,,,,,,,"Jeremiah Jackson","22239",669236
"Nathan Church","STL",53.092,184.762,170.078,41.7838,30.9984,7.44963,0.831728,2.50407,18.675,16.1694,10.228,0.563023,27.6131,2.08131,1.31884,1.05626,3.96111,3.88822,0.934284,0.245675,0.0553575,0.149452,0.370402,0.294455,0.343426,0.280031,0.637881,0.0977513,5.08593,0.278029,,0.112852,16.8771,-4.95395,79.5632,0.112852,1.97,-4.362415745854378,0.7551448345184326,0.259854,999,,,,,,,160.2,3.022641509,160.2,3.022641509,,,,,,,,,,,,,,,,,,,"Nathan Church","31357",701675
"Miguel Rojas","LAD",48.624,177.402,159.652,39.0033,28.7795,7.01244,0.382808,2.82852,19.8824,16.9215,10.9799,0.301656,25.2115,1.4217,1.07954,1.34699,4.05978,2.51883,1.06183,0.244302,0.0618927,0.142115,0.435511,0.296909,0.346171,0.283249,0.643081,0.101869,4.22098,0.272623,,-0.200944,16.6683,-4.29309,80.1289,-0.200944,0.2,-4.378995507955551,0.9503703266382217,0.253078,999,,,,,,,145.8,2.975510204,145.8,2.975510204,,,,,,,,,,,,,,,,,,,"Miguel Rojas","7802",500743
"Ryan Mountcastle","BAL",45.736,183.831,168.874,43.6808,29.4446,7.68216,0.693647,5.86038,21.497,21.5848,11.6823,0.109729,43.9731,1.41985,1.65552,0.199285,3.41511,0.962195,0.336999,0.258659,0.0635489,0.239204,0.265668,0.309222,0.416472,0.31422,0.725694,0.157813,3.71542,0.313352,,-0.225723,21.895,0.173902,102.443,-0.225723,0.04,0.303537979722023,-4.161205254495144,0.25266,999,,,,,,,203.6,4.426086956,203.6,4.426086956,,,,,,,,,,,,,,,,,,,"Ryan Mountcastle","18373",663624
"Jose Iglesias",,45.698,159.418,145.481,37.687,29.1399,6.21697,0.792645,1.53746,16.501,14.1076,7.53226,0.101986,27.0451,2.29843,0.896764,0.834682,4.01515,1.9064,0.61977,0.259051,0.0472485,0.169649,0.278507,0.304195,0.344387,0.286233,0.648581,0.0853353,4.53527,0.306885,,-0.129124,15.3648,-3.47163,81.3355,-0.129124,-0.46,-3.6458479464054108,0.7153600752353668,0.252191,999,,,,,,,140.7,3.058695652,140.7,3.058695652,,,,,,,,,,,,,,,,,,,"Jose Iglesias","10231",578428
"Joshua Báez","STL",29.661,92.966,83.4847,19.7937,11.6114,4.7949,0.289168,3.0982,11.5162,10.6679,7.27141,0.317984,26.7806,1.38973,0.686112,0.134078,0.904393,4.07117,0.222488,0.237094,0.0782158,0.288068,0.271518,0.30652,0.412789,0.311642,0.719308,0.175695,6.24022,0.307513,,0.591389,10.878,-0.106651,101.218,0.591389,0,0.7255928665399551,-1.3731944561004639,0.250195,999,,,,,,,103.3,3.443333333,103.3,3.443333333,,,,,,,,,,,,,,,,,,,"Joshua Baez","sa3017022",695491
"Juan Brito","CLE",28.416,113.407,101.415,23.3078,15.2906,5.36206,0.284875,2.37028,11.6581,11.0303,9.80717,0.430559,22.4189,0.940045,0.863947,0.380676,1.84171,1.76008,0.347079,0.229825,0.0864777,0.197685,0.437452,0.301301,0.358432,0.289964,0.659733,0.128606,4.18999,0.270196,,0.0408316,11.2738,-2.12613,85.4737,0.0408316,0,-1.9007982537150383,0.4385184943675995,0.249745,999,,,,,,,97.9,3.496428571,97.9,3.496428571,,,,,,,,,,,,,,,,,,,"Juan Brito","sa3009808",682877
"Eli White","ATL",43.713,153.743,142.048,34.2108,23.2059,5.42305,1.51096,4.07084,19.5918,14.8793,8.7795,0.166024,42.3942,1.67223,0.845228,0.398105,2.16829,5.62752,1.38175,0.24084,0.057105,0.275747,0.207092,0.291255,0.386266,0.294546,0.677521,0.145426,7.17236,0.312564,,0.338553,15.8555,-2.31041,86.8876,0.338553,1.17,-2.050754100084305,-0.640723705291748,0.247964,999,,,,,,,153.5,3.488636363,153.5,3.488636363,,,,,,,,,,,,,,,,,,,"Eli White","19346",642201
"Andrew Knizner","SEA",30.169,107.887,97.3473,20.2375,14.7328,3.69073,0.149953,1.66402,9.30743,9.313,7.45656,0.0696939,23.2193,1.92103,0.634021,0.452803,2.21453,0.386935,0.145426,0.20789,0.0691146,0.215219,0.321136,0.275851,0.300164,0.258592,0.576016,0.0922748,2.59954,0.25409,,-0.140877,7.97706,-4.77062,69.2098,-0.140877,0.42,-4.056084647774696,2.747854858636856,0.246068,999,,,,,,,72.4,2.413333333,72.4,2.413333333,,,,,,,,,,,,,,,,,,,"Andrew Knizner","19514",668800
"Matt Shaw","CHC",77.21,297.441,269.207,63.9661,43.8507,11.9152,1.57602,6.62425,35.646,28.5876,22.8606,0.389166,61.4827,2.78079,1.99646,0.596007,4.65526,10.3762,2.7546,0.237609,0.0768576,0.206706,0.371822,0.301866,0.367398,0.293978,0.669264,0.129789,5.79419,0.282338,,0.49099,30.5381,-4.60689,88.7621,0.49099,0.14,-3.470695048570633,-4.030293330550194,0.245033,331.95001220703125,,,,,,,290,3.766233766,290,3.766233766,,,,,,,,,,,,,,,,,,,"Matt Shaw","33322",807713
"Sam Haggerty","TEX",59.191,216.975,194.579,46.859,33.7713,8.98226,1.40195,2.70351,26.7549,15.6826,17.4209,0.380149,47.9952,2.5211,1.25272,1.20098,3.52767,11.646,2.74035,0.240822,0.0802901,0.221201,0.362973,0.309588,0.343077,0.289604,0.652665,0.102255,6.72209,0.304241,,0.854895,21.5061,-4.13117,85.4467,0.854895,-0.17,-2.8668169379234314,-2.333413764834404,0.232014,999,,,,,,,202.6,3.433898305,202.6,3.433898305,,,,,,,,,,,,,,,,,,,"Sam Haggerty","18054",664059
"Otto Kemp","PHI",59,227.554,204.91,48.8594,30.6198,10.3881,1.04698,6.80456,26.6451,26.0827,15.2188,0.984262,63.7066,5.59014,1.59208,0.24259,3.37203,4.26066,1.20923,0.238443,0.0668799,0.279963,0.238889,0.306489,0.39898,0.306756,0.705469,0.160537,5.09606,0.309247,,0.0239119,25.7236,-1.1637,94.1127,0.0239119,-1.06,-1.563895782455802,-3.8450398445129395,0.221183,999,,,,,,,237.7,4.028813559,237.7,4.028813559,,,,,,,,,,,,,,,,,,,"Otto Kemp","31792",805249
"Oswald Peraza","LAA",68.066,241.646,220.553,47.597,31.6634,8.76644,0.566659,6.60047,26.6591,22.2543,16.2931,0.315019,64.4038,3.16102,1.18454,0.454748,3.97948,8.56585,2.13118,0.215808,0.0674256,0.266521,0.252984,0.278,0.350475,0.276459,0.628475,0.134667,5.36571,0.271981,,0.505033,21.3724,-7.17995,73.8078,0.505033,0.33,-6.954716384410858,0.770490825176239,0.218216,999,,,,,,,213.9,3.145588235,213.9,3.145588235,,,,,,,,,,,,,,,,,,,"Oswald Peraza","22823",672724
"Pavin Smith","ARI",98.925,398.331,349.057,81.2132,52.0389,16.7092,1.06922,11.396,45.1905,46.0402,44.0195,1.3261,101.109,2.05771,2.80281,0.393949,7.30445,2.13928,0.727461,0.232665,0.11051,0.253831,0.435369,0.319876,0.384604,0.309519,0.70448,0.151939,3.34625,0.291689,,-0.509028,45.9222,-1.14365,96.6313,-0.509028,-0.22,-2.0994168519973755,-9.02742549777031,0.217488,999,,,,,,,402,4.06060606,402,4.06060606,,,,,,,,,,,,,,,,,,,"Pavin Smith","19892",656976
"Luis Matos","SFG",47.337,180.895,168.01,41.8914,26.9692,8.57441,0.61453,5.73326,20.988,20.6629,9.15085,0.329779,25.7599,1.68224,1.45109,0.600615,2.93226,2.84534,0.958775,0.249338,0.0505866,0.142402,0.355237,0.292435,0.410062,0.302846,0.702498,0.160724,4.55828,0.262076,,-0.0709491,19.8747,-1.49941,95.4377,-0.0709491,-1,-1.0490913167595863,-2.8668570518493652,0.215109,999,,,,,,,191.3,4.070212765,191.3,4.070212765,,,,,,,,,,,,,,,,,,,"Luis Matos","26467",682641
"José Tena","WSN",57.133,218.196,200.76,48.4874,34.6985,9.42102,0.843193,3.52468,22.3584,19.7959,13.848,0.281765,56.4305,1.3276,1.26663,0.993543,4.09288,6.03348,1.84949,0.241519,0.0634659,0.258623,0.245399,0.293105,0.349516,0.282451,0.64262,0.107997,5.23151,0.316479,,0.121907,20.3599,-5.42161,79.0934,0.121907,-0.91,-5.2846949473023415,0.08544743061065674,0.210783,999,,,,,,,188,3.298245614,188,3.298245614,,,,,,,,,,,,,,,,,,,"Jose Tena","23691",677588
"Jesus Rodriguez","SFG",13.029,49.896,45.6038,12.046,8.92493,2.21419,0.190611,0.716267,5.57799,4.701,3.49172,0.263228,7.75249,0.397086,0.325997,0.0773843,1.07512,1.00286,0.190273,0.264145,0.0699799,0.155373,0.4504,0.319856,0.368176,0.301239,0.688032,0.104031,4.80942,0.30244,,0.0397965,5.41691,-0.478685,94.3368,0.0397965,-0.15,-0.29510777816176414,0.6944722235202789,0.210704,999,,,,,,,47.3,3.638461538,47.3,3.638461538,,,,,,,,,,,,,,,,,,,"Jesus Rodriguez","sa3008916",683679
"Moisés Ballesteros","CHC",89.728,345.236,312.381,79.4965,55.203,15.1156,1.03547,8.14241,37.2059,39.0857,27.3199,1.65808,65.1424,2.18044,2.77739,0.577217,6.99076,1.33213,0.43982,0.254486,0.0791341,0.188689,0.419388,0.316246,0.3877,0.30666,0.703946,0.133215,3.12582,0.295006,,-0.461927,38.9999,-1.79241,97.4497,-0.461927,0,-1.505459576845169,-7.9353461265563965,0.209258,653.969970703125,,,,,,,343.7,3.818888888,343.7,3.818888888,,,,,,,,,,,,,,,,,,,"Moises Ballesteros","28820",694208
"Alek Thomas","ARI",106.484,408.091,374.83,90.4175,59.9938,19.0207,2.47763,8.92533,46.2476,41.9475,24.1204,0.856591,95.9258,3.42541,2.36239,3.35274,8.44656,7.83835,2.18331,0.241223,0.0591055,0.23506,0.251449,0.291456,0.376622,0.290734,0.668078,0.1354,5.40777,0.299228,,0.101314,40.8234,-7.39566,83.7631,0.101314,-1.97,-7.7520322278141975,-3.7862476110458374,0.208616,999,,,,,,,370.7,3.497169811,370.7,3.497169811,,,,,,,,,,,,,,,,,,,"Alek Thomas","23792",677950
"Thairo Estrada","BAL",33.041,131.742,122.683,29.7375,21.6208,4.77267,0.767708,2.57632,14.6103,12.1102,5.91268,0.038968,24.9769,1.99922,0.928372,0.218922,2.54423,2.81312,0.927793,0.242394,0.0448807,0.18959,0.236725,0.286257,0.356811,0.281588,0.643068,0.114417,5.50453,0.282759,,-0.0120322,12.2005,-3.3658,79.9635,-0.0120322,0.08,-3.1231664828956127,0.5898919254541397,0.204735,999,,,,,,,120.3,3.645454545,120.3,3.645454545,,,,,,,,,,,,,,,,,,,"Thairo Estrada","16426",642731
"Triston Casas","BOS",45.938,188.132,163.372,37.949,23.6077,7.3628,0.189053,6.78938,20.6835,24.1771,21.8037,1.52683,47.1128,1.42211,1.33644,0.197423,3.27197,0.23448,0.146192,0.232285,0.115896,0.250424,0.462797,0.325511,0.40434,0.317744,0.729851,0.172055,1.87293,0.281207,,-0.312072,22.9454,0.716173,99.2295,-0.312072,-0.03,-0.4829179495573044,-4.022337464615703,0.20155,742.1400146484375,,,,,,,204.9,4.454347826,204.9,4.454347826,,,,,,,,,,,,,,,,,,,"Triston Casas","22514",671213
"Everson Pereira","CHW",56.962,218.843,198.917,43.7651,27.7856,8.34477,0.621246,7.01345,23.9504,23.1573,16.2046,0.175037,69.5643,2.25625,1.1446,0.320169,3.4121,3.55738,1.01387,0.220016,0.0740469,0.317873,0.232945,0.284757,0.373988,0.288314,0.658745,0.153972,4.53976,0.297622,,-0.00787012,21.462,-4.39604,82.8951,-0.00787012,0.69,-4.419758716598153,-1.1531551480293274,0.200462,999,,,,,,,200.9,3.524561403,200.9,3.524561403,,,,,,,,,,,,,,,,,,,"Everson Pereira","23695",677592
"Jesse Winker",,58.054,229.273,197.402,45.5112,30.2579,8.37303,0.476819,6.40348,26.7657,23.4897,27.1192,0.946001,50.1114,2.58535,1.44437,0.721897,4.20073,3.42934,1.15176,0.230551,0.118283,0.218567,0.541178,0.329098,0.375114,0.311724,0.704212,0.144563,3.95886,0.274765,,-0.175405,26.8426,-0.247811,98.8462,-0.175405,-0.49,-0.4880681484937668,-5.3495519161224365,0.196641,999,,,,,,,233.1,4.018965517,233.1,4.018965517,,,,,,,,,,,,,,,,,,,"Jesse Winker","13590",608385
"David Hamilton","MIL",53.401,186.475,169.851,35.3441,22.9739,6.78458,1.48129,4.10427,23.3038,14.849,13.6723,0.265669,50.5868,1.00818,1.04353,0.900385,1.10199,15.1371,2.86167,0.208089,0.0733199,0.271279,0.270275,0.269566,0.337968,0.266981,0.607534,0.129879,8.02948,0.268838,,1.6087,15.0578,-6.97567,69.2301,1.6087,-0.02,-5.191808104515076,0.8651331476867199,0.192081,737.47998046875,,,,,,,154.7,2.918867924,154.7,2.918867924,,,,,,,,,,,,,,,,,,,"David Hamilton","27531",666152
"Hyeseong Kim","LAD",47.1,164.611,152.892,37.1773,27.3661,6.67935,1.14249,1.98939,19.8713,13.945,9.40137,0.284028,37.7339,0.850492,1.08271,0.384,2.77606,6.24677,1.34041,0.24316,0.0571127,0.229231,0.249149,0.288803,0.340827,0.276268,0.629629,0.0976667,6.47181,0.307986,,0.453965,14.5336,-4.91651,75.3469,0.453965,0,-4.355799376964569,0.7268518209457397,0.189043,724.3400268554688,,,,,,,137.6,2.927659574,137.6,2.927659574,,,,,,,,,,,,,,,,,,,"Hyeseong Kim","35322",808975
"Alan Roden","MIN",48.413,178.847,160.271,39.5844,28.86,7.67636,0.830244,2.21786,19.3417,15.1985,13.6753,0.534579,30.6069,3.49294,1.16952,0.238239,4.01402,2.94323,0.783957,0.246984,0.0764636,0.171135,0.446803,0.317748,0.346756,0.294934,0.664504,0.0997712,4.82934,0.290529,,-0.0327328,18.5008,-2.63133,86.9548,-0.0327328,0.9,-2.782567083835602,-1.5341461896896362,0.188143,999,,,,,,,165.6,3.45,165.6,3.45,,,,,,,,,,,,,,,,,,,"Alan Roden","31564",702176
"Riley Adams","WSN",24.409,91.1,82.1907,16.8732,10.7077,3.37842,0.12327,2.66386,8.42681,10.0528,6.3823,0.0705342,31.3191,1.83352,0.472086,0.221427,1.57034,0.2757,0.108782,0.205294,0.0700581,0.343788,0.203783,0.276072,0.346631,0.275191,0.622703,0.141337,2.68592,0.291895,,-0.113869,7.96356,-2.8006,74.1199,-0.113869,-0.17,-2.90820474922657,1.7134104520082474,0.187859,999,,,,,,,74.1,3.0875,74.1,3.0875,,,,,,,,,,,,,,,,,,,"Riley Adams","19864",656180
"Andrew McCutchen","TEX",47.983,200.994,175.314,39.4133,24.8216,8.12866,0.216278,6.24676,22.4022,22.1562,22.5243,0.421623,47.1449,1.54982,1.35542,0.250732,3.62714,1.0154,0.366663,0.224816,0.112064,0.234559,0.477767,0.316262,0.380545,0.307267,0.696807,0.155729,2.75872,0.26904,,-0.267086,22.8044,-0.944596,97.6137,-0.267086,-0.06,-0.8323771059513092,-4.291305121034384,0.18357,999,,,,,,,199.9,4.164583333,199.9,4.164583333,,,,,,,,,,,,,,,,,,,"Andrew McCutchen","9847",457705
"Ty France","SDP",41.068,162.917,146.698,36.7544,26.638,5.94097,0.225756,3.94971,17.4143,17.4834,9.45462,0.143848,29.6738,5.28748,1.26712,0.209717,4.12989,0.301167,0.154408,0.250545,0.0580333,0.182141,0.318618,0.316498,0.374893,0.305145,0.691391,0.124348,2.38523,0.286901,,-0.275228,18.2036,-1.04634,98.3577,-0.275228,-0.03,-0.5923439264297485,-3.040385751053691,0.18289,999,,,,,,,157.2,3.834146341,157.2,3.834146341,,,,,,,,,,,,,,,,,,,"Ty France","17982",664034
"Masataka Yoshida","BOS",52.503,212.754,192.426,51.6538,36.2947,9.90483,0.482569,4.97168,23.7386,24.5378,15.153,0.679479,26.661,3.22438,1.61376,0.337284,5.57414,1.79016,0.585341,0.268435,0.071223,0.125314,0.568357,0.329688,0.402435,0.319537,0.732123,0.134,3.47688,0.28744,,-0.238117,26.2581,1.11962,100.465,-0.238117,-0.01,-0.12160961329936981,-5.422345886006951,0.181982,999,,,,,,,230.2,4.343396226,230.2,4.343396226,,,,,,,,,,,,,,,,,,,"Masataka Yoshida","31837",807799
"Nick Yorke","PIT",39.44,152.612,140.593,35.3114,25.6409,6.68639,0.550571,2.43358,16.3966,14.6296,9.65789,0.520601,34.6088,1.20317,0.948321,0.209987,2.8846,3.4375,1.1002,0.251161,0.0632839,0.226777,0.279059,0.302965,0.35848,0.289794,0.661445,0.107319,4.78136,0.314625,,-0.00058835,15.1501,-2.88219,82.2199,-0.00058835,-0.14,-3.2166001130244695,-0.09942388907074928,0.180215,999,,,,,,,135.7,3.479487179,135.7,3.479487179,,,,,,,,,,,,,,,,,,,"Nick Yorke","27504",694377
"Mark Vientos","NYM",106.623,438.359,400.419,93.1797,57.9159,17.3413,0.602648,17.3198,48.144,55.614,30.4626,0.754591,115.576,3.53682,3.52257,0.417566,8.16819,0.731052,0.301999,0.232705,0.0694924,0.263657,0.263571,0.290402,0.408786,0.302285,0.699188,0.176081,2.20044,0.279878,,-0.579277,47.9622,-3.83329,95.9609,-0.579277,-0.05,-2.6778016090393066,-10.15755920484662,0.178939,524.7000122070312,,,,,,,439.5,4.107476635,439.5,4.107476635,,,,,,,,,,,,,,,,,,,"Mark Vientos","22184",668901
"Anthony Santander","TOR",29.318,125.112,111.345,24.8292,14.1234,4.67043,0.154364,5.88101,14.7545,16.74,11.3366,0.374159,27.3782,1.37479,0.939055,0.116156,1.8478,0.329959,0.108588,0.222992,0.0906114,0.218829,0.414073,0.300334,0.426164,0.313826,0.726498,0.203171,2.44192,0.239774,,-0.153161,14.8612,0.0782725,101.33,-0.153161,0,0.04299190640449524,-2.60152006149292,0.178804,727.7100219726562,,,,,,,135.9,4.686206896,135.9,4.686206896,,,,,,,,,,,,,,,,,,,"Anthony Santander","14551",623993
"Owen Caissie","MIA",112.907,418.829,376.997,85.4389,55.3451,18.4479,0.959365,10.6865,42.7633,44.1584,35.8195,1.17733,133.412,3.0454,2.14792,0.819595,6.49982,4.64935,1.08666,0.22663,0.085523,0.318537,0.268487,0.297371,0.365693,0.291195,0.663064,0.139063,4.00816,0.318033,,-0.129306,42.0542,-7.43363,83.7218,-0.129306,1.83,-8.20978119969368,-3.9779728651046753,0.178718,650.760009765625,,,,,,,384,3.398230088,384,3.398230088,,,,,,,,,,,,,,,,,,,"Owen Caissie","27496",683357
"Dom Keegan","TBR",17.342,68.583,62.6611,14.301,9.46166,2.94485,0.171553,1.72297,6.57852,7.65462,4.66484,0.113396,18.713,0.692554,0.47532,0.0891623,1.1978,0.10585,0.0282019,0.228228,0.0680175,0.272852,0.249284,0.28701,0.36319,0.284664,0.6502,0.134962,2.63479,0.294565,,-0.0874612,6.52269,-1.58092,79.7557,-0.0874612,-0.23,-1.7238674089312553,1.108117237687111,0.178511,999,,,,,,,60.9,3.582352941,60.9,3.582352941,,,,,,,,,,,,,,,,,,,"Dom Keegan","sa3020194",681371
"CJ Kayfus","CLE",75.936,295.242,265.015,61.441,39.6304,12.6144,1.6666,7.52964,32.4703,30.1911,23.9822,0.332794,83.1588,3.70576,1.86322,0.676102,4.61803,3.1096,0.876991,0.23184,0.081229,0.281663,0.288391,0.302577,0.377253,0.298314,0.67983,0.145413,4.60581,0.305985,,-0.179439,31.3514,-3.53368,91.2254,-0.179439,-0.46,-3.2328072041273117,-5.209083527326584,0.175963,999,,,,,,,287.8,3.786842105,287.8,3.786842105,,,,,,,,,,,,,,,,,,,"CJ Kayfus","33704",692216
"Mike Tauchman","NYM",44.298,168.925,146.665,33.1388,22.4894,6.37001,0.0702755,4.20911,18.408,16.7506,19.2503,0.108286,38.3343,1.72331,0.955743,0.330891,3.29632,1.07693,0.475533,0.225949,0.113958,0.226931,0.502169,0.320962,0.356437,0.302623,0.677399,0.130487,2.63265,0.275319,,-0.265566,18.5291,-1.43071,96.193,-0.265566,-0.46,-1.0277721583843231,-2.875426024198532,0.175668,999,,,,,,,157.7,3.584090909,157.7,3.584090909,,,,,,,,,,,,,,,,,,,"Mike Tauchman","15274",643565
"Ryan Ritter","COL",56.954,218.916,197.324,48.2888,33.4775,9.81613,1.47331,3.52179,24.0203,19.7689,14.8035,0.446306,59.668,3.52547,1.35538,1.90734,3.94442,3.78329,1.00317,0.244718,0.0676218,0.272561,0.248098,0.306982,0.36294,0.294667,0.669922,0.118222,5.47274,0.330408,,0.00678046,22.5983,-3.26836,73.7883,0.00678046,0.65,-6.794128578621894,1.2275757789611816,0.175654,999,,,,,,,205.9,3.612280701,205.9,3.612280701,,,,,,,,,,,,,,,,,,,"Ryan Ritter","31500",690022
"Andruw Monasterio","BOS",35.047,120.328,108.807,25.7378,17.5291,4.75492,0.370835,3.08296,13.2905,12.6612,9.36801,0.0808123,29.193,1.10667,0.887886,0.1581,1.67697,2.72395,0.908193,0.236545,0.0778539,0.242612,0.320899,0.301344,0.372064,0.295703,0.673408,0.135519,4.73148,0.292626,,-0.0114693,12.5225,-1.69521,84.0464,-0.0114693,-0.12,-2.2740155663341284,-0.15605659782886505,0.1751,999,,,,,,,112.2,3.205714285,112.2,3.205714285,,,,,,,,,,,,,,,,,,,"Andruw Monasterio","19455",655316
"Leody Taveras","BAL",24.728,93.166,85.4701,20.3322,13.5436,3.64154,0.415611,2.73137,11.5913,9.12335,6.08954,0.171771,20.3915,0.283259,0.712398,0.610709,1.20102,3.80965,0.911208,0.237886,0.0653623,0.218873,0.298631,0.28853,0.386089,0.292584,0.674618,0.148202,6.14454,0.279114,,0.258426,9.45983,-1.54845,87.5386,0.258426,-0.38,-1.1099261939525604,-0.41469136625528336,0.17209,999,,,,,,,89.6,3.584,89.6,3.584,,,,,,,,,,,,,,,,,,,"Leody Taveras","18900",665750
"Tyrone Taylor","NYM",75.6,281.335,259.206,58.9478,38.126,12.049,2.30979,6.46298,31.8489,25.9997,14.2514,0.43486,64.63,4.77152,1.87483,1.2316,3.21176,7.61066,2.00035,0.227417,0.0506563,0.229726,0.220508,0.278364,0.366525,0.280885,0.644889,0.139108,6.27924,0.276254,,0.328547,25.8938,-7.34811,81.3017,0.328547,0.53,-5.906204581260681,-1.773418664932251,0.171932,999,,,,,,,240.6,3.165789473,240.6,3.165789473,,,,,,,,,,,,,,,,,,,"Tyrone Taylor","13675",621438
"Curtis Mead","CHW",24.925,91.692,83.9311,20.1739,13.4617,4.21281,0.18709,2.31228,9.60428,9.41478,5.54662,0.189035,18.908,1.47438,0.632154,0.107793,1.4847,1.25226,0.452912,0.240363,0.0604919,0.206212,0.293348,0.296939,0.377664,0.294653,0.674602,0.137301,3.97412,0.281983,,-0.0689962,9.46418,-1.36994,87.2621,-0.0689962,-0.04,-1.445573978126049,-0.04000001041449508,0.170894,999,,,,,,,81.3,3.252,81.3,3.252,,,,,,,,,,,,,,,,,,,"Curtis Mead","23986",678554
"Ryan Bliss","SEA",26.778,99.096,89.8661,19.1995,12.8184,3.76704,0.632158,1.98187,11.9854,7.80627,7.20822,0.104168,26.7632,0.934311,0.611517,0.475858,1.04572,5.87051,1.5535,0.213645,0.0727398,0.270074,0.269333,0.277245,0.335793,0.270553,0.613039,0.122148,7.06888,0.278906,,0.400226,8.28935,-3.4196,77.4488,0.400226,0.08,-2.2336671352386475,0.49324072897434235,0.170892,999,,,,,,,82.3,3.048148148,82.3,3.048148148,,,,,,,,,,,,,,,,,,,"Ryan Bliss","29547",669208
"Santiago Espinal","LAD",33.97,123.204,112.604,28.1848,20.9659,4.9429,0.348913,1.9271,13.723,11.5278,7.72444,0.125507,16.0873,0.747834,0.932779,1.19525,2.51587,1.53091,0.559869,0.250301,0.0626963,0.130575,0.480157,0.300446,0.351736,0.286851,0.652182,0.101436,4.05119,0.274886,,-0.116606,11.9363,-2.62118,82.5965,-0.116606,-0.31,-2.6578976809978485,0.21422839164733887,0.169364,999,,,,,,,105.1,3.09117647,105.1,3.09117647,,,,,,,,,,,,,,,,,,,"Santiago Espinal","19997",669289
"Elias Díaz","KCR",23.06,82.005,74.4526,16.0393,10.7529,2.9145,0,2.37192,7.71769,9.29439,5.4509,0.0957876,19.5012,0.538888,0.468741,0.359909,1.64899,0.154229,0.0750699,0.21543,0.0664703,0.237805,0.279516,0.272263,0.35015,0.272992,0.622414,0.13472,1.92621,0.257642,,-0.109794,7.02211,-2.66741,69.5811,-0.109794,0.09,-3.049858793616295,1.869320958852768,0.167991,999,,,,,,,61.1,2.656521739,61.1,2.656521739,,,,,,,,,,,,,,,,,,,"Elias Diaz","11680",553869
"Justyn-Henry Malloy","TBR",39.198,142.891,124.467,29.2187,19.3444,5.6953,0.256428,3.9225,15.7546,15.7336,15.6978,0.0736917,37.8085,1.61841,0.960052,0.147811,2.39678,0.897078,0.353999,0.23475,0.109858,0.264597,0.415191,0.326004,0.379172,0.312404,0.705176,0.144421,3.115,0.302239,,-0.207088,16.8082,-0.0754868,98.8653,-0.207088,-0.38,-0.39818844199180603,-2.8860450983047485,0.167163,999,,,,,,,149.3,3.828205128,149.3,3.828205128,,,,,,,,,,,,,,,,,,,"Justyn-Henry Malloy","29606",669234
"Zach Cole","HOU",86.94,342.069,307.936,62.258,37.0913,12.1725,2.45359,10.5406,39.9899,34.1233,27.3706,1.65457,136.558,4.57931,1.78702,0.395831,3.82742,7.74253,1.81861,0.202178,0.0800148,0.399211,0.200432,0.275725,0.360333,0.277695,0.636058,0.158155,6.31535,0.318017,,0.358888,30.5977,-9.82038,76.413,0.358888,1.03,-9.150623828172684,-1.0073456764221191,0.165285,746.6599731445312,,,,,,,294.4,3.383908045,294.4,3.383908045,,,,,,,,,,,,,,,,,,,"Zach Cole","31583",805904
"Leo De Vries","ATH",8.035,30.845,27.797,6.80582,3.86592,1.59688,0.167046,1.17597,3.854,3.79568,2.46239,0.157057,6.96887,0.281549,0.240889,0.063188,0.354573,0.573125,0.104016,0.24484,0.079831,0.225932,0.353341,0.31024,0.441224,0.32224,0.751464,0.196384,5.36861,0.283006,,0.0294293,3.8746,0.23003,103.704,0.0294293,0,0.16407660208642483,0.37199074029922485,0.163465,999,,,,,,,34.3,4.2875,34.3,4.2875,,,,,,,,,,,,,,,,,,,"Leo De Vries","sa3023363",815888
"Jahmai Jones","DET",41.298,135.438,119.075,29.0196,17.8932,6.36597,0.314593,4.44591,17.1372,14.6881,12.6366,0.121828,31.7973,2.03917,0.844332,0.843033,2.1688,2.95644,0.851408,0.243709,0.0933018,0.234774,0.397412,0.324644,0.414466,0.323053,0.73911,0.170757,4.63998,0.293677,,0.028417,17.1025,1.09942,106.832,0.028417,0,1.119051581248641,-4.1928606033325195,0.162446,999,,,,,,,146.3,3.568292682,146.3,3.568292682,,,,,,,,,,,,,,,,,,,"Jahmai Jones","18872",663330
"Kyle Farmer","ATL",23.161,87.643,79.6806,18.901,12.9351,3.48114,0.284077,2.20062,9.45963,9.31626,5.18541,0.0430091,19.3625,1.72673,0.618484,0.13936,1.69645,0.742627,0.334701,0.237209,0.0591651,0.220924,0.267807,0.295984,0.370882,0.29264,0.666866,0.133673,3.88056,0.284329,,-0.119282,8.903,-1.4527,85.582,-0.119282,-0.09,-1.6169540658593178,0.26742279529571533,0.16026,999,,,,,,,76.8,3.339130434,76.8,3.339130434,,,,,,,,,,,,,,,,,,,"Kyle Farmer","14813",571657
"Christopher Morel","MIA",92.097,351.796,314.178,69.7896,40.0731,14.5974,1.07072,14.0484,41.878,43.9335,31.1764,0.661095,106.584,3.68606,2.28151,0.474019,5.11378,7.38921,2.43219,0.222134,0.0886207,0.302971,0.292506,0.297881,0.409557,0.307185,0.707437,0.187422,4.73677,0.284645,,-0.00851918,39.8906,-1.67676,94.6754,-0.00851918,-0.55,-2.2285986011847854,-7.924410164356232,0.15872,999,,,,,,,371.5,4.038043478,371.5,4.038043478,,,,,,,,,,,,,,,,,,,"Christopher Morel","21897",666624
"Reese McGuire","MIL",19.886,67.164,61.4149,13.2517,8.86506,2.37134,0.167084,1.84823,6.19064,7.51727,4.04905,0.0942949,16.071,0.595208,0.409711,0.486529,1.18875,0.42258,0.147714,0.215773,0.0602861,0.23928,0.251948,0.269238,0.350109,0.27098,0.619347,0.134335,3.18272,0.259728,,-0.0645372,5.64156,-2.29439,71.9698,-0.0645372,0.07,-2.2958325669169426,1.6044135764241219,0.157883,999,,,,,,,51.4,2.57,51.4,2.57,,,,,,,,,,,,,,,,,,,"Reese McGuire","15674",624512
"Luis Rengifo","MIL",106.809,424.513,390.569,93.7486,70.3069,15.5971,2.11654,5.72803,43.3122,38.5702,26.1955,0.410322,76.5419,3.85002,2.75786,1.14092,8.25323,12.2769,4.03566,0.240031,0.0617072,0.180305,0.342238,0.2924,0.334801,0.277095,0.627202,0.0947702,5.28569,0.282973,,0.14292,37.7652,-12.3943,76.1584,0.14292,-2.41,-11.852622047066689,-0.7617131471633911,0.154422,608.6500244140625,,,,,,,351.2,3.28224299,351.2,3.28224299,,,,,,,,,,,,,,,,,,,"Luis Rengifo","19858",650859
"Nacho Alvarez Jr.","ATL",16.053,55.109,49.6422,11.9415,8.73366,2.0255,0.227082,0.955261,5.96797,4.99496,4.17958,0.137523,11.4766,0.84791,0.292521,0.146797,1.08742,0.72972,0.29546,0.240552,0.0758421,0.208254,0.364181,0.308739,0.348231,0.291036,0.656971,0.10768,4.46025,0.292945,,-0.0649909,5.52633,-0.985228,84.4829,-0.0649909,0.01,-1.0784986391663551,0.7531944010406733,0.154306,999,,,,,,,49.3,3.08125,49.3,3.08125,,,,,,,,,,,,,,,,,,,"Nacho Alvarez Jr.","31765",805373
"Alex Freeland","LAD",20.596,78.517,69.9054,15.2379,10.0512,3.00996,0.215884,1.96083,9.38495,7.75323,7.20193,0.136053,21.589,0.781253,0.483372,0.145017,1.22007,1.65423,0.522246,0.217979,0.0917244,0.27496,0.333592,0.296293,0.351362,0.286631,0.647656,0.133383,4.96857,0.283463,,-0.00118163,7.59289,-1.6845,82.4457,-0.00118163,0.12,-1.6347656529396772,0.5286507830023766,0.154099,999,,,,,,,66.5,3.166666666,66.5,3.166666666,,,,,,,,,,,,,,,,,,,"Alex Freeland","31665",690976
"DJ LeMahieu",,30.636,108.484,97.3546,22.9847,17.3763,3.53636,0.235623,1.83644,11.0808,9.92725,9.79963,0.0676333,23.4733,0.44318,0.593348,0.293252,3.01722,0.34234,0.159201,0.236093,0.0903325,0.216375,0.41748,0.30712,0.333848,0.286014,0.640968,0.0977554,2.73041,0.291145,,-0.178613,10.4365,-2.3817,81.1853,-0.178613,0,-2.5910032391548157,0.39860376715660095,0.151337,999,,,,,,,92.2,2.974193548,92.2,2.974193548,,,,,,,,,,,,,,,,,,,"DJ LeMahieu","9874",518934
"Dylan Moore","PHI",45.867,162.558,143.405,29.9719,17.7429,5.99579,0.571221,5.66206,21.2747,16.7509,14.5144,0.157696,48.8089,3.18196,1.04066,0.350684,1.37543,8.25878,2.65851,0.209002,0.0892875,0.300255,0.297372,0.293991,0.377227,0.295272,0.671218,0.168226,6.50583,0.270185,,0.330133,16.8604,-2.34709,86.2452,0.330133,-0.23,-2.3199318647384644,-1.64564810693264,0.147613,999,,,,,,,165.3,3.59347826,165.3,3.59347826,,,,,,,,,,,,,,,,,,,"Dylan Moore","18042",664238
"Esteury Ruiz","MIA",34.292,108.706,98.1663,23.0441,16.3358,4.09757,0.704311,1.90644,14.0075,8.10479,7.01197,0.111826,25.4904,2.22238,0.651261,0.624374,1.41131,9.04496,1.95482,0.234746,0.064504,0.234489,0.275083,0.298731,0.349098,0.286468,0.647829,0.114352,7.67107,0.29596,,0.840393,10.4979,-2.34658,80.4837,0.840393,-0.66,-1.6740719079971313,-0.527700662612915,0.144762,746.7100219726562,,,,,,,105.4,3.1,105.4,3.1,,,,,,,,,,,,,,,,,,,"Esteury Ruiz","21780",665923
"Max Schuemann","NYY",20.307,69.342,61.1369,13.5757,9.67801,2.49748,0.227245,1.17297,7.52502,5.37293,5.90192,0.0708183,15.5855,1.18795,0.520157,0.595077,1.20008,1.83461,0.522456,0.222054,0.0851132,0.224762,0.378681,0.300604,0.327897,0.281126,0.6285,0.105842,5.12786,0.276239,,0.0427392,6.39571,-1.79759,79.3291,0.0427392,0.04,-1.6466409750282764,0.666759230196476,0.143929,999,,,,,,,54.6,2.73,54.6,2.73,,,,,,,,,,,,,,,,,,,"Max Schuemann","24488",680474
"Mickey Gasper","BOS",12.772,38.031,33.7848,7.7528,5.35132,1.55591,0.0822772,0.763301,3.7847,3.81254,3.26381,0.0916365,7.17058,0.620795,0.265381,0.0962009,0.728857,0.285768,0.0891152,0.229476,0.0858197,0.188546,0.455166,0.306774,0.348179,0.290603,0.654953,0.118703,3.36873,0.26763,,-0.0397082,3.80039,-0.693269,80.5332,-0.0397082,0.01,-0.9122883751988411,0.9954938385635614,0.142436,999,,,,,,,38,2.923076923,38,2.923076923,,,,,,,,,,,,,,,,,,,"Mickey Gasper","24759",681508
"Jon Berti",,40.767,142.264,129.667,31.2615,24.1849,5.1779,0.731807,1.16691,16.3191,9.91446,9.67381,0.173888,31.6322,1.21384,0.734402,0.851466,2.83947,6.84905,1.77007,0.24109,0.067999,0.222348,0.305822,0.298318,0.319308,0.274995,0.617626,0.0782174,6.23588,0.308338,,0.414546,12.4135,-4.39613,73.6156,0.414546,-0.21,-4.021827131509781,0.5988690108060837,0.142406,999,,,,,,,113.9,2.77804878,113.9,2.77804878,,,,,,,,,,,,,,,,,,,"Jon Berti","12037",542932
"Heriberto Hernández","MIA",83.2,334.705,297.004,66.4716,40.7454,13.7609,1.45269,10.5127,36.2258,37.5215,30.6099,1.05555,101.444,3.44742,2.24681,1.39661,5.48053,2.94823,0.852902,0.223807,0.0914535,0.303084,0.301743,0.301609,0.386108,0.300459,0.687718,0.162301,4.0545,0.298775,,-0.246488,36.1249,-3.42306,90.068,-0.246488,0.95,-4.186470180749893,-5.5767486691474915,0.140424,999,,,,,,,327.2,3.942168674,327.2,3.942168674,,,,,,,,,,,,,,,,,,,"Heriberto Hernandez","24878",681715
"Jack Suwinski","LAD",33.894,115.446,101.264,20.9944,11.9388,4.17228,0.49293,4.39045,14.873,13.6219,11.9602,0.430506,35.7373,1.23004,0.765384,0.226669,1.40977,2.19646,0.630757,0.207324,0.1036,0.309559,0.334669,0.296692,0.388332,0.299206,0.685024,0.181008,5.46952,0.268233,,0.0179349,12.3427,-1.29814,91.0597,0.0179349,0,-1.2053416017442942,-1.2725528478622437,0.139454,999,,,,,,,105.8,3.111764705,105.8,3.111764705,,,,,,,,,,,,,,,,,,,"Jack Suwinski","22244",669261
"Aidan Miller","PHI",13.611,53.94,48.4889,11.0402,7.32514,2.30322,0.165351,1.24649,6.34677,5.12165,4.40027,0.0408903,14.1282,0.654082,0.319921,0.0767969,0.752467,2.20739,0.333984,0.227685,0.0815772,0.261924,0.311453,0.298804,0.359125,0.290505,0.657929,0.13144,5.93974,0.292925,,0.223251,5.38588,-0.987546,82.9802,0.223251,0,-0.864827036857605,0.4200925827026367,0.138108,999,,,,,,,47.6,3.4,47.6,3.4,,,,,,,,,,,,,,,,,,,"Aidan Miller","sa3022609",805795
"Nolan Jones","CLE",37.627,143.532,125.957,28.3436,18.8127,5.47026,0.487924,3.57269,16.2032,13.7787,15.1321,0.583847,41.2681,1.27311,0.840056,0.329228,2.37677,3.04228,0.861713,0.225025,0.105427,0.287519,0.366678,0.312486,0.361295,0.29786,0.673781,0.13627,4.9345,0.302244,,0.0269261,15.1886,-1.77079,90.9128,0.0269261,-0.67,-1.5103558581322432,-2.1387372612953186,0.13209,999,,,,,,,133.8,3.521052631,133.8,3.521052631,,,,,,,,,,,,,,,,,,,"Nolan Jones","20529",666134
"Luke Maile","KCR",32.766,99.049,87.2179,18.25,12.9246,3.51578,0.0561976,1.75343,9.41233,8.78054,8.53978,0.0524197,27.7761,1.3756,0.586729,0.699893,1.80415,0.910167,0.368408,0.209246,0.0862177,0.280427,0.307451,0.288225,0.311157,0.26959,0.599382,0.101911,3.04547,0.28308,,-0.119272,8.20798,-3.49542,67.2373,-0.119272,0,-3.944012999534607,1.819683313369751,0.131449,999,,,,,,,76.1,2.306060606,76.1,2.306060606,,,,,,,,,,,,,,,,,,,"Luke Maile","13355",571912
"Luis Urías",,29.483,111.609,98.5075,21.8246,15.0806,3.96244,0.166599,2.61497,11.4323,11.0744,9.6968,0.0462887,20.5277,2.35846,0.805703,0.137102,2.1396,0.672678,0.28386,0.221552,0.0868819,0.183925,0.472377,0.304214,0.344797,0.289576,0.649011,0.123245,2.95763,0.252192,,-0.160546,11.0599,-2.12756,83.6321,-0.160546,-0.63,-2.3196709901094437,-0.17501544952392578,0.13123,999,,,,,,,101.9,3.513793103,101.9,3.513793103,,,,,,,,,,,,,,,,,,,"Luis Urias","16622",649966
"Austin Slater","DET",24.703,88.822,78.3633,18.6319,12.9019,3.46473,0.193132,2.07212,10.0901,8.51558,8.57789,0.00392949,24.8475,1.116,0.527195,0.237572,1.86058,1.04925,0.316789,0.237763,0.0965739,0.279745,0.345222,0.31976,0.366233,0.304637,0.685993,0.12847,3.87735,0.318635,,-0.0690256,9.88793,-0.607071,94.1461,-0.0690256,0.04,-0.6818573474884033,-1.103657327592373,0.1301,999,,,,,,,87.8,3.512,87.8,3.512,,,,,,,,,,,,,,,,,,,"Austin Slater","16153",596103
"Angel Martínez","CLE",65.712,258.537,235.53,54.0865,36.7004,10.645,1.13167,5.60941,26.5139,24.2385,16.0567,0.324373,54.2127,2.64099,2.06792,2.24167,4.09995,4.50028,1.33493,0.229638,0.0621061,0.20969,0.29618,0.283986,0.355891,0.280185,0.639877,0.126254,4.85965,0.272687,,-0.0102009,23.6485,-6.89963,78.7375,-0.0102009,-2,-6.489235835149884,-1.1460429430007935,0.129235,999,,,,,,,224.1,3.395454545,224.1,3.395454545,,,,,,,,,,,,,,,,,,,"Angel Martinez","26540",682657
"Starling Marte","KCR",61.985,253.637,230.235,59.7073,42.7891,10.6446,0.693573,5.58006,30.493,25.7628,15.6532,0.252952,51.9679,4.48387,1.51752,1.74727,5.6959,7.54245,2.56628,0.259332,0.0617151,0.204891,0.301209,0.316982,0.3843,0.307741,0.701281,0.124968,5.21283,0.310711,,0.0438068,28.8749,-1.09429,93.5185,0.0438068,-0.48,-1.8937877155840397,-5.606173485517502,0.125825,999,,,,,,,266.8,4.303225806,266.8,4.303225806,,,,,,,,,,,,,,,,,,,"Starling Marte","9241",516782
"Rafael Flores Jr.","PIT",21.024,71.613,65.4666,15.2037,10.3518,2.96753,0.104623,1.77969,7.23337,7.74531,5.12115,0.125415,20.6019,0.554295,0.387937,0.0830109,1.28544,0.385155,0.079685,0.232236,0.0715114,0.287684,0.248576,0.291893,0.362315,0.287043,0.654209,0.130079,3.18982,0.30879,,-0.0605803,6.94923,-1.5124,80.3355,-0.0605803,0.17,-1.7296263501048088,0.5755555480718613,0.125692,999,,,,,,,64.5,3.071428571,64.5,3.071428571,,,,,,,,,,,,,,,,,,,"Rafael Flores Jr.","31991",804668
"Maximo Acosta","MIA",22.416,81.422,74.9202,17.5612,11.9063,3.59162,0.347745,1.71555,8.90866,7.81601,5.00881,0.0615363,20.1701,0.718393,0.519027,0.255593,1.29101,2.84728,0.748458,0.234399,0.0615167,0.247724,0.248328,0.286922,0.360316,0.283444,0.647238,0.125917,5.75705,0.295884,,0.146944,7.66315,-1.95749,78.4125,0.146944,-0.21,-1.9362946152687073,0.4434156268835068,0.124417,999,,,,,,,77.1,3.504545454,77.1,3.504545454,,,,,,,,,,,,,,,,,,,"Maximo Acosta","27963",691185
"Emmanuel Rodriguez","MIN",13.042,52.164,44.7233,9.57489,6.067,1.85288,0.341919,1.31308,6.41382,4.56507,6.64482,0.10908,17.4354,0.441016,0.281419,0.0734334,0.682223,1.30926,0.224818,0.214092,0.127383,0.334241,0.381111,0.319841,0.358892,0.302573,0.678734,0.144801,6.16817,0.31466,,0.0836753,5.71964,-0.443936,92.2171,0.0836753,0,-0.3948255553841591,-0.20126543939113617,0.122704,999,,,,,,,49.1,3.776923076,49.1,3.776923076,,,,,,,,,,,,,,,,,,,"Emmanuel Rodriguez","sa3014693",691181
"Jake Bauers","MIL",86.159,312.675,272.809,56.2713,33.0353,10.8766,0.969983,11.3895,35.8067,37.9534,35.2129,0.758403,96.1299,2.6174,1.65464,0.381474,3.48966,7.33078,2.2392,0.206267,0.112618,0.307444,0.366305,0.301324,0.378494,0.299242,0.679818,0.172227,4.98216,0.268844,,0.0863381,33.4384,-3.50659,91.3302,0.0863381,-0.37,-3.12654110789299,-6.09043276309967,0.121322,999,,,,,,,303.3,3.526744186,303.3,3.526744186,,,,,,,,,,,,,,,,,,,"Jake Bauers","15194",641343
"Manuel Margot",,12.812,47.335,43.5097,10.9273,7.7177,1.95364,0.132698,1.12328,5.2764,5.05211,2.86709,0.0317556,8.19107,0.473042,0.371142,0.114073,1.01259,0.688229,0.221218,0.251147,0.0605701,0.173045,0.350026,0.302142,0.379598,0.297887,0.681741,0.128452,4.1342,0.283629,,-0.0257373,5.01006,-0.582937,89.341,-0.0257373,0,-0.6220636740326881,0.19771604239940643,0.120491,999,,,,,,,43.7,3.361538461,43.7,3.361538461,,,,,,,,,,,,,,,,,,,"Manuel Margot","14712",622534
"Graham Pauley","MIA",81.072,304.772,274.677,60.3463,39.0897,12.9108,0.798894,7.54692,29.8651,31.8628,24.4351,0.776763,64.9929,2.83718,2.10091,0.721726,4.59291,4.10712,1.21912,0.219699,0.080175,0.213251,0.375966,0.288171,0.354946,0.282606,0.643117,0.135247,4.1351,0.258519,,-0.110797,28.4766,-7.53457,77.8381,-0.110797,0.82,-8.11605804413557,-0.8583198189735413,0.119241,999,,,,,,,265.4,3.276543209,265.4,3.276543209,,,,,,,,,,,,,,,,,,,"Graham Pauley","31363",688363
"Josh Rojas","KCR",15.932,60.907,54.1236,12.5562,8.43427,2.58875,0.245559,1.28766,6.77065,6.03023,5.69848,0.120939,13.4316,0.240126,0.482401,0.284004,0.99645,1.27753,0.434575,0.231992,0.0935603,0.220526,0.42426,0.305475,0.36027,0.293365,0.665744,0.128278,4.90289,0.282514,,-0.0165462,6.22292,-0.973708,83.615,-0.0165462,0,-1.1927605830132961,0.24586418271064758,0.1176,999,,,,,,,56.8,3.55,56.8,3.55,,,,,,,,,,,,,,,,,,,"Josh Rojas","19734",668942
"Johan Rojas","PHI",26.311,93.855,85.9913,20.2167,15.0061,3.32526,0.638302,1.24698,10.9673,6.36954,4.68106,0.138167,20.4027,0.758123,0.55043,1.87413,1.59065,5.02011,0.977599,0.235101,0.0498754,0.217385,0.229433,0.278926,0.332121,0.268343,0.611046,0.0970192,7.03473,0.292327,,0.469617,7.68256,-3.40713,67.7981,0.469617,0.73,-3.112440824508667,1.1360339522361755,0.117268,999,,,,,,,74.5,2.865384615,74.5,2.865384615,,,,,,,,,,,,,,,,,,,"Johan Rojas","24336",679032
"Trey Sweeney","DET",19.485,71.287,64.7448,13.5611,8.64902,2.55806,0.515686,1.83829,7.80379,6.80384,5.47507,0.120979,19.8376,0.588791,0.398248,0.0801109,1.0634,1.30717,0.345549,0.209454,0.0768032,0.278278,0.275995,0.275604,0.350072,0.274659,0.625677,0.140618,5.61276,0.269693,,0.0235948,6.20084,-2.22227,73.4957,0.0235948,-0.01,-2.203300027176738,0.8920833375304937,0.116878,999,,,,,,,66.5,3.5,66.5,3.5,,,,,,,,,,,,,,,,,,,"Trey Sweeney","29575",700242
"Adael Amador","COL",38.961,145.748,130.679,32.2297,23.0869,5.90203,0.507485,2.73326,16.9458,13.8526,12.0715,0.260283,24.8618,1.23845,0.93937,0.820029,2.96813,4.73573,1.51389,0.246633,0.0828242,0.170581,0.485542,0.314222,0.362312,0.298585,0.676534,0.115679,5.20448,0.283557,,0.0886198,15.5089,-1.71234,76.4723,0.0886198,-0.35,-3.975588671863079,0.25124993920326233,0.115074,999,,,,,,,142.4,3.651282051,142.4,3.651282051,,,,,,,,,,,,,,,,,,,"Adael Amador","27962",691182
"Brice Matthews","HOU",17.715,65.655,58.9742,12.3001,7.73903,2.2989,0.112487,2.14966,8.10416,6.43102,5.28749,0.0150954,22.4783,0.848086,0.334289,0.210963,0.774609,3.05474,0.441172,0.208567,0.0805345,0.34237,0.235226,0.281701,0.360716,0.283106,0.642416,0.152149,6.10474,0.292684,,0.338785,6.16117,-1.59647,80.14,0.338785,0.18,-1.1980207860469818,0.05573653429746628,0.11433,999,,,,,,,56.5,3.138888888,56.5,3.138888888,,,,,,,,,,,,,,,,,,,"Brice Matthews","33280",694728
"David Fry","CLE",54.603,196.172,175.84,39.3603,24.5749,7.92195,0.25169,6.61169,21.0717,22.5915,15.5027,0.371987,51.537,3.20052,1.38132,0.247202,3.1055,1.64609,0.604718,0.223841,0.0790259,0.262713,0.300806,0.296356,0.384557,0.297856,0.680913,0.160716,3.23783,0.27503,,-0.201677,20.7584,-2.42084,90.9101,-0.201677,0.03,-2.3033772706985474,-3.34055563993752,0.113361,999,,,,,,,189.4,3.443636363,189.4,3.443636363,,,,,,,,,,,,,,,,,,,"David Fry","24934",681807
"Kyle Isbel","KCR",117.837,443.761,401.197,90.5816,64.4263,15.7447,4.04485,6.3658,47.5728,33.9693,28.3188,0.565147,87.7772,3.90912,2.75491,7.58096,8.41252,10.1693,2.36433,0.225778,0.0638153,0.197803,0.322621,0.281557,0.332787,0.270777,0.614344,0.107009,6.22381,0.271831,,0.431276,37.2014,-15.2324,68.0554,0.431276,0.25,-16.27653580904007,2.068472146987915,0.109011,999,,,,,,,343.6,2.911864406,343.6,2.911864406,,,,,,,,,,,,,,,,,,,"Kyle Isbel","21614",664728
"Alex Verdugo","SDP",24.962,92.58,83.8936,20.8105,14.4326,4.45015,0.087717,1.84009,9.68307,9.51832,7.16327,0.150967,13.7635,0.605027,0.681198,0.236866,2.09532,0.451088,0.164308,0.248059,0.0773738,0.148666,0.520455,0.309485,0.368996,0.298079,0.678481,0.120937,2.79891,0.275049,,-0.122636,9.81333,-1.12571,93.5174,-0.122636,-0.03,-0.8339490294456482,-1.1856481116265059,0.108509,999,,,,,,,88,3.52,88,3.52,,,,,,,,,,,,,,,,,,,"Alex Verdugo","17027",657077
"Jorge Mateo","ATL",48.454,166.877,154.108,34.4814,22.6017,7.20381,1.30581,3.37003,22.5584,12.3813,8.46403,0.205756,44.9077,1.24882,1.01832,1.68592,1.44051,13.2032,2.9126,0.223748,0.0507202,0.269106,0.188476,0.268105,0.353044,0.270358,0.621149,0.129296,8.29114,0.291172,,1.23591,13.9329,-5.7849,70.3184,1.23591,-0.25,-4.63462495803833,0.14167693257331848,0.108358,999,,,,,,,133.9,2.789583333,133.9,2.789583333,,,,,,,,,,,,,,,,,,,"Jorge Mateo","17273",622761
"Myles Straw","TOR",47.409,158.434,142.685,33.9552,25.7681,5.64675,0.855595,1.6848,17.7907,11.1118,11.4998,0.426839,29.8526,0.608002,1.18626,2.45502,2.61822,6.31143,1.29995,0.237974,0.0725844,0.188423,0.385221,0.295316,0.324965,0.274451,0.620281,0.0869913,6.04342,0.287273,,0.482705,13.7544,-4.96576,74.2066,0.482705,1.12,-4.333773761987686,-0.06184828281402588,0.108187,999,,,,,,,133.9,2.84893617,133.9,2.84893617,,,,,,,,,,,,,,,,,,,"Myles Straw","17620",664702
"Tim Tawa","ARI",47.889,178.044,162.726,37.0962,24.6132,7.49622,0.595527,4.39121,19.4993,18.8933,12.4034,0.038559,45.6943,1.27544,1.18701,0.452447,3.1067,3.18195,1.04443,0.227968,0.0696647,0.256646,0.271443,0.285909,0.36231,0.284226,0.648219,0.134342,4.65513,0.287321,,-0.0438588,16.8699,-4.16742,79.3047,-0.0438588,0.15,-4.410960964858532,-0.4658564627170563,0.107096,999,,,,,,,149.7,3.11875,149.7,3.11875,,,,,,,,,,,,,,,,,,,"Tim Tawa","29571",694374
"Chris Taylor","LAA",45.978,160.723,142.886,30.4542,19.8612,5.90769,0.586871,4.09845,17.2352,14.6949,13.8145,0.111711,51.5787,2.13479,0.888135,0.401747,1.91317,3.71966,1.10631,0.213137,0.0859524,0.320916,0.267834,0.290525,0.348747,0.283306,0.639271,0.13561,5.14595,0.299168,,0.0552061,15.1087,-3.88199,78.5247,0.0552061,0,-4.012886244803667,-0.5068122148513794,0.103553,999,,,,,,,138.5,3.010869565,138.5,3.010869565,,,,,,,,,,,,,,,,,,,"Chris Taylor","13757",621035
"Paul DeJong","NYY",17.819,67.625,61.7308,12.6585,7.60531,2.34163,0.0568217,2.65474,6.96182,7.89066,3.9229,0.00299173,21.3633,0.882256,0.527379,0.0730128,0.806736,0.644212,0.241957,0.20506,0.0580096,0.315909,0.183628,0.260405,0.373849,0.275708,0.634254,0.168789,3.48025,0.261604,,-0.0521532,5.9399,-2.05052,75.5973,-0.0521532,0.02,-1.9971465356647968,0.6616306491196156,0.101497,999,,,,,,,61.7,3.427777777,61.7,3.427777777,,,,,,,,,,,,,,,,,,,"Paul DeJong","18015",657557
"Michael Conforto","CHC",40.693,158.078,137.942,29.9757,19.2867,5.78501,0.290279,4.6137,16.9373,17.48,16.4968,0.431033,39.7632,2.44622,0.971897,0.221018,3.02628,0.255407,0.088881,0.217307,0.104359,0.251542,0.414877,0.309893,0.363793,0.298535,0.673686,0.146487,2.45463,0.268276,,-0.234852,16.8146,-1.86354,91.8837,-0.234852,-0.65,-1.7554909139871597,-2.5339351892471313,0.0992296,999,,,,,,,148.4,3.619512195,148.4,3.619512195,,,,,,,,,,,,,,,,,,,"Michael Conforto","16376",624424
"Endy Rodríguez","PIT",23.787,87.905,79.949,18.8996,12.402,4.42839,0.398515,1.67073,8.88231,9.08025,6.43736,0.150535,18.2376,0.729443,0.67742,0.11179,1.34756,0.529236,0.166075,0.236396,0.0732308,0.20747,0.352971,0.296907,0.364447,0.28978,0.661354,0.128052,3.78036,0.283752,,-0.0903564,8.72546,-1.66119,82.2099,-0.0903564,0.14,-1.943825140595436,-0.043541669845581055,0.0958928,999,,,,,,,79.7,3.320833333,79.7,3.320833333,,,,,,,,,,,,,,,,,,,"Endy Rodriguez","25332",682848
"Garrett Stubbs","PHI",18.049,29.82,26.8952,5.54971,4.11578,0.951229,0.139237,0.34346,2.8049,2.22168,2.23763,0.0706299,7.2058,0.320958,0.158969,0.193948,0.496425,0.515349,0.12881,0.206346,0.0750379,0.241643,0.310532,0.273811,0.290378,0.252971,0.564189,0.0840329,4.9277,0.26692,,0.00672423,2.06878,-1.45469,57.2682,0.00672423,0,-1.5035401708446443,1.392669677734375,0.0901627,999,,,,,,,17.4,0.966666666,17.4,0.966666666,,,,,,,,,,,,,,,,,,,"Garrett Stubbs","18067",596117
"Jeferson Quero","MIL",6.722,22.693,20.9401,5.05858,3.37583,1.0547,0.0593854,0.568661,2.21722,2.71694,1.35761,0.0322127,4.24442,0.177933,0.183201,0.034161,0.376734,0.21991,0.0426781,0.241574,0.0598248,0.187037,0.319856,0.291017,0.379082,0.291557,0.6701,0.137509,3.63912,0.275282,,-0.00570611,2.28525,-0.396102,86.0654,-0.00570611,-0.02,-0.38049087719991803,0.49867282435297966,0.0893376,999,,,,,,,22.3,3.185714285,22.3,3.185714285,,,,,,,,,,,,,,,,,,,"Jeferson Quero","sa3015407",691620
"Matt Thaiss","BOS",8.298,25.636,22.1719,4.69727,3.20808,0.906339,0.0229781,0.559873,2.5761,2.44512,2.97581,0.0462253,6.22022,0.264237,0.155136,0.0689445,0.494156,0.171833,0.0659957,0.211857,0.116079,0.242636,0.478409,0.310451,0.330562,0.288362,0.641013,0.118705,2.8908,0.266123,,-0.0349231,2.51512,-0.513972,78.9892,-0.0349231,0.01,-0.6697651855647564,0.6502778027206659,0.0882816,999,,,,,,,27.3,3.4125,27.3,3.4125,,,,,,,,,,,,,,,,,,,"Matt Thaiss","19318",642136
"Alex Jackson","MIN",14.835,50.144,45.6865,8.92811,5.27626,2.00031,0.047409,1.60413,4.75691,5.49652,3.26004,0.0566181,15.9985,0.773291,0.297125,0.127006,0.722501,0.168055,0.0563275,0.195421,0.0650135,0.319052,0.203771,0.259141,0.346615,0.265752,0.605755,0.151194,2.65275,0.258059,,-0.0505411,3.99908,-1.92582,66.8524,-0.0505411,0,-2.0095839872956276,1.1446759700775146,0.0880877,999,,,,,,,41,2.733333333,41,2.733333333,,,,,,,,,,,,,,,,,,,"Alex Jackson","17276",656577
"Tommy Troy","ARI",13.495,51.866,47.3075,11.3624,7.99603,2.2852,0.157985,0.923198,5.60246,5.12948,3.51196,0.0323089,11.4028,0.558173,0.33657,0.151785,1.0028,1.1062,0.207462,0.240182,0.0677122,0.219851,0.307991,0.29842,0.353711,0.287473,0.652131,0.113529,4.98628,0.295577,,0.0568369,5.05112,-1.07725,81.5294,0.0568369,0,-1.0785841420292854,0.20825615525245667,0.0875045,999,,,,,,,46.7,3.592307692,46.7,3.592307692,,,,,,,,,,,,,,,,,,,"Tommy Troy","sa3022561",694371
"LaMonte Wade Jr.","CHW",37.831,122.428,104.358,22.845,14.9511,4.12533,0.275595,3.49299,13.0461,12.1664,14.8013,0.689754,26.5272,1.44148,0.948891,0.878043,1.92341,0.560655,0.223569,0.218909,0.120898,0.216676,0.557966,0.321578,0.364135,0.303739,0.685713,0.145226,2.85336,0.257043,,-0.180803,13.5398,-0.926,93.5212,-0.180803,0,-1.1156703680753708,-2.2491917610168457,0.0868542,999,,,,,,,114.5,3.013157894,114.5,3.013157894,,,,,,,,,,,,,,,,,,,"LaMonte Wade Jr.","18126",664774
"Enmanuel Valdez","PIT",12.742,43.846,39.5064,9.01609,5.66283,1.93633,0.0834035,1.33352,4.65015,5.03599,3.55138,0.0906363,9.52086,0.275037,0.387567,0.125597,0.639119,0.41594,0.15793,0.228218,0.0809967,0.217143,0.37301,0.293742,0.382718,0.294795,0.676459,0.154499,3.53745,0.264555,,-0.0435337,4.5307,-0.650038,85.6457,-0.0435337,-0.03,-0.7894789129495621,0.1666357833892107,0.0855255,999,,,,,,,37.6,2.892307692,37.6,2.892307692,,,,,,,,,,,,,,,,,,,"Enmanuel Valdez","21716",665839
"Jacob Melton","TBR",42.5,146.754,134.911,29.3979,19.0805,6.28134,0.601828,3.43426,16.9867,13.4047,9.85642,0.165302,40.188,0.871523,0.835656,0.279857,1.82752,7.18813,1.52242,0.217907,0.0671629,0.273846,0.245258,0.273945,0.349755,0.27327,0.6237,0.131849,6.49946,0.281834,,0.618476,12.5997,-4.74044,71.9068,0.618476,0.99,-4.240705907344818,0.02181953191757202,0.0851391,695.6699829101562,,,,,,,119.4,2.842857142,119.4,2.842857142,,,,,,,,,,,,,,,,,,,"Jacob Melton","31661",689200
"Alejandro Osuna","TEX",18.98,68.701,61.1842,14.6071,10.199,2.94213,0.293688,1.17226,7.78007,5.82065,5.55884,0.197594,14.9395,0.915606,0.541156,0.501192,1.16667,2.0422,0.518459,0.238739,0.0809136,0.217457,0.372091,0.309114,0.353904,0.292715,0.663019,0.115165,5.53691,0.294535,,0.0873545,6.98298,-1.13457,87.5893,0.0873545,0.26,-0.9175650775432587,-0.6187036633491516,0.0847463,999,,,,,,,63.1,3.321052631,63.1,3.321052631,,,,,,,,,,,,,,,,,,,"Alejandro Osuna","27915",696030
"James Triantos","CHC",8.459,28.229,26.3068,6.90452,5.00905,1.32974,0.104264,0.461464,3.21565,2.83165,1.41644,0.0559417,3.97303,0.250309,0.205105,0.0503299,0.545875,0.961554,0.141377,0.262461,0.0501768,0.140743,0.356514,0.304176,0.37356,0.29555,0.677736,0.111099,5.64432,0.291839,,0.0907124,2.93428,-0.401193,89.839,0.0907124,0,-0.24924642592668533,0.13054011762142181,0.0839453,999,,,,,,,21,2.625,21,2.625,,,,,,,,,,,,,,,,,,,"James Triantos","sa3017295",701649
"Kristian Campbell","BOS",31.895,124.757,111.105,27.1686,19.5545,4.50596,0.402185,2.70593,13.9489,12.3566,11.0451,0.19828,32.9336,1.77236,0.660513,0.174063,2.75076,1.63401,0.58862,0.244531,0.0885331,0.263982,0.335375,0.320959,0.36539,0.304113,0.68635,0.12086,4.13572,0.321344,,-0.126649,13.8353,-0.905709,89.8401,-0.126649,-0.76,-1.620571419596672,-1.8579998016357422,0.0834217,737.969970703125,,,,,,,122.9,3.840625,122.9,3.840625,,,,,,,,,,,,,,,,,,,"Kristian Campbell","33644",692225
"Nathaniel Lowe","CIN",51.355,201.471,176.951,42.6136,29.7981,6.83872,0.380621,5.59616,22.0068,21.5246,21.8307,0.520988,48.2055,1.22518,1.25142,0.212795,4.40748,0.515662,0.1756,0.240822,0.108357,0.239267,0.452869,0.326295,0.378648,0.311256,0.704943,0.137826,2.53467,0.297566,,-0.314264,23.5111,-0.294268,93.9255,-0.314264,0.13,-1.7647627890110016,-4.129770398139954,0.0827151,999,,,,,,,211.4,4.145098039,211.4,4.145098039,,,,,,,,,,,,,,,,,,,"Nathaniel Lowe","19566",663993
"Will Wagner","SDP",24.086,87.355,78.8448,19.2491,14.0494,3.97019,0.122671,1.10684,8.82116,7.76153,7.00786,0.111611,15.6279,0.720379,0.515021,0.266964,2.02279,0.61165,0.192517,0.244139,0.0802228,0.178901,0.448421,0.309771,0.33972,0.288654,0.649492,0.095581,3.11506,0.289697,,-0.0995412,8.59105,-1.73062,87.0611,-0.0995412,-0.04,-1.4391557574272156,-0.6594959273934364,0.0826348,999,,,,,,,74.3,3.095833333,74.3,3.095833333,,,,,,,,,,,,,,,,,,,"Will Wagner","29634",695238
"Jose Siri","LAA",10.828,34.243,31.174,6.57134,3.80727,1.18302,0.14974,1.43131,4.23519,3.83738,2.37802,0.00151491,12.4651,0.362417,0.186982,0.141631,0.369861,1.24579,0.271291,0.210796,0.0694453,0.364017,0.190775,0.273062,0.396093,0.290298,0.669154,0.185297,6.42141,0.294312,,0.0948449,3.41337,-0.632708,83.3407,0.0948449,0,-0.5775123462080956,0.1670987606048584,0.0785939,999,,,,,,,28.4,2.581818181,28.4,2.581818181,,,,,,,,,,,,,,,,,,,"Jose Siri","17452",642350
"Nick Loftin","KCR",30.519,111.615,101.228,23.8835,16.6466,4.81764,0.398426,2.0208,11.5901,10.9877,8.14427,0.118256,18.1322,1.0565,0.827666,0.358454,2.24434,1.4084,0.452343,0.235937,0.0729675,0.162453,0.44916,0.297369,0.35129,0.285967,0.648659,0.115352,4.20524,0.266935,,-0.0734175,10.7334,-2.45477,78.5189,-0.0734175,0.28,-2.899289183318615,-0.1909722089767456,0.076872,999,,,,,,,95.6,3.083870967,95.6,3.083870967,,,,,,,,,,,,,,,,,,,"Nick Loftin","27630",679845
"Korey Lee","CHW",33.663,107.313,100.221,21.6933,14.8262,4.05358,0.258614,2.55491,10.187,10.1291,5.64687,0.033692,28.961,0.682073,0.51146,0.251796,1.82825,1.34446,0.440824,0.216455,0.0526205,0.269874,0.194982,0.261741,0.338541,0.262986,0.600282,0.122086,3.95076,0.276501,,-0.0510708,8.31742,-4.36243,65.4477,-0.0510708,-1.13,-4.421279031783342,1.4674535989761353,0.075682,999,,,,,,,85.9,2.526470588,85.9,2.526470588,,,,,,,,,,,,,,,,,,,"Korey Lee","25543",686676
"Jac Caglianone","KCR",121.724,495.752,448.534,104.012,64.8806,20.77,1.90896,16.4525,55.5894,60.1812,37.7741,2.04137,118.365,5.93065,2.66706,0.846219,10.038,3.31729,1.07988,0.231893,0.0761955,0.238758,0.319133,0.298475,0.396754,0.30189,0.695228,0.16486,3.91232,0.276751,,-0.482142,54.0829,-4.49404,89.4877,-0.482142,-3.15,-6.624484747648239,-9.71014928817749,0.0745188,188.75,,,,,,,491,4.024590163,491,4.024590163,,,,,,,,,,,,,,,,,,,"Jac Caglianone","35041",695506
"Eric Wagaman","MIN",29.929,116.958,108.058,26.8043,17.4925,5.79175,0.153013,3.36711,12.8166,13.3561,7.31128,0.0899489,22.7695,0.548318,0.904982,0.135465,2.16751,1.075,0.40783,0.248055,0.062512,0.194681,0.3211,0.296723,0.397967,0.301358,0.69469,0.149911,3.33358,0.282968,,-0.118786,12.7088,-1.11071,91.3804,-0.118786,-0.09,-1.3069913312792778,-1.9952026307582855,0.0740037,999,,,,,,,114.7,3.823333333,114.7,3.823333333,,,,,,,,,,,,,,,,,,,"Eric Wagaman","23395",676572
"Sam Antonacci","CHW",6.278,23.216,20.4552,5.0455,3.61094,1.01818,0.118266,0.298103,2.62378,1.80614,1.87446,0.0920538,4.26834,0.557422,0.15432,0.17456,0.456417,0.751203,0.133762,0.24666,0.0807399,0.183853,0.439154,0.324519,0.35172,0.300264,0.676239,0.10506,5.7564,0.295915,,0.0561776,2.50205,-0.241099,91.1273,0.0561776,0,-0.18660297617316246,0.09688270837068558,0.072574,999,,,,,,,21.8,3.633333333,21.8,3.633333333,,,,,,,,,,,,,,,,,,,"Sam Antonacci","sa3025363",803011
"Michael Arroyo","SEA",7.654,19.952,17.8034,4.0927,2.64034,0.852188,0.108889,0.49128,2.21766,2.0876,1.55344,0.017807,4.81456,0.444514,0.126775,0.023902,0.292453,0.310256,0.0588207,0.229884,0.0778591,0.241307,0.322655,0.305632,0.372767,0.298998,0.678399,0.142883,5.18393,0.285277,,0.00746005,2.12977,-0.227717,97.0436,0.00746005,0,-0.06206145603209734,0.07330981642007828,0.0714104,999,,,,,,,13.3,1.6625,13.3,1.6625,,,,,,,,,,,,,,,,,,,"Michael Arroyo","sa3018429",703197
"Gabriel Gonzalez","MIN",12.491,48.997,45.338,11.8553,8.21891,2.61694,0.0989717,0.920495,5.29336,5.07828,2.59705,0.053538,8.65215,0.658417,0.322961,0.0805429,1.06609,0.562746,0.118918,0.261487,0.0530042,0.176585,0.300162,0.30891,0.384483,0.30279,0.693393,0.122995,4.01373,0.303001,,-0.0115464,5.38102,-0.408352,92.3666,-0.0115464,0,-0.4523648861795664,-0.5782870650291443,0.0670909,999,,,,,,,54.2,4.516666666,54.2,4.516666666,,,,,,,,,,,,,,,,,,,"Gabriel Gonzalez","sa3015723",694224
"Nelson Rada","LAA",18.949,74.356,66.2614,15.7113,12.0079,2.65978,0.333098,0.710589,8.25683,4.61586,5.82968,0.144634,16.7929,0.984045,0.387439,0.893408,1.56032,3.6656,0.529059,0.237111,0.0784023,0.225845,0.34715,0.306619,0.319478,0.280192,0.626097,0.0823668,6.3589,0.305232,,0.393162,6.80178,-1.98396,76.3793,0.393162,0,-1.6768905222415924,-0.2274399846792221,0.0670027,999,,,,,,,67.5,3.552631578,67.5,3.552631578,,,,,,,,,,,,,,,,,,,"Nelson Rada","sa3018421",703185
"Kyren Paris","LAA",18.255,67.783,60.6967,12.2506,7.68648,2.47209,0.243904,1.84812,7.62844,5.85858,5.73372,0.0220085,23.7589,0.784566,0.331437,0.236591,0.783835,2.56077,0.58714,0.201833,0.0845894,0.350514,0.24133,0.277866,0.341944,0.274649,0.61981,0.140111,6.0246,0.29368,,0.17808,5.89549,-2.11359,72.5614,0.17808,0.02,-2.0139964818954468,0.3017129488289356,0.0635051,999,,,,,,,54.7,3.038888888,54.7,3.038888888,,,,,,,,,,,,,,,,,,,"Kyren Paris","26420",677347
"Christian Koss","SFG",31.345,112.426,104.078,24.3361,17.1123,4.82975,0.591185,1.80289,11.8694,9.24555,5.19627,0.157276,27.9795,1.23844,0.703755,1.20936,1.96797,2.37472,0.625468,0.233826,0.0462195,0.24887,0.185717,0.276675,0.343559,0.271344,0.620234,0.109733,5.35921,0.300445,,0.0643936,9.47664,-3.80736,73.8578,0.0643936,-0.05,-3.419001780450344,0.295513641089201,0.063122,999,,,,,,,88.4,2.851612903,88.4,2.851612903,,,,,,,,,,,,,,,,,,,"Christian Koss","27653",683766
"Miles Mastrobuoni","SEA",13.046,44.868,40.2816,9.26559,6.95968,1.84965,0.129618,0.326649,4.58829,3.16125,3.78448,0.0999825,8.80503,0.109358,0.28093,0.41163,0.767761,1.64561,0.399808,0.23002,0.084347,0.196243,0.429809,0.296008,0.306701,0.269511,0.602709,0.0766809,5.41631,0.2844,,0.094402,3.71526,-1.58624,76.7314,0.094402,0,-1.136092223227024,0.2013271450996399,0.0623614,999,,,,,,,32,2.461538461,32,2.461538461,,,,,,,,,,,,,,,,,,,"Miles Mastrobuoni","20017",670156
"Bryce Teodosio","LAA",58.975,216.705,200.461,40.8112,28.7294,8.24159,0.990553,2.84968,21.2141,14.1365,10.9111,0.00966288,68.9311,2.89146,1.11494,1.32638,2.80355,8.39286,1.69764,0.203586,0.0503499,0.318087,0.158289,0.253571,0.297229,0.244561,0.5508,0.0936428,6.28029,0.292472,,0.702643,13.5542,-12.0511,51.8345,0.702643,4.04,-11.599408090114594,4.747861683368683,0.0621127,999,,,,,,,138.3,2.344067796,138.3,2.344067796,,,,,,,,,,,,,,,,,,,"Bryce Teodosio","29524",669326
"Michael Helman","TEX",28.287,100.86,93.0865,19.1027,12.1966,4.12712,0.324921,2.45407,10.2736,9.14553,5.75702,0.102699,24.0522,0.90789,0.618768,0.489826,1.22298,2.48976,0.599352,0.205215,0.0570794,0.238471,0.239356,0.256726,0.335622,0.259402,0.592349,0.130407,5.29704,0.247752,,0.128667,7.5238,-4.39358,64.6416,0.128667,0.7,-4.07457722723484,1.209282398223877,0.062016,999,,,,,,,65.8,2.35,65.8,2.35,,,,,,,,,,,,,,,,,,,"Michael Helman","24605",680737
"Brett Harris","ATH",41.81,151.541,136.451,31.2158,21.9992,5.90895,0.323351,2.98427,16.0335,13.2934,11.3922,0.0957754,32.6753,2.07211,0.834048,0.792036,3.17274,2.04699,0.669127,0.22877,0.0751755,0.21562,0.348647,0.296387,0.342426,0.2835,0.638813,0.113656,4.07927,0.2778,,-0.0981077,14.2694,-3.63634,77.0171,-0.0981077,0,-4.203058175742626,-0.41059204936027527,0.061607,999,,,,,,,123.2,2.933333333,123.2,2.933333333,,,,,,,,,,,,,,,,,,,"Brett Harris","29788",695391
"Hao-Yu  Lee","DET",5.947,19.802,18.1027,4.5212,3.07922,0.936307,0.0407004,0.464973,2.19896,2.08537,1.29656,0.0464789,3.90213,0.223008,0.148074,0.0316428,0.353446,0.433831,0.079276,0.249753,0.0654763,0.197058,0.33227,0.305547,0.383027,0.300479,0.688574,0.133274,4.70291,0.292158,,0.0242485,2.13757,-0.202184,91.282,0.0242485,0,-0.1792199593037367,0.09177468717098236,0.0607846,999,,,,,,,15.9,2.65,15.9,2.65,,,,,,,,,,,,,,,,,,,"Hao-Yu  Lee","sa3017863",701678
"Willie MacIver","TEX",9.504,32.933,30.0472,6.33947,4.4009,1.29778,0.0681226,0.572663,3.20409,2.81171,2.18151,0.0104964,8.92904,0.414474,0.199296,0.0904937,0.59374,0.551449,0.177903,0.210984,0.0662409,0.271127,0.244316,0.27207,0.315886,0.261433,0.587955,0.104902,4.34839,0.277988,,-0.00868652,2.511,-1.38029,66.0408,-0.00868652,0.05,-1.3268247628584504,0.7833332903683186,0.0603653,999,,,,,,,23.8,2.38,23.8,2.38,,,,,,,,,,,,,,,,,,,"Willie MacIver","24641",680862
"Cody Freeman","TEX",45.031,174.673,162.418,38.0544,27.1376,7.2402,0.484461,3.19216,17.1428,16.5851,9.17868,0.354366,27.5183,1.29423,1.28612,0.496212,3.55276,2.34676,0.758243,0.234299,0.0525478,0.157542,0.333548,0.278609,0.343805,0.272223,0.622414,0.109505,4.02976,0.262135,,-0.087115,14.8483,-5.7907,73.4735,-0.087115,-0.57,-5.548181675374508,0.12492281198501587,0.0602316,999,,,,,,,130.3,2.895555555,130.3,2.895555555,,,,,,,,,,,,,,,,,,,"Cody Freeman","25629",683227
"Jhostynxon Garcia","PIT",72.625,250.698,230.472,53.6562,34.837,10.9034,1.09851,6.8173,26.7718,27.7591,15.567,0.308842,70.16,2.41934,1.78759,0.452045,3.65653,3.40087,0.678665,0.23281,0.0620944,0.279859,0.221878,0.286288,0.378391,0.289348,0.664679,0.145581,4.71199,0.301637,,0.0555659,24.7965,-4.82537,81.9145,0.0555659,0.08,-5.318169958889484,-2.477623149752617,0.0557593,999,,,,,,,232.7,3.187671232,232.7,3.187671232,,,,,,,,,,,,,,,,,,,"Jhostynxon Garcia","28142",691373
"Eric Haase","SFG",6.868,23.86,21.8734,4.61957,3.08778,0.830389,0.0492255,0.652171,2.37537,2.35948,1.54438,0.0025387,7.88814,0.17177,0.134298,0.11224,0.381115,0.149216,0.0459143,0.211195,0.0647265,0.330601,0.195784,0.26706,0.343106,0.268164,0.610167,0.131911,3.39747,0.294592,,-0.0206568,1.94961,-0.86963,71.6796,-0.0206568,0.04,-0.8215314764529467,0.5699382796883583,0.0554774,999,,,,,,,24.3,3.471428571,24.3,3.471428571,,,,,,,,,,,,,,,,,,,"Eric Haase","14111",606992
"Nelson Velázquez","STL",15.99,58.402,52.8729,12.0807,7.25511,2.46536,0.154652,2.20557,6.55178,7.19328,4.52057,0.205572,15.4688,0.520897,0.417583,0.0700206,0.817913,0.744084,0.270326,0.228485,0.0774044,0.264867,0.292239,0.29353,0.406107,0.302566,0.699637,0.177622,4.11511,0.277265,,-0.0417072,6.40327,-0.497372,95.0004,-0.0417072,-0.28,-0.3877715989947319,-1.0202777683734894,0.0547371,999,,,,,,,58.7,3.66875,58.7,3.66875,,,,,,,,,,,,,,,,,,,"Nelson Velazquez","23359",676369
"Daniel Susac","SFG",22.913,88.52,82.3569,18.4912,12.6744,3.35071,0.274396,2.19169,9.02814,8.87375,4.60291,0.0690792,26.4599,0.909356,0.517061,0.133738,1.6195,0.896225,0.186594,0.224525,0.0519985,0.298914,0.173958,0.271575,0.35171,0.27255,0.623285,0.127185,4.22749,0.300605,,-0.0167752,7.5482,-2.91112,74.6838,-0.0167752,-1.51,-2.672815840691328,0.2579784393310547,0.0542506,999,,,,,,,66.2,2.878260869,66.2,2.878260869,,,,,,,,,,,,,,,,,,,"Daniel Susac","sa3019997",691740
"Ronny Mauricio","NYM",40.592,154.982,143.86,32.9423,22.0954,6.36298,0.204031,4.27989,17.0302,16.0458,9.13034,1.0382,38.2052,0.924719,0.860887,0.206482,2.41397,4.29153,1.6444,0.228989,0.0589123,0.246514,0.238982,0.277804,0.365307,0.278199,0.643112,0.136318,4.56193,0.280357,,-0.0204974,13.9264,-4.3859,79.4618,-0.0204974,0.05,-3.7930732369422913,-0.8401754014194012,0.0535135,999,,,,,,,127.8,3.11707317,127.8,3.11707317,,,,,,,,,,,,,,,,,,,"Ronny Mauricio","23698",677595
"Eduardo Valencia","DET",3.706,12.701,11.6083,2.83766,1.89282,0.562961,0.0148551,0.367033,1.32376,1.44716,0.841183,0.0650828,2.74566,0.101975,0.090565,0.059022,0.260757,0.0536408,0.0119353,0.244452,0.0662297,0.216176,0.306369,0.299069,0.390363,0.298695,0.689432,0.145911,2.72383,0.287747,,-0.0124521,1.35264,-0.148077,90.0532,-0.0124521,-0.05,-0.1613523969426751,0.2359567992389202,0.0523587,999,,,,,,,10.7,2.675,10.7,2.675,,,,,,,,,,,,,,,,,,,"Eduardo Valencia","sa3006622",680664
"Jhonny Pereda","SEA",12.816,37.026,33.4463,7.05337,5.29383,1.32399,0.0158981,0.419644,3.13477,3.07648,3.09102,0.0199874,9.33804,0.199264,0.184079,0.105346,0.831213,0.0277307,0.0116106,0.210886,0.0834824,0.252202,0.331014,0.280159,0.289063,0.256812,0.569222,0.0781768,1.62279,0.277879,,-0.0557462,2.68415,-1.69076,67.9834,-0.0557462,0,-1.452933669090271,0.6802248954772949,0.0513267,999,,,,,,,18.1,1.392307692,18.1,1.392307692,,,,,,,,,,,,,,,,,,,"Jhonny Pereda","19802",640902
"Jonah Bride","TEX",12.254,42.088,36.977,7.94659,5.70148,1.40111,0.116538,0.727465,4.15726,3.57842,4.19954,0.0584926,9.45036,0.529,0.280327,0.102121,0.899515,0.13997,0.0519922,0.214906,0.0997799,0.224538,0.444379,0.30189,0.318121,0.278994,0.620011,0.103215,3.06486,0.26659,,-0.0617671,3.80909,-1.16393,78.1374,-0.0617671,0.01,-1.1462742909789085,0.19910492934286594,0.0513027,999,,,,,,,35.1,2.925,35.1,2.925,,,,,,,,,,,,,,,,,,,"Jonah Bride","24703",681146
"Jacob Stallings","BAL",30.999,102.798,91.244,18.0937,13.0994,3.29229,0,1.70198,8.84562,8.57022,8.14278,0.0805042,28.758,1.27047,0.584977,0.74003,2.07458,0.177426,0.108007,0.1983,0.0792114,0.279753,0.283148,0.271695,0.290342,0.253465,0.562036,0.0920415,1.93719,0.267101,,-0.156836,7.17285,-4.97352,60.5907,-0.156836,0,-4.931642547249794,1.8885581493377686,0.0506504,999,,,,,,,64.3,2.074193548,64.3,2.074193548,,,,,,,,,,,,,,,,,,,"Jacob Stallings","13723",607732
"Brandon Lockridge","MIL",19.661,65.597,59.8641,13.8783,10.3443,2.7642,0.2782,0.491527,6.82871,4.46889,4.18624,0.124264,17.0515,0.515236,0.388171,0.643217,1.09069,3.33612,0.655549,0.231829,0.0638176,0.259943,0.245506,0.286046,0.31193,0.265491,0.597976,0.080101,6.35206,0.313438,,0.300258,5.21759,-2.5332,68.2096,0.300258,1.05,-2.171321779489517,0.44317901134490967,0.0464791,999,,,,,,,45,2.25,45,2.25,,,,,,,,,,,,,,,,,,,"Brandon Lockridge","21496",663604
"Edwin Arroyo","CIN",7.337,29.132,26.9355,6.71891,4.60566,1.44547,0.157563,0.510223,3.1264,2.82042,1.64575,0.0481278,6.19886,0.265922,0.200498,0.0843478,0.47772,0.679517,0.12091,0.249445,0.0564927,0.212785,0.265492,0.297118,0.371635,0.291717,0.668753,0.122191,5.35296,0.303947,,0.0436809,2.93747,-0.5047,80.5405,0.0436809,0,-0.6282058879733086,0.1132253035902977,0.0464753,999,,,,,,,32.4,4.628571428,32.4,4.628571428,,,,,,,,,,,,,,,,,,,"Edwin Arroyo","sa3017626",695490
"Victor Mesa Jr.","TBR",10.641,36.015,33.15,7.65785,5.09374,1.61564,0.123471,0.824998,3.54762,3.83771,2.23933,0.0561942,7.53413,0.212491,0.266372,0.146793,0.644147,0.403557,0.080047,0.231006,0.0621776,0.209194,0.297224,0.281856,0.361853,0.280827,0.643709,0.130847,4.14667,0.27269,,-0.00151152,3.31307,-0.942381,77.1126,-0.00151152,0.02,-0.9730322969844565,0.18421295657753944,0.0461182,999,,,,,,,33,3,33,3,,,,,,,,,,,,,,,,,,,"Victor Mesa Jr.","25999",683748
"Isiah Kiner-Falefa","BOS",53.392,207.926,193.018,48.8094,38.7897,7.44405,0.727036,1.84855,21.3983,16.8769,9.23653,0.147777,34.8861,2.47718,1.28902,1.52547,4.97637,6.11457,2.00856,0.252874,0.0444222,0.167781,0.264763,0.293771,0.327705,0.274634,0.621477,0.0748312,5.15899,0.298026,,0.0679424,18.082,-6.48609,69.5329,0.0679424,0.06,-7.398488745093346,0.6862024031579494,0.045446,999,,,,,,,165,3.113207547,165,3.113207547,,,,,,,,,,,,,,,,,,,"Isiah Kiner-Falefa","16512",643396
"Nick Madrigal","LAA",14.18,57.546,52.975,13.6441,11.0803,2.17606,0.225475,0.162273,5.63493,4.09773,2.79793,0.109564,6.43043,0.964254,0.338846,0.469917,1.60749,1.3362,0.433088,0.257556,0.0486208,0.111744,0.435109,0.304966,0.316335,0.276388,0.621301,0.0587791,4.82804,0.288558,,-0.00737906,5.08633,-1.71318,73.7587,-0.00737906,0.03,-1.7871855590492487,0.2488271575421095,0.0452509,999,,,,,,,45.1,3.221428571,45.1,3.221428571,,,,,,,,,,,,,,,,,,,"Nick Madrigal","20521",663611
"Brock Wilken","MIL",12.166,46.466,41.4827,8.21042,4.90575,1.68478,0.0782365,1.54166,4.44627,5.61907,4.29683,0.0250823,15.3095,0.369441,0.263931,0.0531283,0.641686,0.110687,0.0247499,0.197924,0.0924726,0.329477,0.280665,0.277438,0.353802,0.278602,0.63124,0.155878,2.49514,0.267871,,-0.0510239,4.19053,-1.29979,77.1909,-0.0510239,0,-1.3071645870804787,0.18774691224098206,0.0436381,999,,,,,,,40.4,3.366666666,40.4,3.366666666,,,,,,,,,,,,,,,,,,,"Brock Wilken","sa3022499",694385
"Mark Canha","TEX",27.612,103.528,90.4907,20.5945,14.3785,3.95047,0.323561,1.94203,11.2135,9.25315,9.17033,0.122424,20.6348,2.98015,0.717118,0.169686,2.28413,1.10721,0.355965,0.227587,0.0885783,0.199316,0.444412,0.316811,0.342778,0.295554,0.659588,0.115191,4.13959,0.271779,,-0.0986583,10.7615,-1.47108,89.545,-0.0986583,-0.03,-1.3743701055645943,-1.7817900460213423,0.041652,999,,,,,,,95.9,3.425,95.9,3.425,,,,,,,,,,,,,,,,,,,"Mark Canha","11445",592192
"Blake Dunn","CIN",10.948,36.015,32.0092,7.29926,5.30249,1.23824,0.133555,0.624968,3.94661,2.74994,2.7333,0.0182477,10.4847,0.786816,0.182566,0.303116,0.669465,1.0966,0.256719,0.228036,0.0758933,0.291122,0.260693,0.302963,0.333639,0.284639,0.636602,0.105603,5.64673,0.316586,,0.056066,3.42453,-0.830918,75.6917,0.056066,0.24,-0.9815403334796429,0.1836831197142601,0.0409629,999,,,,,,,33.4,3.036363636,33.4,3.036363636,,,,,,,,,,,,,,,,,,,"Blake Dunn","29487",694362
"Dylan Carlson","CHC",23.539,90.834,80.3744,17.9513,12.0988,3.53054,0.38599,1.93595,9.72428,8.94933,8.35692,0.126685,21.1969,1.23657,0.700223,0.165937,1.52322,0.980746,0.297684,0.223346,0.0920021,0.233359,0.394252,0.303798,0.349138,0.289771,0.652936,0.125791,4.33354,0.276405,,-0.0681272,9.01554,-1.7172,85.8796,-0.0681272,-0.39,-1.5882928520441055,-1.0438610911369324,0.0398932,999,,,,,,,80.1,3.3375,80.1,3.3375,,,,,,,,,,,,,,,,,,,"Dylan Carlson","20126",666185
"Austin Barnes","NYM",13.858,45.693,40.9785,8.39522,6.49532,1.31279,0.070846,0.516259,3.99498,3.31885,3.20099,0.0223288,10.8178,0.391083,0.279708,0.38234,0.992981,0.499781,0.212482,0.204869,0.0700542,0.236751,0.295899,0.267273,0.278157,0.24582,0.545431,0.0732886,3.72912,0.263298,,-0.053505,2.90465,-2.49433,57.2805,-0.053505,0.16,-2.367009237408638,1.2292900383472443,0.0391343,999,,,,,,,25.1,1.792857142,25.1,1.792857142,,,,,,,,,,,,,,,,,,,"Austin Barnes","12158",605131
"MJ Melendez","NYM",26.135,98.151,87.5736,18.2167,10.576,4.19035,0.141676,3.30863,10.5827,11.0822,9.16024,0.270578,26.8741,0.638767,0.669853,0.108587,1.24912,1.15664,0.35979,0.208016,0.093328,0.273804,0.340857,0.285751,0.372444,0.287939,0.658195,0.164429,3.8487,0.256767,,-0.0487356,9.59579,-2.00151,86.1335,-0.0487356,-0.02,-1.6618199981749058,-1.2299536652863026,0.0382377,999,,,,,,,84.5,3.25,84.5,3.25,,,,,,,,,,,,,,,,,,,"MJ Melendez","22197",669004
"Max Anderson","DET",5.036,18.03,16.7671,4.2251,2.93936,0.842744,0.02034,0.42265,1.77071,2.03015,0.946757,0.135817,3.18982,0.155967,0.131044,0.0291363,0.393895,0.072557,0.0177892,0.251987,0.0525101,0.176917,0.296806,0.295976,0.380297,0.291939,0.676272,0.128309,2.64912,0.286207,,-0.0185615,1.82127,-0.309118,85.3986,-0.0185615,0,-0.3288487382233143,0.07771604508161545,0.0377974,999,,,,,,,11.3,2.26,11.3,2.26,,,,,,,,,,,,,,,,,,,"Max Anderson","sa3022567",801194
"Tre' Morgan","TBR",9.846,39.509,35.3859,8.95031,6.27808,1.78993,0.145019,0.737291,4.28886,4.07207,3.41011,0.178434,7.29413,0.403111,0.24525,0.0645831,0.803842,0.600601,0.122877,0.252934,0.0863123,0.18462,0.467515,0.323583,0.374221,0.306587,0.697803,0.121286,4.38008,0.297576,,0.00435845,4.4608,-0.207496,94.8576,0.00435845,0,-0.2351042702794075,-0.7597221732139587,0.037345,999,,,,,,,41.5,4.15,41.5,4.15,,,,,,,,,,,,,,,,,,,"Tre' Morgan","sa3022919",691003
"Ben Rortvedt","NYM",11.546,40.445,36.1331,6.88964,4.95988,1.27397,0.0291666,0.626621,3.4179,3.18968,3.39549,0.0341902,10.7935,0.520828,0.213096,0.182466,0.778411,0.120679,0.0441067,0.190674,0.0839532,0.266869,0.314585,0.268387,0.279572,0.248455,0.547959,0.0888981,2.46877,0.251264,,-0.0522986,2.65757,-2.12131,59.0857,-0.0522986,0.13,-2.0135553553700447,1.020895004272461,0.0361117,999,,,,,,,27.5,2.291666666,27.5,2.291666666,,,,,,,,,,,,,,,,,,,"Ben Rortvedt","20287",666163
"Brett Sullivan","COL",10.168,33.79,31.2551,6.98595,4.71812,1.63381,0.151342,0.482673,3.10867,3.24358,1.98329,0.055567,5.96334,0.223462,0.28143,0.0467148,0.485579,0.334751,0.0967487,0.223514,0.0586946,0.176482,0.33258,0.27243,0.3318,0.264971,0.604231,0.108287,4.26527,0.259192,,-0.0180191,2.67341,-1.31914,53.4462,-0.0180191,0.3,-1.882412051782012,1.084567904472351,0.0333904,999,,,,,,,20,2,20,2,,,,,,,,,,,,,,,,,,,"Brett Sullivan","18217",664954
"Kahlil Watson","CLE",5.232,17.407,15.7672,3.36544,2.09381,0.682359,0.0631737,0.526097,1.94718,1.80992,1.3034,0.0199773,5.36721,0.191346,0.114379,0.0306383,0.228615,0.52396,0.0763658,0.213445,0.0748779,0.308336,0.242845,0.279701,0.364835,0.282288,0.644536,0.15139,5.82278,0.284267,,0.0499603,1.62194,-0.434831,80.1858,0.0499603,0,-0.35655200108885765,0.08074073493480682,0.0330786,999,,,,,,,18,3.6,18,3.6,,,,,,,,,,,,,,,,,,,"Kahlil Watson","sa3017513",696135
"Shane McGuire","ATH",7.132,26.403,23.5696,5.09554,3.56976,1.0525,0.0684125,0.404862,2.60597,2.17791,2.2971,0.0503619,6.60208,0.244983,0.17223,0.119103,0.492445,0.268697,0.0612983,0.216191,0.0870015,0.25005,0.347936,0.290582,0.318183,0.271844,0.608765,0.101992,4.08096,0.280293,,-0.0113792,2.23629,-0.883427,68.9877,-0.0113792,-0.17,-0.9764524614438415,0.3803086429834366,0.0319834,999,,,,,,,12.9,1.842857142,12.9,1.842857142,,,,,,,,,,,,,,,,,,,"Shane McGuire","sa3017284",676063
"Jared Serna","MIA",7.795,29.277,26.9075,6.33319,4.46406,1.35131,0.0786889,0.43914,2.82966,2.76496,1.83708,0.0957674,5.41805,0.285755,0.193356,0.0532872,0.613277,0.635254,0.0993573,0.235369,0.0627481,0.185062,0.339066,0.289355,0.340399,0.276735,0.629754,0.10503,4.65855,0.27745,,0.04351,2.59596,-0.863346,73.8161,0.04351,0,-0.8650515601038933,0.20048868656158447,0.0316647,999,,,,,,,17.4,2.175,17.4,2.175,,,,,,,,,,,,,,,,,,,"Jared Serna","sa3015579",691858
"Brandon Valenzuela","TOR",5.997,22.856,20.8583,4.39761,2.89806,0.924942,0.0434977,0.531114,2.21829,2.26163,1.69459,0.0611505,6.29016,0.120724,0.140112,0.0422719,0.34242,0.164359,0.041745,0.210833,0.0741422,0.275208,0.269404,0.272333,0.335736,0.267351,0.608069,0.124904,3.47471,0.272728,,-0.014936,1.85249,-0.848122,69.3157,-0.014936,-0.1,-0.8415228314697742,0.3627314791083336,0.0314995,999,,,,,,,19.7,3.283333333,19.7,3.283333333,,,,,,,,,,,,,,,,,,,"Brandon Valenzuela","sa3005729",678218
"Petey Halpin","CLE",14.827,35.593,32.6892,6.99295,4.63935,1.48905,0.1584,0.706144,3.41838,3.25326,2.38782,0.0254917,10.3028,0.202387,0.235238,0.0783194,0.469425,0.576693,0.123482,0.213922,0.0670868,0.28946,0.231765,0.269837,0.33397,0.26564,0.603807,0.120048,4.8393,0.286865,,0.0172118,2.83538,-1.37021,68.7178,0.0172118,0.14,-1.2950929533690214,0.3688117116689682,0.0305681,999,,,,,,,26.4,1.76,26.4,1.76,,,,,,,,,,,,,,,,,,,"Petey Halpin","27931",690984
"Brendan Rodgers","BOS",29.079,100.767,92.4018,21.1263,15.0406,3.74579,0.129593,2.21026,9.59371,10.4986,6.60935,0.0792855,27.4811,0.934135,0.595883,0.225814,2.29684,0.231669,0.0956105,0.228635,0.0655904,0.272719,0.240506,0.285154,0.343738,0.277319,0.628892,0.115103,2.31894,0.298801,,-0.14139,8.98275,-2.92365,71.3827,-0.14139,0,-3.54013954102993,0.3702491223812103,0.0305245,999,,,,,,,80,2.758620689,80,2.758620689,,,,,,,,,,,,,,,,,,,"Brendan Rodgers","17907",663898
"Robert Hassell III","WSN",69.841,263.911,242.383,58.5003,42.3972,10.6808,0.871965,4.55031,26.0407,25.0096,17.5287,0.742522,64.9794,1.44876,1.53209,1.01832,5.3858,5.53579,1.49953,0.241354,0.0664188,0.246217,0.269757,0.294712,0.348935,0.282621,0.643647,0.10758,4.61674,0.309372,,0.0928021,24.6621,-6.52105,79.21,0.0928021,-0.73,-6.410098023712635,-2.084150552749634,0.0292752,999,,,,,,,238.6,3.408571428,238.6,3.408571428,,,,,,,,,,,,,,,,,,,"Robert Hassell III","27482",690987
"Trei Cruz","DET",4.986,19.443,17.2669,3.6807,2.42779,0.794419,0.0970495,0.36145,2.01275,1.69802,1.92551,0.0689287,5.02472,0.0893067,0.117845,0.0434517,0.297794,0.277543,0.0634071,0.213165,0.0990335,0.258433,0.383207,0.29359,0.333214,0.278074,0.626804,0.120049,4.89246,0.276638,,0.00066864,1.74513,-0.552207,75.8478,0.00066864,0,-0.5527995873708278,0.15388888120651245,0.0276536,999,,,,,,,14.3,2.86,14.3,2.86,,,,,,,,,,,,,,,,,,,"Trei Cruz","sa3014420",669360
"Drew Gilbert","SFG",42.282,156.038,141.308,31.5436,20.7906,6.84825,0.655945,3.24885,16.4109,14.6967,11.3722,0.271444,32.3038,2.1173,1.01789,0.222841,2.52204,1.91761,0.540086,0.223226,0.0728806,0.207025,0.352038,0.289016,0.349947,0.281484,0.638963,0.126721,4.58911,0.264999,,-0.0621656,14.4374,-3.99973,80.8038,-0.0621656,0.41,-3.612259678542614,-1.3102273643016815,0.0275154,999,,,,,,,132.4,3.152380952,132.4,3.152380952,,,,,,,,,,,,,,,,,,,"Drew Gilbert","31545",687551
"Anthony Seigler","BOS",5.29,15.883,13.9344,3.13576,2.09166,0.734369,0.0422977,0.267432,1.71501,1.45138,1.6765,0.0381095,3.36121,0.108593,0.117815,0.0456557,0.23785,0.434791,0.124318,0.225036,0.105553,0.211623,0.49878,0.310712,0.341386,0.290414,0.652098,0.116349,4.94518,0.275176,,0.0107065,1.58473,-0.291971,80.4029,0.0107065,-0.01,-0.3561513992026448,0.07163579575717449,0.0268214,999,,,,,,,11.7,2.34,11.7,2.34,,,,,,,,,,,,,,,,,,,"Anthony Seigler","23802",678011
"Kevin Alcántara","CHC",17.239,50.214,46.2201,10.852,7.57353,1.98697,0.111086,1.18039,5.36213,5.16529,3.3015,0.10593,14.2843,0.320801,0.291616,0.0799645,0.920088,0.921451,0.16028,0.234789,0.0657486,0.284468,0.231129,0.288712,0.3592,0.283696,0.647912,0.124411,4.53168,0.311514,,0.0454411,4.73625,-1.19692,81.7186,0.0454411,-0.1,-1.0425578132271767,-0.3660339489579201,0.02681,999,,,,,,,41.7,2.452941176,41.7,2.452941176,,,,,,,,,,,,,,,,,,,"Kevin Alcantara","25971",682634
"Tim Anderson",,16.767,54.685,50.9906,12.5284,9.9484,2.04896,0.0942962,0.436722,5.32138,4.47307,2.28982,0.00843024,14.154,0.432033,0.262539,0.140817,1.36508,1.11912,0.39,0.2457,0.0418729,0.258828,0.161779,0.282542,0.315275,0.264468,0.597818,0.0695759,4.49478,0.32981,,-0.0194761,4.30424,-2.15722,66.3842,-0.0194761,0,-2.1921622212976217,0.6027888059616089,0.0267448,999,,,,,,,35.5,2.088235294,35.5,2.088235294,,,,,,,,,,,,,,,,,,,"Tim Anderson","15172",641313
"Rodolfo Durán","SDP",4.683,15.127,14.1311,3.09062,2.06466,0.627833,0.047974,0.350156,1.42993,1.4976,0.718264,0.00687356,3.65655,0.104345,0.0997241,0.0735976,0.264358,0.0901215,0.0204299,0.218711,0.0474822,0.241723,0.196432,0.259957,0.344268,0.263487,0.604224,0.125557,3.6754,0.26804,,-0.00935753,1.17859,-0.608778,69.821,-0.00935753,-0.08,-0.5504260845482349,0.28134261071681976,0.0239611,999,,,,,,,8.7,1.74,8.7,1.74,,,,,,,,,,,,,,,,,,,"Rodolfo Duran","sa877500",660710
"Jorbit Vivas","NYY",8.711,26.051,23.2139,5.17258,3.75882,0.993694,0.0883202,0.331753,2.63156,2.04883,2.09083,0.0616513,3.81653,0.506191,0.190341,0.0497609,0.508289,0.493797,0.154074,0.222823,0.080259,0.146502,0.547835,0.298817,0.316112,0.275465,0.614928,0.0932887,4.66548,0.251394,,-0.0058886,2.28306,-0.795064,75.4296,-0.0058886,-0.04,-0.7603011359460652,0.09442900866270065,0.0236097,999,,,,,,,16.9,1.877777777,16.9,1.877777777,,,,,,,,,,,,,,,,,,,"Jorbit Vivas","23917",678391
"Bryan Ramos","BAL",9.833,37.319,34.2042,7.42939,4.93681,1.51179,0.109393,0.871397,3.84121,3.58756,2.32658,0.0221563,9.33268,0.473823,0.250507,0.06391,0.549301,0.561067,0.170427,0.217207,0.062343,0.250079,0.249294,0.274588,0.344232,0.272161,0.618819,0.127025,4.55122,0.270426,,-0.00851153,3.17045,-1.23908,73.4695,-0.00851153,-0.03,-1.175451978109777,0.12174382992088795,0.0236087,999,,,,,,,28.3,2.83,28.3,2.83,,,,,,,,,,,,,,,,,,,"Bryan Ramos","25621",682868
"Blake Sabol","TBR",3.685,10.403,9.38969,1.98198,1.27909,0.387254,0.0296179,0.286023,1.05951,1.08314,0.791349,0.0163427,3.26018,0.103299,0.0616628,0.056997,0.164931,0.131601,0.0419378,0.211081,0.0760693,0.313388,0.242732,0.278043,0.350016,0.27626,0.628059,0.138935,4.21568,0.2872,,-0.00509643,0.918418,-0.310776,73.9671,-0.00509643,0,-0.324289761018008,0.19111919403076172,0.0230084,999,,,,,,,5.2,1.3,5.2,1.3,,,,,,,,,,,,,,,,,,,"Blake Sabol","25805",666165
"Jace Jung","DET",19.43,68.703,60.5854,12.5069,8.30133,2.38985,0.285738,1.52998,6.87225,6.34968,7.06088,0.159764,18.2792,0.55194,0.417361,0.0873953,1.06578,0.314182,0.107294,0.206434,0.102774,0.266061,0.38628,0.293224,0.331073,0.278394,0.624296,0.124639,3.50647,0.266471,,-0.0851078,6.18438,-1.93341,76.0682,-0.0851078,-0.06,-2.0229727178812027,-0.11996914446353912,0.0226831,999,,,,,,,60.4,3.178947368,60.4,3.178947368,,,,,,,,,,,,,,,,,,,"Jace Jung","31437",690291
"Cavan Biggio","HOU",7.362,22.077,19.261,3.92445,2.66043,0.744112,0.088108,0.431797,2.26372,1.81462,2.20372,0.0189218,6.42291,0.33724,0.16516,0.10913,0.310372,0.263633,0.0625424,0.203751,0.0998196,0.290932,0.343103,0.294322,0.318787,0.275779,0.613109,0.115036,4.51343,0.277823,,-0.00709865,1.94041,-0.668161,75.0926,-0.00709865,0,-0.6551962844096124,0.11361110210418701,0.0223317,999,,,,,,,12.3,1.757142857,12.3,1.757142857,,,,,,,,,,,,,,,,,,,"Cavan Biggio","19252",624415
"Jorge Alfaro","KCR",10.424,27.331,25.5988,5.61329,3.85662,1.07532,0.0463958,0.634955,2.64008,2.84303,1.04668,0.00121842,9.29919,0.40727,0.149293,0.0373489,0.50033,0.322022,0.100565,0.219279,0.0382964,0.340243,0.112556,0.259805,0.339323,0.262256,0.599129,0.120044,4.09658,0.314806,,-0.0118294,2.10212,-1.12725,62.1851,-0.0118294,0,-1.2299505453556776,0.5021126866340637,0.0217773,999,,,,,,,22.9,2.29,22.9,2.29,,,,,,,,,,,,,,,,,,,"Jorge Alfaro","12180",595751
"Maverick Handley","BAL",3.543,11.116,9.95048,2.01085,1.45361,0.363778,0.0300016,0.163454,1.07754,0.827684,0.851849,0.000777231,3.01835,0.178588,0.0586189,0.0764673,0.22257,0.160303,0.0296668,0.202086,0.0766327,0.271532,0.282223,0.27549,0.293955,0.256927,0.569445,0.0918693,4.64352,0.27059,,0.00351778,0.806879,-0.506562,62.9757,0.00351778,0.03,-0.48155590728856623,0.30337962321937084,0.0209146,999,,,,,,,4.2,1.05,4.2,1.05,,,,,,,,,,,,,,,,,,,"Maverick Handley","26106",668974
"Nate Furman","SFG",2.599,7.983,7.12684,1.74341,1.28374,0.313245,0.0259327,0.120491,0.882356,0.694043,0.638826,0.018028,1.44293,0.124083,0.0491307,0.0441225,0.169382,0.16842,0.0288905,0.244626,0.0800233,0.18075,0.44273,0.315702,0.346577,0.294213,0.662279,0.101951,4.96091,0.289159,,0.00846051,0.821129,-0.122124,89.5238,0.00846051,0,-0.09065993223339319,0.029332010075449944,0.0208992,999,,,,,,,7.2,2.4,7.2,2.4,,,,,,,,,,,,,,,,,,,"Nate Furman","sa3020763",801501
"Blake Hunt","SDP",6.164,16.954,15.6185,3.21359,2.08938,0.688975,0.0613315,0.373896,1.56048,1.64613,1.01489,0.00260803,4.53818,0.176956,0.121676,0.0219931,0.246903,0.0599028,0.0136003,0.205755,0.0598617,0.267676,0.223635,0.260184,0.32954,0.259488,0.589724,0.123784,3.26483,0.262253,,-0.0152334,1.26589,-0.737355,67.0813,-0.0152334,0,-0.676700983196497,0.31147119402885437,0.0203432,999,,,,,,,6.7,1.116666666,6.7,1.116666666,,,,,,,,,,,,,,,,,,,"Blake Hunt","sa3004153",675448
"Stuart Fairchild","CLE",7.683,25.369,22.6315,4.87318,3.19368,1.00128,0.0878783,0.59034,2.81802,2.14474,1.87568,0.035527,6.93582,0.460344,0.144605,0.256828,0.350244,0.84735,0.213547,0.215327,0.073936,0.273398,0.270434,0.28708,0.34559,0.279886,0.63267,0.130263,5.85944,0.280842,,0.045748,2.31434,-0.683198,78.5311,0.045748,0.04,-0.5961791016161442,-0.07856481522321701,0.0203004,999,,,,,,,25.2,3.15,25.2,3.15,,,,,,,,,,,,,,,,,,,"Stuart Fairchild","20321",656413
"Bryan Torres","STL",9.79,39.38,35.8255,8.91285,6.81342,1.78204,0.144733,0.172658,3.92779,2.87944,2.8061,0.109268,7.04188,0.174038,0.24952,0.324856,0.852647,1.06089,0.199583,0.248785,0.071257,0.178819,0.398487,0.304518,0.321065,0.277688,0.625583,0.0722803,5.10702,0.302843,,0.066513,3.52226,-1.13079,77.9582,0.066513,0,-0.962251678109169,-0.15108025074005127,0.0201402,999,,,,,,,31.1,3.11,31.1,3.11,,,,,,,,,,,,,,,,,,,"Bryan Torres","sa885119",663494
"Denzer Guzman","LAA",8.855,35.043,32.1211,6.76884,4.32696,1.42055,0.0762617,0.945065,3.4178,3.35926,2.35512,0.0261943,10.6675,0.246466,0.18581,0.134471,0.441852,0.522607,0.0923027,0.210728,0.0672067,0.304411,0.220776,0.268428,0.347967,0.270375,0.616395,0.137239,4.25616,0.281417,,0.0211548,2.92628,-1.21433,69.6167,0.0211548,-0.05,-1.2337462790310383,0.2233024351298809,0.0200204,999,,,,,,,27.4,3.044444444,27.4,3.044444444,,,,,,,,,,,,,,,,,,,"Denzer Guzman","28816",694203
"Jonatan Clase","TOR",9.077,34.266,31.2085,6.78722,4.47606,1.47385,0.160379,0.676926,4.11557,2.83525,2.47065,0.0302809,10.0129,0.236154,0.219445,0.131263,0.357391,1.84209,0.314018,0.21748,0.0721021,0.292211,0.246746,0.278134,0.340055,0.272287,0.618189,0.122575,6.80807,0.294641,,0.192604,2.91459,-1.13421,72.7156,0.192604,0.06,-0.9093170911073685,-0.0800771601498127,0.0194379,999,,,,,,,30.3,3.366666666,30.3,3.366666666,,,,,,,,,,,,,,,,,,,"Jonatan Clase","26599",682729
"James Outman","MIN",54.941,197.878,175.729,35.206,21.3832,6.76621,0.985652,6.07094,22.3579,19.8561,17.8459,0.491347,70.4503,2.92883,1.18707,0.187021,2.15335,4.13784,1.05531,0.200342,0.0901865,0.356029,0.253312,0.283173,0.353705,0.280863,0.636878,0.153363,5.50849,0.290204,,0.120332,18.2088,-5.17197,77.2617,0.120332,0,-5.182750545442104,-1.4495584964752197,0.0182454,999,,,,,,,170.2,3.094545454,170.2,3.094545454,,,,,,,,,,,,,,,,,,,"James Outman","24770",681546
"Ben Cowles","CHC",5.076,17.075,15.5572,3.46039,2.34675,0.738923,0.0505047,0.324217,1.75891,1.61423,1.17696,0.00763201,4.63078,0.19116,0.116706,0.0329375,0.253376,0.330849,0.0589457,0.22243,0.0689291,0.271203,0.254161,0.283329,0.338941,0.274919,0.62227,0.116511,4.9251,0.292583,,0.0175566,1.48885,-0.52869,75.7058,0.0175566,0,-0.47409464977681637,0.07833333313465118,0.0176313,999,,,,,,,6.7,1.34,6.7,1.34,,,,,,,,,,,,,,,,,,,"Ben Cowles","sa3016976",701496
"Seby Zavala","LAD",4.158,13.653,12.3122,2.27351,1.38546,0.489457,0.00812416,0.390465,1.3538,1.3988,1.02222,0.000608651,5.06551,0.136598,0.08615,0.0946543,0.158319,0.0603598,0.02558,0.184656,0.0748718,0.371018,0.201801,0.253175,0.320871,0.254402,0.574046,0.136215,2.99472,0.271241,,-0.015196,0.963043,-0.650164,60.368,-0.015196,0.05,-0.6565072163939476,0.3708333261311054,0.0172463,999,,,,,,,2.2,0.55,2.2,0.55,,,,,,,,,,,,,,,,,,,"Seby Zavala","18887",664874
"Josh Kasevich","TOR",3.617,11.368,10.5094,2.51926,1.93734,0.448318,0.0142359,0.119367,1.074,0.996242,0.675941,0.0255748,1.73126,0.0814868,0.0820464,0.0190802,0.264308,0.139511,0.0278555,0.239714,0.05946,0.152292,0.390434,0.288723,0.319156,0.268923,0.607879,0.0794418,3.7412,0.27456,,-0.00112635,0.935891,-0.407326,70.3986,-0.00112635,0,-0.3977410771185532,0.16745370626449585,0.0164703,999,,,,,,,8.8,2.2,8.8,2.2,,,,,,,,,,,,,,,,,,,"Josh Kasevich","sa3020203",688460
"Tomás Nido","DET",5.962,21.024,19.2789,4.22729,3.05935,0.753452,0.00515229,0.409338,1.80015,1.77836,0.941124,0.0346972,5.2476,0.142874,0.147139,0.487045,0.443238,0.0835951,0.0398508,0.21927,0.0447643,0.249601,0.179344,0.25896,0.322583,0.254695,0.581544,0.103313,2.38792,0.277284,,-0.0267245,1.48797,-0.996177,59.7429,-0.0267245,0,-1.0242655780166388,0.46003085374832153,0.0163063,999,,,,,,,9.3,1.55,9.3,1.55,,,,,,,,,,,,,,,,,,,"Tomas Nido","13755",621512
"Luis Vázquez","BAL",7.394,21.811,20.0091,4.40098,3.15364,0.78305,0.0557042,0.408582,2.18319,1.83129,1.25476,0.0293973,5.55716,0.241507,0.116182,0.189406,0.441649,0.31024,0.101298,0.219949,0.057529,0.254787,0.225792,0.272748,0.32591,0.264243,0.598659,0.105962,4.47783,0.281957,,-0.00993846,1.71274,-0.864393,68.0151,-0.00993846,0.01,-0.8321694582700729,0.23820986784994602,0.0160364,999,,,,,,,8.3,1.185714285,8.3,1.185714285,,,,,,,,,,,,,,,,,,,"Luis Vazquez","23442",676679
"Luken Baker","ARI",3.321,8.679,7.76651,1.65436,1.01325,0.346605,0.00881314,0.285688,0.895631,1.06702,0.774907,0.0174183,2.43356,0.0616453,0.0688949,0.00704616,0.129598,0.00646545,0.0026811,0.213012,0.0892852,0.280396,0.318425,0.287237,0.370263,0.287984,0.6575,0.157251,1.91697,0.267519,,-0.0119017,0.848823,-0.176667,81.8789,-0.0119017,0,-0.19830281101167202,0.05102292820811272,0.0144744,999,,,,,,,6.2,2.066666666,6.2,2.066666666,,,,,,,,,,,,,,,,,,,"Luken Baker","21497",663609
"Samad Taylor","SDP",6.304,19.403,17.5276,3.89248,2.83781,0.672631,0.115817,0.26622,2.20724,1.32023,1.35203,0.0194895,5.01537,0.14343,0.14227,0.237721,0.30537,0.891584,0.200204,0.222078,0.0696814,0.258484,0.269577,0.28113,0.319235,0.266226,0.600364,0.0971571,6.63489,0.292718,,0.0678517,1.5549,-0.73771,71.6975,0.0678517,-0.02,-0.583009660243988,0.07728394493460655,0.014305,999,,,,,,,12.2,2.033333333,12.2,2.033333333,,,,,,,,,,,,,,,,,,,"Samad Taylor","22274",669392
"Esmerlyn Valdez","PIT",13.503,36.961,33.6508,7.67361,4.88873,1.52524,0.0804706,1.17917,3.94415,4.35849,2.57687,0.0431017,10.9594,0.460956,0.226074,0.0463392,0.570584,0.229788,0.0554213,0.228037,0.0697186,0.296511,0.23513,0.290167,0.383269,0.293947,0.673436,0.155232,3.37159,0.298755,,-0.0287825,3.7938,-0.573424,85.0645,-0.0287825,0,-0.68305429443717,-0.4074184000492096,0.0142448,999,,,,,,,35,2.5,35,2.5,,,,,,,,,,,,,,,,,,,"Esmerlyn Valdez","sa3015768",699013
"Ryan Clifford","NYM",12.838,45.64,40.2846,8.63508,5.19062,1.80226,0.0345512,1.60765,5.01184,5.26944,4.51485,0.190447,13.3802,0.528876,0.262591,0.0490608,0.707598,0.338527,0.0767093,0.214352,0.0989232,0.293168,0.337429,0.300034,0.380528,0.298212,0.680561,0.166176,3.19705,0.274945,,-0.030015,4.84271,-0.55001,93.1711,-0.030015,0,-0.39940875209867954,-0.9905864596366882,0.0131429,999,,,,,,,53,4.076923076,53,4.076923076,,,,,,,,,,,,,,,,,,,"Ryan Clifford","sa3020126",691775
"Liover Peguero","PHI",10.25,29.354,27.1626,6.00535,4.12616,1.22444,0.0898289,0.564919,3.02505,2.70766,1.64717,0.0171897,7.58882,0.180442,0.189851,0.173899,0.506857,0.681278,0.173394,0.221089,0.0561141,0.258528,0.217053,0.268435,0.335174,0.264877,0.603609,0.114085,5.12699,0.283375,,0.0260565,2.3202,-1.14821,65.4241,0.0260565,0,-1.1768580675125122,0.3235670328140259,0.0126176,999,,,,,,,26.8,2.68,26.8,2.68,,,,,,,,,,,,,,,,,,,"Liover Peguero","24273",678894
"Jose Herrera","TEX",6.416,19.056,16.5167,3.19679,2.43365,0.529436,0.0303166,0.203384,1.59757,1.06448,1.73157,0.0385511,4.63467,0.131773,0.125524,0.550415,0.408765,0.100026,0.0365022,0.193548,0.0908676,0.243213,0.373613,0.273438,0.266215,0.245766,0.539653,0.072667,3.08706,0.253588,,-0.0230559,1.21054,-1.04107,55.2485,-0.0230559,-0.02,-1.0281630754470825,0.47506172582507133,0.0105152,999,,,,,,,8.7,1.45,8.7,1.45,,,,,,,,,,,,,,,,,,,"Jose Herrera","17040",645444
"Tanner Murray","CHW",16.954,67.036,62.9787,14.5169,9.78018,3.38325,0.120541,1.23289,6.15807,6.34011,3.00834,0.0134012,15.6561,0.551324,0.355002,0.142593,1.22388,0.446784,0.0954554,0.230504,0.0448764,0.233548,0.192151,0.270229,0.346782,0.269702,0.61701,0.116277,3.4521,0.286017,,-0.0377107,5.56126,-2.35956,70.0743,-0.0377107,0,-2.402128979563713,0.19622685015201569,0.0103712,999,,,,,,,51.1,3.005882352,51.1,3.005882352,,,,,,,,,,,,,,,,,,,"Tanner Murray","sa3016805",695020
"Joey Loperfido","HOU",95.51,350.993,319.971,72.6369,49.307,13.8687,2.83562,6.62568,38.3845,30.6543,21.8101,1.25247,101.356,5.30115,2.27091,1.6395,5.40199,6.96738,1.67939,0.227011,0.0621383,0.288771,0.215182,0.285522,0.3502,0.278389,0.635722,0.123189,6.05326,0.308089,,0.209517,31.5937,-9.87881,76.8911,0.209517,1.54,-9.350315555930138,-2.6319422721862793,0.0100626,999,,,,,,,301,3.135416666,301,3.135416666,,,,,,,,,,,,,,,,,,,"Joey Loperfido","29630",694388
"Gio Urshela","MIN",30.614,116.014,107.543,26.0701,19.6026,4.98462,0.0126534,1.47024,10.5325,10.6159,6.79669,0.125896,21.6736,0.510355,0.787161,0.377014,2.61181,0.324751,0.162477,0.242416,0.0585851,0.186819,0.313593,0.288638,0.330016,0.273002,0.618653,0.0875991,2.12196,0.288778,,-0.178404,9.93522,-3.77273,71.8465,-0.178404,-0.03,-4.028007194399834,0.12747942097485065,0.00946242,999,,,,,,,85.5,2.758064516,85.5,2.758064516,,,,,,,,,,,,,,,,,,,"Gio Urshela","10681",570482
"Emmanuel Rivera",,3.485,10.37,9.4865,2.20594,1.61369,0.386544,0.0302407,0.17546,1.01263,0.96235,0.684471,0.00449913,2.23562,0.0995144,0.0760471,0.0234725,0.22267,0.0349209,0.0145914,0.232535,0.0660049,0.215585,0.306167,0.288978,0.335144,0.276089,0.624122,0.102609,3.1211,0.283925,,-0.0147902,0.914062,-0.311233,76.1757,-0.0147902,0,-0.3059774423018098,0.038102585822343826,0.00911028,999,,,,,,,5.2,1.733333333,5.2,1.733333333,,,,,,,,,,,,,,,,,,,"Emmanuel Rivera","19890",656896
"RJ Schreck","TOR",3.243,11.098,9.77157,2.12473,1.31778,0.456364,0.0241173,0.326463,1.22854,1.17775,1.06487,0.0480964,2.59104,0.168126,0.0654417,0.0279855,0.174563,0.110468,0.0189228,0.21744,0.0959518,0.233469,0.410983,0.303317,0.369307,0.295958,0.672625,0.151868,3.88189,0.259883,,-0.00217743,1.15726,-0.154054,89.0219,-0.00217743,0,-0.14577470673248172,-0.15013888478279114,0.00880517,999,,,,,,,4.2,1.4,4.2,1.4,,,,,,,,,,,,,,,,,,,"RJ Schreck","sa3022602",702302
"Jonathon Long","CHC",5.623,19.564,17.4001,4.08276,2.71528,0.740897,0.0245486,0.60204,2.10146,2.29271,1.77641,0.128939,4.77834,0.219898,0.122477,0.0450708,0.3673,0.0596743,0.0137212,0.23464,0.0908001,0.244241,0.371764,0.311445,0.38384,0.303613,0.695286,0.149201,2.47475,0.286662,,-0.0239374,2.16166,-0.149979,95.3621,-0.0239374,0,-0.13147815503180027,-0.4338734745979309,0.00875257,999,,,,,,,23.7,3.95,23.7,3.95,,,,,,,,,,,,,,,,,,,"Jonathon Long","sa3022864",675085
"Tsung-Che Cheng","BOS",6.798,19.144,17.1211,3.70047,2.56959,0.822882,0.0620804,0.245916,1.93329,1.41325,1.48212,0.0277538,4.79058,0.126102,0.111659,0.303011,0.328454,0.553553,0.0939709,0.216135,0.0774196,0.250239,0.309382,0.281763,0.314539,0.265439,0.596302,0.0984043,5.41674,0.283247,,0.0448305,1.5219,-0.740108,63.1984,0.0448305,0,-0.7855395339429379,0.21102291345596313,0.00863402,999,,,,,,,13.2,1.885714285,13.2,1.885714285,,,,,,,,,,,,,,,,,,,"Tsung-Che Cheng","28344",691907
"Joey Wiemer","WSN",32.701,111.928,101.162,21.2379,13.519,4.30501,0.369196,3.04477,11.1764,11.7693,8.82262,0.249118,33.362,1.14102,0.649591,0.152325,1.80918,1.93692,0.60264,0.209939,0.078824,0.298066,0.264451,0.279144,0.350087,0.276703,0.629231,0.140148,4.4565,0.27816,,-0.0127872,9.92167,-3.30349,75.1557,-0.0127872,0.23,-3.3085764702409506,-0.3340150862932205,0.00831599,999,,,,,,,87.4,2.648484848,87.4,2.648484848,,,,,,,,,,,,,,,,,,,"Joey Wiemer","27690",686894
"Gustavo Campero","LAA",8.208,25.677,23.1654,5.42951,3.71324,1.01739,0.174601,0.524285,2.93447,2.21048,1.6792,0.0829359,5.07208,0.53338,0.180167,0.118809,0.450346,0.963647,0.213403,0.23438,0.0653969,0.197534,0.331067,0.299007,0.361269,0.289856,0.660276,0.126889,6.27911,0.276363,,0.0667645,2.55029,-0.483647,83.0363,0.0667645,0.02,-0.4466136321425438,-0.35999999567866325,0.0078931,999,,,,,,,28.2,3.525,28.2,3.525,,,,,,,,,,,,,,,,,,,"Gustavo Campero","22707",672569
"Héctor Rodríguez","CIN",4.876,17.171,16.1258,4.11728,2.76212,0.80205,0.0758585,0.477256,1.90357,1.94748,0.796613,0.0497715,2.93189,0.104448,0.108043,0.0361258,0.317787,0.316642,0.0677971,0.255323,0.0463929,0.170746,0.271707,0.292873,0.403256,0.300018,0.696129,0.147933,4.99964,0.28383,,0.0117098,1.84713,-0.181755,86.2269,0.0117098,0,-0.2685890393331647,-0.2257407307624817,0.00787331,999,,,,,,,12.3,2.46,12.3,2.46,,,,,,,,,,,,,,,,,,,"Hector Rodriguez","sa3015828",699302
"Tirso Ornelas","SDP",31.226,92.848,84.6854,19.5533,13.3713,4.2161,0.0823007,1.88362,9.46376,9.12018,6.78906,0.191924,19.1312,0.578449,0.649034,0.1461,1.90846,1.07927,0.225008,0.230893,0.0731201,0.206049,0.354868,0.290402,0.34935,0.281319,0.639752,0.118457,3.70285,0.274717,,-0.0119344,8.57833,-2.39237,82.0365,-0.0119344,0,-1.9887154074385762,-1.0234568119049072,0.00786817,999,,,,,,,83.3,2.687096774,83.3,2.687096774,,,,,,,,,,,,,,,,,,,"Tirso Ornelas","22566",672359
"Connor Joe","SEA",10.186,27.774,24.5241,5.08618,3.40848,0.961431,0.124985,0.591286,2.92716,2.50615,2.70531,0.0116845,6.64745,0.354182,0.148291,0.0421614,0.455733,0.378411,0.139762,0.207396,0.0974046,0.239341,0.40697,0.29373,0.329123,0.278947,0.622854,0.121728,4.51335,0.25783,,-0.0241751,2.51258,-0.769127,83.2316,-0.0241751,0,-0.573088388890028,-0.30615079402923584,0.00784704,999,,,,,,,24.3,2.43,24.3,2.43,,,,,,,,,,,,,,,,,,,"Connor Joe","16572",656582
"Dom Nuñez","CLE",4.675,14.915,13.1586,2.24058,1.38516,0.48894,0.0312894,0.335186,1.25073,1.26017,1.42454,0.0155438,4.85046,0.1232,0.0924664,0.116179,0.199113,0.0542189,0.00862938,0.170274,0.0955107,0.325207,0.293692,0.255988,0.288606,0.245559,0.544594,0.118331,3.09636,0.236242,,-0.0119495,0.944975,-0.817347,54.8848,-0.0119495,0,-0.805032261647284,0.3607253134250641,0.00706397,999,,,,,,,1.2,0.24,1.2,0.24,,,,,,,,,,,,,,,,,,,"Dom Nunez","15055",624513
"Hayden Senger","NYM",4.936,14.229,13.1332,2.61544,1.84413,0.514172,0.0355503,0.221588,1.20284,1.15346,0.714723,0.000634613,4.18577,0.211526,0.0855579,0.0839501,0.238128,0.0713728,0.0257222,0.199147,0.05023,0.294172,0.170751,0.250384,0.294328,0.242168,0.544711,0.0951811,3.50201,0.271675,,-0.0145441,0.86234,-0.818926,54.7793,-0.0145441,-0.01,-0.7771601621061563,0.37086417339742184,0.00686581,999,,,,,,,9.7,1.94,9.7,1.94,,,,,,,,,,,,,,,,,,,"Hayden Senger","21489",663584
"Blaze Jordan","STL",5.868,16.682,15.5131,3.9754,2.71994,0.867351,0.0295612,0.35854,1.67193,1.85717,0.898903,0.0588201,2.37339,0.131639,0.114656,0.0236537,0.348766,0.0665395,0.0133929,0.25626,0.0538846,0.142272,0.378742,0.300506,0.385318,0.297554,0.685824,0.129058,2.95434,0.280466,,-0.0165479,1.76116,-0.209945,91.5674,-0.0165479,0,-0.18327372334897518,-0.30647411942481995,0.00667756,999,,,,,,,12.3,2.05,12.3,2.05,,,,,,,,,,,,,,,,,,,"Blaze Jordan","sa3014537",691458
"Drew Romo","CHW",7.111,15.274,14.1692,2.99398,2.056,0.595489,0.0435945,0.298891,1.34205,1.37983,0.769486,0.0192147,3.92465,0.131798,0.122457,0.0811033,0.247249,0.137724,0.043226,0.211303,0.0503788,0.25695,0.196065,0.256387,0.322767,0.253845,0.579154,0.111464,3.89123,0.267687,,-0.00955325,1.07048,-0.734264,59.1511,-0.00955325,0,-0.744923465885222,0.2806069850921631,0.00628094,999,,,,,,,8.7,1.242857142,8.7,1.242857142,,,,,,,,,,,,,,,,,,,"Drew Romo","27763",691011
"Davis Wendzel","PIT",4.272,13.773,12.5368,2.58034,1.74084,0.525948,0.0156947,0.297851,1.22068,1.34602,0.91103,0.0101284,3.06986,0.197625,0.0994921,0.0280327,0.221958,0.065351,0.0159215,0.205821,0.0661461,0.222889,0.296766,0.268389,0.321551,0.261524,0.58994,0.11573,2.82983,0.24626,,-0.0121945,1.05115,-0.576239,62.854,-0.0121945,0.02,-0.6185605730861425,0.21777776256203651,0.00587767,999,,,,,,,9.7,2.425,9.7,2.425,,,,,,,,,,,,,,,,,,,"Davis Wendzel","26469",673995
"Vidal Bruján","NYM",12.351,38.311,34.9168,7.48251,5.34366,1.60225,0.0814351,0.455168,3.92563,2.91477,2.64638,0.121876,8.22796,0.349801,0.228882,0.169093,0.665056,1.31042,0.456392,0.214295,0.0690763,0.214768,0.321633,0.274729,0.303955,0.257124,0.578684,0.0896594,5.18897,0.265558,,0.0209311,2.78702,-1.73972,65.0247,0.0209311,-0.1,-1.5671733748167753,0.3447376415133476,0.00533872,999,,,,,,,20.9,1.741666666,20.9,1.741666666,,,,,,,,,,,,,,,,,,,"Vidal Brujan","20536",660644
"Tyler Fitzgerald","SFG",23.144,86.755,79.5931,17.0442,11.1968,3.36498,0.586881,1.89561,9.46443,7.52003,5.02705,0.00876052,26.5359,1.13649,0.527827,0.470498,1.0175,2.16844,0.503002,0.214142,0.0579454,0.305872,0.189443,0.268968,0.342615,0.268624,0.611583,0.128473,6.20107,0.29307,,0.113151,7.12118,-3.12959,71.9945,0.113151,0.05,-2.766444653272629,-0.06905350461602211,0.0052038,999,,,,,,,67.4,2.930434782,67.4,2.930434782,,,,,,,,,,,,,,,,,,,"Tyler Fitzgerald","26208",666149
"César Prieto","STL",12.847,40.97,38.5715,9.27027,6.79492,1.86027,0.0937047,0.521379,3.65029,3.80264,1.55759,0.069944,6.03529,0.410493,0.270363,0.160044,0.942064,0.40752,0.116861,0.24034,0.0380179,0.14731,0.258081,0.275383,0.333979,0.266585,0.609362,0.0936395,3.7219,0.270988,,-0.0237413,3.29516,-1.54576,70.3526,-0.0237413,-0.05,-1.4633559677749872,0.14825616404414177,0.00490917,999,,,,,,,32.6,2.507692307,32.6,2.507692307,,,,,,,,,,,,,,,,,,,"Cesar Prieto","30163",693409
"Shay Whitcomb","HOU",8.772,28.178,25.9314,5.38362,3.4573,1.04931,0.0160225,0.860988,2.9506,2.92955,1.78912,0.0809703,8.51805,0.269146,0.156276,0.0320645,0.38771,0.567827,0.167961,0.20761,0.0634934,0.302294,0.210039,0.264404,0.348918,0.267933,0.613322,0.141308,4.11042,0.270676,,0.00890494,2.29714,-1.0323,69.6879,0.00890494,-0.06,-0.9977914039045572,0.07537037506699562,0.00485165,999,,,,,,,22.2,2.466666666,22.2,2.466666666,,,,,,,,,,,,,,,,,,,"Shay Whitcomb","27789",694376
"Nick Morabito","NYM",4.41,11.938,10.9917,2.68975,2.06179,0.425879,0.0543765,0.147709,1.36215,0.939454,0.740583,0.0194948,2.89578,0.123707,0.0598836,0.0221512,0.232774,0.525239,0.0808189,0.244708,0.0620357,0.242568,0.255746,0.298262,0.333663,0.279714,0.631924,0.0889546,6.27206,0.317435,,0.0527628,1.08741,-0.323161,80.4992,0.0527628,0,-0.22315433993935585,-0.13159170746803284,0.00434154,999,,,,,,,10.7,2.675,10.7,2.675,,,,,,,,,,,,,,,,,,,"Nick Morabito","sa3020418",703492
"Billy Cook","PIT",5.723,17.375,15.9341,3.41606,2.24083,0.740027,0.0539622,0.381243,1.7644,1.62976,1.07689,0.0499552,5.02632,0.194862,0.111238,0.0578701,0.193371,0.404252,0.109857,0.214386,0.061979,0.289285,0.214249,0.270704,0.339381,0.267379,0.610085,0.124995,5.0591,0.285286,,0.0130031,1.40864,-0.644348,66.8647,0.0130031,0.04,-0.669350671581924,0.12831790000200272,0.00378942,999,,,,,,,6.7,1.116666666,6.7,1.116666666,,,,,,,,,,,,,,,,,,,"Billy Cook","29573",695257
"Drew Waters","KCR",9.798,34.406,31.492,6.93927,4.65114,1.51097,0.219309,0.557854,3.68459,3.03234,2.3512,0.0161873,10.3064,0.305614,0.19453,0.0626386,0.514233,0.873448,0.258792,0.22035,0.0683369,0.299553,0.228129,0.279416,0.3354,0.271366,0.614816,0.11505,5.95743,0.306471,,0.020572,2.90078,-1.16456,68.4611,0.020572,-0.04,-1.2583778277039528,0.11120370775461197,0.00378806,999,,,,,,,31.3,3.13,31.3,3.13,,,,,,,,,,,,,,,,,,,"Drew Waters","20505",671221
"Braden Montgomery","CHW",31.742,125.418,114.116,25.6084,16.8949,5.23178,0.37755,3.10418,12.8519,12.162,8.98101,0.454016,36.2413,1.33396,0.698896,0.287848,2.19617,1.6069,0.364376,0.224406,0.0716086,0.288964,0.247811,0.287088,0.358475,0.282656,0.645563,0.134069,4.29802,0.298189,,-0.00447168,11.7236,-3.09549,78.9976,-0.00447168,0,-3.1090473104268312,-1.1756296157836914,0.00327468,999,,,,,,,108.1,3.378125,108.1,3.378125,,,,,,,,,,,,,,,,,,,"Braden Montgomery","sa3038253",695731
"Kyle McCann","COL",9.94,33.491,30.2325,6.17278,3.99659,1.2038,0.029923,0.942455,3.22609,3.73007,2.71637,0.053751,11.6895,0.335706,0.158682,0.0477646,0.599131,0.0442368,0.0164278,0.204177,0.0811076,0.349033,0.232378,0.275836,0.339496,0.272089,0.615332,0.135319,2.10544,0.294513,,-0.0440583,2.84328,-1.11394,58.3218,-0.0440583,0,-1.6984231360256672,0.6152814626693726,0.00318315,999,,,,,,,24.9,2.49,24.9,2.49,,,,,,,,,,,,,,,,,,,"Kyle McCann","25575",668832
"Ryan Fitzgerald","LAD",5.163,11.369,10.3198,2.14904,1.34904,0.480139,0.0533065,0.266556,1.24144,1.14294,0.802492,0.0222992,2.9409,0.128912,0.0804553,0.0373497,0.170609,0.135846,0.0403753,0.208244,0.070586,0.258677,0.272873,0.271844,0.34259,0.269833,0.614434,0.134346,4.78581,0.261718,,-0.00427267,0.944374,-0.398961,70.9388,-0.00427267,0,-0.39586130203679204,0.041773222386837006,0.00247201,999,,,,,,,4.2,0.84,4.2,0.84,,,,,,,,,,,,,,,,,,,"Ryan Fitzgerald","24622",680837
"Will Banfield","CIN",8.402,21.775,20.3512,4.05534,2.69629,0.859375,0.0281441,0.471533,1.72894,2.11249,1.02635,0.00223869,6.1843,0.172803,0.176298,0.0483824,0.343474,0.0418521,0.0078036,0.199268,0.0471342,0.284009,0.16596,0.241846,0.313771,0.243659,0.555616,0.114503,2.22369,0.258355,,-0.0205269,1.34602,-1.22686,47.6195,-0.0205269,0.02,-1.3723558392375708,0.6683024950325489,0.00208781,999,,,,,,,8.3,1.0375,8.3,1.0375,,,,,,,,,,,,,,,,,,,"Will Banfield","23790",677943
"Vimael Machín","COL",4.918,16.186,14.7713,3.63495,2.57041,0.730617,0.0270434,0.306878,1.62381,1.72754,1.16997,0.0746634,2.9971,0.0861323,0.113802,0.0447975,0.344957,0.14189,0.0581023,0.246082,0.0722828,0.185166,0.390367,0.303017,0.361531,0.290698,0.664548,0.115449,3.39597,0.28737,,-0.0201844,1.61869,-0.293811,71.0694,-0.0201844,-0.02,-0.5751817226409912,0.055895064026117325,0.00196701,999,,,,,,,13.3,2.66,13.3,2.66,,,,,,,,,,,,,,,,,,,"Vimael Machin","17684",605353
"Steward Berroa","MIL",5.662,15.773,14.0898,2.81545,1.93777,0.581343,0.0781827,0.218149,1.67595,1.03741,1.322,0.0201798,4.72725,0.0933517,0.0851068,0.182784,0.187334,0.849149,0.187509,0.199822,0.0838141,0.299705,0.279655,0.271375,0.298629,0.255212,0.570004,0.0988063,6.76497,0.281414,,0.0710384,1.12295,-0.740754,61.1679,0.0710384,0.06,-0.6548989564180374,0.14737654104828835,0.0017648,999,,,,,,,10.6,1.766666666,10.6,1.766666666,,,,,,,,,,,,,,,,,,,"Steward Berroa","22766",672642
"Ji Hwan Bae","NYM",9.73,25.172,22.7298,5.2851,3.89563,1.01623,0.0756199,0.297612,2.87147,1.81348,1.99514,0.0665953,6.35319,0.180593,0.133442,0.132986,0.428332,1.23413,0.264306,0.232518,0.0792601,0.252391,0.314037,0.297968,0.323161,0.276303,0.621129,0.0906433,6.02445,0.307632,,0.0989467,2.22315,-0.751117,78.1625,0.0989467,0,-0.552554726600647,-0.2774691581726074,0.000762709,999,,,,,,,15.8,1.58,15.8,1.58,,,,,,,,,,,,,,,,,,,"Ji Hwan Bae","23818",678225
"Sam Huff","BAL",4.224,12.957,11.9284,2.29685,1.55038,0.43456,0.00428848,0.307619,1.11422,1.24984,0.867685,0.0170293,4.73063,0.088754,0.0574629,0.0147039,0.215001,0.000299483,0.000154421,0.192553,0.0669665,0.365102,0.183419,0.251369,0.307069,0.24742,0.558438,0.114516,1.33482,0.286319,,-0.0164401,0.840493,-0.690476,56.4262,-0.0164401,0,-0.6818695552647114,0.23804011940956116,0.000217868,999,,,,,,,2.2,0.55,2.2,0.55,,,,,,,,,,,,,,,,,,,"Sam Huff","22209",669087
"Nick Sogard","BOS",24.16,89.77,80.6376,18.6749,13.5177,3.95636,0.211277,0.989515,8.8997,7.47955,7.55546,0.14872,19.6124,0.62839,0.626038,0.322508,1.51624,1.94357,0.542113,0.23159,0.0841646,0.218474,0.385238,0.300274,0.322707,0.277804,0.622981,0.091117,4.44608,0.291541,,0.0244234,8.03774,-2.56928,71.7164,0.0244234,0,-2.96810881793499,-0.12427984178066254,-0.000271254,999,,,,,,,74.4,3.1,74.4,3.1,,,,,,,,,,,,,,,,,,,"Nick Sogard","25483",686765
"Spencer Jones","NYY",9.503,35.9,32.7822,6.84354,4.13533,1.33151,0.127368,1.24934,4.19561,3.74695,2.65638,0.0743514,13.8754,0.261214,0.162394,0.0378096,0.426137,1.02481,0.159249,0.208758,0.073994,0.386502,0.191445,0.272185,0.371476,0.280467,0.643661,0.162718,5.85476,0.313932,,0.0936769,3.292,-0.94986,78.8752,0.0936769,0,-0.8001623600721359,-0.4399537146091461,-0.000460034,999,,,,,,,29.4,2.94,29.4,2.94,,,,,,,,,,,,,,,,,,,"Spencer Jones","sa3019969",682987
"Chas McCormick","CHC",30.216,102.326,91.237,19.7404,13.8609,2.88629,0.290773,2.70242,11.4077,9.40245,8.0139,0.20786,28.3574,1.34862,0.752948,0.973511,1.4512,3.16474,0.997352,0.216364,0.0783173,0.277128,0.282603,0.287146,0.343232,0.278639,0.630378,0.126868,5.28675,0.279631,,0.0725732,9.23138,-2.85922,78.2543,0.0725732,0.02,-2.564684346318245,-0.8459788374602795,-0.000639704,999,,,,,,,87.8,2.926666666,87.8,2.926666666,,,,,,,,,,,,,,,,,,,"Chas McCormick","19599",676801
"Sebastián Rivero","LAA",9.205,27.021,25.1644,5.0388,3.44744,1.07427,0.015905,0.501192,2.0652,2.34678,1.16397,0.00896638,6.59242,0.273339,0.191263,0.228017,0.424457,0.13477,0.0539058,0.200235,0.0430764,0.243974,0.176562,0.241709,0.303939,0.240045,0.545648,0.103704,2.48961,0.248472,,-0.0273096,1.591,-1.60174,48.7234,-0.0273096,0.01,-1.6603370644152164,0.7202623579651117,-0.00102883,999,,,,,,,18.3,2.033333333,18.3,2.033333333,,,,,,,,,,,,,,,,,,,"Sebastian Rivero","21735",665861
"Garrett Hampson","CIN",18.072,55.16,49.574,10.7001,7.69979,1.93937,0.323284,0.737659,5.69584,3.77649,4.19425,0.041087,15.1266,0.383128,0.331942,0.676652,0.804181,1.7449,0.351917,0.215841,0.0760378,0.274231,0.277277,0.280406,0.312644,0.264243,0.59305,0.0968029,6.00045,0.292654,,0.124086,4.33156,-2.18602,61.7202,0.124086,0.06,-2.3784975931048393,0.524814810603857,-0.00189239,999,,,,,,,42.6,2.366666666,42.6,2.366666666,,,,,,,,,,,,,,,,,,,"Garrett Hampson","19262",641658
"Justin Dean","CHC",15.185,25.085,22.7879,4.63416,3.494,0.763818,0.0761491,0.300193,2.60719,1.70912,1.7988,0.00110976,7.8013,0.281706,0.134341,0.082242,0.411095,1.18599,0.166423,0.20336,0.0717084,0.310995,0.230577,0.268557,0.283082,0.248711,0.551639,0.0797219,6.2673,0.292425,,0.13225,1.65352,-1.31047,57.7527,0.13225,0.03,-1.1238010376691818,0.2643364202231169,-0.0025456,999,,,,,,,15.8,1.053333333,15.8,1.053333333,,,,,,,,,,,,,,,,,,,"Justin Dean","25005",681909
"Jared Young","NYM",11.937,36.947,33.2476,7.27266,4.66789,1.52746,0.0558369,1.02148,3.91799,3.77227,2.83935,0.0608791,9.4844,0.495762,0.216172,0.148076,0.60209,0.503362,0.138148,0.218742,0.0768492,0.256703,0.29937,0.288263,0.360213,0.285269,0.648476,0.14147,4.11818,0.272289,,-0.00833282,3.53205,-0.833521,84.3044,-0.00833282,-0.01,-0.6956395860761404,-0.5626388881355524,-0.00297144,999,,,,,,,32.3,2.691666666,32.3,2.691666666,,,,,,,,,,,,,,,,,,,"Jared Young","20404",676724
"Akil Baddoo","MIL",8.501,31.215,27.9021,5.87709,3.70079,1.15295,0.178378,0.844981,3.44188,3.17857,2.89674,0.100596,8.91502,0.150977,0.164509,0.100625,0.373711,0.991522,0.249333,0.210632,0.0927996,0.2856,0.324928,0.286839,0.355591,0.282318,0.642429,0.144958,5.79589,0.274879,,0.0523108,2.9093,-0.778992,79.7366,0.0523108,0.02,-0.6973592527210712,-0.37356482073664665,-0.00331425,999,,,,,,,28.8,3.2,28.8,3.2,,,,,,,,,,,,,,,,,,,"Akil Baddoo","22168",668731
"Christian Franklin","WSN",5.323,20.86,18.5106,4.17004,3.0006,0.774567,0.061353,0.333513,2.10005,1.76869,1.911,0.0155611,5.17098,0.250027,0.108094,0.0802356,0.434797,0.46284,0.102184,0.225278,0.0916109,0.24789,0.369563,0.304675,0.327803,0.283441,0.632478,0.102526,4.76514,0.292546,,0.0167492,1.96322,-0.501553,79.7715,0.0167492,0,-0.4833683203905821,-0.24643518030643463,-0.00366137,999,,,,,,,12.3,2.46,12.3,2.46,,,,,,,,,,,,,,,,,,,"Christian Franklin","sa3017510",681047
"Sergio Alcántara","WSN",3.711,11.357,10.2276,2.09192,1.53486,0.407262,0.0362403,0.113549,0.905534,0.873215,0.950486,0.00874648,2.9251,0.052822,0.0729852,0.0530827,0.210311,0.0707058,0.0244021,0.204536,0.0836916,0.257559,0.324941,0.273819,0.284749,0.251643,0.558568,0.0802131,3.31438,0.272429,,-0.0125504,0.775652,-0.566265,57.9891,-0.0125504,-0.01,-0.5780342910438776,0.1618055459111929,-0.00392661,999,,,,,,,4.2,1.05,4.2,1.05,,,,,,,,,,,,,,,,,,,"Sergio Alcantara","16417",642727
"Cristian Pache","NYM",2.741,8.619,7.86095,1.5813,1.07238,0.297172,0.0489988,0.162747,0.869736,0.691199,0.618555,0.00103557,2.72321,0.0594889,0.04237,0.0376391,0.141857,0.134129,0.0428232,0.201158,0.0717664,0.315954,0.227142,0.263285,0.313538,0.256109,0.576823,0.11238,5.14257,0.282728,,-0.00225992,0.619906,-0.398496,64.3293,-0.00225992,-0.01,-0.3666464816778898,0.032299378886818886,-0.00486914,999,,,,,,,6.2,2.066666666,6.2,2.066666666,,,,,,,,,,,,,,,,,,,"Cristian Pache","19948",665506
"Jason Delay","BOS",4.218,12.679,11.7028,2.52988,1.87429,0.482287,0.0231875,0.150117,1.05539,1.08656,0.674434,0.00281563,2.802,0.122696,0.0844169,0.0946046,0.245153,0.0627611,0.0248086,0.216176,0.053193,0.220996,0.240697,0.264376,0.299832,0.250628,0.564208,0.0836559,3.0681,0.269352,,-0.0152246,0.855485,-0.642637,52.9957,-0.0152246,0,-0.7176412874832749,0.23293283581733704,-0.00494352,999,,,,,,,7.8,1.95,7.8,1.95,,,,,,,,,,,,,,,,,,,"Jason Delay","19806",641511
"Taylor Trammell","HOU",12.741,40.753,36.0104,7.40785,4.58957,1.4815,0.168088,1.16868,4.72326,3.88287,3.98662,0.0593576,12.0256,0.386538,0.28442,0.0849738,0.518625,0.9973,0.243345,0.205714,0.097824,0.295084,0.331513,0.289687,0.353552,0.284344,0.643239,0.147838,5.40534,0.270086,,0.041029,3.86531,-0.949966,80.9934,0.041029,0.01,-0.8719006851315498,-0.5798610951751471,-0.00502455,999,,,,,,,29.4,2.261538461,29.4,2.261538461,,,,,,,,,,,,,,,,,,,"Taylor Trammell","19960",666211
"Patrick Wisdom","SEA",1.925,6.941,6.20569,1.14114,0.565362,0.218746,0.0183899,0.33864,0.781309,0.945982,0.606965,0.00388675,2.70147,0.075781,0.0363852,0.0161802,0.0626098,0.0729396,0.0229119,0.183886,0.0874463,0.389205,0.224679,0.263384,0.38877,0.283715,0.652153,0.204884,4.40288,0.250627,,-0.00300884,0.654788,-0.165345,86.5158,-0.00300884,-0.03,-0.11331987986341119,-0.17853393964469433,-0.00541805,999,,,,,,,2.6,1.3,2.6,1.3,,,,,,,,,,,,,,,,,,,"Patrick Wisdom","13602",621550
"Kameron Misner","KCR",13.594,50.268,44.876,9.19235,5.77088,1.92485,0.34651,1.15011,5.64378,4.63186,4.5709,0.0597219,16.0486,0.366631,0.322436,0.131985,0.598651,1.40795,0.334183,0.204839,0.0909306,0.319261,0.284816,0.281831,0.34006,0.275151,0.621891,0.135221,6.13037,0.287225,,0.0744369,4.39257,-1.54698,71.0682,0.0744369,0.15,-1.6396789103746414,-0.14369753003120422,-0.00544646,999,,,,,,,37.5,2.678571428,37.5,2.678571428,,,,,,,,,,,,,,,,,,,"Kameron Misner","26374",670224
"Ronny Simon","PIT",3.732,11.503,10.4623,2.48525,1.76864,0.504325,0.0518852,0.160394,1.26622,0.963047,0.812986,0.0224627,2.25604,0.0679842,0.0839272,0.0757935,0.203737,0.379485,0.0958662,0.237543,0.070676,0.196126,0.36036,0.294579,0.341657,0.280302,0.636237,0.104114,5.6947,0.285967,,0.0192946,1.05328,-0.305891,75.7176,0.0192946,0,-0.3117581643164158,-0.12679673731327057,-0.00571388,999,,,,,,,7.1,1.775,7.1,1.775,,,,,,,,,,,,,,,,,,,"Ronny Simon","25346",682927
"Leandro Cedeño","SDP",1.461,6.411,5.94058,1.42083,0.958095,0.291065,0.011841,0.159829,0.637043,0.767728,0.351286,0.0298353,1.73808,0.0658002,0.0452332,0.00810106,0.117443,0.0195807,0.00467875,0.239174,0.0547942,0.27111,0.202111,0.287044,0.37287,0.286208,0.659914,0.133696,2.81747,0.308472,,-0.00688142,0.617765,-0.139744,80.6624,-0.00688142,0,-0.15381532069295645,-0.11777997761964798,-0.0059648,999,,,,,,,-0.4,-0.4,-0.4,-0.4,,,,,,,,,,,,,,,,,,,"Leandro Cedeno","sa873307",660681
"Vinny Capra","BOS",3.803,10.169,9.29084,2.09171,1.52169,0.417753,0.0270836,0.125183,0.945419,0.876614,0.657268,0.0149869,2.29131,0.0962461,0.0693019,0.0553465,0.187496,0.135479,0.0392389,0.225137,0.0646345,0.225323,0.286852,0.281325,0.316352,0.265119,0.597677,0.0912154,4.26589,0.283213,,-0.00389437,0.805773,-0.395773,62.9782,-0.00389437,0,-0.4476130995899439,0.03736405074596405,-0.00616419,999,,,,,,,5.2,1.3,5.2,1.3,,,,,,,,,,,,,,,,,,,"Vinny Capra","25040",681962
"Luke Williams","ATL",13.925,22.831,21.0828,4.33846,2.92434,0.910529,0.107651,0.395938,2.46803,1.81719,1.37915,0.0167221,6.76518,0.164564,0.143531,0.0609997,0.264176,0.86169,0.239354,0.205782,0.0604068,0.296315,0.20386,0.25833,0.315524,0.253088,0.573854,0.109741,6.18328,0.280304,,0.0449322,1.58607,-1.11159,58.4877,0.0449322,0,-1.0783692188560963,0.2516644597053528,-0.00686639,999,,,,,,,9.2,0.657142857,9.2,0.657142857,,,,,,,,,,,,,,,,,,,"Luke Williams","19931",663897
"Chad Wallach","ATH",4.622,12.208,11.1908,2.14775,1.45828,0.390617,0.0083572,0.290495,1.06035,1.12659,0.758236,0.000544233,3.98844,0.122553,0.0700165,0.0609555,0.20998,0.0297198,0.0133212,0.191921,0.0621097,0.326707,0.190108,0.249435,0.306196,0.246549,0.555631,0.114274,2.40912,0.266012,,-0.0149495,0.783283,-0.659187,51.563,-0.0149495,0,-0.7118870932608843,0.22427983582019806,-0.0068987,999,,,,,,,3.2,0.64,3.2,0.64,,,,,,,,,,,,,,,,,,,"Chad Wallach","17161",595453
"Carlos Cortes","ATH",42.525,150.869,137.456,31.6149,19.5314,7.23616,0.398778,4.44855,15.976,16.7833,10.9657,0.225555,32.7298,0.932266,1.31826,0.196356,2.43413,0.576232,0.185577,0.229999,0.0726838,0.216942,0.335038,0.288791,0.385535,0.293054,0.674326,0.155536,3.21685,0.267395,,-0.166749,15.3763,-2.44999,83.5982,-0.166749,-0.21,-3.083271250128746,-2.178749993443489,-0.00709592,999,,,,,,,138,3.209302325,138,3.209302325,,,,,,,,,,,,,,,,,,,"Carlos Cortes","21842",666126
"Gabriel Rincones Jr.","PHI",11.752,45.095,40.2948,8.69424,5.5738,1.85047,0.104898,1.16507,4.97879,4.59033,3.99428,0.206476,12.1082,0.516725,0.230106,0.0591173,0.697707,1.19459,0.20366,0.215766,0.0885748,0.268503,0.329884,0.293216,0.353637,0.284799,0.646853,0.137871,4.99845,0.276283,,0.0903027,4.29378,-1.03454,79.0711,0.0903027,0,-1.0282836481928825,-0.5440740585327148,-0.00737019,999,,,,,,,42.5,3.541666666,42.5,3.541666666,,,,,,,,,,,,,,,,,,,"Gabriel Rincones Jr.","sa3020758",687282
"Marco Luciano","NYY",6.221,18.145,16.3298,3.02936,1.99372,0.608268,0.0229068,0.404462,1.68607,1.58069,1.59609,0.00905708,6.44429,0.0927507,0.106629,0.0196931,0.257708,0.1975,0.0638275,0.185511,0.087963,0.355155,0.247675,0.26031,0.29987,0.250909,0.56018,0.114359,3.78294,0.273777,,-0.0108897,1.22843,-0.915538,58.5138,-0.0108897,0,-0.8981134640052915,0.20001102983951569,-0.00752826,999,,,,,,,9.7,1.616666666,9.7,1.616666666,,,,,,,,,,,,,,,,,,,"Marco Luciano","25616",682617
"Brett Wisely","ATL",14.324,48.146,43.6985,9.32331,6.46276,2.0798,0.0724145,0.708337,4.50677,4.04059,3.32354,0.157806,11.6171,0.352079,0.355685,0.416197,0.723016,0.858701,0.254796,0.213355,0.0690305,0.241288,0.286091,0.272344,0.312893,0.258719,0.585237,0.0995374,4.34972,0.271519,,0.00150815,3.56483,-2.12399,62.3452,0.00150815,0.1,-2.147187317488715,0.46841562539339066,-0.00787218,999,,,,,,,32.5,2.321428571,32.5,2.321428571,,,,,,,,,,,,,,,,,,,"Brett Wisely","27735",689172
"Jack Winkler","HOU",3.588,6.329,5.83086,1.17022,0.817152,0.243702,0.00561731,0.103747,0.617236,0.498971,0.381412,0.00486048,1.74497,0.0633699,0.0356855,0.0176735,0.0915869,0.195471,0.027773,0.200694,0.0602642,0.27571,0.218578,0.255889,0.297794,0.246189,0.553684,0.0971004,5.20534,0.265435,,0.0194218,0.404225,-0.343595,54.7094,0.0194218,0,-0.3184214923530817,0.023254703730344772,-0.00791212,999,,,,,,,-0.4,-0.1,-0.4,-0.1,,,,,,,,,,,,,,,,,,,"Jack Winkler","29830",676466
"Matt Koperniak","STL",9.529,37.484,34.5816,7.97568,5.80158,1.41025,0.0903354,0.673517,3.5512,3.48796,2.20535,0.0459981,7.92767,0.338864,0.232624,0.125571,0.83804,0.404593,0.110931,0.230634,0.0588345,0.211495,0.278184,0.281594,0.335067,0.27171,0.616661,0.104433,3.77951,0.27857,,-0.0193021,3.17074,-1.25829,73.8629,-0.0193021,0,-1.180475926026702,-0.14705248177051544,-0.00822865,999,,,,,,,28.1,2.81,28.1,2.81,,,,,,,,,,,,,,,,,,,"Matt Koperniak","sa3014834",689288
"Kristian Robinson","ARI",4.013,13.523,12.1476,2.61393,1.74107,0.498239,0.0477412,0.326888,1.52931,1.31805,1.16595,0.0297371,4.62759,0.117077,0.0708281,0.0215666,0.21189,0.392326,0.0676078,0.215182,0.0862196,0.342201,0.251956,0.288633,0.344786,0.279992,0.633419,0.129605,5.695,0.31485,,0.0310109,1.23484,-0.363011,76.4045,0.0310109,0,-0.3471665773540735,-0.18578703701496124,-0.00849605,999,,,,,,,7.8,1.95,7.8,1.95,,,,,,,,,,,,,,,,,,,"Kristian Robinson","sa3006884",677565
"Tyler Callihan","PIT",21.133,63.237,57.33,12.5617,8.46398,2.63757,0.202429,1.2577,6.6361,5.44834,4.40797,0.128346,17.6478,0.50419,0.359852,0.634961,0.890623,1.83577,0.286572,0.219112,0.0697055,0.279073,0.249775,0.279126,0.337994,0.271752,0.61712,0.118882,5.47667,0.291457,,0.16234,5.35134,-2.1206,69.8605,0.16234,-0.16,-2.096585661172867,-0.09477470070123672,-0.00894724,999,,,,,,,52.7,2.509523809,52.7,2.509523809,,,,,,,,,,,,,,,,,,,"Tyler Callihan","27497",682997
"Dustin Harris","CHW",15.361,39.14,35.5337,8.01168,5.45307,1.56942,0.189834,0.799355,4.30081,3.38908,2.80889,0.14846,9.14559,0.371203,0.32114,0.105052,0.451031,1.49076,0.331144,0.225467,0.0717651,0.233663,0.30713,0.286711,0.347806,0.278085,0.634517,0.122339,5.93665,0.278362,,0.106529,3.51343,-1.11127,75.8492,0.106529,0,-1.0075710117816925,-0.4314373731613159,-0.00939979,999,,,,,,,34.9,2.326666666,34.9,2.326666666,,,,,,,,,,,,,,,,,,,"Dustin Harris","25705",687957
"Trey Mancini","LAA",2.925,9.511,8.59689,1.9586,1.32946,0.344359,0.00258919,0.282201,0.931647,1.02906,0.72092,0.0302833,2.40295,0.119968,0.0596629,0.0135558,0.192409,0.0312246,0.0128732,0.227827,0.0757986,0.252649,0.300015,0.294763,0.366963,0.290214,0.661726,0.139136,2.13222,0.280739,,-0.0131549,0.947422,-0.176376,83.2836,-0.0131549,0,-0.2005432853475213,-0.2256944328546524,-0.0101171,999,,,,,,,5.2,1.733333333,5.2,1.733333333,,,,,,,,,,,,,,,,,,,"Trey Mancini","15149",641820
"Oliver Dunn","CHW",4.011,11.625,10.4559,2.0475,1.39651,0.408952,0.0542621,0.187772,1.15876,0.827683,0.932977,0.0138496,3.88545,0.12238,0.0600937,0.053625,0.174844,0.293782,0.067007,0.195822,0.0802561,0.334232,0.240121,0.268149,0.299188,0.2541,0.567338,0.103367,5.74807,0.288652,,0.0152209,0.817144,-0.556439,59.3267,0.0152209,0,-0.5420603277161717,0.042713843286037445,-0.0101528,999,,,,,,,4.2,1.05,4.2,1.05,,,,,,,,,,,,,,,,,,,"Oliver Dunn","26295",686554
"Sandy León","ATL",3.735,8.853,7.85583,1.37343,0.941983,0.233158,0.00346563,0.194827,0.730015,0.772632,0.676357,0.00375022,2.9953,0.0854485,0.0523125,0.0814928,0.145743,0.0224014,0.0110845,0.17483,0.0763986,0.338338,0.225806,0.246281,0.279793,0.236823,0.526073,0.104963,2.12912,0.24981,,-0.0112821,0.498113,-0.547938,47.3459,-0.0112821,0,-0.5637627094984055,0.16264329850673676,-0.0109043,999,,,,,,,0.6,0.15,0.6,0.15,,,,,,,,,,,,,,,,,,,"Sandy Leon","5273",506702
"Eloy Jiménez","TOR",7.174,27.439,25.1418,6.13607,4.21789,1.00779,0,0.91039,3.00177,3.27307,1.87198,0.0443296,5.36248,0.189672,0.202733,0.032864,0.711111,0.0606593,0.0236372,0.244059,0.0682234,0.195433,0.349088,0.29912,0.392774,0.30112,0.691894,0.148715,2.08295,0.274003,,-0.0387108,2.97624,-0.26589,92.5777,-0.0387108,0,-0.2787476219236851,-0.7749691009521484,-0.0111839,999,,,,,,,26.9,3.842857142,26.9,3.842857142,,,,,,,,,,,,,,,,,,,"Eloy Jimenez","17484",650391
"Joey Meneses","ATH",15.233,46.977,43.4279,10.8387,7.43621,2.19614,0,1.20635,4.87547,5.24373,2.73861,0.123659,9.05504,0.368968,0.385091,0.0564244,1.04556,0.101903,0.0412301,0.249579,0.0582968,0.192755,0.302441,0.297232,0.383484,0.295824,0.680716,0.133905,2.08855,0.287091,,-0.0652941,4.8935,-0.657192,85.5068,-0.0652941,0,-0.8677545785903931,-0.8630401492118835,-0.0116557,999,,,,,,,42.8,2.853333333,42.8,2.853333333,,,,,,,,,,,,,,,,,,,"Joey Meneses","14366",608841
"Juan Yepez","TOR",8.747,26.24,23.9885,5.65401,3.84921,1.08953,0.046732,0.668542,2.75058,2.81753,1.75198,0.0356875,4.48103,0.211486,0.236063,0.0519272,0.503317,0.130802,0.0470857,0.235696,0.0667676,0.170771,0.390978,0.290876,0.368619,0.288167,0.659495,0.132923,3.14939,0.261361,,-0.0312598,2.57023,-0.530228,83.6549,-0.0312598,0,-0.5367644019424915,-0.48206937313079834,-0.0118371,999,,,,,,,27.9,3.1,27.9,3.1,,,,,,,,,,,,,,,,,,,"Juan Yepez","18400",660766
"Rhylan Thomas","SEA",5.7,18.387,16.9969,4.23365,3.29171,0.799697,0.0207725,0.121465,1.77619,1.48827,0.966948,0.0421662,1.764,0.0930085,0.140725,0.189372,0.369565,0.5728,0.123896,0.249083,0.0525887,0.0959375,0.548156,0.290895,0.320015,0.269496,0.610911,0.0709325,4.75325,0.269612,,0.0353726,1.52229,-0.650273,76.7209,0.0353726,-0.02,-0.4691139720380306,-0.28388886526227,-0.0122931,999,,,,,,,13.2,2.2,13.2,2.2,,,,,,,,,,,,,,,,,,,"Rhylan Thomas","31793",689041
"Ryan Ward","LAD",5.269,17.359,15.9729,3.41384,2.08033,0.667372,0.0588331,0.607309,1.99507,2.07202,1.15802,0.0647831,4.52211,0.0975643,0.110004,0.020534,0.268018,0.233758,0.0553514,0.213728,0.0667101,0.260505,0.25608,0.26931,0.37694,0.27951,0.64625,0.163212,4.63998,0.256223,,0.00248931,1.57832,-0.472777,77.5678,0.00248931,0,-0.4590312691871077,-0.24393518269062042,-0.0128329,999,,,,,,,16.1,3.22,16.1,3.22,,,,,,,,,,,,,,,,,,,"Ryan Ward","sa1169792",669899
"Donovan Solano",,7.006,20.468,18.7408,4.57785,3.34256,0.824874,0.0294287,0.380994,2.01868,2.06908,1.20731,0.00623762,4.61808,0.360016,0.127878,0.0319505,0.440623,0.0313649,0.0142567,0.244272,0.0589853,0.225624,0.261432,0.300703,0.352416,0.288578,0.653119,0.108144,2.22715,0.302593,,-0.0319377,2.01169,-0.406761,82.9464,-0.0319377,0,-0.4444882310926914,-0.37602880597114563,-0.0130747,999,,,,,,,14.9,2.128571428,14.9,2.128571428,,,,,,,,,,,,,,,,,,,"Donovan Solano","8623",456781
"Kemp Alderman","MIA",4.023,13.717,12.8023,2.95494,2.01646,0.545823,0.0374558,0.355202,1.37856,1.46239,0.67535,0.00471714,3.80376,0.141253,0.0752824,0.0228287,0.273474,0.22039,0.0444916,0.230814,0.0492346,0.277303,0.177548,0.275413,0.362536,0.278423,0.637948,0.131722,4.59865,0.298183,,0.00718605,1.23508,-0.385693,74.9729,0.00718605,0,-0.39969196962192655,-0.1862499862909317,-0.013257,999,,,,,,,9.7,2.425,9.7,2.425,,,,,,,,,,,,,,,,,,,"Kemp Alderman","sa3022562",694580
"Weston Wilson","BAL",9.085,23.673,21.3459,4.41647,2.84166,0.838563,0.0680921,0.668154,2.65517,2.22839,1.95348,0.0568969,6.80732,0.139745,0.128571,0.105325,0.311123,0.645633,0.194099,0.2069,0.0825192,0.287556,0.286967,0.276213,0.346469,0.27387,0.622681,0.139568,5.2208,0.267756,,0.0174367,2.044,-0.753146,74.647,0.0174367,0,-0.6899477615952492,-0.26094576716423035,-0.0139255,999,,,,,,,21.6,2.4,21.6,2.4,,,,,,,,,,,,,,,,,,,"Weston Wilson","19358",642215
"Grae Kessinger","NYM",3.881,12.762,11.5404,2.24978,1.56273,0.424099,0.0224984,0.240455,1.17462,1.06988,0.982911,0.0238582,3.3814,0.107113,0.0884097,0.0431999,0.184975,0.177997,0.0656963,0.194949,0.0770186,0.264958,0.290682,0.262588,0.298105,0.250178,0.560693,0.103156,4.01091,0.250948,,-0.00865957,0.856421,-0.651507,60.2659,-0.00865957,0,-0.6096623260527849,0.046891532838344574,-0.0141371,999,,,,,,,2.2,0.55,2.2,0.55,,,,,,,,,,,,,,,,,,,"Grae Kessinger","25813",666197
"Tristin English","ATL",1.947,6.957,6.47975,1.45339,1.02159,0.275388,0.0127201,0.143685,0.643809,0.70569,0.325932,0.00254835,1.60445,0.0907342,0.0489988,0.0115846,0.142283,0.0182979,0.00520834,0.224297,0.0468495,0.230624,0.203142,0.26925,0.337246,0.266212,0.606496,0.112949,2.79344,0.273961,,-0.00795143,0.557431,-0.264592,67.4777,-0.00795143,0,-0.27611337788403034,-0.12781083583831787,-0.0176451,999,,,,,,,-0.4,-0.2,-0.4,-0.2,,,,,,,,,,,,,,,,,,,"Tristin English","26148",663536
"Jose Miranda","SDP",10.311,39.58,36.7131,8.36856,5.79133,1.56607,0.0560195,0.955138,3.772,4.14534,2.03954,0.052379,7.13006,0.476599,0.295584,0.0552171,0.827339,0.126544,0.0569147,0.227945,0.0515295,0.180143,0.286048,0.275389,0.351703,0.274217,0.627092,0.123758,2.54826,0.256312,,-0.0524962,3.4286,-1.24809,77.1709,-0.0524962,-0.05,-1.1234191469848156,-0.36824073269963264,-0.0178866,999,,,,,,,29,2.9,29,2.9,,,,,,,,,,,,,,,,,,,"Jose Miranda","20538",669304
"Junior Perez","ATH",12.099,47.705,43.0851,8.71317,5.1821,2.06562,0.117956,1.34749,5.46782,4.31479,3.84566,0.0612547,16.9087,0.22737,0.25501,0.291896,0.515063,1.70775,0.22959,0.202232,0.0806133,0.354444,0.227436,0.269677,0.349475,0.271839,0.619152,0.147244,5.9785,0.293643,,0.186835,4.04034,-1.59638,68.9841,0.186835,0,-1.5570626854896545,-0.2613981366157532,-0.0180615,999,,,,,,,38.4,3.2,38.4,3.2,,,,,,,,,,,,,,,,,,,"Junior Perez","sa3005744",678577
"Sterlin Thompson","COL",6.728,26.517,24.1932,5.90785,3.98919,1.22343,0.13279,0.562447,2.94917,2.76843,1.73978,0.0375086,6.38009,0.394971,0.149827,0.039229,0.493881,0.461708,0.101841,0.244195,0.0656099,0.240604,0.272688,0.303749,0.375486,0.297668,0.679235,0.131291,5.00459,0.307199,,0.0104551,2.80192,-0.33127,75.8445,0.0104551,0,-0.7487081773579121,-0.3114814758300781,-0.0182078,999,,,,,,,27.9,3.985714285,27.9,3.985714285,,,,,,,,,,,,,,,,,,,"Sterlin Thompson","sa3019999",694514
"Ethan Murray","MIL",3.816,14.908,13.5461,2.71548,1.87288,0.577575,0.0320821,0.232942,1.27731,1.29199,1.0443,0.00121605,4.29187,0.137605,0.0873865,0.0926027,0.267875,0.185128,0.0377397,0.200462,0.0700499,0.28789,0.243321,0.263063,0.299425,0.251234,0.562488,0.0989633,3.98497,0.272546,,0.00141183,1.01321,-0.748281,58.4428,0.00141183,0,-0.7328648183029145,0.058888886123895645,-0.0182099,999,,,,,,,8.7,2.175,8.7,2.175,,,,,,,,,,,,,,,,,,,"Ethan Murray","sa3017051",696140
"Heston Kjerstad","BAL",13.158,49.422,45.1596,10.2947,6.78803,2.10498,0.141412,1.26027,5.11575,5.15742,3.01053,0.131039,12.9734,0.839918,0.347551,0.0643683,0.87788,0.268427,0.0808407,0.227962,0.0609148,0.262503,0.232054,0.286585,0.364558,0.284695,0.651142,0.136596,3.58395,0.288884,,-0.048787,4.70163,-1.13796,82.1041,-0.048787,-0.18,-1.0912132561206818,-0.7891666889190674,-0.0183503,999,,,,,,,38.2,2.938461538,38.2,2.938461538,,,,,,,,,,,,,,,,,,,"Heston Kjerstad","31166",677008
"Michael Siani","LAD",10.296,26.51,23.7071,4.8506,3.68704,0.776874,0.151064,0.235617,2.98284,1.59364,2.09684,0.0517422,6.61872,0.210321,0.15238,0.343324,0.443523,1.06613,0.230396,0.204605,0.0790963,0.249669,0.316805,0.273545,0.279935,0.249341,0.55348,0.0753298,6.60643,0.271387,,0.0796438,1.76101,-1.37135,56.9012,0.0796438,0.05,-1.274512566626072,0.20888887718319893,-0.0187876,999,,,,,,,14.8,1.48,14.8,1.48,,,,,,,,,,,,,,,,,,,"Michael Siani","22557",672279
"Dairon Blanco","TEX",7.583,16.052,14.6303,3.25702,2.28097,0.548133,0.101154,0.326764,2.16645,1.06085,0.909901,0.0157417,4.29866,0.22295,0.0803515,0.208528,0.168341,1.38923,0.290678,0.222622,0.0566846,0.267796,0.211671,0.277078,0.34092,0.271948,0.617998,0.118298,8.05421,0.29055,,0.136375,1.36093,-0.535739,73.2839,0.136375,-0.03,-0.3690715730190277,-0.3810648303478956,-0.0202223,999,,,,,,,9.6,1.2,9.6,1.2,,,,,,,,,,,,,,,,,,,"Dairon Blanco","19779",680118
"Rece Hinds","CIN",11.422,38.427,35.6899,7.86419,4.64551,1.69648,0.177318,1.34489,4.36659,4.34414,2.12637,0.09196,13.2818,0.346285,0.222709,0.0417742,0.434151,0.924505,0.245643,0.220348,0.0553354,0.345637,0.160097,0.269292,0.390867,0.284671,0.660159,0.170519,5.74369,0.306273,,0.0379211,3.65489,-0.885553,75.7139,0.0379211,0.12,-1.0681622922420502,-0.4087963178753853,-0.0203073,746.6500244140625,,,,,,,31.9,2.9,31.9,2.9,,,,,,,,,,,,,,,,,,,"Rece Hinds","27493",677956
"Nicky Lopez","COL",10.881,31.37,28.142,7.03461,5.69332,1.13122,0.182563,0.0275084,3.20568,2.09873,2.35103,0.0457795,4.51747,0.243496,0.189023,0.424728,0.845573,0.681717,0.223947,0.249968,0.0749451,0.144006,0.52043,0.311365,0.306072,0.27705,0.617436,0.0561037,4.99311,0.294588,,-0.00977811,2.78958,-0.917027,61.7205,-0.00977811,0.02,-1.4330091197043657,0.18791665509343147,-0.0206062,999,,,,,,,22,2,22,2,,,,,,,,,,,,,,,,,,,"Nicky Lopez","19339",670032
"Tristan Peters","CHW",9.973,36.195,32.8528,7.24096,4.84863,1.54162,0.185743,0.66497,3.55727,3.15833,2.73534,0.0830328,7.4429,0.247597,0.294951,0.0642904,0.553802,0.546543,0.110761,0.220406,0.0755724,0.205633,0.36751,0.28297,0.339361,0.273816,0.622331,0.118955,4.73726,0.262621,,0.012797,3.1236,-1.15311,72.9082,0.012797,-0.05,-1.1429388597607613,-0.3065071888267994,-0.0208383,999,,,,,,,32.3,3.23,32.3,3.23,,,,,,,,,,,,,,,,,,,"Tristan Peters","30063",671976
"Dominic Fletcher","PIT",5.163,16.166,14.9001,3.30237,2.36577,0.674221,0.0497116,0.212666,1.42932,1.40431,0.858042,0.0266475,3.51412,0.178157,0.116026,0.113649,0.285453,0.135642,0.0507206,0.221633,0.053077,0.217377,0.24417,0.270276,0.316374,0.258788,0.58665,0.0947402,3.79644,0.273682,,-0.0159253,1.19787,-0.712263,60.9801,-0.0159253,-0.06,-0.7635497972369194,0.01967592164874077,-0.0210791,999,,,,,,,7.7,1.54,7.7,1.54,,,,,,,,,,,,,,,,,,,"Dominic Fletcher","26149",666150
"Jorge Barrosa","ARI",36.493,126.775,115.381,26.0346,17.7992,6.16095,0.463501,1.61103,13.0199,10.9429,8.73028,0.227641,29.6328,0.990038,0.778545,0.894658,2.18441,2.80072,0.737052,0.22564,0.0688644,0.233743,0.294616,0.284039,0.328958,0.270829,0.612998,0.103319,5.00303,0.28762,,0.0781362,10.6331,-4.34632,70.1274,0.0781362,1.11,-4.4103667587041855,-0.0163271427154541,-0.0213689,999,,,,,,,99.7,2.769444444,99.7,2.769444444,,,,,,,,,,,,,,,,,,,"Jorge Barrosa","23968",678489
"Aaron Schunk","ATL",8.286,21.739,20.3283,4.51016,3.16566,0.93003,0.0917524,0.322726,2.03265,1.95302,1.048,0.0386185,5.47352,0.145145,0.151104,0.0664393,0.335238,0.235397,0.0834039,0.221866,0.0482083,0.251784,0.191467,0.263158,0.324271,0.257162,0.587429,0.102405,4.40423,0.285186,,-0.0155964,1.58211,-0.986516,61.2784,-0.0155964,0,-1.0132677732035518,0.07987581193447113,-0.0214989,999,,,,,,,13.9,1.7375,13.9,1.7375,,,,,,,,,,,,,,,,,,,"Aaron Schunk","25524",668845
"Orlando Arcia","MIN",35.591,131.615,120.789,25.8782,17.809,5.17204,0,2.89708,11.6963,12.9361,8.38021,0.0777608,28.407,0.658364,0.847075,0.267731,2.90203,0.237397,0.104325,0.214243,0.0636721,0.215834,0.295005,0.267204,0.329016,0.262708,0.59622,0.114773,1.92165,0.254407,,-0.171969,10.1713,-5.38,64.7558,-0.171969,0,-5.639177367091179,0.8630974292755127,-0.0251797,999,,,,,,,94.3,2.619444444,94.3,2.619444444,,,,,,,,,,,,,,,,,,,"Orlando Arcia","13185",606115
"A.J. Vukovich","ARI",7.451,28.815,26.7587,6.10511,4.13535,1.15864,0.0931074,0.718018,2.9664,3.17754,1.68922,0.0698288,9.1607,0.173076,0.154323,0.0397303,0.529953,0.300708,0.0640275,0.228155,0.0586229,0.317914,0.184398,0.276884,0.358912,0.277118,0.635796,0.130758,4.17745,0.31625,,-0.00521222,2.56396,-0.840759,74.4354,-0.00521222,0,-0.8782879482023418,-0.344953715801239,-0.0270678,999,,,,,,,24.9,3.557142857,24.9,3.557142857,,,,,,,,,,,,,,,,,,,"A.J. Vukovich","sa3014525",691021
"Zach Dezenzo","HOU",30.05,114.862,105.029,23.7712,15.7824,4.59084,0.147234,3.25072,12.4364,12.0734,8.06877,0.0487233,35.4391,0.962523,0.643543,0.157798,1.77883,1.51149,0.428181,0.226329,0.0702475,0.308536,0.22768,0.285974,0.365694,0.285822,0.651669,0.139365,3.83143,0.306353,,-0.0365388,11.0322,-2.53964,82.0115,-0.0365388,-0.29,-2.471788637340069,-1.7474514544010162,-0.0272025,999,,,,,,,102.9,3.43,102.9,3.43,,,,,,,,,,,,,,,,,,,"Zach Dezenzo","31562",701305
"Wade Meckler","LAA",19.473,58.969,53.2682,12.7948,9.66705,2.34463,0.321793,0.461339,5.85927,4.46738,4.86537,0.11506,12.4112,0.324593,0.351194,0.159597,1.30515,0.920773,0.211873,0.240196,0.0825072,0.210469,0.392015,0.305815,0.322276,0.280003,0.62809,0.0820796,4.67212,0.302685,,0.000067443,5.38521,-1.58244,76.2493,0.000067443,0,-1.6506481465694378,-0.6500110626220703,-0.027731,999,,,,,,,42.5,2.236842105,42.5,2.236842105,,,,,,,,,,,,,,,,,,,"Wade Meckler","31490",685133
"José Barrero","BAL",3.949,9.459,8.70595,1.6287,1.05697,0.305149,0.0249684,0.241609,0.951246,0.846616,0.535058,0.000421777,3.2789,0.140383,0.0550701,0.0225403,0.103132,0.215829,0.0758947,0.187079,0.0565661,0.346643,0.163182,0.244174,0.311122,0.245612,0.555296,0.124043,5.23329,0.264686,,0.000651633,0.599707,-0.517947,55.1814,0.000651633,0,-0.49901005072752014,-0.10426586866378784,-0.0284135,999,,,,,,,5.2,1.3,5.2,1.3,,,,,,,,,,,,,,,,,,,"Jose Barrero","23378",676480
"Alika Williams","PIT",14.967,45.228,41.4992,9.57559,7.11266,1.80702,0.124398,0.531512,4.09889,3.77545,2.44515,0.0342959,9.72474,0.389079,0.345559,0.549014,0.837083,0.44365,0.141354,0.230742,0.0540627,0.215016,0.251436,0.277755,0.318704,0.263561,0.596459,0.087962,3.95903,0.286309,,-0.0345966,3.52658,-1.81746,64.2495,-0.0345966,0,-1.9509871155023575,0.16618165373802185,-0.0286535,999,,,,,,,36.2,2.413333333,36.2,2.413333333,,,,,,,,,,,,,,,,,,,"Alika Williams","27604",675961
"Scott Kingery","CHC",6.205,14.195,13.0735,2.47118,1.66658,0.464401,0.0448428,0.295357,1.31722,1.14695,0.77798,0.0115537,4.57611,0.0776924,0.0858199,0.177079,0.170842,0.336691,0.0494479,0.189023,0.0548067,0.322374,0.170009,0.237379,0.299182,0.236435,0.536561,0.110159,5.40092,0.262533,,0.0305136,0.794205,-0.883044,49.3431,0.0305136,0,-0.8217387516051531,0.05215681716799736,-0.0304186,999,,,,,,,1.2,0.2,1.2,0.2,,,,,,,,,,,,,,,,,,,"Scott Kingery","17975",664068
"Trey Lipscomb","WSN",7.415,22.83,21.3564,4.80946,3.671,0.860865,0.0760382,0.201561,1.9385,1.81992,1.15242,0.0789311,4.89953,0.128215,0.129878,0.0630589,0.461279,0.432684,0.162062,0.2252,0.0504781,0.214609,0.235209,0.267497,0.300944,0.250489,0.568441,0.0757441,4.43891,0.281223,,-0.0119984,1.53782,-1.15972,57.198,-0.0119984,-0.03,-1.1701466096565127,0.08442900516092777,-0.03337,999,,,,,,,12.9,1.842857142,12.9,1.842857142,,,,,,,,,,,,,,,,,,,"Trey Lipscomb","31567",702358
"Chadwick Tromp","ATL",13.788,43.09,40.0515,8.0975,5.8242,1.54852,0,0.724781,3.49096,3.91759,2.44364,0.00192138,11.1527,0.251733,0.271829,0.0713103,0.854708,0.0261586,0.0138862,0.202177,0.0567101,0.258823,0.219108,0.250888,0.295129,0.242344,0.546017,0.0929519,1.61049,0.259184,,-0.0566856,2.61758,-2.47384,51.1274,-0.0566856,0,-2.5526363477110863,0.7916299104690552,-0.0334963,999,,,,,,,26,1.857142857,26,1.857142857,,,,,,,,,,,,,,,,,,,"Chadwick Tromp","16953",644433
"José Azocar","ATL",5.457,13.106,12.1899,2.85298,2.1645,0.476612,0.100385,0.111482,1.44369,0.888327,0.597952,0.0178885,2.9865,0.103245,0.088956,0.125926,0.194139,0.567196,0.158467,0.234044,0.0456243,0.227873,0.200218,0.273818,0.31705,0.259873,0.590868,0.0830054,6.79968,0.298609,,0.0297439,0.98267,-0.565905,63.1354,0.0297439,0.03,-0.5428861901164055,-0.22263887710869312,-0.0337105,999,,,,,,,9.7,1.94,9.7,1.94,,,,,,,,,,,,,,,,,,,"Jose Azocar","18821",640492
"Ben Gamel","ATL",17.597,74.431,65.6221,14.4103,9.72772,2.93168,0.1536,1.59734,7.77386,7.04535,7.58315,0.218341,20.3759,0.522898,0.428901,0.273933,1.29436,0.502497,0.171516,0.219596,0.101882,0.273755,0.372163,0.303631,0.341977,0.287024,0.645608,0.122381,3.3078,0.290691,,-0.0860308,7.22153,-1.57307,81.735,-0.0860308,-0.3,-1.6972955539822578,-1.1146759390830994,-0.0343396,999,,,,,,,68.8,3.822222222,68.8,3.822222222,,,,,,,,,,,,,,,,,,,"Ben Gamel","12160",592325
"Jhonkensy Noel","BAL",7.464,26.197,24.2282,5.15051,3.12434,0.959522,0.0488688,1.01778,2.73565,3.13973,1.44037,0.0411584,7.69888,0.349704,0.152384,0.0263658,0.419458,0.0778432,0.0289183,0.212583,0.0549822,0.293884,0.187088,0.265205,0.382245,0.280501,0.64745,0.169662,2.87962,0.263838,,-0.0284455,2.40297,-0.692406,79.2149,-0.0284455,0,-0.6702108196914196,-0.5759259462356567,-0.0352445,999,,,,,,,19.3,2.757142857,19.3,2.757142857,,,,,,,,,,,,,,,,,,,"Jhonkensy Noel","24257",678877
"Abraham Toro","KCR",12.626,37.673,34.3842,8.055,5.39435,1.66198,0.212801,0.785874,3.92568,3.94676,2.45593,0.0644005,7.18923,0.43891,0.315373,0.0785887,0.666098,0.394013,0.118911,0.234265,0.0651908,0.190832,0.341613,0.291263,0.363545,0.28643,0.654808,0.12928,4.61305,0.272003,,-0.0241911,3.63697,-0.814386,78.8378,-0.0241911,0,-0.9638334847986698,-0.6921112537384033,-0.036761,999,,,,,,,32,2.461538461,32,2.461538461,,,,,,,,,,,,,,,,,,,"Abraham Toro","19844",647351
"Mason McCoy","SDP",22.177,65.626,60.1268,11.668,8.24768,2.20402,0.35405,0.862295,6.22453,4.41415,4.17605,0.0770239,20.9125,0.375097,0.405981,0.542104,0.847099,1.64197,0.423889,0.194057,0.0636341,0.318662,0.199691,0.249204,0.285514,0.237825,0.534718,0.0914568,5.79723,0.278801,,0.070819,3.74578,-4.00844,52.2413,0.070819,0.06,-3.643875278532505,1.0867130123078823,-0.0382413,999,,,,,,,38.2,1.736363636,38.2,1.736363636,,,,,,,,,,,,,,,,,,,"Mason McCoy","22232",669200
"Pedro León","PHI",11.863,44.202,40.2357,8.16932,5.37084,1.57623,0.0710979,1.15115,4.65206,4.1104,2.76477,0.0626298,13.9288,0.682642,0.231654,0.287263,0.664347,1.29982,0.224624,0.203037,0.0625486,0.315116,0.198494,0.264529,0.331576,0.262978,0.596105,0.128539,5.38487,0.276443,,0.110175,3.42565,-1.79716,64.123,0.110175,-0.02,-1.7693663090467453,-0.08102366700768471,-0.0388561,999,,,,,,,33.9,2.825,33.9,2.825,,,,,,,,,,,,,,,,,,,"Pedro Leon","27781",694175
"Bryan De La Cruz","PHI",12.403,43.606,40.4281,9.376,6.24655,1.89123,0.0696414,1.16858,4.39125,4.97931,2.56032,0.0239659,11.6428,0.22358,0.347268,0.0467109,0.709646,0.299361,0.109791,0.231918,0.0587148,0.266999,0.219907,0.279157,0.368858,0.282212,0.648016,0.136941,3.33373,0.293499,,-0.0445469,4.06043,-1.09195,77.2992,-0.0445469,-0.04,-1.217771377414465,-0.6142129674553871,-0.0390017,999,,,,,,,34.6,2.883333333,34.6,2.883333333,,,,,,,,,,,,,,,,,,,"Bryan De La Cruz","19600",650559
"Ildemaro Vargas","ARI",26.02,99.263,91.7923,21.8633,16.1873,4.31998,0.401011,0.954999,9.51975,8.62017,4.95743,0.126516,12.9493,0.661583,0.695792,1.15589,2.5729,1.11838,0.376383,0.238182,0.0499423,0.130454,0.382834,0.280125,0.325194,0.266292,0.605319,0.0870117,4.18744,0.266063,,-0.0735817,7.95997,-3.76872,67.0196,-0.0735817,-0.02,-3.953630641102791,0.2579914443194866,-0.0402226,999,,,,,,,72.1,2.773076923,72.1,2.773076923,,,,,,,,,,,,,,,,,,,"Ildemaro Vargas","13324",545121
"Kevin Newman","KCR",7.742,26.547,24.5431,5.65006,4.31892,1.0768,0.0764487,0.177888,2.3598,2.08446,1.25583,0.0443465,4.73142,0.143015,0.205051,0.322319,0.549481,0.382172,0.137547,0.230209,0.047306,0.178228,0.265424,0.269587,0.302057,0.252223,0.571644,0.0718475,4.09633,0.275831,,-0.0173477,1.82558,-1.31116,55.274,-0.0173477,-0.01,-1.4167690426111221,0.10947530530393124,-0.0402691,999,,,,,,,14.5,1.8125,14.5,1.8125,,,,,,,,,,,,,,,,,,,"Kevin Newman","17696",621028
"Adrian Del Castillo","ARI",61.429,231.473,209.46,47.5791,29.4166,10.6465,0.633666,6.88231,24.2028,28.2849,17.9793,0.678811,65.2593,1.98117,1.68734,0.36526,3.38106,0.494887,0.171329,0.227151,0.0776732,0.281931,0.275505,0.292242,0.382602,0.293826,0.674844,0.155451,2.84715,0.29277,,-0.292675,23.7365,-3.61383,85.8811,-0.292675,0.39,-4.166114330291748,-3.9707006216049194,-0.0445726,999,,,,,,,223.2,3.659016393,223.2,3.659016393,,,,,,,,,,,,,,,,,,,"Adrian Del Castillo","29554",680728
"Grant McCray","SFG",22.16,65.817,60.246,12.6588,8.35641,2.68949,0.318954,1.2939,7.30192,5.40606,4.50968,0.0345513,21.695,0.458347,0.367332,0.235599,0.876964,2.25291,0.448293,0.210118,0.0685184,0.329626,0.207867,0.268777,0.329778,0.264054,0.598556,0.119661,6.34832,0.30206,,0.179262,5.15829,-2.6185,68.8637,0.179262,0.06,-2.249576151371002,-0.379682544618845,-0.0449675,999,,,,,,,49.7,2.259090909,49.7,2.259090909,,,,,,,,,,,,,,,,,,,"Grant McCray","25690",687529
"Tim Elko","CHW",5.685,18.675,17.4432,3.8501,2.60238,0.678666,0.0238599,0.545201,1.76215,1.9808,0.970784,0.0152438,6.32714,0.15522,0.0811873,0.0246511,0.351211,0.0437231,0.0144142,0.220723,0.0519831,0.338802,0.153432,0.26681,0.356134,0.27193,0.622944,0.135411,2.34299,0.310261,,-0.0216712,1.58304,-0.623554,71.6089,-0.0216712,-0.01,-0.6465781722217798,-0.4486574027687311,-0.0462936,999,,,,,,,20.7,3.45,20.7,3.45,,,,,,,,,,,,,,,,,,,"Tim Elko","31522",671284
"Niko Kavadas","LAA",7.487,22.392,19.6063,3.52541,2.04199,0.727674,0.0327684,0.722976,2.0948,2.4046,2.26765,0.0498686,8.62934,0.361183,0.137507,0.0193691,0.243124,0.0445468,0.0144078,0.17981,0.101271,0.385376,0.262784,0.275079,0.330891,0.270227,0.605971,0.151081,2.42772,0.269686,,-0.027497,1.86717,-0.778614,69.5153,-0.027497,0,-0.8320379015058279,-0.41137567162513733,-0.0483649,999,,,,,,,20.7,2.957142857,20.7,2.957142857,,,,,,,,,,,,,,,,,,,"Niko Kavadas","29782",694359
"Yohel Pozo","STL",48.338,170.992,162.946,38.0393,26.983,7.67147,0.00510526,3.37979,13.9599,17.8537,5.65673,0.358857,22.5032,0.882262,1.23151,0.275658,3.43278,0.133677,0.0564849,0.233448,0.0330819,0.131604,0.251375,0.261125,0.342816,0.261853,0.603941,0.109368,1.55003,0.250621,,-0.215328,13.0957,-7.10832,67.111,-0.215328,0,-6.880641281604767,0.5801886320114136,-0.0625648,999,,,,,,,122.2,2.545833333,122.2,2.545833333,,,,,,,,,,,,,,,,,,,"Yohel Pozo","18848",650968
"Orelvis Martinez","WSN",19.375,76.852,70.0551,14.0307,8.20115,3.2826,0.155047,2.39193,6.69826,9.20016,5.30332,0.233604,22.2657,0.871113,0.543682,0.0788329,0.990702,0.201352,0.0423138,0.200282,0.0690069,0.289722,0.238183,0.26318,0.353996,0.269143,0.617176,0.153715,2.51121,0.253342,,-0.0704186,6.34072,-2.73994,69.9771,-0.0704186,-0.09,-2.805071100592613,-0.3889969289302826,-0.0651918,999,,,,,,,53.9,2.836842105,53.9,2.836842105,,,,,,,,,,,,,,,,,,,"Orelvis Martinez","25967",682619
"Justin Foscue","TEX",12.24,42.921,38.9449,8.45279,5.4403,1.88932,0.0818692,1.04129,4.28837,4.29127,3.05745,0.0254298,8.1562,0.55548,0.292095,0.0711269,0.685687,0.416593,0.146876,0.217045,0.0712343,0.190028,0.374862,0.281581,0.349975,0.278227,0.631556,0.13293,3.69874,0.246725,,-0.0364281,3.85775,-1.21369,77.6091,-0.0364281,-0.01,-1.1691232956945896,-0.9544444177299738,-0.0661242,999,,,,,,,33,2.75,33,2.75,,,,,,,,,,,,,,,,,,,"Justin Foscue","27501",679822
"Tyler Black","MIL",11.305,37.356,32.9727,7.02084,4.84539,1.37621,0.225474,0.573766,3.9402,3.11733,3.6242,0.100798,9.59598,0.509818,0.193969,0.0553489,0.55235,1.23294,0.358765,0.212929,0.0970178,0.256879,0.377679,0.299053,0.320547,0.277673,0.6196,0.107618,5.7635,0.280345,,0.0410537,3.34077,-1.07313,76.5545,0.0410537,-0.02,-0.9969862326979637,-0.892299372702837,-0.0661392,999,,,,,,,35.4,3.218181818,35.4,3.218181818,,,,,,,,,,,,,,,,,,,"Tyler Black","29949",672012
"George Valera","CLE",88.883,343.039,305.799,67.311,43.9136,12.3542,0.934106,10.1091,36.4913,36.502,31.9991,0.400045,91.762,2.57333,2.1275,0.54047,6.34562,2.61565,0.48871,0.220115,0.0932813,0.267497,0.348719,0.297471,0.365798,0.292318,0.66327,0.145683,3.74284,0.277605,,-0.192503,34.7571,-5.77563,87.0952,-0.192503,-0.82,-5.410059109330177,-7.045186340808868,-0.0663395,746.27001953125,,,,,,,314.4,3.532584269,314.4,3.532584269,,,,,,,,,,,,,,,,,,,"George Valera","22541",671655
"Ryan Kreidler","MIN",23.566,82.633,74.0559,14.0932,9.52126,3.17731,0.11485,1.27984,7.86298,6.1337,6.74445,0.00368461,25.9501,0.959981,0.51865,0.35398,1.10689,2.0259,0.618933,0.190305,0.0816193,0.31404,0.259901,0.264924,0.288157,0.249448,0.553081,0.0978519,4.79813,0.270641,,0.0380222,5.49631,-4.26742,55.6212,0.0380222,-0.01,-4.284148544073105,0.790080239996314,-0.0665005,999,,,,,,,47.5,1.979166666,47.5,1.979166666,,,,,,,,,,,,,,,,,,,"Ryan Kreidler","25867",668952
"Richie Palacios","TBR",46.942,174.085,154.041,34.6428,24.2573,7.09645,0.727168,2.56185,18.3008,14.4215,16.2316,0.490688,33.4471,1.79625,1.19151,0.824971,3.00212,4.60837,1.32287,0.224894,0.0932397,0.192131,0.485293,0.303998,0.330297,0.282705,0.634294,0.105403,5.2185,0.269083,,0.104022,16.2798,-4.28968,78.4065,0.104022,-0.49,-4.326510444283485,-2.315522313117981,-0.0665348,999,,,,,,,156.9,3.338297872,156.9,3.338297872,,,,,,,,,,,,,,,,,,,"Richie Palacios","24589",680700
"Tyler Wade","TEX",19.749,58.173,51.9216,10.7877,8.57569,1.71652,0.302601,0.192844,5.95,2.63321,4.52848,0.101691,14.4977,0.459956,0.329077,0.93393,0.989615,2.66554,0.59328,0.207768,0.0778451,0.249216,0.31236,0.275618,0.263627,0.244706,0.539244,0.0558583,6.53943,0.282076,,0.201276,3.64539,-3.2282,54.5179,0.201276,-0.14,-2.917142152786255,0.25184522569179535,-0.0678411,999,,,,,,,33.3,1.665,33.3,1.665,,,,,,,,,,,,,,,,,,,"Tyler Wade","15730",642180
"DaShawn Keirsey Jr.","ATL",13.878,26.675,24.6815,5.21011,3.70585,1.03068,0.0746642,0.398908,2.80698,2.09195,1.51431,0.0258387,7.56573,0.257717,0.160665,0.0608152,0.398503,1.05101,0.261885,0.211094,0.0567689,0.283626,0.200154,0.262347,0.30739,0.252247,0.569737,0.0962964,5.94168,0.285066,,0.0669632,1.83491,-1.31694,57.9119,0.0669632,0,-1.2636696994304657,-0.2940365970134735,-0.0685722,999,,,,,,,13.8,0.985714285,13.8,0.985714285,,,,,,,,,,,,,,,,,,,"DaShawn Keirsey Jr.","24496",680577
"Will Brennan","SFG",26.747,100.129,93.1397,23.1358,17.0053,4.47938,0.503928,1.14718,10.347,8.81017,5.22099,0.331329,14.162,0.932022,0.675382,0.160888,1.90221,1.85492,0.521162,0.248399,0.0521426,0.141438,0.368661,0.292982,0.344263,0.279048,0.637245,0.0958643,4.97898,0.280089,,0.00686175,9.06639,-2.76462,79.1353,0.00686175,-0.2,-2.4692262997850776,-1.535407617688179,-0.0688888,999,,,,,,,81.5,3.018518518,81.5,3.018518518,,,,,,,,,,,,,,,,,,,"Will Brennan","25660",686823
"Michael Toglia","CIN",20.03,66.359,59.509,12.3309,7.10156,2.49907,0.121912,2.60835,7.21406,8.07905,6.03157,0.247483,22.5876,0.343583,0.419816,0.0550784,0.831228,0.633707,0.209642,0.207211,0.090893,0.340384,0.267031,0.282126,0.384797,0.289908,0.666922,0.177586,3.5917,0.279923,,-0.0464455,6.59374,-1.24709,79.3015,-0.0464455,0,-1.6743613183498383,-1.2191174030303955,-0.0701556,999,,,,,,,61.1,3.055,61.1,3.055,,,,,,,,,,,,,,,,,,,"Michael Toglia","25845",669911
"Zac Veen","COL",33.01,121.976,110.914,26.6327,17.8959,5.4762,0.6428,2.61782,14.3586,11.9885,8.69912,0.244108,30.1178,0.904683,0.789625,0.668951,1.98703,4.68505,0.741746,0.240121,0.0713183,0.246916,0.288837,0.298717,0.371893,0.29323,0.67061,0.131772,6.34635,0.304111,,0.453319,12.449,-1.96338,72.8039,0.453319,0.24,-3.4783324003219604,-1.288240686058998,-0.0724784,742.3400268554688,,,,,,,125.3,3.796969696,125.3,3.796969696,,,,,,,,,,,,,,,,,,,"Zac Veen","27770",691728
"Tristan Gray","MIN",21.016,75.603,69.4514,14.1202,8.87641,3.10528,0.230651,1.90786,6.90632,7.55586,4.71103,0.184664,22.062,0.654976,0.578102,0.207516,0.991088,0.28702,0.0899773,0.203311,0.0623128,0.291813,0.213536,0.258453,0.337075,0.260277,0.595528,0.133765,3.20695,0.265142,,-0.0722479,5.69345,-3.23962,63.0812,-0.0722479,-0.13,-3.3619667440652847,0.050178319215774536,-0.0726067,999,,,,,,,54.9,2.614285714,54.9,2.614285714,,,,,,,,,,,,,,,,,,,"Tristan Gray","19877",656484
"Tyler Tolbert","KCR",57.224,130.738,119.372,26.2564,18.7711,5.44099,0.523716,1.52057,14.7611,8.50502,7.08463,0.142558,34.4795,1.40898,0.763402,2.10917,1.88092,7.62552,1.66935,0.219955,0.0541895,0.26373,0.205474,0.270157,0.312524,0.257781,0.582681,0.0925691,6.94279,0.294001,,0.662423,9.58049,-5.86722,59.1025,0.662423,0.05,-5.639476537704468,0.41362376883625984,-0.0742854,999,,,,,,,99.2,1.740350877,99.2,1.740350877,,,,,,,,,,,,,,,,,,,"Tyler Tolbert","25779",686475
"Tyler Locklear","ARI",53.353,211.59,190.545,44.9524,29.8684,9.15624,0.591628,5.33618,23.7754,23.3961,15.7195,0.78608,58.7532,3.74831,1.33085,0.246555,3.97202,3.61015,1.26196,0.235915,0.0742924,0.277675,0.267552,0.304813,0.374193,0.2976,0.679006,0.138277,4.55483,0.31002,,-0.115275,22.346,-2.65503,88.4665,-0.115275,-0.09,-3.007614903151989,-4.8055427968502045,-0.0791394,999,,,,,,,204.6,3.860377358,204.6,3.860377358,,,,,,,,,,,,,,,,,,,"Tyler Locklear","31396",682988
"Kris Bryant","COL",16.893,67.385,59.935,14.7781,9.87772,2.99603,0.110483,1.79388,7.30062,7.8637,5.73974,0.0187526,16.3704,1.09841,0.531806,0.0800557,1.18044,0.106879,0.0437201,0.246569,0.0851783,0.242938,0.350617,0.321169,0.390035,0.312786,0.711204,0.143466,2.43267,0.306938,,-0.106757,7.94736,-0.0147014,86.201,-0.106757,0,-1.2088201120495796,-1.8248610496520996,-0.0810075,999,,,,,,,72.5,4.264705882,72.5,4.264705882,,,,,,,,,,,,,,,,,,,"Kris Bryant","15429",592178
"Lenyn Sosa","CHW",98.929,400.274,375.507,91.6597,61.7536,17.2064,0.704051,11.9957,39.5478,44.6527,16.6543,0.577183,88.4411,2.79765,2.74451,2.57008,6.2295,2.21577,0.868438,0.244096,0.0416073,0.220951,0.18831,0.279383,0.389503,0.28889,0.668886,0.145407,3.09046,0.286752,,-0.444769,39.4422,-7.85321,83.2923,-0.444769,-0.07,-8.326976507902145,-6.25181133300066,-0.0820554,516.5399780273438,,,,,,,368,3.717171717,368,3.717171717,,,,,,,,,,,,,,,,,,,"Lenyn Sosa","22896",672820
"John Rave","KCR",31.774,109.631,98.4494,21.1363,14.272,4.13791,0.712574,2.01379,11.7733,9.16371,9.0038,0.209981,29.698,0.575013,0.64724,0.955518,1.76739,2.6577,0.600756,0.214692,0.0821282,0.270891,0.303178,0.282631,0.332564,0.271995,0.615195,0.117872,5.91259,0.28378,,0.129451,9.29903,-3.65472,68.8945,0.129451,0.71,-3.889776796102524,-0.7610185742378235,-0.0897766,999,,,,,,,88.6,2.76875,88.6,2.76875,,,,,,,,,,,,,,,,,,,"John Rave","26284",670231
"Matthew Lugo","LAA",15.527,53.853,50.1665,10.9666,6.97617,2.41646,0.197184,1.37676,5.50765,5.11092,2.74194,0.056585,17.0608,0.518412,0.282133,0.144065,0.67077,1.19047,0.305056,0.218604,0.0509153,0.316804,0.160715,0.264889,0.356965,0.270813,0.621854,0.138361,5.30625,0.299579,,0.0459642,4.51619,-1.84695,69.9189,0.0459642,-0.19,-1.8633436672389507,-0.9088426232337952,-0.0939898,999,,,,,,,40.7,2.54375,40.7,2.54375,,,,,,,,,,,,,,,,,,,"Matthew Lugo","25980",683090
"Matt Mervis","WSN",10.281,37.578,34.2137,6.80376,4.10579,1.41546,0.0295048,1.253,3.33297,4.47142,2.63833,0.0833645,11.4209,0.427545,0.264966,0.0334969,0.511223,0.18734,0.0637001,0.198861,0.0702094,0.303924,0.23101,0.262878,0.351825,0.268816,0.614703,0.152964,2.62274,0.254566,,-0.0354129,3.09041,-1.34972,69.753,-0.0354129,-0.04,-1.3825463838875294,-0.8332870379090309,-0.0987934,999,,,,,,,26.5,2.65,26.5,2.65,,,,,,,,,,,,,,,,,,,"Matt Mervis","27845",670223
"Yohandy Morales","WSN",14.762,57.961,53.2379,12.1335,8.48108,2.37565,0.16157,1.11521,5.29613,5.7337,3.8314,0.103702,17.4521,0.494365,0.300639,0.0966584,1.14221,0.413964,0.117604,0.227911,0.0661031,0.301101,0.219538,0.284446,0.341447,0.275633,0.625893,0.113536,3.54024,0.315068,,-0.0492301,5.0875,-1.76104,74.4228,-0.0492301,0,-1.8062786646187305,-1.1390432119369507,-0.104046,999,,,,,,,41.4,2.76,41.4,2.76,,,,,,,,,,,,,,,,,,,"Yohandy Morales","sa3022672",691002
"Jarred Kelenic","CHW",28.676,102.073,92.7387,19.6699,12.0335,4.34354,0.304055,2.98884,10.7146,10.3185,7.87161,0.316898,29.725,0.60471,0.674883,0.183063,1.273,1.90549,0.578673,0.2121,0.0771175,0.291213,0.264815,0.276241,0.362179,0.2785,0.638421,0.150079,4.64017,0.274812,,0.0108149,9.19705,-2.86367,76.1352,0.0108149,-0.16,-2.8602438336238265,-1.6842730343341827,-0.105518,999,,,,,,,86.8,2.993103448,86.8,2.993103448,,,,,,,,,,,,,,,,,,,"Jarred Kelenic","22558",672284
"Yanquiel Fernández","NYY",22.794,76.673,71.0412,15.4638,10.2622,3.17744,0.112468,1.9117,7.01786,7.95344,4.62898,0.378012,17.6237,0.417305,0.485278,0.100223,1.47084,0.135977,0.0486967,0.217674,0.0603731,0.229856,0.262656,0.267851,0.346296,0.267044,0.614147,0.128622,2.1842,0.260663,,-0.091313,6.19524,-2.86427,69.6284,-0.091313,0,-2.8359335586428642,-0.8451609015464783,-0.106623,999,,,,,,,55.5,2.413043478,55.5,2.413043478,,,,,,,,,,,,,,,,,,,"Yanquiel Fernandez","28552",692585
"Christian Encarnacion-Strand","CIN",25.671,89.285,82.9898,19.9933,12.3653,3.89465,0.230343,3.50298,9.63086,11.5032,4.44561,0.134628,23.5085,1.09841,0.643018,0.108166,1.30587,0.459488,0.149658,0.240912,0.0497913,0.263298,0.189106,0.286367,0.420022,0.303937,0.706389,0.17911,3.37805,0.291238,,-0.0867325,9.88877,-0.660946,88.912,-0.0867325,0,-1.2600800693035126,-2.773101806640625,-0.108722,999,,,,,,,93.2,3.584615384,93.2,3.584615384,,,,,,,,,,,,,,,,,,,"Christian Encarnacion-Strand","30011",687952
"Nate Eaton","BOS",24.102,81.322,74.8016,16.6228,11.5358,3.43319,0.33173,1.32208,8.5186,6.73929,4.57716,0.104093,20.8453,0.853228,0.552647,0.537364,1.14229,2.99024,0.654615,0.222226,0.0562844,0.25633,0.219578,0.272988,0.330016,0.265317,0.603004,0.10779,6.03369,0.287679,,0.218653,6.45688,-3.15194,63.1147,0.218653,0.3,-3.31670643389225,-0.6505246162414551,-0.119528,999,,,,,,,59.2,2.466666666,59.2,2.466666666,,,,,,,,,,,,,,,,,,,"Nate Eaton","25055",681987
"Warming Bernabel","WSN",32.654,103.703,97.4507,23.9482,16.7446,4.93129,0.309544,1.96279,9.75428,10.9798,4.47623,0.143599,17.1573,0.809881,0.843738,0.122456,1.78888,1.19738,0.335828,0.245747,0.0431639,0.165447,0.260893,0.282237,0.363126,0.280552,0.645364,0.11738,4.05295,0.277683,,-0.0425417,9.51662,-2.73668,77.7922,-0.0425417,0,-2.7720924988389015,-1.9051845073699951,-0.125543,999,,,,,,,87.6,2.654545454,87.6,2.654545454,,,,,,,,,,,,,,,,,,,"Warming Bernabel","26536",682653
"Deyvison De Los Santos","MIA",20.229,81.654,76.1582,18.0549,12.5258,3.2321,0.202579,2.09437,7.94931,9.0857,4.30821,0.441106,21.3016,0.594365,0.461828,0.131414,1.72216,1.00581,0.225983,0.237071,0.0527617,0.260876,0.202248,0.281608,0.367331,0.281082,0.648939,0.13026,3.88324,0.299874,,-0.00352637,7.52841,-2.11964,76.7946,-0.00352637,0,-2.2492746466305107,-1.704960823059082,-0.126621,999,,,,,,,69.2,3.46,69.2,3.46,,,,,,,,,,,,,,,,,,,"Deyvison De Los Santos","sa3015168",691277
"Johnathan Rodríguez","CLE",44.839,164.608,149.675,35.0043,24.3308,6.54061,0.309667,3.8232,16.5563,16.778,12.707,0.608824,47.1645,1.20953,0.816882,0.199989,3.51474,0.897642,0.321531,0.233869,0.0771954,0.286526,0.269418,0.297558,0.358337,0.28802,0.655894,0.124467,3.07655,0.313366,,-0.200621,16.1038,-3.34586,84.1344,-0.200621,-1.23,-3.2786935120821,-3.6252458095550537,-0.126704,999,,,,,,,147.8,3.284444444,147.8,3.284444444,,,,,,,,,,,,,,,,,,,"Johnathan Rodriguez","22530",671286
"Nick Allen","HOU",36.908,134.401,122.311,26.449,21.0198,4.43735,0.262922,0.728929,12.3338,7.97351,8.66666,0.0879749,27.117,0.765317,0.772959,1.88549,2.62424,3.20227,1.03642,0.216245,0.0644836,0.201762,0.319602,0.270768,0.274702,0.24534,0.54547,0.0584576,4.66982,0.270062,,0.0155711,8.49138,-7.38913,54.1247,0.0155711,0.49,-7.251415305770934,1.3759945034980774,-0.127845,999,,,,,,,77.5,2.094594594,77.5,2.094594594,,,,,,,,,,,,,,,,,,,"Nick Allen","22277",669397
"Blaine Crim","COL",45.607,178.953,162.598,41.3685,27.448,8.44406,0.323043,5.1534,19.4071,22.168,12.7087,0.827049,38.4561,1.9119,1.55818,0.176294,3.36567,0.604743,0.218912,0.254422,0.0710167,0.214895,0.330472,0.313179,0.40541,0.311323,0.718589,0.150988,2.7826,0.300424,,-0.240963,20.893,-0.251643,85.1986,-0.240963,-0.18,-3.3802898228168488,-3.8331179022789,-0.128873,999,,,,,,,183.7,3.99347826,183.7,3.99347826,,,,,,,,,,,,,,,,,,,"Blaine Crim","25714",688760
"Bryce Johnson","SDP",52.169,157.149,140.984,30.5795,23.1709,5.69012,0.454964,1.26345,16.015,9.40019,11.2288,0.147007,42.9638,1.95727,0.85576,2.12351,2.67854,5.58386,1.34463,0.216901,0.0714531,0.273395,0.261355,0.282312,0.2906,0.257889,0.572912,0.0736994,5.63662,0.300331,,0.327078,11.5297,-7.03868,65.9858,0.327078,0.58,-6.008199900388718,-0.547107994556427,-0.135761,999,,,,,,,107,2.057692307,107,2.057692307,,,,,,,,,,,,,,,,,,,"Bryce Johnson","20002",669369
"Oswaldo Cabrera","NYY",40.907,155.248,140.58,30.5607,21.3555,6.12627,0.365476,2.71346,15.2967,12.9307,11.25,0.302235,33.4622,1.02109,1.10303,1.29359,2.81584,2.5475,0.826113,0.21739,0.0724648,0.21554,0.336201,0.278211,0.324073,0.266375,0.602285,0.106684,4.24057,0.263936,,-0.0488049,12.4599,-5.88386,69.1678,-0.0488049,-0.11,-5.690406922250986,-1.2322771400213242,-0.161582,999,,,,,,,117.1,2.85609756,117.1,2.85609756,,,,,,,,,,,,,,,,,,,"Oswaldo Cabrera","21707",665828
"Carlos Santana","ARI",82.783,339.301,303.428,66.7545,42.2983,14.1246,0.166682,10.1649,35.8567,39.4595,30.6263,0.321274,61.804,1.68034,2.55929,0.46339,6.40805,2.80506,1.02736,0.220001,0.0902631,0.182151,0.49554,0.292826,0.36815,0.29041,0.660976,0.148149,2.92382,0.241817,,-0.350107,33.8526,-6.23839,83.5408,-0.350107,0.38,-6.969031631946564,-6.107774376869202,-0.182953,999,,,,,,,308.7,3.719277108,308.7,3.719277108,,,,,,,,,,,,,,,,,,,"Carlos Santana","2396",467793
"Miguel Andujar","SDP",89.9,353.711,330.981,84.0269,61.1771,13.3732,1.50498,7.97164,37.0475,37.281,17.6394,1.05599,52.5792,1.89354,2.73857,0.458522,7.85715,2.30963,0.882598,0.253872,0.0498695,0.14865,0.335482,0.293161,0.375626,0.290139,0.668786,0.121753,3.56937,0.278419,,-0.425364,35.2127,-6.58101,88.0784,-0.425364,-0.13,-5.42314338684082,-8.209248423576355,-0.190745,741.9099731445312,,,,,,,324.7,3.607777777,324.7,3.607777777,,,,,,,,,,,,,,,,,,,"Miguel Andujar","15878",609280
"Ryan Vilade","TBR",44.292,146.996,134.396,30.1524,20.8356,6.22098,0.416992,2.67884,14.2072,14.0378,9.83216,0.330623,37.2354,1.35109,1.02342,0.393679,2.63387,2.13135,0.650709,0.224356,0.0668873,0.253309,0.264054,0.281958,0.336647,0.272358,0.618605,0.112291,4.319,0.287667,,-0.049402,12.5116,-4.85707,71.2788,-0.049402,-0.09,-5.025404676795006,-1.9218296706676483,-0.193153,999,,,,,,,113.6,2.581818181,113.6,2.581818181,,,,,,,,,,,,,,,,,,,"Ryan Vilade","22165",668723
"Jerar Encarnacion","SFG",32.309,121.059,111.054,24.5531,16.5254,4.27514,0.132964,3.61967,12.5946,13.0644,8.16853,0.173771,40.1234,1.01082,0.670584,0.155425,2.23307,0.842511,0.317561,0.221093,0.0674756,0.331437,0.203585,0.279003,0.359765,0.279782,0.638768,0.138673,3.14065,0.30793,,-0.130092,11.0337,-3.27039,79.6379,-0.130092,0.01,-3.0516419112682343,-2.866513242945075,-0.193421,999,,,,,,,107.1,3.346875,107.1,3.346875,,,,,,,,,,,,,,,,,,,"Jerar Encarnacion","21871",666464
"Jeimer Candelario","LAA",30.709,118.618,107.494,22.2759,14.0385,4.70362,0.448469,3.08537,11.4504,11.6164,8.74078,0.0864939,33.1273,1.4211,0.831956,0.130027,1.87758,0.903177,0.27259,0.207229,0.0736884,0.279277,0.263854,0.273764,0.345438,0.272663,0.619202,0.138209,3.98098,0.266116,,-0.0901864,10.1256,-3.89006,71.1927,-0.0901864,-0.06,-4.117591701447964,-2.034601267427206,-0.211741,999,,,,,,,90.8,2.929032258,90.8,2.929032258,,,,,,,,,,,,,,,,,,,"Jeimer Candelario","13621",600869
"Rowdy Tellez",,59.257,224.116,202.883,43.5949,26.7445,7.55825,0.000232272,9.29188,22.8852,29.3929,17.5938,1.00234,55.282,1.84401,1.59761,0.197705,3.85085,0.399917,0.169964,0.214877,0.0785031,0.246667,0.318255,0.281499,0.389531,0.290684,0.67103,0.174654,1.80424,0.245185,,-0.287883,22.4104,-4.07059,84.3933,-0.287883,-0.11,-4.4218708872795105,-5.35967718064785,-0.224729,999,,,,,,,211.2,3.579661016,211.2,3.579661016,,,,,,,,,,,,,,,,,,,"Rowdy Tellez","15679",642133
"Justin Turner",,45.743,167.038,152.053,36.2942,25.2342,7.24915,0.198463,3.61237,16.5828,17.7601,10.8165,0.0490223,31.5292,2.42447,1.48424,0.259583,2.88143,0.690821,0.314885,0.238694,0.0647546,0.188754,0.343063,0.297012,0.360251,0.28917,0.657263,0.121557,2.66769,0.276038,,-0.244463,16.4976,-3.23925,83.3531,-0.244463,-0.07,-3.530957743525505,-4.4683654978871346,-0.240029,999,,,,,,,148.4,3.226086956,148.4,3.226086956,,,,,,,,,,,,,,,,,,,"Justin Turner","5235",457759
"TJ Rumfield","COL",37.502,149.01,135.171,33.2664,22.6249,7.2069,0.378572,3.05601,15.4011,16.4691,10.9167,0.38977,29.5956,1.67594,1.06299,0.183906,2.9255,0.999626,0.236597,0.246107,0.0732613,0.198615,0.368861,0.308138,0.372851,0.298462,0.680989,0.126744,3.36926,0.291657,,-0.126887,15.8412,-1.76546,76.3885,-0.126887,0,-4.296858161687851,-3.0865843296051025,-0.248194,999,,,,,,,139.2,3.663157894,139.2,3.663157894,,,,,,,,,,,,,,,,,,,"TJ Rumfield","sa3017330",681198
"Charlie Condon","COL",51.288,201.055,182.895,44.3725,29.2249,8.60963,0.844235,5.69378,22.274,23.196,13.5178,0.0308056,57.5551,2.99116,1.26354,0.387931,3.50079,1.54952,0.404542,0.242612,0.0672342,0.286266,0.234867,0.303395,0.392313,0.30399,0.695709,0.149701,4.09483,0.319899,,-0.157479,22.2765,-1.47972,80.1753,-0.157479,0,-4.881537556648254,-4.309176921844482,-0.255941,999,,,,,,,206.4,4.047058823,206.4,4.047058823,,,,,,,,,,,,,,,,,,,"Charlie Condon","sa3025257",809707
"Dominic Smith","ATL",61.904,233.459,209.959,49.9751,34.3934,9.94935,0.158624,5.47375,24.0209,25.1019,18.0351,0.548566,47.4448,3.10278,2.08963,0.272651,4.60483,0.999745,0.418764,0.238023,0.0772517,0.203226,0.380128,0.304962,0.365133,0.294626,0.670095,0.12711,2.6819,0.279654,,-0.33452,24.0918,-3.49321,86.9424,-0.33452,0,-3.9475333392620087,-6.518576622009277,-0.276128,999,,,,,,,210.9,3.401612903,210.9,3.401612903,,,,,,,,,,,,,,,,,,,"Dominic Smith","15653",642086
"Abimelec Ortiz","WSN",57.856,231.188,210.3,45.7779,28.7697,9.50578,0.558609,6.94376,21.7229,27.0187,16.5547,0.467876,60.7405,2.23557,1.57205,0.525332,3.69265,1.18345,0.290817,0.217678,0.0716069,0.262732,0.272547,0.279924,0.367247,0.282621,0.647171,0.149568,3.24082,0.269329,,-0.193292,21.6041,-5.71256,79.2097,-0.193292,0,-5.88994961977005,-4.738917350769043,-0.300511,999,,,,,,,207,3.568965517,207,3.568965517,,,,,,,,,,,,,,,,,,,"Abimelec Ortiz","sa3016926",694673
"Wilmer Flores",,53.128,207.195,186.572,41.1533,28.0263,6.96307,0.165595,5.99829,20.2577,22.7104,15.9059,0.118915,37.3734,2.60027,1.81622,0.21118,3.38059,0.291853,0.127477,0.220575,0.0767679,0.180378,0.425595,0.288357,0.356121,0.284007,0.644478,0.135546,2.05984,0.24242,,-0.300241,19.5951,-4.88657,79.8062,-0.300241,-0.06,-5.245413780212402,-4.979259070008993,-0.328659,999,,,,,,,176.3,3.326415094,176.3,3.326415094,,,,,,,,,,,,,,,,,,,"Wilmer Flores","5827",527038
"Andrés Chaparro","WSN",74.382,279.626,254.37,56.7989,36.9778,11.0025,0.354502,8.46412,25.989,33.2832,20.1112,0.98996,66.5959,2.69714,2.17916,0.268182,4.69807,0.916624,0.387084,0.223292,0.0719218,0.238161,0.301989,0.284965,0.369157,0.285163,0.654122,0.145865,2.29972,0.266323,,-0.363346,26.7077,-6.33225,80.9513,-0.363346,-0.1,-6.676362723112106,-5.963446237146854,-0.341374,999,,,,,,,243.2,3.286486486,243.2,3.286486486,,,,,,,,,,,,,,,,,,,"Andres Chaparro","21797",665953
"Troy Johnston","COL",63.896,239.82,220.154,55.5115,38.2633,11.366,1.00046,4.88171,26.9599,25.503,14.5191,0.65397,48.9017,3.18313,1.48629,0.477621,4.09348,5.57945,1.76366,0.252149,0.0605415,0.20391,0.296903,0.305895,0.379387,0.299181,0.685282,0.127239,5.1673,0.301625,,0.0284944,25.6351,-2.70152,76.8805,0.0284944,-0.07,-6.54289622977376,-5.259733505547047,-0.391218,746.4299926757812,,,,,,,238,3.71875,238,3.71875,,,,,,,,,,,,,,,,,,,"Troy Johnston","26143",687859
"Adam Frazier","LAA",60.093,230.851,209.903,46.5716,34.3923,8.2665,1.28392,2.62893,21.3789,17.1494,14.787,0.536749,42.4914,2.60279,1.72032,1.83837,3.91825,3.7415,1.25992,0.221873,0.0640542,0.184064,0.347999,0.279292,0.311062,0.261828,0.590354,0.0891896,4.69057,0.263916,,-0.105962,17.6753,-9.60154,63.7288,-0.105962,-1.29,-9.974796362221241,-1.7985528111457825,-0.391635,999,,,,,,,169.1,2.818333333,169.1,2.818333333,,,,,,,,,,,,,,,,,,,"Adam Frazier","15223",624428
"Griffin Conine","MIA",86.606,353.501,317.867,66.111,42.8606,13.2073,0.860728,9.18232,33.1135,37.1759,29.9869,0.732242,116.992,3.25974,1.93975,0.447504,6.26442,0.944803,0.261686,0.207983,0.0848284,0.330953,0.256316,0.281424,0.34161,0.275347,0.623034,0.133627,2.84954,0.294004,,-0.415806,30.9463,-10.8226,72.8656,-0.415806,0.14,-11.784350365400314,-5.987783297896385,-0.615008,999,,,,,,,280.5,3.224137931,280.5,3.224137931,,,,,,,,,,,,,,,,,,,"Griffin Conine","21626",665052