Name,Team,W,L,QS,ERA,G,GS,SV,HLD,BS,IP,TBF,H,R,ER,HR,BB,IBB,HBP,SO,K/9,BB/9,K/BB,HR/9,K%,BB%,K-BB%,AVG,WHIP,BABIP,LOB%,GB%,HR/FB,FIP,WAR,RA9-WAR,ADP,InterSD,InterSK,IntraSD,Vol,Skew,Dim,FPTS,FPTS/IP,SPTS,SPTS/IP,P10,P20,P30,P40,P50,P60,P70,P80,P90,TT10,TT20,TT30,TT40,TT50,TT60,TT70,TT80,TT90,NameASCII,PlayerId,MLBAMID
"Tarik Skubal","DET",15.0302,7.26784,14.9379,2.59978,29.37,29.37,0,0,,188.116,738.112,141.378,58.19,54.34,15.6242,36.8136,0.490982,7.26634,233.19,11.1565,1.76127,6.33435,0.747505,0.315928,0.0498754,0.26605284586548805,0.203705,0.947242,0.282454,0.767677,,,2.43862,6.82637,6.39166,6.760000228881836,,,,,,,1161.8000000000002,6.179787234042554,1066,5.670212765957447,,,,,,,,,,,,,,,,,,,"Tarik Skubal","22267",669373
"Paul Skenes","PIT",13.3775,8.53359,14.3581,3.08983,29.795,29.795,0,0,,184.175,743.381,149.324,67.49,63.23,17.0187,47.2569,0.45773,5.07697,219.743,10.7381,2.30928,4.64997,0.831648,0.295599,0.0635702,0.23202913254499435,0.216083,1.06736,0.291238,0.74725,,,2.80262,5.7992,5.0011,10.199999809265137,,,,,,,1049.1000000000004,5.7016304347826114,983,5.342391304347826,,,,,,,,,,,,,,,,,,,"Paul Skenes","33677",694973
"Cristopher Sánchez","PHI",14.2193,7.58158,14.948,3.07006,28.98,28.98,0,0,,184.98,749.5,162.739,68.11,63.1,13.8,43.574,0.47024,5.92187,188.792,9.18547,2.12005,4.33267,0.671426,0.251891,0.0581375,0.19375305250287056,0.232483,1.11533,0.299428,0.739082,,,2.86648,5.14719,4.96138,25.59000015258789,,,,,,,1001,5.410810810810811,971,5.248648648648649,,,,,,,,,,,,,,,,,,,"Cristopher Sanchez","20778",650911
"Garrett Crochet","BOS",13.0917,8.24368,14.3569,3.26006,28.875,28.875,0,0,,180.411,727.806,149.623,70.23,65.35,20.5593,41.3743,0.523587,6.11085,214.376,10.6944,2.064,5.18138,1.02563,0.294551,0.056848,0.23770281672477722,0.21993,1.05868,0.289779,0.744492,,,3.02968,5.08759,4.37896,11.869999885559082,,,,,,,970.7,5.392777777777778,914,5.0777777777777775,,,,,,,,,,,,,,,,,,,"Garrett Crochet","27463",676979
"Logan Webb","SFG",13.5202,8.94287,15.9612,3.36015,29.882,29.882,0,0,,192.768,791.33,177.386,77.23,71.97,16.3076,47.1411,0.837197,5.80808,191.964,8.96245,2.20094,4.0721,0.761371,0.242584,0.059572,0.18301155790686607,0.240237,1.16475,0.303859,0.730291,,,3.06728,4.99762,4.47817,59.650001525878906,,,,,,,996.2,5.161658031088083,982,5.0880829015544045,,,,,,,,,,,,,,,,,,,"Logan Webb","17995",657277
"Chris Sale","ATL",10.8741,7.66386,12.3187,3.56002,25.49,25.49,0,0,,156.134,643.526,129.295,66.13,61.76,16.8497,41.7685,0.412238,11.9924,203.248,11.7158,2.40765,4.86606,0.971266,0.315835,0.0649057,0.2509289011359215,0.219231,1.09562,0.304179,0.71154,,,2.96755,4.4847,3.19625,39,,,,,,,853.9000000000002,5.47371794871795,803,5.147435897435898,,,,,,,,,,,,,,,,,,,"Chris Sale","10603",519242
"Bryan Woo","SEA",13.1973,8.38394,14.6318,3.39014,29.242,29.242,0,0,,182.727,732.558,150.491,73.33,68.83,24.1697,36.7466,0.492081,7.40459,188.65,9.29174,1.80991,5.13382,1.19045,0.257522,0.050162,0.20736050605773926,0.218608,1.02469,0.265612,0.742554,,,3.51472,4.36642,4.24524,35.2400016784668,,,,,,,915,5,849,4.639344262295082,,,,,,,,,,,,,,,,,,,"Bryan Woo","30279",693433
"Max Fried","NYY",13.5899,7.63666,14.3238,3.24014,28.609,28.609,0,0,,179.409,738.482,151.085,69.38,64.59,14.4785,55.1647,0.471851,9.37826,172.95,8.67599,2.76732,3.13516,0.726308,0.234197,0.0747001,0.15949668735265732,0.224182,1.14961,0.280788,0.735938,,,3.33551,4.24072,4.42385,50.599998474121094,,,,,,,913.8000000000001,5.105027932960894,867,4.843575418994414,,,,,,,,,,,,,,,,,,,"Max Fried","13743",608331
"Dylan Cease","TOR",12.2725,8.17162,12.2801,3.37003,28.971,28.971,0,0,,168.114,689.994,129.554,67.12,62.95,18.3594,62.0694,0.575197,4.38435,199.126,10.6602,3.32289,3.20812,0.982871,0.288591,0.0899563,0.19863425940275192,0.207772,1.13984,0.273842,0.750381,,,3.37177,4.14636,3.89115,74.7300033569336,,,,,,,883.8,5.260714285714285,806,4.7976190476190474,,,,,,,,,,,,,,,,,,,"Dylan Cease","18525",656302
"Jesús Luzardo","PHI",12.1091,8.85099,13.5442,3.6701,29.237,29.237,0,0,,175.213,725.607,152.611,77.23,71.45,20.7278,51.4516,0.491391,7.03583,194.263,9.9785,2.64286,3.77564,1.0647,0.267724,0.0709083,0.19681600481271744,0.228761,1.16466,0.291694,0.724577,,,3.45702,4.05088,3.25993,73.25,,,,,,,852.9000000000001,4.8737142857142866,816,4.662857142857143,,,,,,,,,,,,,,,,,,,"Jesus Luzardo","19959",666200
"Cole Ragans","KCR",10.6722,7.89953,11.404,3.39973,26.135,26.135,0,0,,153.462,626.514,116.499,61.84,57.97,19.3551,50.1649,0.502793,6.98105,194.464,11.4046,2.94199,3.8765,1.13511,0.310391,0.0800698,0.2303209900856018,0.204611,1.08603,0.273223,0.751066,,,3.35751,3.90215,3.43482,46.97999954223633,,,,,,,813.9,5.319607843137255,735,4.803921568627451,,,,,,,,,,,,,,,,,,,"Cole Ragans","21846",666142
"Framber Valdez","DET",13.0041,8.61756,15.4691,3.34018,28.68,28.68,0,0,,185.972,767.957,159.991,74.53,69.02,14.2284,59.5403,0.512025,9.99823,169.927,8.22351,2.88142,2.85398,0.688574,0.221272,0.0775308,0.14374074339866638,0.229077,1.18046,0.283441,0.726418,,,3.42405,3.85525,4.22563,84.66999816894531,,,,,,,918.2,4.936559139784946,878,4.720430107526882,,,,,,,,,,,,,,,,,,,"Framber Valdez","17295",664285
"Yoshinobu Yamamoto","LAD",12.9131,6.28435,12.4033,3.35994,26.407,26.407,0,0,,160.369,656.958,132.7,64.05,59.87,15.9338,51.3768,0.3877,4.11058,178.219,10.0018,2.8833,3.46887,0.894213,0.27128,0.0782041,0.19307547062635422,0.220627,1.14784,0.286672,0.741963,,,3.24216,3.84699,3.68963,27.1200008392334,,,,,,,832.4000000000001,5.202500000000001,783,4.89375,,,,,,,,,,,,,,,,,,,"Yoshinobu Yamamoto","33825",808967
"Logan Gilbert","SEA",11.4658,8.35121,12.3665,3.57004,27.888,27.888,0,0,,164.267,661.952,133.24,69.65,65.16,24.349,38.7375,0.516784,6.08419,200.416,10.9806,2.12238,5.1737,1.33405,0.302765,0.0585201,0.2442452721297741,0.215903,1.04694,0.277525,0.742102,,,3.44055,3.81907,3.28932,35.65999984741211,,,,,,,837.6000000000001,5.107317073170733,773,4.713414634146342,,,,,,,,,,,,,,,,,,,"Logan Gilbert","22250",669302
"Jacob deGrom","TEX",10.8385,7.93448,12.1167,3.45012,26.006,26.006,0,0,,157.038,629.771,124.108,63.84,60.2,19.8459,40.3977,0.452677,2.55239,174.7,10.0122,2.31523,4.3245,1.13739,0.277402,0.0641466,0.21325545012950897,0.211491,1.04755,0.265787,0.736282,,,3.37359,3.78835,3.4841,48.91999816894531,,,,,,,814.4,5.187261146496815,746,4.751592356687898,,,,,,,,,,,,,,,,,,,"Jacob deGrom","10954",594798
"George Kirby","SEA",11.2157,8.52377,12.4441,3.70026,27.791,27.791,0,0,,163.91,671.064,148.577,71.93,67.39,19.551,34.6775,0.44468,6.9897,159.529,8.75946,1.90408,4.60037,1.07351,0.237726,0.0516753,0.18605057150125504,0.236063,1.11802,0.286524,0.714155,,,3.50184,3.78271,3.07142,65.73999786376953,,,,,,,774.2000000000002,4.720731707317074,754,4.597560975609756,,,,,,,,,,,,,,,,,,,"George Kirby","25436",669923
"Hunter Brown","HOU",11.7978,9.36803,14.1009,3.72987,29.261,29.261,0,0,,178.317,743.263,153.825,78.75,73.9,19.6174,61.4179,0.547867,6.86327,188.97,9.53769,3.09988,3.0768,0.990127,0.254244,0.0826328,0.17161139845848083,0.227895,1.20708,0.287755,0.726882,,,3.59459,3.71279,3.24273,36.97999954223633,,,,,,,844.8000000000001,4.746067415730337,804,4.51685393258427,,,,,,,,,,,,,,,,,,,"Hunter Brown","25880",686613
"Sonny Gray","BOS",11.1452,8.82659,12.8083,3.71988,27.977,27.977,0,0,,166.578,687.924,149.288,73.89,68.85,19.8191,45.5427,0.421427,4.82089,169.657,9.16633,2.46062,3.72522,1.0708,0.246621,0.0662031,0.18041777610778809,0.234154,1.1696,0.288937,0.723831,,,3.55192,3.56531,3.05427,134.75,,,,,,,789.4,4.726946107784431,762,4.562874251497006,,,,,,,,,,,,,,,,,,,"Sonny Gray","12768",543243
"Joe Ryan","MIN",9.96947,10.0273,13.3239,4.11979,27.993,27.993,0,0,,168.125,695.978,150.247,82.39,76.96,26.8998,40.7318,0.44141,7.43277,186.439,9.98037,2.18044,4.57723,1.43999,0.26788,0.0585245,0.2093556933104992,0.231929,1.13593,0.2839,0.708254,,,3.8567,3.53451,2.27307,79.73999786376953,,,,,,,749.0999999999999,4.4589285714285705,717,4.267857142857143,,,,,,,,,,,,,,,,,,,"Joe Ryan","21390",657746
"Zack Wheeler","PHI",9.73573,5.60839,10.2097,3.18028,20.767,20.767,0,0,,129.3,522.068,99.0006,48.9,45.69,14.7703,37.5942,0.319703,5.24998,154.964,10.7863,2.61676,4.12201,1.02809,0.296827,0.0720101,0.2248164638876915,0.206585,1.05642,0.272158,0.756535,,,3.21726,3.48532,3.27109,113.58999633789062,,,,,,,693.6999999999999,5.37751937984496,631,4.891472868217054,,,,,,,,,,,,,,,,,,,"Zack Wheeler","10310",554430
"Chase Burns","CIN",8.08437,8.43637,5.26387,3.44225,28.614,23.382,0,0.6509,,128.872,525.37,103.674,52.59,49.29,15.7057,39.3789,0.797259,2.10959,159.508,11.1395,2.7501,4.05058,1.09684,0.30361,0.0749546,0.22865517437458038,0.214254,1.11004,0.284992,0.747226,,,3.20982,3.35781,2.73818,98.51000213623047,,,,,,,688.4,5.336434108527132,638,4.945736434108527,,,,,,,,,,,,,,,,,,,"Chase Burns","35333",695505
"Ranger Suarez","BOS",10.9341,8.61733,13.0477,3.77997,27.06,27.06,0,0,,164.763,688.041,155.87,74.44,69.2,16.7407,44.5014,0.606854,7.32684,144.316,7.8831,2.43084,3.24296,0.914444,0.209749,0.0646783,0.14507068693637848,0.244997,1.21612,0.292807,0.711741,,,3.64789,3.26855,2.92275,180.3300018310547,,,,,,,738.3000000000001,4.474545454545455,736,4.460606060606061,,,,,,,,,,,,,,,,,,,"Ranger Suarez","17277",624133
"MacKenzie Gore","TEX",9.96969,9.16074,11.2279,3.86002,27.648,27.648,0,0,,155.704,652.668,133.263,71.48,66.78,18.6295,55.5636,0.453573,6.53811,173.888,10.0511,3.21168,3.12954,1.07682,0.266427,0.085133,0.1812937781214714,0.225653,1.21273,0.287989,0.721045,,,3.65351,3.13227,2.65065,163.5800018310547,,,,,,,733.9000000000001,4.70448717948718,692,4.435897435897436,,,,,,,,,,,,,,,,,,,"MacKenzie Gore","22201",669022
"Kevin Gausman","TOR",11.4766,9.45398,14.4903,4.14994,28.915,28.915,0,0,,177.812,742.296,162.107,87.54,81.99,24.9036,54.1935,0.612209,3.02362,173.56,8.78477,2.74302,3.20259,1.2605,0.233815,0.073008,0.1608067899942398,0.236626,1.21646,0.281955,0.709677,,,3.96904,3.081,2.29277,116.04000091552734,,,,,,,765.5,4.300561797752809,742,4.168539325842697,,,,,,,,,,,,,,,,,,,"Kevin Gausman","14107",592332
"Freddy Peralta","NYM",10.9455,8.76499,12.0271,3.81008,28.148,28.148,0,0,,162.209,675.492,130.812,73.28,68.67,21.6969,62.3973,0.424433,6.9371,178.829,9.92215,3.46205,2.86598,1.20383,0.264739,0.092373,0.17236588895320892,0.215806,1.19112,0.269001,0.736515,,,3.9514,3.04208,2.83134,56.599998474121094,,,,,,,738.5999999999998,4.559259259259258,675,4.166666666666667,,,,,,,,,,,,,,,,,,,"Freddy Peralta","18679",642547
"Nick Pivetta","SDP",10.9916,8.9506,13.1895,3.84024,27.742,27.742,0,0,,167.591,688.807,140.978,76.54,71.51,25.5141,49.0269,0.659198,3.42916,170.952,9.18051,2.63285,3.48691,1.37016,0.248186,0.0711765,0.1770094335079193,0.221541,1.13374,0.262486,0.735423,,,4.01315,3.03648,2.79838,94.73999786376953,,,,,,,742.8000000000001,4.421428571428572,688,4.095238095238095,,,,,,,,,,,,,,,,,,,"Nick Pivetta","15454",601713
"Shohei Ohtani","LAD",9.13622,5.14723,6.947,3.25,21.715,21.715,0,0,,113.123,461.849,88.2321,43.74,40.85,12.6444,38.0395,0.289033,3.04289,142.551,11.3413,3.0264,3.74744,1.00598,0.308653,0.0823636,0.22628945857286453,0.209694,1.11623,0.284623,0.760173,,,3.15743,2.99347,2.7294,1.2200000286102295,,,,,,,610.5,5.402654867256637,559,4.946902654867257,,,,,,,,,,,,,,,,,,,"Shohei Ohtani","19755",660271
"Blake Snell","LAD",9.81266,5.48673,9.37876,3.58969,21.71,21.71,0,0,,126.362,524.272,101.527,54.12,50.4,13.5549,50.0321,0.421535,2.76625,146.644,10.4446,3.56349,2.93101,0.965433,0.279711,0.0954316,0.1842789426445961,0.215339,1.1994,0.282618,0.734933,,,3.46213,2.85011,2.50239,150.99000549316406,,,,,,,630,5,583,4.626984126984127,,,,,,,,,,,,,,,,,,,"Blake Snell","13543",605483
"Eury Pérez","MIA",8.35421,9.76357,9.73055,3.96984,26.742,26.742,0,0,,143.575,595.337,120.524,67.88,63.33,20.1363,45.8386,0.438813,5.73544,149.412,9.3659,2.87339,3.25952,1.26224,0.250971,0.0769961,0.17397446930408478,0.221648,1.15872,0.268262,0.712755,,,3.95471,2.75419,2.18625,81.86000061035156,,,,,,,647.0000000000001,4.493055555555556,602,4.180555555555555,,,,,,,,,,,,,,,,,,,"Eury Perez","27768",691587
"Nathan Eovaldi","TEX",9.984,8.06324,12.2195,3.78021,24.852,24.852,0,0,,152.706,627.581,132.192,68.36,64.14,19.4445,40.9849,0.50188,7.46091,149.845,8.83136,2.41552,3.65609,1.14599,0.238766,0.0653063,0.17345936596393585,0.228258,1.13405,0.275098,0.718147,,,3.77968,2.75033,2.77689,139.77999877929688,,,,,,,711.3,4.649019607843137,674,4.405228758169935,,,,,,,,,,,,,,,,,,,"Nathan Eovaldi","9132",543135
"Nolan McLean","NYM",10.2804,7.92268,11.5985,3.78003,25.599,25.599,0,0,,151.499,636.66,133.907,68.09,63.63,16.0986,53.0515,0.429391,9.02922,148.968,8.84963,3.15159,2.80799,0.956357,0.233983,0.0833278,0.15065553784370422,0.233053,1.23406,0.287681,0.722955,,,3.77929,2.74575,2.64379,89.26000213623047,,,,,,,684.2000000000002,4.531125827814571,659,4.364238410596027,,,,,,,,,,,,,,,,,,,"Nolan McLean","33703",690997
"Emmet Sheehan","LAD",8.96723,6.75204,2.84915,3.598,33.588,23.156,0,0.7772,,133.474,547.364,102.45,56.95,53.36,18.5969,46.2721,1.14109,4.93378,157.89,10.6464,3.12007,3.41222,1.25397,0.288456,0.0845362,0.20391982793807983,0.206487,1.11424,0.262311,0.748022,,,3.73148,2.74351,2.51457,112.95999908447266,,,,,,,652.3,4.904511278195488,585,4.398496240601504,,,,,,,,,,,,,,,,,,,"Emmet Sheehan","29839",686218
"Jack Flaherty","DET",9.63307,9.55868,11.4996,4.05989,27.692,27.692,0,0,,156.684,656.263,139.029,75.74,70.68,23.2237,49.3737,0.486833,6.28829,170.146,9.77327,2.83605,3.44609,1.33398,0.259265,0.0752346,0.18403062969446182,0.231483,1.20243,0.284372,0.722708,,,3.95591,2.68081,2.18958,214.4600067138672,,,,,,,692.5000000000001,4.4108280254777075,661,4.210191082802548,,,,,,,,,,,,,,,,,,,"Jack Flaherty","17479",656427
"Braxton Ashcraft","PIT",7.25209,8.61216,2.82533,3.80376,36.895,22.206,0,0.6584,,132.595,555.555,123.769,60.01,56.04,12.8023,39.7589,1.37949,4.27781,123.577,8.3879,2.69867,3.10816,0.868968,0.222439,0.0715661,0.15087303519248962,0.241965,1.23329,0.295803,0.710953,,,3.52268,2.67563,2.15153,255.13999938964844,,,,,,,621.9000000000001,4.6759398496240605,616,4.631578947368421,,,,,,,,,,,,,,,,,,,"Braxton Ashcraft","23793",677952
"Michael King","SDP",9.98306,9.03474,11.4432,3.96022,27.372,27.372,0,0,,155.696,657.374,135.684,73.47,68.51,19.879,57.229,0.651638,8.47475,156.077,9.02205,3.30812,2.72724,1.1491,0.237426,0.0870571,0.15036872029304504,0.229324,1.23904,0.27857,0.723536,,,4.05605,2.65859,2.4391,125.98999786376953,,,,,,,671.8000000000001,4.306410256410257,637,4.083333333333333,,,,,,,,,,,,,,,,,,,"Michael King","19853",650633
"Kris Bubic","KCR",8.43615,8.76598,6.11578,3.80994,29.807,23.691,0,0.666,,137.388,574.422,123.565,62.37,58.16,15.8735,41.4761,1.24501,6.56496,134.091,8.78405,2.71701,3.23298,1.03984,0.233437,0.0722049,0.1612323448061943,0.234745,1.20128,0.286097,0.718894,,,3.73414,2.64478,2.29745,197.25999450683594,,,,,,,622.6000000000003,4.544525547445257,605,4.416058394160584,,,,,,,,,,,,,,,,,,,"Kris Bubic","21455",663460
"Tanner Bibee","CLE",9.62705,10.8979,14.1206,4.32005,28.616,28.616,0,0,,174.019,739.337,167.584,89.54,83.53,23.4936,54.8017,0.531359,7.92032,153.988,7.96402,2.83426,2.80991,1.21506,0.208278,0.0741227,0.13415559381246567,0.24768,1.27794,0.288682,0.701053,,,4.20173,2.6311,1.83578,186.25,,,,,,,686.9000000000003,3.9477011494252894,690,3.9655172413793105,,,,,,,,,,,,,,,,,,,"Tanner Bibee","30134",676440
"Bubba Chandler","PIT",8.57759,9.77662,6.40213,4.08714,31.384,25.122,0,0.6584,,143.242,605.878,130.235,69.46,65.05,18.2102,47.6241,1.04043,6.71087,143.231,8.99934,2.99226,3.00754,1.14416,0.236403,0.0786035,0.15779973566532135,0.236129,1.24167,0.287169,0.711444,,,3.92593,2.59827,1.95159,153.85000610351562,,,,,,,623.8000000000001,4.362237762237763,606,4.2377622377622375,,,,,,,,,,,,,,,,,,,"Bubba Chandler","29868",696149
"Matthew Boyd","CHC",9.85644,9.02326,12.3792,4.27993,26.685,26.685,0,0,,157.797,664.081,150.704,80.51,75.04,23.0692,41.6743,0.432016,8.07124,142.338,8.11832,2.37691,3.4155,1.31576,0.214339,0.0627549,0.15158416330814362,0.245312,1.21915,0.284311,0.698821,,,4.17736,2.57028,1.74015,222.16000366210938,,,,,,,627.7,3.9727848101265826,625,3.9556962025316458,,,,,,,,,,,,,,,,,,,"Matthew Boyd","15440",571510
"David Peterson","NYM",10.4422,8.88521,12.0896,4.00997,27.534,27.534,0,0,,159.824,679.594,153.241,76.46,71.21,16.3837,56.3892,0.531986,5.76997,137.298,7.73149,3.17539,2.43482,0.922596,0.202029,0.082975,0.11905396729707718,0.248191,1.31163,0.295109,0.713312,,,3.91643,2.55623,2.38298,500.7300109863281,,,,,,,677.4000000000001,4.233750000000001,680,4.25,,,,,,,,,,,,,,,,,,,"David Peterson","20302",656849
"Edward Cabrera","CHC",9.03647,7.54134,9.31313,3.77992,24.264,24.264,0,0,,133.741,556.681,110.194,59.85,56.17,14.5198,50.2111,0.351665,6.74654,141.428,9.51732,3.37892,2.81668,0.9771,0.254057,0.0901973,0.16385938227176666,0.22051,1.19937,0.278305,0.717854,,,3.70918,2.50425,2.38237,176.72000122070312,,,,,,,632.0999999999999,4.7171641791044765,586,4.373134328358209,,,,,,,,,,,,,,,,,,,"Edward Cabrera","21690",665795
"Brandon Woodruff","MIL",8.72398,8.75479,11.0046,4.1803,24.934,24.934,0,0,,144.485,603.229,131.046,71.78,67.11,22.3955,40.3381,0.427981,5.2618,145.342,9.05337,2.51267,3.60309,1.39502,0.24094,0.0668703,0.1740693747997284,0.235007,1.18618,0.27867,0.711304,,,4.08511,2.49901,1.7717,127.51000213623047,,,,,,,609.4000000000001,4.231944444444445,589,4.090277777777778,,,,,,,,,,,,,,,,,,,"Brandon Woodruff","16162",605540
"Spencer Strider","ATL",9.43146,9.1089,12.2521,4.38975,26.21,26.21,0,0,,155.141,662.516,141.362,80.72,75.67,21.1152,58.1154,0.528101,7.33281,164.343,9.53383,3.37137,2.82788,1.22493,0.248059,0.0877192,0.16033997386693954,0.236761,1.28578,0.292139,0.698918,,,4.05144,2.47476,1.55203,107.7699966430664,,,,,,,655.1,4.226451612903226,635,4.096774193548387,,,,,,,,,,,,,,,,,,,"Spencer Strider","27498",675911
"Jacob Misiorowski","MIL",9.04959,9.41959,6.29241,3.86909,30.302,25.372,0,0.621,,138.87,589.298,109.855,63.6,59.7,17.5544,63.9901,0.888993,8.0464,166.789,10.8094,4.14712,2.60648,1.13768,0.28303,0.108587,0.17444271594285965,0.212377,1.25185,0.277246,0.738566,,,3.93256,2.43616,2.22818,120.58000183105469,,,,,,,643.2000000000002,4.627338129496404,583,4.194244604316546,,,,,,,,,,,,,,,,,,,"Jacob Misiorowski","31623",694819
"Trey Yesavage","TOR",8.68317,8.03784,5.02301,3.71974,30.702,23.563,0,0.6524,,131.743,546.118,105.394,58.2,54.45,17.822,48.4988,0.923817,5.44231,150.966,10.3132,3.31319,3.11278,1.21751,0.276435,0.0888065,0.18762841820716858,0.214138,1.16813,0.270795,0.742139,,,3.83026,2.40895,2.3873,156.47000122070312,,,,,,,629.4000000000002,4.768181818181819,573,4.340909090909091,,,,,,,,,,,,,,,,,,,"Trey Yesavage","35456",702056
"Reynaldo López","ATL",7.61753,8.5518,5.52183,4.27767,29.265,22.758,0,0.6492,,131.097,557.867,120.105,66.37,62.31,15.1917,49.3355,0.895783,3.80769,133.458,9.16209,3.38696,2.70511,1.04293,0.239229,0.0884361,0.1507931798696518,0.237963,1.29249,0.294641,0.695614,,,3.82169,2.37345,1.49564,294.8999938964844,,,,,,,583.9000000000001,4.457251908396947,571,4.358778625954199,,,,,,,,,,,,,,,,,,,"Reynaldo Lopez","16400",625643
"Drew Rasmussen","TBR",8.78937,10.2771,10.4218,4.23021,28.223,28.223,0,0,,151.418,635.908,145.414,76.32,71.17,21.125,42.677,0.521146,4.85703,133.441,7.9315,2.53664,3.12677,1.25563,0.209844,0.067112,0.14273183792829514,0.247145,1.2422,0.286507,0.705108,,,4.12805,2.359,1.80666,140.86000061035156,,,,,,,604.1000000000001,4.00066225165563,604,4,,,,,,,,,,,,,,,,,,,"Drew Rasmussen","25385",656876
"Gavin Williams","CLE",9.26567,10.5803,12.1839,4.16993,28.464,28.464,0,0,,162.758,697.121,144.283,80.53,75.41,20.0669,71.9907,0.435809,5.51461,164.055,9.07172,3.98086,2.27884,1.10964,0.235332,0.103269,0.13206353783607483,0.232859,1.32881,0.285231,0.721351,,,4.15061,2.34838,2.05677,139.67999267578125,,,,,,,679.8000000000001,4.170552147239264,649,3.98159509202454,,,,,,,,,,,,,,,,,,,"Gavin Williams","30122",668909
"Sean Manaea","NYM",7.49008,8.66015,3.13521,4.17489,33.878,22.805,0,0.7173,,133.764,561.957,118.428,66.4,62.05,20.9229,39.6208,1.46912,9.0091,149.502,10.0589,2.6658,3.77332,1.40775,0.266039,0.0705051,0.19553342461585999,0.230706,1.18155,0.284351,0.711797,,,4.02389,2.34534,1.63432,285.70001220703125,,,,,,,583.5,4.354477611940299,554,4.134328358208955,,,,,,,,,,,,,,,,,,,"Sean Manaea","15873",640455
"José Soriano","LAA",10.4069,10.3428,12.4327,3.77982,29.702,29.702,0,0,,169.77,726.338,159.314,76.48,71.3,14.1771,71.6194,0.603913,8.1728,138.422,7.33815,3.79675,1.93274,0.751567,0.190575,0.0986035,0.09197177737951279,0.246407,1.36027,0.293831,0.73171,,,4.00004,2.33446,3.03556,335.489990234375,,,,,,,708.4,4.167058823529412,704,4.141176470588236,,,,,,,,,,,,,,,,,,,"Jose Soriano","22100",667755
"Cade Horton","CHC",8.2538,7.51374,9.05955,4.06011,23.078,23.078,0,0,,127.504,536.315,119.267,61.52,57.52,14.6334,40.1054,0.362552,3.74891,112.868,7.96692,2.83088,2.81429,1.03291,0.210451,0.0747796,0.13567181676626205,0.242185,1.24994,0.286698,0.704553,,,3.88853,2.33125,1.78115,183.22999572753906,,,,,,,547.3000000000001,4.2757812500000005,539,4.2109375,,,,,,,,,,,,,,,,,,,"Cade Horton","31872",690990
"Mitch Keller","PIT",9.58989,11.3568,14.1434,4.74018,29.666,29.666,0,0,,175.797,757.773,179.573,98.96,92.59,23.9416,55.6198,0.456257,8.44046,148.17,7.58564,2.84748,2.66398,1.2257,0.195534,0.0733991,0.12213490903377533,0.258857,1.33786,0.298372,0.675507,,,4.31309,2.32197,1.06904,533.8900146484375,,,,,,,643.2,3.6545454545454548,672,3.8181818181818183,,,,,,,,,,,,,,,,,,,"Mitch Keller","17594",656605
"Merrill Kelly","ARI",9.44537,9.38783,12.6061,4.36001,26.492,26.492,0,0,,158.222,667.429,152.612,81.74,76.65,21.6863,47.7209,0.492132,3.53781,138.941,7.90323,2.71446,2.91153,1.23356,0.208173,0.0714996,0.13667339086532593,0.247679,1.26615,0.287406,0.69772,,,4.13257,2.31078,1.6392,262.2200012207031,,,,,,,622.8,3.941772151898734,626,3.962025316455696,,,,,,,,,,,,,,,,,,,"Merrill Kelly","11156",518876
"Chad Patrick","MIL",8.49778,9.02009,9.78921,4.18005,25.824,25.824,0,0,,140.209,589.169,126.963,69.51,65.12,20.8947,43.0327,0.466024,5.70567,131.609,8.44795,2.76227,3.05834,1.34123,0.22338,0.0730397,0.15034060180187225,0.23493,1.21245,0.273424,0.713966,,,4.23798,2.31048,1.72248,306.5199890136719,,,,,,,564.5,4.0321428571428575,544,3.8857142857142857,,,,,,,,,,,,,,,,,,,"Chad Patrick","30113",694477
"Zac Gallen","ARI",10.4409,10.3979,14.2707,4.4099,29.139,29.139,0,0,,176.208,751.514,169.143,92.14,86.34,23.2752,61.1052,0.610243,5.05869,154.568,7.8947,3.12101,2.52953,1.18881,0.205675,0.0813095,0.12436558306217194,0.246799,1.30669,0.287421,0.698706,,,4.22438,2.29244,1.75978,224.41000366210938,,,,,,,692.1,3.932386363636364,693,3.9375,,,,,,,,,,,,,,,,,,,"Zac Gallen","19291",668678
"Kyle Bradish","BAL",8.88482,7.77803,9.73454,4.00987,24.244,24.244,0,0,,135.386,572.042,120.612,64.21,60.32,17.4968,47.71,0.411324,7.47542,141.834,9.42862,3.1716,2.97283,1.16313,0.247943,0.083403,0.16453981399536133,0.233357,1.24328,0.288414,0.723873,,,3.94281,2.28969,2.02367,72.62000274658203,,,,,,,594.3,4.402222222222222,573,4.2444444444444445,,,,,,,,,,,,,,,,,,,"Kyle Bradish","24586",680694
"Luis Castillo","SEA",10.2919,10.019,14.0114,4.49979,28.405,28.405,0,0,,172.008,727.971,163.89,91.95,86,27.1065,51.4451,0.64675,7.67425,152.174,7.96221,2.69177,2.95798,1.4183,0.209038,0.0706692,0.13836916536092758,0.245032,1.25189,0.279394,0.695574,,,4.44551,2.27841,1.51125,172.27999877929688,,,,,,,641.2999999999998,3.728488372093022,636,3.697674418604651,,,,,,,,,,,,,,,,,,,"Luis Castillo","15689",622491
"Matthew Liberatore","STL",8.07135,10.7413,10.9358,4.52013,27.517,27.517,0,0,,151.084,642.637,153.179,80.92,75.88,19.7934,41.2788,0.424134,5.52019,120.518,7.17921,2.45896,2.91961,1.17908,0.187537,0.0642334,0.12330334633588791,0.257081,1.28708,0.292815,0.680898,,,4.17214,2.24055,1.30265,618.969970703125,,,,,,,574.6000000000001,3.805298013245034,596,3.947019867549669,,,,,,,,,,,,,,,,,,,"Matthew Liberatore","22294",669461
"Ryne Nelson","ARI",9.43516,10.4975,8.91675,4.31777,31.861,27.221,0,0.6568,,157.498,663.258,150.125,80.56,75.56,22.7433,44.2388,1.13589,4.35263,133.035,7.60212,2.52796,3.00721,1.29964,0.200579,0.0666992,0.13387959450483322,0.244238,1.23407,0.277587,0.700231,,,4.24859,2.23378,1.62097,260.8500061035156,,,,,,,614.9,3.91656050955414,612,3.8980891719745223,,,,,,,,,,,,,,,,,,,"Ryne Nelson","26253",669194
"Zebby Matthews","MIN",6.37171,8.8108,2.95572,4.11976,30.707,21.552,0,0.6268,,123.08,514.914,118.661,60.46,56.34,17.8915,30.5562,1.21398,2.72865,121.235,8.86509,2.23436,3.96761,1.30828,0.235447,0.0593422,0.1761048473417759,0.246373,1.21236,0.294214,0.714808,,,3.86616,2.22603,1.5745,293.1300048828125,,,,,,,523.4000000000001,4.255284552845529,525,4.2682926829268295,,,,,,,,,,,,,,,,,,,"Zebby Matthews","31827",805673
"Carlos Rodón","NYY",9.23593,7.4585,10.8809,4.08021,23.51,23.51,0,0,,139.515,585.092,118.925,67.5,63.25,19.4512,50.7565,0.373948,6.127,145.876,9.41032,3.27426,2.87403,1.25478,0.249321,0.0867496,0.16257107257843018,0.225148,1.21623,0.274122,0.717316,,,4.07959,2.19638,1.92875,199.86000061035156,,,,,,,613.9,4.385,574,4.1,,,,,,,,,,,,,,,,,,,"Carlos Rodon","16137",607074
"Andrew Abbott","CIN",9.0213,10.5513,13.0877,4.65019,27.731,27.731,0,0,,163.89,696.724,162.677,90.31,84.68,27.3823,47.8133,0.533101,3.22203,146.454,8.04248,2.62566,3.06303,1.5037,0.210203,0.0686259,0.14157738536596298,0.251944,1.28434,0.286732,0.698094,,,4.45412,2.19019,1.21556,218.4499969482422,,,,,,,596.7,3.6384146341463417,608,3.707317073170732,,,,,,,,,,,,,,,,,,,"Andrew Abbott","29911",671096
"Tyler Glasnow","LAD",9.20066,6.35334,9.69372,4.18976,22.369,22.369,0,0,,128.542,544.055,112.883,63.83,59.84,16.3959,51.8108,0.3291,3.0217,139.225,9.74797,3.62759,2.68718,1.14797,0.255902,0.0952308,0.16067145764827728,0.230739,1.28124,0.289228,0.711613,,,3.90682,2.15009,1.63847,120.91999816894531,,,,,,,577,4.4728682170542635,550,4.263565891472868,,,,,,,,,,,,,,,,,,,"Tyler Glasnow","14374",607192
"Quinn Priester","MIL",8.69552,8.52164,10.7196,4.10987,24.597,24.597,0,0,,141.968,599.396,138.473,69.25,64.83,16.0276,42.8552,0.39176,5.27372,114.29,7.24535,2.71679,2.66688,1.01606,0.190675,0.0714973,0.11917737871408463,0.251191,1.27725,0.29088,0.705385,,,4.00974,2.14737,1.9533,369.8699951171875,,,,,,,579.2,4.07887323943662,586,4.126760563380282,,,,,,,,,,,,,,,,,,,"Quinn Priester","25977",682990
"Trevor Rogers","BAL",9.32551,8.36919,11.1654,4.21022,25.272,25.272,0,0,,146.408,611.784,135.886,73.17,68.49,22.1071,41.7291,0.617002,3.91345,133.395,8.20004,2.56517,3.19668,1.35897,0.218042,0.0682089,0.14983291923999786,0.240021,1.21315,0.277076,0.712133,,,4.21111,2.14021,1.7963,152.39999389648438,,,,,,,584.2,4.001369863013699,572,3.9178082191780823,,,,,,,,,,,,,,,,,,,"Trevor Rogers","22286",669432
"Cody Ponce","TOR",6.55283,7.04064,2.58389,4.0189,33.381,19.218,0,0.6524,,123.795,521.068,108.274,59.24,55.28,17.8032,42.3149,1.45176,5.95373,144.563,10.5099,3.07633,3.41637,1.29431,0.277437,0.081208,0.196228489279747,0.229007,1.21644,0.291435,0.726928,,,3.83889,2.13873,1.67576,262.54998779296875,,,,,,,565.3999999999999,4.559677419354838,536,4.32258064516129,,,,,,,,,,,,,,,,,,,"Cody Ponce","17920",664074
"Brandon Pfaadt","ARI",9.34623,10.3143,13.0041,4.64974,27.96,27.96,0,0,,164.119,699.625,170.412,90.52,84.79,24.2181,40.905,0.755546,7.15342,133.519,7.32196,2.24316,3.26413,1.32808,0.190844,0.0584669,0.13237695023417473,0.261542,1.28759,0.296042,0.680886,,,4.30485,2.13423,1.1177,675.6400146484375,,,,,,,600.4000000000001,3.660975609756098,632,3.8536585365853657,,,,,,,,,,,,,,,,,,,"Brandon Pfaadt","27782",694297
"Cam Schlittler","NYY",8.73588,7.39867,9.49511,4.05005,23.47,23.47,0,0,,131.354,554.733,115.325,62.94,59.11,16.6639,48.943,0.358518,5.70173,132.129,9.05309,3.35343,2.69965,1.14176,0.238185,0.0882279,0.1499565690755844,0.23061,1.25058,0.28085,0.718953,,,4.02059,2.13106,1.87008,128.41000366210938,,,,,,,560.3000000000001,4.277099236641222,533,4.068702290076335,,,,,,,,,,,,,,,,,,,"Cam Schlittler","32095",693645
"Landen Roupp","SFG",7.32934,8.69187,5.28547,4.07231,26.82,22.581,0,0.6515,,120.536,516.728,113.488,58.6,54.54,11.8936,48.6509,0.859051,3.61439,113.683,8.48831,3.63259,2.33671,0.888056,0.220006,0.094152,0.1258537843823433,0.244343,1.34515,0.29979,0.711668,,,3.83241,2.11349,1.60235,688.1199951171875,,,,,,,527,4.355371900826446,522,4.31404958677686,,,,,,,,,,,,,,,,,,,"Landen Roupp","30076",694738
"Grayson Rodriguez","LAA",6.8512,7.44656,8.526,4.01974,20.604,20.604,0,0,,116.515,489.446,106.239,55.69,52.04,15.5461,36.7523,0.347367,4.46033,120.59,9.31481,2.83887,3.28117,1.20083,0.246382,0.0750897,0.17129218578338623,0.237018,1.22724,0.290593,0.720149,,,3.86085,2.10814,1.69803,262.9700012207031,,,,,,,512.4000000000002,4.379487179487181,496,4.239316239316239,,,,,,,,,,,,,,,,,,,"Grayson Rodriguez","24492",680570
"Sandy Alcantara","MIA",9.23862,11.2288,14.8281,4.56997,28.289,28.289,0,0,,176.161,751.552,175.386,95.92,89.45,23.1387,54.6185,0.511412,8.0961,135.177,6.90616,2.79044,2.47493,1.18215,0.179864,0.0726743,0.1071898564696312,0.254611,1.30565,0.286977,0.67853,,,4.376,2.0953,1.36311,145.63999938964844,,,,,,,645.5,3.6676136363636362,662,3.7613636363636362,,,,,,,,,,,,,,,,,,,"Sandy Alcantara","18684",645261
"Shane McClanahan","TBR",6.91717,6.91478,8.81332,4.01979,19.575,19.575,0,0,,114.879,479.723,107.072,55.16,51.31,16.1197,33.0749,0.428842,2.67981,118.337,9.2709,2.59119,3.57785,1.26287,0.246677,0.0689457,0.17773150652647018,0.241171,1.21996,0.293858,0.722806,,,3.8328,2.03199,1.67356,201.17999267578125,,,,,,,504.00000000000006,4.382608695652174,495,4.304347826086956,,,,,,,,,,,,,,,,,,,"Shane McClanahan","21483",663556
"Jack Leiter","TEX",9.54437,10.4946,11.9011,4.41011,29.214,29.214,0,0,,162.547,693.229,144.532,84.91,79.65,23.601,64.7606,0.47589,7.3566,155.33,8.60039,3.5857,2.39852,1.30675,0.224067,0.0934188,0.13064829260110855,0.232699,1.28758,0.273487,0.705712,,,4.44248,2.02323,1.65011,233.39999389648438,,,,,,,628,3.852760736196319,597,3.6625766871165646,,,,,,,,,,,,,,,,,,,"Jack Leiter","30146",683004
"Braxton Garrett","MIA",6.09881,8.39779,4.45627,4.1088,26.629,20.284,0,0.6387,,115.501,484.814,114.522,56.8,52.73,14.4071,27.7605,1.02552,5.17191,104.348,8.13097,2.16314,3.75888,1.12262,0.215234,0.0572602,0.15797387436032295,0.253435,1.23188,0.300533,0.700032,,,3.8052,2.02208,1.45403,501.3299865722656,,,,,,,500.20000000000005,4.312068965517242,511,4.405172413793103,,,,,,,,,,,,,,,,,,,"Braxton Garrett","21844",666129
"Dustin May","STL",7.86503,10.2732,7.92875,4.43225,28.752,23.912,0,0.6663,,141.612,610.125,134.55,74.4,69.74,14.6572,52.8625,1.10196,10.6763,122.447,7.78198,3.35962,2.31633,0.93152,0.200691,0.086642,0.1140492781996727,0.246163,1.32342,0.29279,0.677157,,,4.09738,2.02184,1.38536,546.5499877929688,,,,,,,571.3,4.023239436619718,571,4.02112676056338,,,,,,,,,,,,,,,,,,,"Dustin May","19716",669160
"Noah Cameron","KCR",8.58817,9.05947,11.341,4.43981,25.188,25.188,0,0,,146.378,622.7,144.366,77.44,72.21,21.5088,44.3858,0.48604,4.1144,126.356,7.76897,2.72904,2.84677,1.32246,0.202917,0.0712795,0.13163703680038452,0.25142,1.28948,0.28817,0.701665,,,4.31293,2.0031,1.39138,269,,,,,,,543.4000000000001,3.7219178082191786,552,3.780821917808219,,,,,,,,,,,,,,,,,,,"Noah Cameron","30184",702070
"Aaron Nola","PHI",9.98165,9.42348,13.2229,4.47991,27.233,27.233,0,0,,163.751,688.619,154.246,87.23,81.51,28.1587,47.2268,0.427643,6.13139,151.591,8.33164,2.59566,3.20984,1.54765,0.220137,0.068582,0.1515551507472992,0.242808,1.23036,0.276804,0.704983,,,4.4967,1.99833,1.51254,211.74000549316406,,,,,,,613.8000000000002,3.7426829268292696,601,3.6646341463414633,,,,,,,,,,,,,,,,,,,"Aaron Nola","16149",605400
"Cade Cavalli","WSN",7.07094,9.62628,9.96076,4.28977,24.125,24.125,0,0,,135.406,580.037,133.295,69.13,64.54,14.6076,45.5966,0.451586,7.47472,107.458,7.14237,3.03066,2.35671,0.970922,0.18526,0.0786097,0.10665059089660645,0.252948,1.32115,0.293128,0.692761,,,4.12621,1.9865,1.50799,330.0299987792969,,,,,,,523.7,3.8792592592592596,535,3.962962962962963,,,,,,,,,,,,,,,,,,,"Cade Cavalli","27473",676917
"Ryan Pepiot","TBR",9.4761,10.9664,12.3724,4.36024,29.574,29.574,0,0,,166.656,705.664,146.494,86.47,80.74,26.9414,63.5539,0.458874,6.2669,159.918,8.63612,3.43213,2.51626,1.45493,0.226621,0.0900626,0.13655807822942734,0.230394,1.26037,0.266275,0.717101,,,4.57441,1.98541,1.80013,126.77999877929688,,,,,,,634.0999999999999,3.7970059880239515,594,3.55688622754491,,,,,,,,,,,,,,,,,,,"Ryan Pepiot","26221",686752
"Chris Bassitt","BAL",10.647,10.9113,10.8146,4.54165,31.371,28.304,0,0.6611,,164.973,712.838,162.922,88.93,83.25,21.655,56.1304,0.858321,14.0527,144.334,7.87405,3.06216,2.5714,1.18137,0.202478,0.0787421,0.12373565882444382,0.253513,1.32781,0.296364,0.689443,,,4.36804,1.97854,1.34001,367.79998779296875,,,,,,,608.6000000000001,3.6884848484848494,621,3.7636363636363637,,,,,,,,,,,,,,,,,,,"Chris Bassitt","12304",605135
"Shane Smith","CHW",8.6169,10.7124,11.6083,4.38984,28.004,28.004,0,0,,157.065,670.719,147.4,82.1,76.61,21.496,55.297,0.494275,9.12121,144.605,8.286,3.16858,2.61505,1.23174,0.215596,0.0824444,0.1331518441438675,0.243114,1.29053,0.286015,0.698698,,,4.3034,1.97852,1.57641,246.1300048828125,,,,,,,619.3,3.944585987261146,610,3.8853503184713376,,,,,,,,,,,,,,,,,,,"Shane Smith","31687",681343
"Parker Messick","CLE",7.49009,8.61172,7.74375,4.07626,21.905,21.662,0,0,,116.136,490.332,109.905,56.33,52.6,14.868,34.7303,0.367264,5.48291,108.199,8.38489,2.69143,3.1154,1.1522,0.220664,0.07083,0.14983376115560532,0.244169,1.2454,0.290586,0.713174,,,3.9749,1.96782,1.63356,298.6499938964844,,,,,,,483.9000000000001,4.171551724137932,481,4.146551724137931,,,,,,,,,,,,,,,,,,,"Parker Messick","31986",800048
"Michael McGreevy","STL",7.7804,9.88949,7.61434,4.30403,27.863,23.441,0,0.6663,,136.86,578.99,143.16,69.76,65.45,16.3562,33.8191,0.832994,2.93102,94.1026,6.18824,2.22396,2.78253,1.07559,0.162529,0.0584104,0.10411832481622696,0.264016,1.29314,0.293676,0.695865,,,4.11917,1.9558,1.47544,719.969970703125,,,,,,,526.2000000000003,3.840875912408761,558,4.072992700729927,,,,,,,,,,,,,,,,,,,"Michael McGreevy","29869",700241
"Hunter Greene","CIN",4.94138,4.18074,5.61843,3.59028,12.893,12.893,0,0,,75.3283,307.505,60.6111,31.98,30.05,9.90471,21.5699,0.199857,3.01631,95.2199,11.3766,2.5771,4.41449,1.18338,0.309653,0.0701447,0.23950809985399246,0.214235,1.09097,0.285197,0.734852,,,3.2955,1.94954,1.50529,126.81999969482422,,,,,,,388.4,5.1786666666666665,360,4.8,,,,,,,,,,,,,,,,,,,"Hunter Greene","22182",668881
"Reid Detmers","LAA",6.90073,9.90001,5.66779,4.41566,30.43,23.18,0,0.6327,,135.418,578.58,124.93,71.09,66.44,20.5142,48.7514,1.36318,6.65609,149.664,9.9468,3.24006,3.06994,1.36339,0.258675,0.0842605,0.1744142472743988,0.238792,1.28255,0.295799,0.707714,,,4.12155,1.94378,1.22815,327.4700012207031,,,,,,,551.7,4.086666666666667,538,3.9851851851851854,,,,,,,,,,,,,,,,,,,"Reid Detmers","27468",672282
"Robbie Ray","SFG",9.73635,10.4963,13.5105,4.47979,28.574,28.574,0,0,,169.682,720.575,150.818,91.01,84.46,29.7069,65.329,0.48211,4.74909,175.733,9.32096,3.46508,2.68997,1.57567,0.243879,0.0906623,0.15321701765060425,0.231851,1.27384,0.272126,0.716883,,,4.57876,1.94333,1.48635,169.14999389648438,,,,,,,638.4,3.755294117647059,602,3.541176470588235,,,,,,,,,,,,,,,,,,,"Robbie Ray","11486",592662
"Foster Griffin","WSN",6.15717,9.58187,5.55591,4.26207,27.971,21.638,0,0.6515,,126.699,541.043,120.038,64.37,60,15.8057,44.4261,1.07865,6.03019,119.521,8.49014,3.15579,2.69034,1.12275,0.220909,0.082112,0.13879738748073578,0.244682,1.29807,0.293397,0.703223,,,4.0649,1.92363,1.44569,999,,,,,,,525.0000000000002,4.133858267716537,521,4.102362204724409,,,,,,,,,,,,,,,,,,,"Foster Griffin","16432",656492
"Clay Holmes","NYM",10.5286,9.49053,9.1241,4.02161,27.78,26.695,0,0,,143.987,615.071,137.56,68.93,64.34,14.2344,52.9448,0.486542,8.22376,113.518,7.09549,3.30935,2.14407,0.889727,0.18456,0.0860792,0.09848100692033768,0.248348,1.32307,0.289396,0.712729,,,4.11798,1.92029,2.07102,370.75,,,,,,,579.6000000000001,4.025000000000001,583,4.048611111111111,,,,,,,,,,,,,,,,,,,"Clay Holmes","13649",605280
"Grant Holmes","ATL",6.09816,7.61064,3.11615,4.21471,29.901,19.841,0,0.6492,,121.503,519.34,113.283,60.89,56.9,15.759,44.4981,1.58721,5.42934,130.665,9.67865,3.29607,2.93642,1.1673,0.251598,0.0856821,0.16591620445251465,0.24133,1.29858,0.301944,0.713913,,,3.90318,1.90259,1.39011,458.4599914550781,,,,,,,531.2000000000003,4.3540983606557395,521,4.270491803278689,,,,,,,,,,,,,,,,,,,"Grant Holmes","16944",656550
"Joe Musgrove","SDP",7.83814,7.4076,9.58067,4.1698,21.766,21.766,0,0,,126.006,528.636,117.031,62.38,58.38,18.2374,33.8448,0.491883,7.65142,116.631,8.33037,2.41737,3.44605,1.30261,0.220626,0.0640228,0.15660280734300613,0.24024,1.19737,0.280446,0.706026,,,4.15345,1.90211,1.65306,217.50999450683594,,,,,,,514.8000000000002,4.085714285714287,504,4,,,,,,,,,,,,,,,,,,,"Joe Musgrove","12970",605397
"Ryan Weathers","NYY",7.19452,7.60474,2.82476,4.05294,31.043,21.193,0,0.691,,122.711,516.198,112.386,59.13,55.26,16.4777,38.4843,1.49196,5.65027,119.309,8.75049,2.82256,3.1002,1.20853,0.23113,0.0745534,0.1565769985318184,0.238075,1.22948,0.285207,0.717835,,,4.01522,1.87667,1.66401,230.2100067138672,,,,,,,532.2,4.326829268292683,517,4.203252032520325,,,,,,,,,,,,,,,,,,,"Ryan Weathers","23796",677960
"Shota Imanaga","CHC",9.79185,8.43793,12.1614,4.14029,25.515,25.515,0,0,,153.272,626.976,135.685,75.56,70.51,29.179,32.4404,0.385354,5.07392,134.172,7.87848,1.90487,4.13596,1.71336,0.213999,0.0517411,0.16225801035761833,0.230184,1.09691,0.249948,0.727287,,,4.59349,1.87311,1.93374,165.3699951171875,,,,,,,578.9,3.783660130718954,545,3.5620915032679736,,,,,,,,,,,,,,,,,,,"Shota Imanaga","33829",684007
"Joey Cantillo","CLE",5.12148,8.58466,1.1203,4.23245,39.2,19.219,0,0.6803,,125.842,540.625,114.586,63.47,59.18,15.8904,52.6207,1.81509,4.05683,133.701,9.56204,3.76334,2.54084,1.13645,0.247308,0.097333,0.1499747484922409,0.236773,1.3287,0.29518,0.715621,,,4.00294,1.87086,1.3311,276.1700134277344,,,,,,,537.6000000000001,4.2666666666666675,523,4.150793650793651,,,,,,,,,,,,,,,,,,,"Joey Cantillo","23335",676282
"Tatsuya Imai","HOU",8.87007,9.10564,11.5013,4.34008,25.626,25.626,0,0,,149.057,638.962,131.34,76.75,71.88,20.7365,62.921,0.440365,8.93592,151.684,9.15864,3.79914,2.41071,1.25206,0.237392,0.0984737,0.1389179825782776,0.231597,1.30326,0.280232,0.711196,,,4.35465,1.86937,1.57891,999,,,,,,,591.7000000000002,3.9711409395973165,560,3.7583892617449663,,,,,,,,,,,,,,,,,,,"Tatsuya Imai","sa3062955",837227
"Nick Lodolo","CIN",8.25537,10.2323,11.683,4.72007,26.646,26.646,0,0,,151.987,649.594,145.963,85.52,79.71,27.2671,39.405,0.498282,18.0148,163.318,9.67094,2.33339,4.14459,1.61464,0.251415,0.060661,0.19075379520654678,0.246486,1.21963,0.295564,0.678342,,,4.45167,1.85716,0.873769,123.30000305175781,,,,,,,568.0999999999999,3.7374999999999994,564,3.710526315789474,,,,,,,,,,,,,,,,,,,"Nick Lodolo","26378",666157
"Casey Mize","DET",8.54892,9.4219,10.3114,4.28011,26.359,26.359,0,0,,144.627,608.16,138.461,74.17,68.78,21.1721,40.1422,0.473206,5.31397,117.896,7.33653,2.49801,2.93695,1.31752,0.193856,0.066006,0.1278502345085144,0.246063,1.23492,0.276862,0.701071,,,4.35078,1.83318,1.63097,273.1400146484375,,,,,,,556.9000000000001,3.8406896551724143,553,3.8137931034482757,,,,,,,,,,,,,,,,,,,"Casey Mize","20492",663554
"Will Warren","NYY",7.35001,7.59903,2.76329,4.02552,34.286,21.063,0,0.691,,123.055,520.671,110.631,58.83,55.04,15.4864,44.6583,1.27927,4.82485,121.461,8.88339,3.26622,2.71978,1.13264,0.233277,0.0857707,0.14750640839338303,0.234791,1.26195,0.284658,0.721955,,,4.00346,1.82631,1.63529,333.29998779296875,,,,,,,533.1,4.3341463414634145,516,4.195121951219512,,,,,,,,,,,,,,,,,,,"Will Warren","30182",701542
"Jameson Taillon","CHC",9.46147,8.91039,11.932,4.35001,26.095,26.095,0,0,,153.041,637.652,144.749,79.1,73.97,25.177,39.2023,0.393648,2.88818,117.84,6.92991,2.3054,3.00595,1.4806,0.184803,0.0614791,0.12332384288311005,0.243046,1.20197,0.264222,0.705103,,,4.55889,1.8233,1.62811,426.6600036621094,,,,,,,557.7,3.6450980392156866,550,3.5947712418300655,,,,,,,,,,,,,,,,,,,"Jameson Taillon","11674",592791
"Shane Baz","BAL",9.65497,9.31062,11.6117,4.36989,27.448,27.448,0,0,,155.393,657.865,136.628,80.41,75.45,25.1512,57.1534,0.415125,8.08607,147.36,8.53474,3.31019,2.57832,1.4567,0.223997,0.0868771,0.13711991161108017,0.230547,1.24704,0.265349,0.714963,,,4.60215,1.82102,1.65266,193.4600067138672,,,,,,,582.3,3.7567741935483867,549,3.541935483870968,,,,,,,,,,,,,,,,,,,"Shane Baz","22264",669358
"Max Meyer","MIA",7.046,9.1109,6.03319,4.11059,26.857,22.239,0,0.6387,,125.369,528.531,119.176,61.46,57.26,16.3196,39.8255,0.895163,3.56637,113.867,8.17429,2.859,2.85914,1.17155,0.215441,0.0753514,0.14008915424346924,0.245653,1.26827,0.289775,0.716405,,,4.04921,1.81232,1.6379,359.3900146484375,,,,,,,518.8000000000001,4.1504,517,4.136,,,,,,,,,,,,,,,,,,,"Max Meyer","27474",676974
"Gerrit Cole","NYY",7.35123,5.73807,8.75975,4.03964,18.236,18.236,0,0,,110.193,456.421,96.5142,52.77,49.46,17.0461,32.048,0.343881,3.62969,108.044,8.82447,2.61752,3.37131,1.39223,0.23672,0.0702159,0.1665039360523224,0.22939,1.1667,0.268788,0.723914,,,4.15647,1.72724,1.56011,249.3300018310547,,,,,,,460.7,4.1881818181818184,437,3.9727272727272727,,,,,,,,,,,,,,,,,,,"Gerrit Cole","13125",543037
"Eduardo Rodriguez","ARI",7.58297,9.59264,7.76716,4.75523,26.85,23.642,0,0.6568,,132.183,574.425,135.305,74.66,69.84,18.0607,48.7948,0.936683,3.86869,116.71,7.94647,3.32231,2.39185,1.22971,0.203177,0.0849454,0.11823118478059769,0.259323,1.39276,0.302963,0.689103,,,4.34074,1.72635,0.692831,746.5999755859375,,,,,,,483.4000000000002,3.662121212121214,505,3.8257575757575757,,,,,,,,,,,,,,,,,,,"Eduardo Rodriguez","13164",593958
"Bryce Miller","SEA",8.832,8.51113,10.6681,4.32028,25.025,25.025,0,0,,142.324,594.853,129.237,72.8,68.32,22.686,43.2289,0.481213,3.69874,118.377,7.48571,2.73362,2.73839,1.43457,0.199003,0.0726716,0.12633129209280014,0.235866,1.21178,0.261884,0.708329,,,4.53298,1.72155,1.5434,266.6099853515625,,,,,,,527.5,3.714788732394366,506,3.563380281690141,,,,,,,,,,,,,,,,,,,"Bryce Miller","29837",682243
"Michael Wacha","KCR",8.92891,10.3827,13.1018,4.84004,27.382,27.382,0,0,,162.166,698.225,166.984,93.07,87.21,25.1346,50.0934,0.508063,5.07621,114.03,6.32854,2.78012,2.27636,1.39494,0.163315,0.071744,0.09157083928585052,0.259674,1.33862,0.281509,0.681776,,,4.76431,1.69853,0.803992,637.1199951171875,,,,,,,520.0999999999999,3.2104938271604935,548,3.382716049382716,,,,,,,,,,,,,,,,,,,"Michael Wacha","14078",608379
"Kodai Senga","NYM",7.23624,7.97338,3.95015,4.22248,29.361,21.089,0,0.7173,,123.752,532.602,107.629,62.14,58.06,15.2424,59.1947,1.08883,4.36064,126.806,9.2221,4.305,2.14218,1.10852,0.238087,0.111142,0.126944899559021,0.229462,1.34805,0.282528,0.719552,,,4.22769,1.69172,1.43783,244.92999267578125,,,,,,,521.3,4.204032258064516,494,3.9838709677419355,,,,,,,,,,,,,,,,,,,"Kodai Senga","31838",673540
"Justin Steele","CHC",5.48707,4.29426,4.83826,3.61214,13.337,12.955,0,0,,72.4308,298.375,64.1281,31.34,29.07,7.84252,19.6226,0.218416,2.74617,69.3801,8.62093,2.43823,3.53573,0.974484,0.232526,0.0657647,0.16676171123981476,0.232343,1.15628,0.28315,0.720212,,,3.55345,1.65639,1.41377,552.5,,,,,,,337.0000000000001,4.680555555555557,325,4.513888888888889,,,,,,,,,,,,,,,,,,,"Justin Steele","17312",657006
"Yusei Kikuchi","LAA",8.61967,11.5342,12.7612,4.74983,29.019,29.019,0,0,,165.625,713.429,165.842,93.92,87.41,28.0312,57.7779,0.715173,4.27681,153.51,8.34169,3.13963,2.6569,1.52321,0.215172,0.0809862,0.1341862455010414,0.254603,1.35016,0.293319,0.703452,,,4.60562,1.64895,0.947085,487.3500061035156,,,,,,,574.4000000000001,3.4602409638554223,588,3.5421686746987953,,,,,,,,,,,,,,,,,,,"Yusei Kikuchi","20633",579328
"Brayan Bello","BOS",9.26312,9.37586,11.795,4.35015,26.684,26.684,0,0,,154.112,664.928,153.213,80.46,74.49,17.8286,56.5033,0.400124,8.24674,116.025,6.77576,3.29974,2.05342,1.04117,0.174493,0.0849766,0.08951617777347565,0.255279,1.3608,0.290323,0.699604,,,4.39378,1.63434,1.58992,447.4599914550781,,,,,,,557.4000000000001,3.61948051948052,573,3.720779220779221,,,,,,,,,,,,,,,,,,,"Brayan Bello","23920",678394
"Mason Miller","SDP",2.81802,1.39454,0,2.42097,59.512,0.071,33,1.9912,,64.1271,254.235,38.8719,18.49,17.25,5.25356,24.4699,1.63243,1.91015,98.8079,13.8673,3.43426,4.03794,0.737318,0.388648,0.0962491,0.2923988848924637,0.170599,0.987753,0.271568,0.801113,,,2.35264,1.6286,1.60631,29.450000762939453,,,,,,,603.7,9.4328125,548,8.5625,,,,,,,,,,,,,,,,,,,"Mason Miller","31757",695243
"Logan Henderson","MIL",5.46921,6.46005,2.19381,3.94542,28.453,16.345,0,0.621,,100.301,410.103,82.5222,47.03,43.97,17.7033,26.852,1.12453,3.43295,108.812,9.76371,2.40943,4.05229,1.58851,0.265329,0.0654763,0.1998523324728012,0.217267,1.09046,0.255895,0.73702,,,4.16577,1.62613,1.40969,275.7200012207031,,,,,,,434.8,4.348,398,3.98,,,,,,,,,,,,,,,,,,,"Logan Henderson","31475",701656
"Spencer Schwellenbach","ATL",4.9505,3.61656,4.86858,3.56651,11.214,11.049,0,0,,65.5599,267.363,59.3094,27.86,25.98,7.38404,13.765,0.265848,2.30798,67.7,9.29378,1.88965,4.91826,1.01367,0.253214,0.0514844,0.20172956213355064,0.23602,1.11462,0.294686,0.7207,,,3.26954,1.6252,1.34296,724.3400268554688,,,,,,,336.9000000000001,5.104545454545456,327,4.954545454545454,,,,,,,,,,,,,,,,,,,"Spencer Schwellenbach","31846",680885
"Grant Taylor","CHW",2.88577,2.73425,0,3.05415,66.996,2.399,6,14.9137,,80.3007,327.553,61.3052,29.19,27.25,6.72416,28.7144,1.6736,1.73645,99.4918,11.1509,3.21828,3.46487,0.753635,0.303743,0.0876635,0.21607913821935654,0.206344,1.12103,0.285935,0.754656,,,2.88337,1.62023,1.43109,486.2900085449219,,,,,,,542.3,6.77875,504,6.3,,,,,,,,,,,,,,,,,,,"Grant Taylor","33927",691799
"Taj Bradley","MIN",7.28705,9.70194,5.92378,4.45185,28.938,23.237,0,0.6268,,130.84,560.785,124.494,69.09,64.72,18.2985,48.7347,0.893919,4.06251,113.747,7.82424,3.35228,2.334,1.25869,0.202835,0.0869045,0.11593092232942581,0.245074,1.32398,0.282479,0.705496,,,4.4251,1.61374,1.19155,528.1599731445312,,,,,,,498.60000000000014,3.8061068702290086,494,3.7709923664122136,,,,,,,,,,,,,,,,,,,"Taj Bradley","22543",671737
"Adrian Houser","SFG",7.90113,9.23369,10.6017,4.59988,24.793,24.793,0,0,,140.247,609.695,148.334,77.08,71.68,16.2632,49.8818,0.433228,4.8172,100.236,6.43242,3.20104,2.00948,1.04365,0.164404,0.0818143,0.08258992433547974,0.267271,1.41333,0.30119,0.69044,,,4.38326,1.60927,1.0203,741.8599853515625,,,,,,,489.40000000000003,3.495714285714286,527,3.7642857142857142,,,,,,,,,,,,,,,,,,,"Adrian Houser","12718",605288
"Bailey Ober","MIN",8.43403,10.6389,12.4773,4.77019,27.256,27.256,0,0,,158.371,673.162,155.663,89.56,83.94,29.1053,44.3341,0.420274,5.6542,128.869,7.32344,2.51945,2.90677,1.65401,0.191438,0.0658595,0.12557882070541382,0.249791,1.26284,0.272051,0.693484,,,4.84375,1.60454,0.850912,301.7200012207031,,,,,,,514.9,3.258860759493671,521,3.2974683544303796,,,,,,,,,,,,,,,,,,,"Bailey Ober","21224",641927
"Simeon Woods Richardson","MIN",7.54983,10.3426,6.61524,4.64649,28.588,24.498,0,0.6268,,132.061,567.207,125.57,72.66,68.18,19.1478,50.1337,0.760793,3.22493,113.41,7.72896,3.41663,2.26216,1.30493,0.199946,0.088387,0.11155860126018524,0.244372,1.33047,0.279111,0.692047,,,4.51462,1.59823,0.867226,629.8499755859375,,,,,,,486.5000000000001,3.6856060606060614,484,3.6666666666666665,,,,,,,,,,,,,,,,,,,"Simeon Woods Richardson","24494",680573
"Richard Fitts","STL",5.56032,8.33433,2.70225,4.21081,28.159,19.458,0,0.6663,,109.796,462.579,103.44,54.86,51.37,14.1835,33.8073,1.12602,3.57287,92.1621,7.55455,2.77119,2.72611,1.16262,0.199236,0.0730843,0.12615127861499786,0.243274,1.25002,0.279929,0.701822,,,4.15705,1.58594,1.25818,742.3300170898438,,,,,,,447.99999999999994,4.072727272727272,442,4.0181818181818185,,,,,,,,,,,,,,,,,,,"Richard Fitts","30160",690916
"Tyler Mahle","SFG",7.59732,8.22889,9.64424,4.35018,22.873,22.873,0,0,,129.367,545.827,122.088,66.94,62.53,19.9396,41.2866,0.42974,2.05676,105.866,7.36504,2.87229,2.56417,1.38719,0.193955,0.0756403,0.11831451207399368,0.242968,1.26287,0.271181,0.711908,,,4.5073,1.55757,1.33309,352.9800109863281,,,,,,,474.3999999999999,3.6775193798449606,468,3.627906976744186,,,,,,,,,,,,,,,,,,,"Tyler Mahle","16358",641816
"Jared Jones","PIT",5.137,5.69448,4.04946,4.06181,17.452,14.811,0,0.6584,,81.961,345.282,75.3047,39.6,36.99,10.7142,25.3311,0.552666,3.6203,83.6523,9.18571,2.78156,3.30236,1.1765,0.242273,0.0733635,0.16890908032655716,0.238057,1.22785,0.290996,0.712735,,,3.85296,1.51811,1.09049,696.7999877929688,,,,,,,361.5,4.408536585365853,352,4.2926829268292686,,,,,,,,,,,,,,,,,,,"Jared Jones","27863",683003
"Mike Burrows","HOU",7.43245,9.37566,5.35982,4.48315,28.803,23.357,0,0.6558,,126.072,536.458,117.541,67.12,62.8,20.3084,43.725,0.93541,4.45767,122.775,8.76464,3.12143,2.80789,1.44977,0.228862,0.0815069,0.1473553255200386,0.240727,1.27916,0.281677,0.708749,,,4.42811,1.50507,1.08231,259.5899963378906,,,,,,,485.6000000000001,3.8539682539682545,476,3.7777777777777777,,,,,,,,,,,,,,,,,,,"Mike Burrows","24728",681347
"Shane Bieber","TOR",6.70469,5.8381,5.03542,3.85672,21.395,16.949,0,0.6524,,102.328,421.232,88.942,46.98,43.85,14.8252,28.7383,0.650063,3.927,95.5441,8.40334,2.52761,3.32462,1.30391,0.226821,0.0682245,0.1585962027311325,0.228898,1.15003,0.266418,0.729433,,,4.10882,1.50485,1.62498,327.4800109863281,,,,,,,435.9000000000001,4.273529411764707,412,4.03921568627451,,,,,,,,,,,,,,,,,,,"Shane Bieber","19427",669456
"Andrew Painter","PHI",5.29296,6.54774,2.46337,4.28247,25.028,17.388,0,0,,98.4174,416.116,94.6146,50.18,46.83,13.9528,28.4743,0.947905,3.45358,90.1952,8.2481,2.6039,3.1676,1.27595,0.216755,0.0684288,0.14832617342472076,0.246272,1.25068,0.288037,0.70406,,,4.1185,1.47598,1.01932,999,,,,,,,393,4.010204081632653,395,4.030612244897959,,,,,,,,,,,,,,,,,,,"Andrew Painter","sa3017880",691725
"Brady Singer","CIN",8.70897,11.3904,13.0349,4.96013,28.904,28.904,0,0,,166.042,720.301,167.499,97.4,91.51,27.4544,57.1494,0.441529,10.0172,149.661,8.11212,3.09768,2.61877,1.48812,0.207776,0.079341,0.1284351646900177,0.256455,1.35296,0.2942,0.683352,,,4.69549,1.47124,0.659049,356.989990234375,,,,,,,561.1000000000001,3.3801204819277118,578,3.4819277108433737,,,,,,,,,,,,,,,,,,,"Brady Singer","25377",663903
"Roki Sasaki","LAD",6.54003,5.82774,2.54533,4.23638,30.318,17.676,0,0.7772,,105.989,452.483,97.215,53.34,49.89,12.9519,39.2784,1.20687,5.74379,99.3593,8.43704,3.33531,2.52962,1.0998,0.219587,0.0868065,0.1327805370092392,0.238587,1.28781,0.285493,0.702542,,,4.12319,1.46461,1.17945,256.510009765625,,,,,,,439.3000000000001,4.14433962264151,428,4.037735849056604,,,,,,,,,,,,,,,,,,,"Roki Sasaki","35323",808963
"Jacob Lopez","ATH",7.03428,8.61258,9.03534,4.7002,23.096,23.096,0,0,,125.401,539.636,114.742,70.07,65.49,22.0505,47.3536,0.39806,8.31806,137.449,9.8647,3.39856,2.90261,1.58256,0.254707,0.087751,0.1669563502073288,0.237088,1.29262,0.285675,0.701281,,,4.56074,1.46401,0.788224,527.3200073242188,,,,,,,464.4,3.7152,448,3.584,,,,,,,,,,,,,,,,,,,"Jacob Lopez","25098",682052
"Slade Cecconi","CLE",7.76617,10.4445,11.414,4.72027,26.259,26.259,0,0,,149.197,635.659,150.624,83.37,78.25,25.2041,41.1933,0.53955,5.71883,120.012,7.2395,2.4849,2.9134,1.52039,0.1888,0.064804,0.12399578094482422,0.255838,1.28566,0.282776,0.692814,,,4.66576,1.43442,0.983532,702.1699829101562,,,,,,,501.5000000000001,3.3657718120805376,519,3.4832214765100673,,,,,,,,,,,,,,,,,,,"Slade Cecconi","27500",677944
"Luis Morales","ATH",6.08884,8.21195,4.599,4.56008,25.882,19.741,0,0.6384,,113.031,486.077,105.88,61.15,57.27,16.8575,42.8184,0.949415,5.69186,108.674,8.65311,3.40938,2.53803,1.34226,0.223575,0.0880898,0.13548476994037628,0.241974,1.31555,0.285296,0.699838,,,4.43858,1.41637,0.871418,714.030029296875,,,,,,,426.5,3.774336283185841,419,3.7079646017699117,,,,,,,,,,,,,,,,,,,"Luis Morales","32227",806960
"Mick Abel","MIN",5.82607,8.52909,2.86995,4.42137,31.239,19.995,0,0.6268,,114.521,493.651,103.564,60.11,56.26,15.6239,48.7229,1.27415,4.99222,112.138,8.81274,3.82905,2.30155,1.22785,0.227161,0.0986991,0.1284618079662323,0.235406,1.32977,0.281701,0.706805,,,4.35744,1.41391,1.04646,426.7099914550781,,,,,,,449.80000000000007,3.9113043478260874,433,3.765217391304348,,,,,,,,,,,,,,,,,,,"Mick Abel","27756",690953
"Sean Burke","CHW",7.5508,10.1668,10.4629,4.60007,25.87,25.87,0,0,,142.824,611.531,128.837,78.28,73,22.8017,58.9963,0.395049,4.55578,131.953,8.31499,3.71763,2.23664,1.43684,0.215775,0.0964731,0.11930227279663086,0.235114,1.31514,0.269657,0.702667,,,4.6977,1.41055,1.10591,999,,,,,,,511.9000000000001,3.5797202797202803,488,3.4125874125874125,,,,,,,,,,,,,,,,,,,"Sean Burke","29878",680732
"Cade Smith","CLE",2.65939,1.84833,0,3.03003,66.519,0,32,3.297,,68.3755,277.46,50.25,24.56,23.02,6.32243,22.4341,1.49426,2.88625,89.6854,11.8049,2.95291,3.99773,0.832197,0.323237,0.0808553,0.24238207191228867,0.199295,1.06301,0.28135,0.75391,,,2.82482,1.37258,1.08728,40.540000915527344,,,,,,,576.4000000000001,8.476470588235296,539,7.926470588235294,,,,,,,,,,,,,,,,,,,"Cade Smith","27867",671922
"Cristian Javier","HOU",7.83503,9.20041,10.0506,4.62013,24.984,24.984,0,0,,137.548,587.251,117.811,75.1,70.61,22.2191,59.4289,0.428805,5.67931,118.734,7.76896,3.88853,1.99792,1.45383,0.202186,0.101198,0.10098763555288315,0.225631,1.28857,0.250774,0.698952,,,4.92873,1.34397,1.0942,524.219970703125,,,,,,,486.8,3.527536231884058,447,3.239130434782609,,,,,,,,,,,,,,,,,,,"Cristian Javier","17606",664299
"Kyle Leahy","STL",4.60775,7.09987,0.849102,4.43257,43.82,14.394,0,0.6663,,113.582,489.082,113.234,59.67,55.94,13.5303,40.1036,1.45235,3.1276,94.6241,7.49782,3.17773,2.35949,1.07211,0.193473,0.0819978,0.11147532612085342,0.253973,1.35002,0.295247,0.696957,,,4.15941,1.33645,0.755031,742.3200073242188,,,,,,,442.59999999999985,3.8824561403508757,453,3.973684210526316,,,,,,,,,,,,,,,,,,,"Kyle Leahy","24763",681517
"Hunter Barco","PIT",3.58667,4.55855,0.525378,3.98123,31.139,10.334,0,0.6584,,79.4829,338.011,72.0494,37.6,35.16,8.62306,28.7138,1.18845,3.98445,81.3654,9.21316,3.25132,2.83367,0.976405,0.240718,0.0849492,0.1557687595486641,0.235985,1.26773,0.294562,0.712172,,,3.73229,1.33292,0.89245,999,,,,,,,353.7,4.477215189873418,345,4.367088607594937,,,,,,,,,,,,,,,,,,,"Hunter Barco","33174",682995
"Bryce Elder","ATL",6.64163,7.75201,5.91355,4.58677,24.468,19.846,0,0.6492,,115.552,496.528,117.791,62.94,58.89,14.6679,38.5202,0.868311,3.96702,93.2638,7.26404,3.00022,2.42117,1.14244,0.187832,0.0775792,0.11025290936231613,0.25943,1.35274,0.297951,0.687686,,,4.27416,1.33142,0.878412,742.3699951171875,,,,,,,428.1000000000001,3.690517241379311,446,3.8448275862068964,,,,,,,,,,,,,,,,,,,"Bryce Elder","27779",693821
"Justin Verlander","DET",7.04855,8.60128,9.66306,4.71991,22.711,22.711,0,0,,127.814,548.565,120.493,71.72,67.03,20.5856,45.8865,0.424102,5.91613,102.295,7.20306,3.23109,2.2293,1.44953,0.186477,0.0836483,0.10282868146896362,0.242557,1.30173,0.267217,0.688135,,,4.84412,1.31466,0.776426,710.2000122070312,,,,,,,424.9000000000001,3.3195312500000007,415,3.2421875,,,,,,,,,,,,,,,,,,,"Justin Verlander","8700",434378
"Dean Kremer","BAL",7.1616,8.64629,4.32008,4.52203,31.141,21.982,0,0.6611,,131.337,560.43,127.686,70.49,65.99,20.6108,43.6118,1.12624,3.33595,107.293,7.35238,2.98854,2.46019,1.41238,0.191448,0.0778184,0.11362957209348679,0.248668,1.30426,0.277701,0.707709,,,4.61375,1.30667,1.05682,999,,,,,,,455.3000000000001,3.4755725190839706,459,3.50381679389313,,,,,,,,,,,,,,,,,,,"Dean Kremer","19350",665152
"Andre Pallante","STL",7.7772,10.3301,8.63642,4.6009,25.212,24.026,0,0,,130.983,568.439,135.629,71.24,66.96,12.9415,50.8782,0.450248,4.59665,82.7767,5.68769,3.4959,1.62696,0.889227,0.145621,0.0895051,0.056115999817848206,0.264403,1.42391,0.294042,0.68453,,,4.42623,1.29952,1.04676,999,,,,,,,453.9000000000001,3.4648854961832067,484,3.6946564885496183,,,,,,,,,,,,,,,,,,,"Andre Pallante","26108",669467
"Zach Eflin","BAL",8.4379,9.42826,8.12707,4.70952,27.832,23.853,0,0.6611,,138.167,585.171,146.208,77.56,72.3,23.5434,30.047,0.72774,4.2368,98.2079,6.39712,1.95722,3.26847,1.53359,0.167828,0.0513474,0.11648020148277283,0.265405,1.27567,0.285841,0.688759,,,4.67313,1.24199,0.753519,544.780029296875,,,,,,,444.4,3.2202898550724637,476,3.449275362318841,,,,,,,,,,,,,,,,,,,"Zach Eflin","13774",621107
"Griffin Jax","TBR",2.97262,1.73162,0,2.99128,62.177,0.108,18,9.9415,,62.943,253.374,48.6861,22.4,20.92,5.90524,16.8363,1.31455,3.04679,78.552,11.2319,2.40737,4.66563,0.84437,0.310024,0.0664485,0.24357520788908005,0.208514,1.04098,0.287055,0.753163,,,2.80648,1.21647,1.12891,156.64999389648438,,,,,,,493.0000000000001,7.825396825396827,465,7.380952380952381,,,,,,,,,,,,,,,,,,,"Griffin Jax","20253",643377
"Hunter Dobbins","STL",3.52241,5.73454,0.717106,4.31338,25.6,12.656,0,0.6663,,83.8576,360.58,83.3977,42.94,40.19,9.07731,28.8072,1.3264,3.37109,66.5747,7.14512,3.09173,2.31104,0.974221,0.184632,0.0798913,0.10474095493555069,0.25395,1.33804,0.294047,0.696153,,,4.10572,1.20455,0.791383,999,,,,,,,337.09999999999997,4.013095238095238,345,4.107142857142857,,,,,,,,,,,,,,,,,,,"Hunter Dobbins","30240",690928
"Zack Littell","WSN",6.95415,10.9308,8.782,4.76313,26.945,23.772,0,0,,138.369,587.223,144.789,78.38,73.23,23.8617,31.8405,0.708263,4.02067,92.5309,6.01853,2.07102,2.90608,1.55205,0.157574,0.0542221,0.10335154086351395,0.262603,1.27651,0.278014,0.68599,,,4.81705,1.20092,0.765135,728.5,,,,,,,427,3.0942028985507246,456,3.3043478260869565,,,,,,,,,,,,,,,,,,,"Zack Littell","15823",641793
"Kyle Harrison","MIL",3.94212,5.01474,1.73116,4.28021,23.319,12.022,0,0.621,,75.6762,322.693,70.2173,38.61,35.99,10.5653,25.7986,0.985078,3.84251,80.5505,9.57969,3.06817,3.12228,1.25651,0.24962,0.0799479,0.16967176645994186,0.239607,1.26877,0.295401,0.706756,,,3.99632,1.17581,0.715247,628.3699951171875,,,,,,,321.09999999999997,4.225,313,4.118421052631579,,,,,,,,,,,,,,,,,,,"Kyle Harrison","27758",690986
"J.T. Ginn","ATH",3.37327,4.53505,0.48076,3.92362,27.971,10.41,0,0.6384,,73.5392,311.539,68.6712,34.39,32.06,7.99874,24.7332,1.42874,4.13144,73.1796,8.95599,3.02694,2.95876,0.978915,0.234897,0.0793903,0.15550661087036133,0.242934,1.27013,0.301109,0.717883,,,3.73642,1.16204,1.02427,746.3400268554688,,,,,,,332.80000000000007,4.497297297297298,329,4.445945945945946,,,,,,,,,,,,,,,,,,,"J.T. Ginn","27889",669372
"Steven Matz","TBR",5.41145,9.22938,3.264,5.09983,32.339,20.128,0,0.6597,,123.657,537.301,137.461,75.07,70.07,20.4209,33.4656,1.50799,4.77172,99.2601,7.22435,2.4357,2.96603,1.48628,0.184738,0.0622847,0.12245364487171173,0.275438,1.38226,0.308501,0.673447,,,4.60423,1.14279,0.101576,736.8599853515625,,,,,,,403.3999999999999,3.253225806451612,448,3.6129032258064515,,,,,,,,,,,,,,,,,,,"Steven Matz","13361",571927
"Michael Soroka","ARI",3.70751,5.24397,0.698151,4.25435,38.637,11.606,1,0.6174,,95.4717,408.03,85.0323,48.24,45.13,12.3126,36.698,1.65276,6.52358,97.5143,9.19256,3.45947,2.65721,1.1607,0.238988,0.0899394,0.1490488499403,0.233088,1.27504,0.285196,0.703306,,,4.12706,1.14143,0.822852,728.9199829101562,,,,,,,407.4,4.288421052631579,392,4.126315789473685,,,,,,,,,,,,,,,,,,,"Michael Soroka","18383",647336
"Robert Gasser","MIL",3.39229,3.76442,0.394721,3.80025,31.536,8.378,0,0.621,,69.9823,293.166,61.3246,31.73,29.55,7.95673,22.0091,1.20878,3.86354,68.2861,8.78186,2.83046,3.10263,1.02327,0.232927,0.0750739,0.15785281360149384,0.229428,1.19078,0.279339,0.714789,,,3.77077,1.13406,0.908078,999,,,,,,,323,4.614285714285714,308,4.4,,,,,,,,,,,,,,,,,,,"Robert Gasser","29812",688107
"Devin Williams","NYM",3.57091,1.69524,0,2.98037,63.788,0,31,3.1781,,64.5927,261.657,42.3687,22.8,21.39,6.29289,27.366,1.23744,2.56973,88.8977,12.3865,3.81303,3.24847,0.876818,0.339749,0.104587,0.23516209423542023,0.182843,1.07961,0.264233,0.770373,,,3.03945,1.11137,1.13315,61.790000915527344,,,,,,,553,8.507692307692308,502,7.723076923076923,,,,,,,,,,,,,,,,,,,"Devin Williams","15816",642207
"Kumar Rocker","TEX",5.07034,6.7134,2.33253,4.36366,28.536,16.146,0,0.6445,,95.8438,406.525,91.5141,49.6,46.47,12.3741,31.0962,1.00365,3.75519,80.1054,7.52212,2.92002,2.57605,1.16196,0.197049,0.0764926,0.12055641412734985,0.246221,1.27927,0.283458,0.693444,,,4.23282,1.1104,0.843201,746.5999755859375,,,,,,,382.6000000000001,3.9854166666666675,383,3.9895833333333335,,,,,,,,,,,,,,,,,,,"Kumar Rocker","31843",677958
"José Berríos","TOR",5.32042,6.9012,1.13177,4.47232,36.523,17.215,0,0.6524,,118.348,507.323,115.451,62.83,58.81,16.581,39.64,1.85622,6.88167,97.9631,7.44979,3.0145,2.47132,1.26093,0.193098,0.0781356,0.11496258527040482,0.250543,1.31046,0.285538,0.699595,,,4.48025,1.10843,0.820805,675.5700073242188,,,,,,,424.1,3.5940677966101697,428,3.6271186440677967,,,,,,,,,,,,,,,,,,,"Jose Berrios","14168",621244
"Rhett Lowder","CIN",4.69713,7.54258,2.66684,4.72214,26.639,17.501,0,0.6509,,104.387,449.269,106.799,58.41,54.77,14.9336,32.8775,1.08296,4.47568,84.8992,7.3198,2.83462,2.58229,1.28754,0.188972,0.0731799,0.11579178273677826,0.259274,1.33807,0.294362,0.684238,,,4.44179,1.09271,0.5808,559.1300048828125,,,,,,,369.90000000000003,3.5567307692307697,388,3.730769230769231,,,,,,,,,,,,,,,,,,,"Rhett Lowder","33876",695076
"Jacob Latz","TEX",4.40615,5.59307,0.686055,4.22147,40.331,12.108,0,0.6445,,101.204,429.648,86.002,50.67,47.47,14.2664,43.1742,1.89095,2.4565,96.6974,8.59923,3.83945,2.2397,1.2687,0.225062,0.100487,0.12457449734210968,0.223953,1.27639,0.262716,0.718899,,,4.40939,1.08503,0.870134,724.4000244140625,,,,,,,414.6,4.104950495049505,386,3.8217821782178216,,,,,,,,,,,,,,,,,,,"Jacob Latz","21306",656641
"Lucas Giolito",,6.77902,8.80854,6.55798,4.76459,22.782,19.601,0,0,,112.316,484.264,106.587,63.55,59.46,18.574,44.6683,0.749108,2.9544,98.6779,7.90716,3.57931,2.20913,1.48836,0.203769,0.0922395,0.11152930557727814,0.244106,1.34669,0.275566,0.700232,,,4.79986,1.0654,0.547098,674.9299926757812,,,,,,,370.90000000000015,3.3116071428571443,367,3.2767857142857144,,,,,,,,,,,,,,,,,,,"Lucas Giolito","15474",608337
"Brandon Sproat","MIL",3.68285,4.66769,0.580132,3.93338,24.772,11.411,0,0.621,,74.089,313.755,65.1926,34.7,32.38,7.88879,28.0287,1.01316,4.39838,65.5307,7.96038,3.4048,2.33799,0.958295,0.20886,0.089333,0.11952657997608185,0.231732,1.25823,0.27562,0.712137,,,4.0634,1.05841,0.966358,710.3900146484375,,,,,,,320.20000000000005,4.327027027027028,306,4.135135135135135,,,,,,,,,,,,,,,,,,,"Brandon Sproat","33850",687075
"Cody Bradford","TEX",2.92013,3.40638,0.361882,3.83243,26.318,7.681,0,0.6445,,62.7956,258.925,56.1541,28.64,26.74,8.12036,15.2093,1.16638,1.90687,56.7631,8.13541,2.17983,3.73213,1.16383,0.219226,0.0587403,0.1604861058294773,0.232226,1.13644,0.271492,0.712117,,,3.82606,1.04964,0.837445,999,,,,,,,289.20000000000005,4.590476190476191,278,4.412698412698413,,,,,,,,,,,,,,,,,,,"Cody Bradford","27597",674003
"Jeremiah Estrada","SDP",2.96417,1.78369,0,3.24986,65.256,0,3,14.9753,,66.6305,274.178,47.867,25.82,24.06,7.89786,27.0738,1.91424,1.98874,90.1028,12.1705,3.65695,3.32804,1.06679,0.328629,0.0987454,0.2298833653330803,0.195284,1.12472,0.271687,0.768909,,,3.28003,1.04729,0.928731,606.6500244140625,,,,,,,440.59999999999997,6.576119402985074,399,5.955223880597015,,,,,,,,,,,,,,,,,,,"Jeremiah Estrada","22210",669093
"Garrett Whitlock","BOS",3.10452,1.87478,0,3.35959,57.755,0,5,14.2429,,64.1596,262.553,53.8343,25.78,23.95,6.47962,17.1731,1.27185,2.72162,72.0312,10.1042,2.40897,4.19441,0.90893,0.274349,0.0654083,0.20894087105989456,0.221852,1.10673,0.288489,0.730229,,,3.13291,1.03935,0.76638,669.9199829101562,,,,,,,424.4,6.63125,407,6.359375,,,,,,,,,,,,,,,,,,,"Garrett Whitlock","20191",676477
"Nick Martinez","TBR",6.06259,10.066,3.47869,5.09049,37.769,21.828,0,0.6597,,142.006,615.61,153.955,85.94,80.32,22.7207,39.5714,1.36363,7.47462,99.7188,6.31994,2.50794,2.51998,1.43999,0.161984,0.0642799,0.09770388901233673,0.270778,1.3628,0.294164,0.665273,,,4.80457,1.00565,0.0757097,737.1799926757812,,,,,,,430.5,3.0316901408450705,474,3.3380281690140845,,,,,,,,,,,,,,,,,,,"Nick Martinez","12730",607259
"Edwin Díaz","LAD",3.40593,1.39185,0,3.56969,62.17,0,36,2.9595,,64.846,267.845,48.9915,27.6,25.72,7.6592,22.7408,0.875922,5.42575,88.9878,12.3507,3.15621,3.91313,1.06302,0.332236,0.0849028,0.24733316898345947,0.204405,1.10619,0.288973,0.723368,,,3.22911,0.997747,0.612828,33.459999084472656,,,,,,,541.2,8.326153846153847,507,7.8,,,,,,,,,,,,,,,,,,,"Edwin Diaz","14710",621242
"Luis Severino","ATH",8.70839,10.9795,13.9205,5.15999,27.784,27.784,0,0,,167.006,729.778,172.424,102.21,95.75,29.0467,56.3097,0.574181,13.718,129.741,6.9918,3.03455,2.30407,1.56533,0.177782,0.0771601,0.10062192380428314,0.261347,1.36961,0.286204,0.672754,,,5.10038,0.997485,0.250372,724.6500244140625,,,,,,,481.8999999999999,2.8856287425149696,508,3.0419161676646707,,,,,,,,,,,,,,,,,,,"Luis Severino","15890",622663
"Patrick Sandoval","BOS",3.76536,4.27185,0.435243,3.93889,34.52,9.059,0,0.676,,75.8817,327.478,69.6091,35.84,33.21,6.97871,34.1898,1.81592,3.13096,69.4337,8.23523,4.05511,2.03083,0.827714,0.212025,0.104403,0.10762198269367218,0.239901,1.3679,0.293014,0.722746,,,3.97616,0.990758,0.862391,999,,,,,,,325.29999999999995,4.280263157894736,320,4.2105263157894735,,,,,,,,,,,,,,,,,,,"Patrick Sandoval","19447",663776
"Adrian Morejon","SDP",2.7827,1.73947,0,3.34964,63.083,0,3,13.3796,,65.022,267.548,57.9705,26.07,24.2,5.44341,16.8873,1.49707,2.58738,63.5911,8.80194,2.33745,3.76562,0.753448,0.237681,0.0631187,0.1745622679591179,0.233683,1.15127,0.293384,0.725609,,,3.16599,0.990331,0.820236,728.4199829101562,,,,,,,403.7,6.21076923076923,395,6.076923076923077,,,,,,,,,,,,,,,,,,,"Adrian Morejon","20039",670970
"Ian Seymour","TBR",4.147,6.3817,0.870574,4.48324,33.067,13.933,0,0.6597,,98.3462,418.61,91.2294,52.55,48.99,16.4177,30.8725,1.68065,6.14637,94.8434,8.67945,2.82525,3.0721,1.50244,0.226567,0.0737499,0.15281742811203003,0.239076,1.24155,0.276742,0.701714,,,4.5058,0.987051,0.590715,442.7300109863281,,,,,,,374.80000000000007,3.824489795918368,365,3.7244897959183674,,,,,,,,,,,,,,,,,,,"Ian Seymour","27932",693855
"Andrés Muñoz","SEA",2.49164,1.69358,0,3.09003,61.384,0,34,3.3601,,62.7956,257.275,45.8343,23.05,21.56,5.50994,23.7894,1.77555,3.99541,78.2272,11.2117,3.40955,3.28832,0.789697,0.304061,0.092467,0.21159402281045914,0.199723,1.10874,0.276663,0.752284,,,3.11172,0.974193,1.0244,41.47999954223633,,,,,,,526.8000000000001,8.361904761904762,491,7.7936507936507935,,,,,,,,,,,,,,,,,,,"Andres Munoz","20373",662253
"Griffin Canning","SDP",5.12441,6.79709,2.43603,4.51825,26.218,16.917,0,0.6537,,99.4566,427.752,95.0851,53.44,49.93,14.8661,38.5274,1.17364,2.9532,89.7646,8.12296,3.48641,2.32989,1.34526,0.209852,0.0900693,0.11978259682655334,0.246161,1.34342,0.284827,0.710749,,,4.5244,0.964383,0.768452,999,,,,,,,359.1,3.6272727272727274,358,3.6161616161616164,,,,,,,,,,,,,,,,,,,"Griffin Canning","19867",656288
"Bryan Abreu","HOU",3.13626,1.8698,0,3.46967,64.866,0,11,12.5386,,67.4676,281.725,51.441,27.78,26.01,7.00528,28.8255,0.852715,3.05178,88.2634,11.7741,3.84525,3.06199,0.934487,0.313297,0.102318,0.2109784334897995,0.20589,1.18971,0.287464,0.744922,,,3.28593,0.959691,0.720872,191.74000549316406,,,,,,,464.0999999999999,6.92686567164179,431,6.432835820895522,,,,,,,,,,,,,,,,,,,"Bryan Abreu","16609",650556
"Patrick Corbin",,5.39563,7.66471,5.23087,5.01199,19.162,16.633,0,0,,92.1909,401.96,97.0875,55.11,51.34,13.7204,32.7415,0.620472,3.32179,81.6008,7.96616,3.19634,2.49227,1.33943,0.203007,0.0814547,0.12155253440141678,0.265341,1.40826,0.30811,0.675453,,,4.47315,0.949378,0.2211,999,,,,,,,312.40000000000015,3.395652173913045,334,3.630434782608696,,,,,,,,,,,,,,,,,,,"Patrick Corbin","9323",571578
"Seth Lugo","KCR",8.23494,10.04,12.5285,5.00979,25.934,25.934,0,0,,153.689,668.208,157.012,91.49,85.55,25.6973,54.1871,0.559361,6.92265,120.147,7.0358,3.17318,2.21727,1.50483,0.179805,0.0810931,0.0987120196223259,0.258627,1.3742,0.284691,0.683182,,,4.93812,0.947741,0.517017,508.8900146484375,,,,,,,468.6000000000002,3.042857142857144,489,3.175324675324675,,,,,,,,,,,,,,,,,,,"Seth Lugo","12447",607625
"Dylan Lee","ATL",2.58249,1.4837,0,3.40027,62.543,0,2,15.9999,,64.0538,258.558,52.4605,25.99,24.2,8.22213,15.9204,1.3332,0.858925,73.4714,10.3232,2.23693,4.61492,1.15527,0.284159,0.061574,0.22258468717336655,0.216978,1.06755,0.276343,0.745401,,,3.29567,0.945313,0.765972,999,,,,,,,409.00000000000006,6.390625000000001,385,6.015625,,,,,,,,,,,,,,,,,,,"Dylan Lee","19996",669276
"Matt Brash","SEA",2.40911,1.70941,0,3.09065,59.651,0.07,4,12.3263,,60.7154,252.611,45.6922,22.29,20.85,4.29788,26.987,1.37423,2.83347,72.0846,10.6853,4.00035,2.67109,0.637086,0.285359,0.106832,0.17852620780467987,0.205091,1.19705,0.282733,0.755889,,,3.15432,0.944431,1.01995,737.530029296875,,,,,,,404.6,6.632786885245902,375,6.147540983606557,,,,,,,,,,,,,,,,,,,"Matt Brash","25756",666374
"Gabe Speier","SEA",2.44494,1.73495,0,3.24066,60.834,0,1,11.7292,,57.9605,234.856,45.6667,22.34,20.87,6.22648,14.7487,1.54161,3.78832,68.5424,10.6431,2.29015,4.64734,0.966837,0.291849,0.0627991,0.2290499210357666,0.211109,1.04236,0.278632,0.736492,,,3.126,0.939417,0.856323,746.530029296875,,,,,,,369.80000000000007,6.375862068965518,346,5.9655172413793105,,,,,,,,,,,,,,,,,,,"Gabe Speier","17170",642100
"Lance McCullers Jr.","HOU",4.54916,6.39267,2.28935,4.59127,22.125,15.571,0,0.6558,,85.3882,372.952,79.3901,46.49,43.56,10.5722,39.1562,0.739098,5.83638,80.7241,8.5084,4.12711,2.06159,1.11432,0.216446,0.10499,0.11145628243684769,0.242073,1.38832,0.290784,0.694551,,,4.43471,0.937702,0.632343,999,,,,,,,319.30000000000007,3.756470588235295,313,3.6823529411764704,,,,,,,,,,,,,,,,,,,"Lance McCullers Jr.","14120",621121
"Drew Anderson","DET",1.85584,2.52763,0,3.75163,42.14,3.719,0,9.1171,,69.09,295.6,51.7828,30.9,28.8,8.21005,36.3779,1.83906,4.26998,93.564,12.1881,4.73877,2.572,1.06948,0.316522,0.123065,0.19345756620168686,0.203108,1.27603,0.284458,0.746879,,,3.73647,0.930507,0.757418,999,,,,,,,381.00000000000006,5.521739130434783,345,5,,,,,,,,,,,,,,,,,,,"Drew Anderson","15130",623454
"Jhoan Duran","PHI",2.73752,1.52914,0,3.35966,65.503,0,33,3.0842,,66.5425,272.957,56.8368,26.73,24.84,6.65277,19.2006,1.87034,2.64969,73.4799,9.93829,2.59692,3.82695,0.899799,0.269199,0.070343,0.1988561525940895,0.226345,1.14269,0.293518,0.738981,,,3.21144,0.925396,0.824597,41.84000015258789,,,,,,,518.5,7.7388059701492535,501,7.477611940298507,,,,,,,,,,,,,,,,,,,"Jhoan Duran","21029",661395
"Aaron Ashby","MIL",2.94261,2.12604,0,3.3415,56.38,1.737,1,13.2076,,75.1997,318.427,61.0702,29.9,27.92,4.85992,33.9752,1.68947,5.68786,79.9911,9.57344,4.0662,2.35439,0.581642,0.251207,0.106697,0.14450978487730026,0.219075,1.26391,0.289873,0.738263,,,3.43016,0.919457,1.06553,999,,,,,,,431.9,5.758666666666667,407,5.426666666666667,,,,,,,,,,,,,,,,,,,"Aaron Ashby","23550",676879
"Ryan Weiss","HOU",3.2787,4.22029,0.546595,4.29602,31.972,8.948,0,0,,76.1729,326.48,68.1141,38.91,36.36,10.5844,30.3776,1.27921,3.93227,84.7823,10.0172,3.58918,2.79095,1.25057,0.259686,0.0930457,0.16663994640111923,0.233131,1.293,0.29232,0.712074,,,4.06674,0.918004,0.575863,999,,,,,,,318.29999999999995,4.188157894736841,305,4.0131578947368425,,,,,,,,,,,,,,,,,,,"Ryan Weiss","sa3007778",680802
"Aroldis Chapman","BOS",3.11399,1.76021,0,3.1096,56.214,0,28,1.9343,,55.8304,230.023,37.9861,20.71,19.29,5.34315,25.407,1.00171,2.66797,76.8428,12.3873,4.09568,3.02447,0.861329,0.334066,0.110454,0.22361166775226593,0.188099,1.13546,0.272566,0.763389,,,3.13514,0.916611,0.8523,63.540000915527344,,,,,,,472.1000000000001,8.430357142857144,433,7.732142857142857,,,,,,,,,,,,,,,,,,,"Aroldis Chapman","10233",547973
"Connelly Early","BOS",2.51603,2.85882,0.328478,3.52211,17.889,6.972,0,0.676,,47.6561,199.394,40.4316,20.03,18.65,4.49115,17.2216,0.760443,2.50408,50.3173,9.50257,3.25236,2.92175,0.848167,0.252351,0.08637,0.16598153859376907,0.225035,1.20978,0.287847,0.732459,,,3.49034,0.91606,0.89243,276.989990234375,,,,,,,246.00000000000006,5.125000000000001,232,4.833333333333333,,,,,,,,,,,,,,,,,,,"Connelly Early","33666",813349
"Abner Uribe","MIL",3.34568,1.78523,0,3.08947,64.668,0,17,6.8784,,66.7688,279.103,49.8077,24.47,22.92,4.62406,31.4859,1.63149,3.60623,76.0934,10.2569,4.24409,2.41674,0.623293,0.272636,0.112811,0.1598247066140175,0.204121,1.21754,0.276703,0.759472,,,3.33287,0.910732,1.13758,159.5500030517578,,,,,,,464.29999999999995,6.929850746268656,430,6.417910447761194,,,,,,,,,,,,,,,,,,,"Abner Uribe","25327",682842
"Trevor McDonald","SFG",2.65049,3.58613,0.410548,4.01452,23.915,8.15,0,0.6515,,62.9291,268.721,60.7659,30.16,28.07,6.55973,21.4047,1.2027,3.57547,57.1927,8.17958,3.06126,2.67196,0.93816,0.212833,0.0796543,0.1331789493560791,0.249306,1.30577,0.301166,0.712601,,,3.86345,0.90989,0.749429,746.739990234375,,,,,,,264.5,4.198412698412699,267,4.238095238095238,,,,,,,,,,,,,,,,,,,"Trevor McDonald","26448",686790
"Chris Paddack","MIA",5.58642,9.47075,5.0443,4.97884,27.665,20.82,0,0.6387,,118.835,511.977,125.703,70.4,65.74,20.7806,33.8172,0.97134,3.56789,85.3139,6.46127,2.56115,2.5228,1.57382,0.166636,0.0660521,0.10058405250310898,0.264865,1.34237,0.28473,0.683293,,,4.91639,0.902225,0.34431,999,,,,,,,354.69999999999993,2.9806722689075626,382,3.2100840336134455,,,,,,,,,,,,,,,,,,,"Chris Paddack","20099",663978
"Johan Oviedo","BOS",4.66501,6.2354,0.82409,4.43446,32.412,14.367,0,0.676,,94.5165,408.97,83.2104,49.85,46.57,12.9002,43.8144,1.44029,5.36844,90.9419,8.65962,4.17208,2.07561,1.22837,0.222368,0.107134,0.11523441970348358,0.231277,1.34394,0.274708,0.708256,,,4.54618,0.897213,0.720042,570.969970703125,,,,,,,366.3,3.8557894736842107,345,3.6315789473684212,,,,,,,,,,,,,,,,,,,"Johan Oviedo","22487",670912
"José Urquidy","PIT",4.30224,6.26592,2.16793,4.77419,27.07,14.162,0,0.6584,,90.6751,389.674,90.8568,51.27,48.1,13.4043,28.9918,0.961938,3.44412,68.1272,6.762,2.8776,2.34988,1.33045,0.174831,0.0744002,0.10043128579854965,0.254332,1.32174,0.280924,0.678441,,,4.62737,0.890407,0.422518,999,,,,,,,320.9,3.5263736263736263,330,3.6263736263736264,,,,,,,,,,,,,,,,,,,"Jose Urquidy","18413",664353
"Joe Boyle","TBR",3.33931,5.25172,0.698677,4.47487,23.693,11.844,0,0.6597,,74.9989,328.638,64.6192,39.91,37.29,9.18138,41.9251,1.17432,3.08602,83.7169,10.0462,5.03108,1.99682,1.10178,0.254739,0.127572,0.1271664947271347,0.227831,1.42061,0.290663,0.711218,,,4.29459,0.883482,0.543787,737.5900268554688,,,,,,,312.3,4.164000000000001,295,3.933333333333333,,,,,,,,,,,,,,,,,,,"Joe Boyle","29608",671212
"David Bednar","NYY",3.26556,1.53594,0,3.38046,59.687,0,32,1.5548,,60.5953,246.829,46.643,24.27,22.76,7.01585,19.7778,1.51205,1.72698,72.1007,10.7089,2.93752,3.64554,1.04204,0.292108,0.0801273,0.2119801938533783,0.207004,1.09614,0.271033,0.744732,,,3.32523,0.883031,0.811288,63.9900016784668,,,,,,,489.1000000000001,8.018032786885247,460,7.540983606557377,,,,,,,,,,,,,,,,,,,"David Bednar","19569",670280
"Mason Montgomery","PIT",2.71405,1.61984,0,3.53057,57.236,0,2,12.1538,,59.8288,251.576,48.8384,25.17,23.47,5.53119,23.8179,1.4592,2.8361,70.8476,10.6575,3.58291,2.97455,0.832053,0.281615,0.0946746,0.18693999201059341,0.217134,1.2144,0.291545,0.731542,,,3.30516,0.880659,0.653371,999,,,,,,,361.79999999999995,6.029999999999999,341,5.683333333333334,,,,,,,,,,,,,,,,,,,"Mason Montgomery","29770",682254
"Spencer Arrighetti","HOU",4.54461,6.35568,2.23051,4.67315,25.421,14.981,0,0.6558,,91.8459,398.477,81.55,50.84,47.69,13.4415,41.7185,1.03471,6.01847,91.1378,8.93062,4.08801,2.18459,1.31714,0.228715,0.104695,0.12402045726776123,0.232508,1.34212,0.276683,0.693425,,,4.61234,0.879264,0.519348,684.719970703125,,,,,,,349.7000000000001,3.8010869565217402,333,3.619565217391304,,,,,,,,,,,,,,,,,,,"Spencer Arrighetti","29921",681293
"Aaron Civale","ATH",6.34599,8.65673,9.10983,5.14977,22.043,22.043,0,0,,121.182,528.195,125.551,74.18,69.34,21.7171,41.4178,0.405113,6.03671,102.857,7.63901,3.07603,2.4834,1.6129,0.194733,0.0784138,0.11631874740123749,0.261162,1.37784,0.291533,0.679449,,,4.94211,0.870262,0.16768,999,,,,,,,362.20000000000005,2.9933884297520663,384,3.1735537190082646,,,,,,,,,,,,,,,,,,,"Aaron Civale","19479",650644
"Josh Hader","HOU",2.38971,1.28676,0,3.12939,47.015,0,24,2.7697,,49.2076,197.941,32.2458,18.27,17.11,6.49072,17.0614,0.848275,3.14698,71.4839,13.0743,3.12051,4.1898,1.18714,0.361138,0.0861946,0.27494359761476517,0.181429,1.00202,0.258177,0.771682,,,3.17653,0.849663,0.785212,117.44999694824219,,,,,,,419.6,8.56326530612245,381,7.775510204081633,,,,,,,,,,,,,,,,,,,"Josh Hader","14212",623352
"Matt Svanson","STL",2.63037,1.82906,0,3.52975,57.428,0,6,13.3744,,64.1264,269.284,55.7541,26.85,25.15,5.17549,22.4776,1.74348,3.4587,64.0239,8.98561,3.15468,2.84834,0.726369,0.237756,0.0834717,0.15428411215543747,0.229113,1.21996,0.290434,0.723828,,,3.4009,0.842461,0.662594,647.4000244140625,,,,,,,401.5,6.2734375,390,6.09375,,,,,,,,,,,,,,,,,,,"Matt Svanson","29629",694335
"Jose A. Ferrer","SEA",2.43959,1.85365,0,3.48969,62.836,0,3,16.186,,65.4298,271.674,60.3731,27.22,25.37,5.33142,16.8194,1.64926,3.86968,60.882,8.37444,2.31354,3.61974,0.733348,0.224099,0.0619102,0.16218894347548485,0.240544,1.17978,0.29789,0.716672,,,3.28204,0.828064,0.716383,746.7000122070312,,,,,,,401.5,6.176923076923077,398,6.123076923076923,,,,,,,,,,,,,,,,,,,"Jose A. Ferrer","24017",678606
"Randy Vásquez","SDP",7.08157,10.0089,6.05815,5.118,28.827,23.781,0,0.6537,,128.775,565.28,137.509,78.29,73.23,19.556,45.235,1.12822,6.68122,83.9449,5.86685,3.16144,1.85575,1.36676,0.148501,0.0800222,0.06847909092903137,0.267858,1.41909,0.287786,0.672311,,,5.01506,0.825655,0.200375,733.6099853515625,,,,,,,365.7999999999999,2.8356589147286813,401,3.108527131782946,,,,,,,,,,,,,,,,,,,"Randy Vasquez","24719",681190
"Ryan Helsley","BAL",2.90672,1.74999,0,3.48042,60.157,0,29,3.4176,,62.5528,258.485,51.2407,25.87,24.19,6.74963,21.9253,1.37759,1.13351,68.2299,9.81681,3.15458,3.11192,0.971127,0.26396,0.0848222,0.17913799732923508,0.21765,1.16967,0.277294,0.742288,,,3.46225,0.816094,0.711971,85.41000366210938,,,,,,,471.5,7.484126984126984,448,7.111111111111111,,,,,,,,,,,,,,,,,,,"Ryan Helsley","18138",664854
"Anthony Kay","CHW",5.54504,9.46118,4.88597,5.07414,28.111,20.604,0,0.5829,,121.871,539.964,121.09,73.38,68.71,17.8439,56.6206,1.43084,6.67516,101.787,7.51679,4.18135,1.7977,1.31775,0.188506,0.10486,0.08364631980657578,0.254035,1.45819,0.289175,0.683109,,,4.92625,0.791683,0.234723,999,,,,,,,382.8000000000002,3.1377049180327883,392,3.2131147540983607,,,,,,,,,,,,,,,,,,,"Anthony Kay","20387",641743
"Phil Maton","CHC",2.80508,1.78906,0,3.48993,62.992,0,6,14.1052,,63.4139,263.795,49.0355,26.21,24.59,6.51871,23.36,1.31676,5.62432,75.0521,10.6517,3.31536,3.21285,0.925167,0.284509,0.0885535,0.19595551490783691,0.20883,1.14163,0.277452,0.729983,,,3.47563,0.788348,0.711772,733.280029296875,,,,,,,401.70000000000005,6.376190476190477,373,5.920634920634921,,,,,,,,,,,,,,,,,,,"Phil Maton","18064",664208
"Daniel Palencia","CHC",2.73403,1.81263,0,3.60938,61.938,0,29,4.4587,,64.2326,269.474,50.866,27.52,25.76,6.66333,26.8594,1.33153,3.16113,74.9346,10.4995,3.76343,2.78988,0.933637,0.278078,0.0996737,0.1784037947654724,0.212426,1.21006,0.280021,0.734032,,,3.55262,0.785867,0.55881,107.4800033569336,,,,,,,475.9,7.4359375,450,7.03125,,,,,,,,,,,,,,,,,,,"Daniel Palencia","27914",694037
"Miles Mikolas","WSN",6.32061,11.3079,10.9032,5.23996,25.639,25.639,0,0,,142.438,618.059,157.468,88.74,82.93,25.0406,37.4259,0.475335,5.17044,86.4442,5.46201,2.36477,2.30974,1.5822,0.139864,0.060554,0.07930993661284447,0.273637,1.36827,0.285418,0.664139,,,5.10392,0.779066,-0.00417104,999,,,,,,,381.09999999999997,2.6838028169014083,431,3.035211267605634,,,,,,,,,,,,,,,,,,,"Miles Mikolas","9803",571945
"Orion Kerkering","PHI",2.65031,1.56631,0,3.53116,62.849,0.08,2,12.7283,,63.1578,262.035,53.1459,26.6,24.78,6.28703,19.9545,1.2927,3.53573,64.7985,9.2338,2.84352,3.24731,0.895903,0.24729,0.0761521,0.17113756388425827,0.222792,1.15742,0.279823,0.723195,,,3.49305,0.777582,0.608174,999,,,,,,,374.6000000000001,5.946031746031747,357,5.666666666666667,,,,,,,,,,,,,,,,,,,"Orion Kerkering","31776",689147
"Brad Lord","WSN",3.47856,7.24705,1.01822,4.86094,35.818,14.136,1,0.6515,,98.6846,429.864,101.965,57.1,53.3,14.4445,35.148,1.40432,4.22646,80.9683,7.38428,3.20549,2.30364,1.31734,0.188358,0.0817654,0.10659239441156387,0.26112,1.3894,0.296601,0.68451,,,4.59399,0.767243,0.225469,999,,,,,,,349.2000000000001,3.5272727272727282,367,3.707070707070707,,,,,,,,,,,,,,,,,,,"Brad Lord","31972",695418
"Alex Vesia","LAD",3.48554,1.40718,0,3.54973,61.008,0,2,17.9778,,60.7482,248.266,44.4982,25.67,23.96,8.73774,21.8928,1.52135,2.33552,74.0837,10.9757,3.24348,3.38393,1.29452,0.298405,0.0881831,0.21022211760282516,0.19862,1.09289,0.253233,0.75189,,,3.76245,0.766936,0.603651,742.1300048828125,,,,,,,384.30000000000007,6.300000000000001,346,5.672131147540983,,,,,,,,,,,,,,,,,,,"Alex Vesia","25007",681911
"David Festa","MIN",2.31921,3.4871,0.445604,4.36899,19.256,7.614,1,0.6268,,52.1173,223.075,48.5833,27.08,25.3,6.84344,19.1253,0.775886,2.22779,52.296,9.03085,3.3027,2.73438,1.18178,0.234432,0.0857349,0.14869701862335205,0.240842,1.29916,0.292741,0.698953,,,4.06443,0.764384,0.425642,999,,,,,,,221.30000000000004,4.255769230769231,219,4.211538461538462,,,,,,,,,,,,,,,,,,,"David Festa","30056",701581
"Max Scherzer","TOR",4.26523,5.31724,2.03769,4.68747,22.26,13.496,0,0.6524,,79.3157,336.57,74.488,43.99,41.31,14.9173,24.156,0.750677,3.59461,73.6376,8.3557,2.741,3.04841,1.69267,0.218788,0.0717711,0.14701701700687408,0.241202,1.24369,0.270451,0.702857,,,4.77291,0.75401,0.422158,706.47998046875,,,,,,,275.70000000000005,3.4898734177215194,268,3.392405063291139,,,,,,,,,,,,,,,,,,,"Max Scherzer","3137",453286
"Luis Gil","NYY",4.77141,5.59224,0.829855,4.53135,37.03,13.232,0,0.691,,97.322,424.263,83.5088,52.08,49,13.2178,50.8404,1.42715,4.68812,91.674,8.4777,4.70154,1.80317,1.22234,0.216078,0.119832,0.09624611586332321,0.226474,1.38046,0.266412,0.71017,,,4.72849,0.748651,0.57609,350.6700134277344,,,,,,,359.5000000000001,3.7061855670103103,336,3.463917525773196,,,,,,,,,,,,,,,,,,,"Luis Gil","21052",661563
"Tyler Anderson","LAA",5.0892,6.6759,4.71039,4.74461,17.621,14.878,0,0,,85.0185,366.138,80.5109,47.95,44.82,13.7772,32.1453,0.759879,3.20467,67.1383,7.10721,3.40288,2.08859,1.45844,0.183369,0.0877957,0.09557317197322845,0.243392,1.32508,0.267072,0.693022,,,4.90977,0.748083,0.462574,999,,,,,,,275.20000000000005,3.23764705882353,272,3.2,,,,,,,,,,,,,,,,,,,"Tyler Anderson","12880",542881
"Kyle Freeland","COL",6.95882,12.158,13.0014,5.86024,27.586,27.586,0,0,,158.369,701.503,194.096,111.05,103.12,31.2805,39.1199,0.630533,5.20064,115.713,6.57587,2.22316,2.95789,1.77765,0.16495,0.0557659,0.1091836653649807,0.295346,1.47261,0.319128,0.644936,,,5.08112,0.741079,-1.07052,999,,,,,,,383.5000000000001,2.427215189873418,487,3.0822784810126582,,,,,,,,,,,,,,,,,,,"Kyle Freeland","16256",607536
"Tyler Holton","DET",2.57486,1.90343,0,3.44161,62.419,0.541,1,13.7777,,68.6714,279.973,59.5712,28.24,26.26,7.21147,16.3366,1.20396,2.48025,55.458,7.26826,2.14106,3.39471,0.945128,0.198083,0.0583505,0.13973239436745644,0.228105,1.10538,0.263794,0.724305,,,3.70719,0.73071,0.881824,999,,,,,,,385.5,5.586956521739131,371,5.3768115942028984,,,,,,,,,,,,,,,,,,,"Tyler Holton","26231",663947
"Trevor Megill","MIL",3.03676,1.87758,0,3.78946,60.697,0,19,8.9471,,62.5578,260.05,51.3351,28.21,26.34,8.13459,21.3986,1.62373,2.05794,71.5992,10.3008,3.07854,3.34598,1.1703,0.275329,0.0822863,0.19304220378398895,0.216976,1.16266,0.275409,0.725788,,,3.66138,0.730476,0.504884,140.07000732421875,,,,,,,441.20000000000005,7.003174603174604,417,6.619047619047619,,,,,,,,,,,,,,,,,,,"Trevor Megill","17722",656730
"Logan Allen","CLE",5.96924,9.69422,6.4342,5.08253,24.935,21.325,0,0.6803,,117.721,515.66,120.492,71.4,66.48,19.9359,45.5026,0.815643,5.40391,92.3675,7.06168,3.47876,2.02994,1.52414,0.179125,0.0882415,0.09088326245546341,0.25926,1.41007,0.285306,0.68505,,,5.06471,0.72994,0.222874,999,,,,,,,350.20000000000005,2.9677966101694917,365,3.093220338983051,,,,,,,,,,,,,,,,,,,"Logan Allen","27589",671106
"Fernando Cruz","NYY",3.1004,1.46967,0,3.39067,56.719,0.065,2,15.9832,,57.8646,239.882,40.6362,23.29,21.8,6.87072,26.2003,0.913754,3.06084,79.7593,12.4054,4.07508,3.04421,1.06864,0.332494,0.109222,0.22327231615781784,0.192935,1.15505,0.272323,0.76107,,,3.43902,0.708267,0.752632,999,,,,,,,383.5,6.612068965517241,346,5.9655172413793105,,,,,,,,,,,,,,,,,,,"Fernando Cruz","7048",518585
"A.J. Minter","NYM",2.53032,1.44932,0,3.60077,47.593,0,1,13.7055,,47.9648,197.926,39.7285,20.64,19.19,5.23179,15.0423,0.942609,2.07523,53.6109,10.0594,2.82251,3.564,0.98168,0.270864,0.076,0.19486398249864578,0.219728,1.1419,0.28284,0.719357,,,3.38833,0.69857,0.419057,999,,,,,,,307.70000000000005,6.410416666666667,293,6.104166666666667,,,,,,,,,,,,,,,,,,,"A.J. Minter","18655",621345
"Jonathan Cannon","CHW",3.39008,6.35357,0.954091,4.89932,28.668,13.203,0,0.5829,,90.6555,394.032,91.8496,52.82,49.35,13.4889,32.1565,1.33125,4.32186,66.51,6.60291,3.1924,2.06832,1.33914,0.168794,0.0816089,0.08718471974134445,0.256884,1.36788,0.282326,0.677178,,,4.80928,0.697637,0.18681,999,,,,,,,304.3,3.343956043956044,316,3.4725274725274726,,,,,,,,,,,,,,,,,,,"Jonathan Cannon","31730",686563
"Camilo Doval","NYY",3.29701,1.59977,0,3.44958,61.076,0,5,13.7505,,62.0945,261.301,49.2171,25.39,23.8,4.91221,27.4979,1.55697,3.64496,66.7677,9.67733,3.98556,2.4281,0.711977,0.25552,0.105234,0.15028533339500427,0.21384,1.23546,0.279564,0.734916,,,3.51765,0.690982,0.761515,706.780029296875,,,,,,,391.9,6.320967741935483,367,5.919354838709677,,,,,,,,,,,,,,,,,,,"Camilo Doval","21992",666808
"Raisel Iglesias","ATL",2.45615,1.59494,0,3.89018,62.022,0,26,4.4493,,63.3441,263.257,57.9544,29.32,27.38,8.08423,16.3366,1.43822,1.97492,65.493,9.30532,2.32112,4.00897,1.14862,0.24878,0.0620558,0.18672414869070053,0.236602,1.17282,0.291012,0.714131,,,3.59364,0.687698,0.401753,101.2300033569336,,,,,,,439.00000000000006,6.968253968253969,433,6.873015873015873,,,,,,,,,,,,,,,,,,,"Raisel Iglesias","17130",628452
"Hurston Waldrep","ATL",3.4231,3.61925,3.68566,4.55734,9.784,9.449,0,0,,52.7479,228.065,52.4627,28.44,26.71,5.79373,20.5111,0.214252,1.96344,44.495,7.59187,3.49967,2.16931,0.988543,0.195098,0.0899354,0.10516271740198135,0.255181,1.38345,0.300506,0.686587,,,4.15417,0.676088,0.48862,708.8200073242188,,,,,,,202.20000000000005,3.815094339622642,206,3.8867924528301887,,,,,,,,,,,,,,,,,,,"Hurston Waldrep","33527",694462
"Jonah Tong","NYM",1.76202,1.88664,0.218879,3.55548,12.123,4.837,0,0.7173,,31.6919,131.959,25.2713,13.37,12.52,3.37109,12.7043,0.439536,1.01103,37.508,10.6517,3.60782,2.95239,0.957335,0.28424,0.0962748,0.1879655197262764,0.213722,1.19827,0.283078,0.739882,,,3.44923,0.670725,0.636875,659.77001953125,,,,,,,172.9,5.403125,159,4.96875,,,,,,,,,,,,,,,,,,,"Jonah Tong","32157",804636
"Josiah Gray","WSN",4.83664,7.87894,8.01557,4.9499,18.343,18.343,0,0,,103.893,450.383,98.3579,61.13,57.14,17.9491,42.8099,0.390682,4.59683,84.0426,7.28041,3.70852,1.96316,1.55488,0.186602,0.0950522,0.09155023843050003,0.244078,1.35878,0.267152,0.689748,,,5.13212,0.669072,0.3914,999,,,,,,,317.40000000000003,3.051923076923077,310,2.980769230769231,,,,,,,,,,,,,,,,,,,"Josiah Gray","24580",680686
"José Alvarado","PHI",2.27233,1.41338,0,3.74041,56.243,0,4,12.2601,,56.9777,242.617,50.6998,25.53,23.68,4.65063,22.664,1.31372,3.44711,61.2777,9.67922,3.57993,2.70375,0.734598,0.25257,0.0934147,0.15915504097938538,0.234173,1.28759,0.305817,0.715508,,,3.42009,0.668413,0.388018,999,,,,,,,339.69999999999993,5.959649122807017,332,5.824561403508772,,,,,,,,,,,,,,,,,,,"Jose Alvarado","17780",621237
"Davis Martin","CHW",7.22457,11.2023,11.8437,5.22008,26.643,26.643,0,0,,151.101,660.652,155.65,93.67,87.64,26.3364,56.0763,0.514625,7.09438,110.015,6.55281,3.34006,1.96188,1.56867,0.166525,0.0848803,0.08164495974779129,0.260511,1.40123,0.280429,0.675166,,,5.19902,0.664265,0.056916,999,,,,,,,423.0000000000001,2.801324503311259,448,2.966887417218543,,,,,,,,,,,,,,,,,,,"Davis Martin","21448",663436
"Pete Fairbanks","MIA",2.18079,1.75885,0,3.81927,58.594,0,26,4.1124,,60.09,251.871,53.2438,27.5,25.5,6.1821,20.541,1.181,2.35059,59.3766,8.89314,3.07653,2.89064,0.925926,0.235742,0.0815535,0.1541885957121849,0.232527,1.2279,0.287979,0.710654,,,3.63919,0.663262,0.343413,113.58000183105469,,,,,,,427.40000000000003,7.123333333333334,417,6.95,,,,,,,,,,,,,,,,,,,"Pete Fairbanks","17998",664126
"Ryan Walker","SFG",2.39191,1.80926,0,4.01033,59.825,0.177,23,6.1563,,61.6034,265.206,58.9595,29.56,27.45,5.58387,21.8528,1.28136,4.70435,62.9002,9.18946,3.19261,2.87835,0.81578,0.237175,0.0823995,0.15477530658245087,0.247056,1.31182,0.31367,0.702136,,,3.56468,0.660535,0.245277,157.5399932861328,,,,,,,415.6,6.703225806451614,416,6.709677419354839,,,,,,,,,,,,,,,,,,,"Ryan Walker","20423",676254
"Corbin Burnes","ARI",2.42524,2.09699,2.65554,3.91837,5.976,5.84,0,0,,35.0503,147.205,32.2982,16.29,15.26,3.57102,11.0615,0.139485,1.58536,31.4289,8.07012,2.84031,2.84128,0.916944,0.213505,0.0751439,0.13836108893156052,0.240032,1.23707,0.288548,0.70567,,,3.74871,0.659578,0.587342,737.4199829101562,,,,,,,149.60000000000002,4.274285714285715,146,4.171428571428572,,,,,,,,,,,,,,,,,,,"Corbin Burnes","19361",669203
"Shawn Armstrong","CLE",2.42774,2.26362,0,3.95139,63.324,0.396,3,16.457,,66.6221,280.719,60.3993,31.28,29.25,7.37498,21.9172,0.954642,2.48747,63.0119,8.5123,2.9608,2.875,0.996288,0.224466,0.0780752,0.14639108628034592,0.235646,1.23557,0.285189,0.708924,,,3.78154,0.655154,0.410957,999,,,,,,,386.69999999999993,5.771641791044775,377,5.626865671641791,,,,,,,,,,,,,,,,,,,"Shawn Armstrong","12857",542888
"Will Vest","DET",2.41149,1.81931,0,3.73054,61.866,0.063,8,11.5243,,64.7037,271.252,58.3066,28.87,26.82,6.84141,21.0827,1.11628,2.27433,63.9222,8.8913,2.93251,3.03198,0.951611,0.235656,0.0777236,0.1579326167702675,0.235207,1.22697,0.290548,0.723655,,,3.61679,0.648729,0.509467,518.7100219726562,,,,,,,391.09999999999997,6.016923076923076,381,5.861538461538461,,,,,,,,,,,,,,,,,,,"Will Vest","19769",676684
"Eduard Bazardo","SEA",2.33192,1.9472,0,3.90051,60.477,0,1,14.0319,,64.1455,269.113,56.8708,29.78,27.8,7.29015,21.7625,1.32673,1.89028,64.8605,9.10031,3.05341,2.98038,1.02285,0.241016,0.0808674,0.16014815866947174,0.23169,1.22586,0.286081,0.713947,,,3.69651,0.647256,0.35262,999,,,,,,,358.3,5.5984375,348,5.4375,,,,,,,,,,,,,,,,,,,"Eduard Bazardo","20997",660825
"Andrew Kittredge","BAL",2.6431,1.58209,0,3.52046,55.034,0,5,11.9401,,56.4983,230.492,49.1743,23.63,22.1,6.42893,14.1788,1.07992,1.36922,56.3628,8.97842,2.25863,3.97516,1.02411,0.244533,0.0615152,0.18301764875650406,0.228777,1.12133,0.280938,0.730841,,,3.44478,0.640656,0.540643,741.9299926757812,,,,,,,353.20000000000005,6.307142857142858,342,6.107142857142857,,,,,,,,,,,,,,,,,,,"Andrew Kittredge","12828",552640
"Graham Ashcraft","CIN",2.08125,1.6032,0,3.68279,54.214,0.272,2,15.5476,,62.1702,261.617,56.4847,27.24,25.44,5.4605,21.3422,1.45467,2.66623,54.8376,7.9385,3.08958,2.56944,0.790484,0.20961,0.0815781,0.1280321329832077,0.237722,1.25184,0.287767,0.720794,,,3.67135,0.630106,0.55452,999,,,,,,,363.69999999999993,5.866129032258064,357,5.758064516129032,,,,,,,,,,,,,,,,,,,"Graham Ashcraft","27552",668933
"Erik Sabrowski","CLE",2.33053,1.83335,0,3.51939,57.817,0,2,13.582,,59.4051,248.862,40.9602,24.71,23.23,6.8113,29.7702,1.28737,3.64834,73.6027,11.151,4.51025,2.47236,1.03193,0.295758,0.119626,0.17613212764263153,0.190121,1.19064,0.2529,0.752034,,,3.83536,0.628374,0.599183,999,,,,,,,355.9,6.032203389830508,316,5.3559322033898304,,,,,,,,,,,,,,,,,,,"Erik Sabrowski","24978",681870
"Erick Fedde","CHW",4.4272,7.70395,4.4848,5.32667,21.258,16.471,0,0.5829,,95.5813,420.918,102.143,60.17,56.57,14.2756,37.7543,0.70143,2.41745,65.8179,6.19746,3.55497,1.74332,1.3442,0.156368,0.0896953,0.06667240709066391,0.268271,1.46365,0.292257,0.664885,,,4.96041,0.623354,-0.0529492,999,,,,,,,289.00000000000006,3.0104166666666674,314,3.2708333333333335,,,,,,,,,,,,,,,,,,,"Erick Fedde","17425",607200
"Garrett Cleavinger","TBR",2.85514,1.89364,0,3.7005,62.115,0,7,13.4459,,61.6295,259.504,50.8998,27.21,25.34,6.83426,22.8301,1.14123,5.08949,72.0566,10.5227,3.33397,3.15621,0.998035,0.27767,0.0879759,0.18969454616308212,0.219789,1.19634,0.288588,0.725039,,,3.59743,0.619727,0.5542,559.8499755859375,,,,,,,387.0999999999999,6.243548387096773,366,5.903225806451613,,,,,,,,,,,,,,,,,,,"Garrett Cleavinger","17897",664076
"Tanner Scott","LAD",3.35547,1.42869,0,3.76987,61.717,0,5,14.7389,,63.2171,266.909,53.3746,28.47,26.48,7.16802,24.4445,1.44673,3.69845,70.3897,10.0211,3.48008,2.87958,1.02049,0.263722,0.0915836,0.1721382960677147,0.223544,1.23098,0.286627,0.728036,,,3.71779,0.617148,0.504857,722.8900146484375,,,,,,,383.3,6.084126984126985,365,5.7936507936507935,,,,,,,,,,,,,,,,,,,"Tanner Scott","17586",656945
"Ben Brown","CHC",1.62888,1.8208,0,4.07332,35.271,2.16,0,4.8063,,53.6025,227.408,47.5548,26.01,24.26,6.80566,20.214,1.46659,1.72218,57.2632,9.61465,3.39398,2.83286,1.14269,0.251809,0.0888886,0.1629200503230095,0.231442,1.26428,0.288178,0.717001,,,3.87681,0.61565,0.352541,733.5499877929688,,,,,,,256.7,4.753703703703703,247,4.574074074074074,,,,,,,,,,,,,,,,,,,"Ben Brown","23590",676962
"Andrew Nardi","MIA",1.9638,1.50705,0,3.66039,52.282,0,1,9.8362,,51.5601,215.71,42.5574,22.58,20.97,6.21599,19.2342,1.15656,2.15037,61.5499,10.7437,3.35739,3.20003,1.08502,0.285336,0.0891667,0.19616902619600296,0.219,1.19844,0.287148,0.738598,,,3.55914,0.615215,0.428156,999,,,,,,,305.2,5.869230769230769,288,5.538461538461538,,,,,,,,,,,,,,,,,,,"Andrew Nardi","25942",677053
"Stephen Kolek","KCR",2.75169,3.90706,0.508106,4.55207,29.183,8.042,0,0.666,,67.6572,294.657,70.4091,36.65,34.22,7.1508,23.1508,1.12338,4.30681,48.97,6.51416,3.0796,2.11526,0.951225,0.166193,0.0785687,0.08762471377849579,0.263508,1.38285,0.299691,0.681158,,,4.27904,0.606516,0.297818,999,,,,,,,256.1,3.7661764705882357,270,3.9705882352941178,,,,,,,,,,,,,,,,,,,"Stephen Kolek","21487",663568
"Hunter Harvey","CHC",2.19956,1.44292,0,3.66995,50.054,0,4,12.8961,,52.4558,216.164,44.2111,22.9,21.39,6.03033,15.8498,0.967412,2.02581,56.4592,9.68687,2.71941,3.56213,1.03464,0.261186,0.0733231,0.18786317110061646,0.222963,1.14498,0.281156,0.719915,,,3.49931,0.601626,0.428214,746.6500244140625,,,,,,,326.6,6.2807692307692315,312,6,,,,,,,,,,,,,,,,,,,"Hunter Harvey","15507",640451
"JoJo Romero","STL",2.79526,1.97041,0,3.7001,61.586,0,12,9.4502,,61.7091,260.35,56.0177,27.2,25.37,5.18569,21.7739,1.31775,2.95098,55.7089,8.1249,3.17563,2.55852,0.75631,0.213977,0.0836332,0.1303439810872078,0.237741,1.26062,0.290917,0.71729,,,3.62406,0.600278,0.5542,492.4800109863281,,,,,,,384.69999999999993,6.204838709677419,378,6.096774193548387,,,,,,,,,,,,,,,,,,,"JoJo Romero","19574",668941
"Bennett Sousa","HOU",2.26713,1.42194,0,3.78076,47.674,0,1,6.8207,,50.5851,211.005,43.643,22.77,21.25,5.92209,16.911,1.34737,1.32223,55.978,9.95949,3.00878,3.31015,1.05365,0.265292,0.080145,0.185146726667881,0.226397,1.19707,0.288227,0.722958,,,3.52519,0.593572,0.374349,999,,,,,,,280.20000000000005,5.494117647058824,268,5.254901960784314,,,,,,,,,,,,,,,,,,,"Bennett Sousa","21345",656986
"Chase Dollander","COL",5.27901,9.88774,8.71336,5.83021,22.665,22.665,0,0,,118.663,537.513,133.182,82.01,76.87,18.9993,52.2568,0.405381,7.08094,99.9885,7.58363,3.96342,1.91341,1.441,0.186021,0.0972197,0.08880096673965454,0.278522,1.56274,0.317893,0.651152,,,5.03149,0.591604,-0.680092,742.1400146484375,,,,,,,324.09999999999985,2.7235294117647046,371,3.1176470588235294,,,,,,,,,,,,,,,,,,,"Chase Dollander","33482",801403
"Robert Suarez","ATL",2.5454,1.70081,0,3.97944,64.223,0,11,10.9338,,65.9263,276.417,59.776,31.25,29.15,8.36923,21.1093,1.47605,1.34369,66.1534,9.031,2.88176,3.13385,1.14253,0.239325,0.0763675,0.16295697540044785,0.235372,1.22691,0.286482,0.717601,,,3.80031,0.579867,0.357192,205.61000061035156,,,,,,,399.0000000000001,6.045454545454547,391,5.924242424242424,,,,,,,,,,,,,,,,,,,"Robert Suarez","30115",663158
"Luke Weaver","NYM",3.25835,1.91554,0,3.78298,60.182,0.213,5,14.4654,,67.304,278.432,55.201,30.28,28.29,9.30348,22.4272,1.20387,1.64386,70.139,9.3791,2.999,3.12741,1.24408,0.251907,0.0805483,0.1713590919971466,0.217019,1.1534,0.262394,0.732906,,,3.92083,0.570506,0.514132,724.719970703125,,,,,,,391.0999999999999,5.83731343283582,367,5.477611940298507,,,,,,,,,,,,,,,,,,,"Luke Weaver","16918",596133
"Alek Manoah","LAA",4.11551,5.95187,5.85178,4.8702,14.821,14.821,0,0,,80.4422,349.666,77.666,46.49,43.53,12.8162,31.0826,0.284834,5.86101,65.915,7.37467,3.47757,2.12064,1.4339,0.188509,0.0888923,0.09961636364459991,0.248355,1.35188,0.277147,0.685623,,,4.94527,0.563265,0.387829,742.0999755859375,,,,,,,250.3,3.12875,252,3.15,,,,,,,,,,,,,,,,,,,"Alek Manoah","26410",666201
"Brant Hurter","DET",1.68054,1.26145,0,3.67145,43.21,0.084,0,6.2689,,51.037,215.68,46.4579,22.42,20.82,4.18814,14.5367,1.55066,5.84185,48.3636,8.52857,2.56344,3.327,0.738548,0.224238,0.0673995,0.15683864057064056,0.237878,1.1951,0.296111,0.699687,,,3.50456,0.562777,0.477927,999,,,,,,,265.6,5.207843137254902,260,5.098039215686274,,,,,,,,,,,,,,,,,,,"Brant Hurter","30133",676428
"Andrew Alvarez","WSN",1.9246,3.27409,0.375046,4.04504,23.536,6.308,0,0.6515,,51.2628,220.093,49.2534,24.74,23.04,4.67872,19.6643,0.895785,2.09442,40.3617,7.08614,3.45238,2.05254,0.821423,0.183385,0.0893453,0.09403935819864273,0.248335,1.3444,0.290779,0.708345,,,4.0203,0.561064,0.487488,999,,,,,,,206.50000000000003,4.049019607843138,208,4.078431372549019,,,,,,,,,,,,,,,,,,,"Andrew Alvarez","29914",674841
"Edwin Uceta","TBR",2.64571,1.89261,0,3.96048,57.891,0,9,10.3826,,62.1288,262.719,51.2423,29.39,27.34,8.59248,24.5609,1.91022,3.68285,74.6884,10.8194,3.55791,3.04094,1.24471,0.28429,0.0934875,0.19080259650945663,0.21854,1.2201,0.282086,0.72778,,,3.89254,0.558926,0.348032,504.8800048828125,,,,,,,363.5,5.862903225806452,341,5.5,,,,,,,,,,,,,,,,,,,"Edwin Uceta","20539",670955
"Tyler Kinley","ATL",2.36176,1.54365,0,3.9205,58.863,0,2,13.3846,,59.824,251.827,50.5552,27.85,26.06,6.93489,23.1327,1.37585,2.00716,63.1487,9.50018,3.48011,2.72985,1.04329,0.250762,0.0918593,0.15890271961688995,0.223017,1.23174,0.278539,0.716452,,,3.79166,0.557938,0.343413,999,,,,,,,338.29999999999995,5.638333333333333,322,5.366666666666666,,,,,,,,,,,,,,,,,,,"Tyler Kinley","18297",641755
"Jason Adam","SDP",2.30128,1.45588,0,3.52953,50.617,0,1,14.8719,,52.1202,214.735,40.3142,21.87,20.44,5.81013,18.193,1.26615,3.22522,54.3794,9.39011,3.14152,2.98903,1.00328,0.25324,0.0847231,0.16851671785116196,0.20854,1.12254,0.259182,0.727318,,,3.73044,0.549961,0.531611,999,,,,,,,317,6.096153846153846,292,5.615384615384615,,,,,,,,,,,,,,,,,,,"Jason Adam","11861",592094
"Aaron Bummer","ATL",2.19679,1.53135,0,4.09003,57.018,0.128,0,12.1178,,60.623,259.817,56.6138,29.64,27.55,4.83953,20.5907,1.53391,6.95077,59.3581,8.81222,3.05687,2.88276,0.71847,0.228461,0.0792507,0.149210125207901,0.243735,1.27352,0.308036,0.675352,,,3.57758,0.549116,0.191708,999,,,,,,,323.7000000000001,5.306557377049182,322,5.278688524590164,,,,,,,,,,,,,,,,,,,"Aaron Bummer","16258",607481
"Hunter Gaddis","CLE",2.4255,2.12457,0,3.85201,61.896,0.16,5,13.5156,,65.6073,273.71,55.3632,30.03,28.08,8.66294,21.797,1.46186,3.10286,64.9927,8.91569,2.99011,2.98172,1.18838,0.237451,0.0796353,0.15781525522470474,0.222511,1.17609,0.266623,0.724722,,,4.00901,0.548997,0.460187,746.5900268554688,,,,,,,370.70000000000005,5.616666666666667,349,5.287878787878788,,,,,,,,,,,,,,,,,,,"Hunter Gaddis","25636",683769
"Ryan Feltner","COL",4.1355,8.50518,2.90824,5.61697,26.71,16.983,0,0.6093,,99.8705,448.674,112.459,66.41,62.33,14.0955,42.036,1.26502,3.90975,73.3014,6.60568,3.78815,1.74378,1.27024,0.163373,0.0936893,0.0696839764714241,0.279242,1.54695,0.311935,0.653636,,,4.88216,0.547341,-0.442261,999,,,,,,,288.59999999999997,2.8859999999999997,330,3.3,,,,,,,,,,,,,,,,,,,"Ryan Feltner","21446",663372
"Caleb Thielbar","CHC",2.77139,1.91065,0,3.82042,62.606,0,2,15.1051,,60.3782,250.318,51.6316,27.54,25.63,7.69762,18.5068,1.08131,2.426,57.9029,8.63103,2.75863,3.12874,1.14741,0.231317,0.0739331,0.15738410502672195,0.225087,1.16165,0.268242,0.717607,,,3.91458,0.547289,0.343375,999,,,,,,,333.40000000000003,5.5566666666666675,319,5.316666666666666,,,,,,,,,,,,,,,,,,,"Caleb Thielbar","10078",573204
"Justin Bruihl","STL",2.11975,1.47184,0,3.65003,46.596,0,0,9.8943,,47.1941,199.012,41.7479,20.49,19.14,3.48442,15.2292,1.86777,4.45488,44.4076,8.46861,2.90424,2.91595,0.664485,0.22314,0.076524,0.14661605656147003,0.232802,1.20729,0.291118,0.700343,,,3.4643,0.545819,0.468502,999,,,,,,,272.70000000000005,5.802127659574469,267,5.680851063829787,,,,,,,,,,,,,,,,,,,"Justin Bruihl","23779",677865
"Ryan Bergert","KCR",2.73819,3.9954,0.543903,4.48647,23.037,8.938,0,0.666,,60.0806,258.14,55.4986,31.99,29.95,8.69401,23.869,0.920903,1.86783,53.7231,8.04765,3.57554,2.25075,1.30235,0.208116,0.0924651,0.11565065383911133,0.238803,1.32102,0.275343,0.705066,,,4.51306,0.545089,0.392418,999,,,,,,,224.3,3.7383333333333337,217,3.6166666666666667,,,,,,,,,,,,,,,,,,,"Ryan Bergert","29863",686701
"Matt Strahm","KCR",2.60117,1.95751,0,4.07079,60.896,0.121,3,16.6661,,62.9214,262.39,54.0894,30.43,28.46,9.40328,17.4441,1.11547,4.15809,65.6117,9.38481,2.49512,3.76126,1.345,0.250054,0.0664814,0.1835724487900734,0.224635,1.13687,0.269562,0.704202,,,4.02237,0.543142,0.29891,733.1799926757812,,,,,,,367.1,5.826984126984128,350,5.555555555555555,,,,,,,,,,,,,,,,,,,"Matt Strahm","13799",621381
"Angel Zerpa","MIL",2.84465,1.7425,0,3.669,57.438,0.181,0,11.5914,,59.3131,249.112,54.7152,26,24.18,5.39982,17.3597,1.24429,4.43524,53.532,8.12279,2.63411,3.0837,0.819353,0.214891,0.0696861,0.14520474523305893,0.2407,1.21516,0.292872,0.714172,,,3.61595,0.542761,0.495783,999,,,,,,,325.1,5.510169491525424,323,5.47457627118644,,,,,,,,,,,,,,,,,,,"Angel Zerpa","22717",672582
"Robert Stephenson","LAA",2.00546,1.66686,0,4.0805,52.579,0,10,9.0665,,53.1773,223.282,46.1947,25.88,24.11,7.82694,16.8424,1.20884,2.97983,65.9981,11.1699,2.8505,3.91857,1.32467,0.295582,0.0754311,0.22015061974525452,0.227046,1.18541,0.295968,0.71347,,,3.68463,0.542601,0.173283,536.1300048828125,,,,,,,332.20000000000005,6.267924528301887,319,6.018867924528302,,,,,,,,,,,,,,,,,,,"Robert Stephenson","13594",596112
"Jordan Montgomery","TEX",2.23478,3.33282,0.499828,4.58314,16.076,7.657,0,0.6445,,51.9796,222.956,52.3023,28.31,26.47,6.74974,16.8875,0.955905,1.71392,39.5581,6.84929,2.92398,2.34245,1.16868,0.177425,0.0757434,0.1016819104552269,0.255938,1.3311,0.288221,0.684293,,,4.37475,0.540534,0.350251,999,,,,,,,190.50000000000006,3.6634615384615397,196,3.769230769230769,,,,,,,,,,,,,,,,,,,"Jordan Montgomery","16511",656756
"Blake Treinen","LAD",3.00806,1.32714,0,3.8999,55.783,0,1,14.311,,56.3784,237.322,49.7884,26.23,24.43,6.10071,19.8676,1.19334,2.64435,57.0722,9.11076,3.17157,2.87263,0.97389,0.240484,0.0837157,0.1567685678601265,0.231779,1.23551,0.288107,0.710562,,,3.71516,0.537153,0.334227,999,,,,,,,316.6000000000001,5.65357142857143,308,5.5,,,,,,,,,,,,,,,,,,,"Blake Treinen","12572",595014
"Robert Garcia","TEX",2.91063,1.87589,0,3.85989,61.596,0,18,6.1873,,60.6702,253.885,53.6198,27.94,26.02,7.54889,19.4841,1.82425,2.41567,63.3191,9.39295,2.89033,3.24978,1.11982,0.249401,0.0767438,0.17265684902668,0.231134,1.20494,0.285946,0.722213,,,3.74823,0.5363,0.397144,240.5800018310547,,,,,,,389.60000000000014,6.386885245901642,378,6.19672131147541,,,,,,,,,,,,,,,,,,,"Robert Garcia","23363",676395
"Chris Martin","TEX",2.4146,1.54138,0,3.81016,50.865,0,7,11.9724,,51.6593,211.684,48.2136,23.42,21.87,6.36191,9.4638,1.23125,2.23361,46.3348,8.07238,1.64877,4.896,1.10836,0.218887,0.0447072,0.17417950183153152,0.241084,1.1165,0.284145,0.702417,,,3.62154,0.532217,0.428184,679.1199951171875,,,,,,,328.2,6.311538461538461,324,6.230769230769231,,,,,,,,,,,,,,,,,,,"Chris Martin","11847",455119
"Tommy Nance","TOR",2.46034,1.29448,0,3.71934,51.273,0,0,11.7726,,54.3725,227.739,47.7852,24.1,22.47,5.39349,18.5305,1.22714,2.65449,54.2291,8.97626,3.06725,2.92648,0.892757,0.23812,0.0813672,0.15675237029790878,0.231345,1.21966,0.288514,0.718384,,,3.59883,0.531919,0.432794,999,,,,,,,303.3,5.616666666666667,295,5.462962962962963,,,,,,,,,,,,,,,,,,,"Tommy Nance","19178",667297
"Brendon Little","TOR",2.61579,1.17631,0,3.11058,52.739,0,0,9.6885,,52.0224,218.395,40.9499,19.32,17.98,3.59563,24.4881,1.50152,2.88363,56.7997,9.82648,4.23651,2.31948,0.622053,0.260078,0.112128,0.14795011281967163,0.214372,1.25788,0.28596,0.763491,,,3.42846,0.531308,0.843479,999,,,,,,,302,5.8076923076923075,281,5.403846153846154,,,,,,,,,,,,,,,,,,,"Brendon Little","21574",663893
"Brusdar Graterol","LAD",2.23191,0.857613,0,3.30978,39.993,0,0,4.7671,,41.2777,170.527,38.3264,16.28,15.18,2.53589,9.89605,0.951259,2.21852,29.9073,6.52084,2.15769,3.02214,0.552915,0.175382,0.0580322,0.1173493042588234,0.241941,1.16824,0.284121,0.715041,,,3.36518,0.526293,0.558977,999,,,,,,,211.70000000000005,5.163414634146343,210,5.121951219512195,,,,,,,,,,,,,,,,,,,"Brusdar Graterol","20367",660813
"Braydon Fisher","TOR",2.44415,1.24647,0,3.51037,49.175,0.091,1,6.7852,,50.7382,213.306,38.4646,21.13,19.79,5.27731,23.9131,2.1103,1.90648,58.9256,10.4523,4.24173,2.46415,0.936095,0.276249,0.112107,0.1641421690583229,0.205159,1.2294,0.269195,0.750102,,,3.69118,0.526034,0.58127,999,,,,,,,290.1,5.688235294117647,263,5.1568627450980395,,,,,,,,,,,,,,,,,,,"Braydon Fisher","24609",680755
"Ryan Yarbrough","NYY",2.35948,2.10767,0,4.15362,42.23,2.622,0,7.1865,,63.6168,268.316,58.2144,31.5,29.36,8.36424,18.2052,1.53115,5.27026,54.4114,7.6977,2.57553,2.98878,1.18331,0.202789,0.06785,0.13493859767913818,0.237765,1.20125,0.273804,0.694172,,,4.2408,0.521214,0.325191,999,,,,,,,291.40000000000003,4.5531250000000005,283,4.421875,,,,,,,,,,,,,,,,,,,"Ryan Yarbrough","16502",642232
"Kody Funderburk","MIN",2.65432,1.76094,0,3.90936,58.441,0,4,14.9704,,62.3427,267.603,57.1867,29.08,27.08,4.71838,25.0465,1.44625,4.21618,56.3619,8.13659,3.6158,2.25029,0.681162,0.210618,0.093596,0.11702165752649307,0.239937,1.31905,0.295997,0.70283,,,3.71906,0.519902,0.348032,746.6199951171875,,,,,,,354.09999999999997,5.711290322580645,350,5.645161290322581,,,,,,,,,,,,,,,,,,,"Kody Funderburk","24993",681892
"Gordon Graceffo","STL",2.26396,1.78526,0,4.1702,51.3,0,0,12.0227,,61.6158,263.018,59.6021,30.53,28.55,6.5439,20.8479,1.59923,1.69778,53.4895,7.81302,3.04518,2.5657,0.955844,0.203368,0.0792643,0.12410420924425125,0.247855,1.30567,0.294051,0.700253,,,3.8773,0.502404,0.142806,999,,,,,,,301.69999999999993,4.866129032258064,304,4.903225806451613,,,,,,,,,,,,,,,,,,,"Gordon Graceffo","29519",700669
"Colin Rea","CHC",3.30682,4.33676,0.570221,4.82367,35.528,8.894,0,0.7209,,82.0579,352.662,81.7874,47.07,43.98,13.2834,26.2485,1.35332,3.61127,66.3964,7.28227,2.87891,2.52953,1.45691,0.188272,0.0744298,0.1138424202799797,0.253367,1.31658,0.281768,0.681647,,,4.71293,0.502264,0.0948832,746.1699829101562,,,,,,,279.7000000000001,3.4109756097560986,287,3.5,,,,,,,,,,,,,,,,,,,"Colin Rea","12317",607067
"Jeffrey Springs","ATH",7.8816,11.5013,12.967,5.55006,27.99,27.99,0,0,,160.555,702.245,173.173,106.15,99.01,34.7846,52.1312,0.509551,4.0743,127.393,7.1411,2.92224,2.44371,1.94987,0.181409,0.074235,0.10717356950044632,0.268053,1.40328,0.286007,0.674689,,,5.41491,0.502224,-0.461393,746.6199951171875,,,,,,,397.1000000000001,2.466459627329193,436,2.7080745341614905,,,,,,,,,,,,,,,,,,,"Jeffrey Springs","17677",605488
"A.J. Puk","ARI",1.0587,0.76997,0,3.64313,29.501,0.055,4,0.5386,,31.4482,130.919,26.7355,13.7,12.73,3.52057,8.89918,0.715096,2.38329,39.4987,11.3039,2.54681,4.43846,1.00753,0.301704,0.0679749,0.23372914642095566,0.223474,1.13312,0.303,0.714348,,,3.15477,0.500903,0.225505,999,,,,,,,179,5.774193548387097,172,5.548387096774194,,,,,,,,,,,,,,,,,,,"A.J. Puk","19343",640462
"Gregory Soto","PIT",2.80676,1.89448,0,4.04001,61.707,0,4,13.8169,,59.7697,259.453,54.6789,28.73,26.83,5.0685,24.5975,1.14556,6.36589,60.4362,9.10036,3.70384,2.45701,0.763205,0.232937,0.0948052,0.13813171535730362,0.239306,1.32636,0.304386,0.700278,,,3.76938,0.499565,0.240664,746.5999755859375,,,,,,,342.5,5.708333333333333,338,5.633333333333334,,,,,,,,,,,,,,,,,,,"Gregory Soto","19677",642397
"Brent Headrick","NYY",2.29998,1.17448,0,3.71065,42.83,0,0,4.6067,,48.2422,200.045,39.6434,21.29,19.89,6.56483,15.825,1.26682,1.7666,54.705,10.2057,2.9523,3.45686,1.22473,0.273464,0.0791075,0.19435617327690125,0.21728,1.14979,0.272963,0.738552,,,3.73021,0.497058,0.41924,999,,,,,,,241.10000000000002,5.022916666666667,225,4.6875,,,,,,,,,,,,,,,,,,,"Brent Headrick","27702",687396
"Jake Bird","NYY",2.64508,1.37995,0,3.75133,49.954,0.062,0,10.0715,,53.717,226.858,45.6449,23.98,22.39,5.37538,20.2757,1.36335,3.72714,55.8915,9.36433,3.39709,2.75658,0.900617,0.246373,0.0893764,0.15699642151594162,0.225013,1.22718,0.284414,0.718221,,,3.69558,0.494632,0.432824,999,,,,,,,298.5,5.527777777777778,285,5.277777777777778,,,,,,,,,,,,,,,,,,,"Jake Bird","21267",656234
"Luis Garcia",,2.34356,3.59805,0,4.24798,38.508,3.502,1,0,,50.4028,212.527,44.4017,25.48,23.79,7.66266,17.2393,1.25599,1.97858,51.1524,9.13386,3.07827,2.96721,1.36826,0.240687,0.0811157,0.15957148373126984,0.229693,1.22297,0.273165,0.710246,,,4.22561,0.492702,0.296985,999,,,,,,,207.20000000000002,4.144,196,3.92,,,,,,,,,,,,,,,,,,,"Luis Garcia","23735",677651
"Jon Gray",,2.66448,3.41895,2.44964,4.67177,9.315,7.615,0,0,,45.0407,193.078,44.4516,24.97,23.38,6.95061,14.7775,0.318971,1.84071,38.512,7.69544,2.95283,2.60613,1.38887,0.199464,0.0765365,0.12292730808258057,0.251908,1.31501,0.286274,0.692128,,,4.53806,0.49242,0.291899,999,,,,,,,159.49999999999997,3.544444444444444,161,3.577777777777778,,,,,,,,,,,,,,,,,,,"Jon Gray","14916",592351
"Jared Koenig","MIL",2.93568,1.93178,0,3.95058,60.168,0.201,2,15.3048,,62.6718,266.333,57.8349,29.62,27.51,6.70459,21.3931,1.75139,3.62338,60.3141,8.66142,3.07216,2.81933,0.962814,0.226461,0.0803246,0.14613673835992813,0.239664,1.26417,0.293351,0.710293,,,3.79861,0.492095,0.298915,999,,,,,,,344.3,5.465079365079365,339,5.380952380952381,,,,,,,,,,,,,,,,,,,"Jared Koenig","27517",657649
"Mason Fluharty","TOR",2.00763,0.985346,0,3.42982,40.198,0,0,0.6524,,40.6727,168.638,31.8322,16.6,15.5,4.41679,14.1029,1.87354,2.94638,44.288,9.8,3.12068,3.14034,0.977341,0.262622,0.0836283,0.17899338155984879,0.209991,1.12939,0.266469,0.737961,,,3.62662,0.49208,0.455048,999,,,,,,,212.00000000000006,5.170731707317074,194,4.7317073170731705,,,,,,,,,,,,,,,,,,,"Mason Fluharty","31553",689254
"Ryan Fernandez","STL",2.02156,1.48867,0,3.8295,44.598,0,0,0.6663,,47.0035,197.747,41.2522,21.34,20,5.06498,17.3306,1.33827,1.0084,48.0488,9.20015,3.31838,2.77248,0.969818,0.242981,0.0876405,0.15534088015556335,0.229936,1.24635,0.286532,0.723276,,,3.662,0.491984,0.365203,999,,,,,,,225.70000000000002,4.802127659574468,216,4.595744680851064,,,,,,,,,,,,,,,,,,,"Ryan Fernandez","24862",681676
"Jordan Leasure","CHW",2.49224,2.01261,0,3.82085,61.032,0.107,7,10.4888,,61.5491,258.529,47.9572,27.92,26.13,8.0691,27.8182,1.85854,1.3074,67.9469,9.93552,4.0677,2.44254,1.1799,0.262821,0.107602,0.15521952509880066,0.209052,1.23114,0.260048,0.74219,,,4.05117,0.490152,0.450988,681.2100219726562,,,,,,,359.59999999999997,5.8,330,5.32258064516129,,,,,,,,,,,,,,,,,,,"Jordan Leasure","29950",673929
"Jovani Morán","BOS",2.59667,1.68958,0,3.75964,48.741,0,0,7.0302,,52.2577,222.639,42.2546,23.41,21.83,5.10913,25.0975,1.44685,2.2789,57.0684,9.82851,4.32237,2.27387,0.879912,0.256326,0.112727,0.14359943568706512,0.216398,1.28885,0.27911,0.729944,,,3.79362,0.488104,0.428245,999,,,,,,,275.1,5.290384615384616,256,4.923076923076923,,,,,,,,,,,,,,,,,,,"Jovani Moran","20422",663558
"Bryan Baker","TBR",2.72468,1.98263,0,4.07033,59.841,0,2,12.3776,,61.3144,258.472,52.8946,29.72,27.73,8.62983,23.1672,1.12595,1.57067,67.4654,9.90288,3.40058,2.91212,1.26672,0.261017,0.0896312,0.17138531059026718,0.226303,1.24052,0.280799,0.724316,,,3.97459,0.485891,0.191705,999,,,,,,,319.9000000000001,5.244262295081969,305,5,,,,,,,,,,,,,,,,,,,"Bryan Baker","19804",641329
"David Morgan","SDP",2.45176,1.7401,0,3.8419,55.746,0.228,0,11.7954,,59.7126,253.171,49.6379,27.4,25.49,6.95237,24.9602,1.99908,3.16119,65.1916,9.82581,3.76205,2.61182,1.04788,0.2575,0.0985901,0.15890982002019882,0.220564,1.24929,0.279162,0.727638,,,3.87806,0.485058,0.446491,999,,,,,,,321.9,5.364999999999999,303,5.05,,,,,,,,,,,,,,,,,,,"David Morgan","31616",688158
"Brandyn Garcia","ARI",1.67045,1.21773,0,3.82002,47.089,0,0,9.8108,,50.5599,217.031,46.3425,23.03,21.46,3.78255,19.7626,1.37172,3.86087,48.9401,8.71166,3.51787,2.4764,0.673319,0.225498,0.0910587,0.13443930447101593,0.23961,1.30746,0.302519,0.708361,,,3.57349,0.48458,0.374372,999,,,,,,,274.6,5.3843137254901965,269,5.2745098039215685,,,,,,,,,,,,,,,,,,,"Brandyn Garcia","33568",805299
"Jake Irvin","WSN",4.29271,8.61152,3.08195,4.9821,26.816,17.923,0,0.6515,,108.93,472.513,112.884,64.77,60.3,18.5586,36.2803,1.21195,4.28666,76.7051,6.33752,2.99755,2.11423,1.53335,0.162334,0.0767817,0.08555278182029724,0.261339,1.36936,0.280162,0.685118,,,5.05888,0.484158,0.197702,999,,,,,,,317.1000000000001,2.909174311926606,336,3.0825688073394497,,,,,,,,,,,,,,,,,,,"Jake Irvin","21504",663623
"Jeff Hoffman","TOR",2.98458,1.61305,0,3.89036,61.309,0,26,3.7941,,62.0226,258.722,49.7116,28.67,26.81,8.77751,23.2201,1.09889,3.30665,71.2308,10.3362,3.36944,3.06763,1.27369,0.275319,0.0897495,0.18556898832321167,0.214094,1.17589,0.268973,0.729871,,,3.96107,0.483132,0.348002,105.56999969482422,,,,,,,428.0999999999999,6.904838709677418,403,6.5,,,,,,,,,,,,,,,,,,,"Jeff Hoffman","17432",656546
"Tyler Alexander","TEX",2.54905,2.48774,0,4.16973,51.153,2.326,1,12.0629,,69.7383,291.019,64.4022,34.62,32.31,10.3566,16.9055,1.99869,3.54624,57.9637,7.48044,2.18172,3.42868,1.33656,0.199175,0.0580908,0.14108436182141304,0.238027,1.1659,0.267226,0.698829,,,4.28319,0.481436,0.279877,999,,,,,,,334.6,4.78,326,4.6571428571428575,,,,,,,,,,,,,,,,,,,"Tyler Alexander","17735",641302
"Bryan King","HOU",2.94598,1.9731,0,4.02016,62.245,0,1,16.6617,,63.378,267.507,56.8938,30.33,28.31,8.2592,20.2711,1.25546,3.72846,62.6909,8.90243,2.87859,3.09263,1.17285,0.234353,0.0757777,0.1585748791694641,0.233643,1.21753,0.281847,0.713925,,,3.98695,0.479449,0.298904,999,,,,,,,346.6000000000001,5.5015873015873025,338,5.365079365079365,,,,,,,,,,,,,,,,,,,"Bryan King","25890",687911
"Clayton Beeter","WSN",2.03919,1.81333,0,3.89938,57.691,0,15,8.9987,,61.4636,264.937,49.0165,28.5,26.63,6.49946,34.1141,1.61262,1.78323,71.7333,10.5038,4.99526,2.10275,0.951703,0.270756,0.128763,0.1419931799173355,0.214008,1.35252,0.28193,0.737938,,,3.92777,0.4793,0.397204,324.6000061035156,,,,,,,397.20000000000016,6.511475409836068,374,6.131147540983607,,,,,,,,,,,,,,,,,,,"Clayton Beeter","27494",690925
"Charlie Morton",,3.17428,4.39945,2.43252,4.69347,11.544,9.924,0,0,,51.8316,227.349,47.686,28.84,27.03,7.14439,23.95,0.365214,4.79182,52.4636,9.10975,4.15865,2.19055,1.24055,0.230762,0.105344,0.12541799247264862,0.240102,1.38209,0.291668,0.694359,,,4.56622,0.477134,0.318266,999,,,,,,,190.90000000000003,3.671153846153847,186,3.576923076923077,,,,,,,,,,,,,,,,,,,"Charlie Morton","4676",450203
"River Ryan","LAD",2.54845,2.28351,0.980333,4.36511,12.245,6.83,0,0.7772,,40.7825,174.41,38.0016,21.15,19.78,5.3171,15.4477,0.389523,1.95465,36.3903,8.03071,3.40904,2.35571,1.17339,0.208648,0.0885711,0.1200767531991005,0.242037,1.31059,0.283473,0.702077,,,4.32557,0.475501,0.402148,645.25,,,,,,,168.10000000000002,4.1000000000000005,165,4.024390243902439,,,,,,,,,,,,,,,,,,,"River Ryan","29514",689981
"Alex Cobb",,2.27427,3.25908,1.00784,4.43008,11.799,7.056,0,0,,42.094,180.705,43.2552,22.22,20.72,5.04722,13.4974,0.409306,1.67712,33.1426,7.08613,2.88585,2.45548,1.07913,0.183407,0.074693,0.10871411859989166,0.261312,1.34823,0.300045,0.69501,,,4.20066,0.471607,0.362484,999,,,,,,,158.5,3.7738095238095237,166,3.9523809523809526,,,,,,,,,,,,,,,,,,,"Alex Cobb","6562",502171
"Javier Assad","CHC",1.79149,2.22654,0,4.24674,38.345,2.981,0,7.4978,,57.6442,248.309,54.5202,29.18,27.2,5.76618,23.9085,1.34381,2.52623,47.4063,7.40156,3.73284,1.98282,0.900275,0.190916,0.0962852,0.0946311503648758,0.245725,1.36057,0.288995,0.699993,,,4.1665,0.471274,0.307593,999,,,,,,,253.40000000000003,4.36896551724138,253,4.362068965517241,,,,,,,,,,,,,,,,,,,"Javier Assad","21741",665871
"Seranthony Domínguez","CHW",2.36137,1.96636,0,3.92964,59.151,0,21,5.5085,,59.181,251.195,47.3902,27.57,25.84,6.71229,27.3483,0.967857,3.29393,64.8089,9.85587,4.15901,2.36976,1.02078,0.258002,0.108872,0.14912933856248856,0.21487,1.26288,0.272947,0.721879,,,3.97271,0.471051,0.289705,199.97999572753906,,,,,,,397.3,6.733898305084746,373,6.322033898305085,,,,,,,,,,,,,,,,,,,"Seranthony Dominguez","19249",622554
"Steven Okert","HOU",2.9592,2.0064,0,4.09071,61.288,0.092,1,13.7369,,61.867,257.886,50.397,30.07,28.12,10.095,21.2235,1.29645,3.05368,70.4779,10.2527,3.08745,3.32075,1.46856,0.273291,0.0822978,0.19099298864603043,0.215732,1.15765,0.263349,0.722775,,,4.15525,0.468821,0.245275,999,,,,,,,334.79999999999995,5.3999999999999995,309,4.983870967741935,,,,,,,,,,,,,,,,,,,"Steven Okert","13580",595345
"Kendry Rojas","MIN",1.20876,1.11473,0,3.71735,25.209,1.037,0,0,,31.6193,133.215,28.3395,14.01,13.06,2.93287,10.696,0.933508,1.06338,32.7226,9.31403,3.04446,3.05934,0.8348,0.245637,0.0802908,0.16534598916769028,0.233331,1.23454,0.296113,0.716457,,,3.38689,0.463331,0.334838,999,,,,,,,157.10000000000002,4.909375000000001,151,4.71875,,,,,,,,,,,,,,,,,,,"Kendry Rojas","sa3016746",696070
"Ethan Roberts","CHC",1.62209,1.03189,0,3.47969,36.082,0,0,0.7209,,38.331,159.644,30.9919,15.9,14.82,3.38832,13.9741,1.30732,2.0933,37.7676,8.86773,3.28107,2.70269,0.795568,0.236574,0.0875325,0.14904116094112396,0.215855,1.1731,0.269511,0.722633,,,3.57121,0.461347,0.396525,999,,,,,,,195.70000000000002,5.15,183,4.815789473684211,,,,,,,,,,,,,,,,,,,"Ethan Roberts","24930",681799
"Jack Dreyer","LAD",2.60879,1.16032,0,3.83024,46.959,0.292,1,11.5421,,49.5087,206.782,42.3394,22.64,21.07,5.97652,17.2852,1.52668,1.20955,48.7585,8.86362,3.14222,2.82081,1.08645,0.235796,0.0835915,0.15220464766025543,0.224866,1.20433,0.272274,0.721546,,,3.85546,0.460369,0.320519,999,,,,,,,284,5.68,269,5.38,,,,,,,,,,,,,,,,,,,"Jack Dreyer","30249",676263
"Luis García","NYM",2.83048,1.71265,0,3.89926,54.222,0,0,13.3892,,56.0875,236.401,51.6989,26.04,24.3,5.45252,19.3677,1.17458,1.64394,47.9437,7.69322,3.10782,2.47544,0.874931,0.202807,0.0819276,0.1208794116973877,0.240026,1.26707,0.285484,0.709829,,,3.81319,0.459333,0.33425,999,,,,,,,302.70000000000005,5.405357142857143,300,5.357142857142857,,,,,,,,,,,,,,,,,,,"Luis Garcia","6984",472610
"Yimi García","TOR",2.54831,1.33527,0,3.77004,51.675,0,4,10.6347,,52.9491,218.503,42.4618,23.72,22.18,7.64325,16.4606,1.25499,3.48833,58.537,9.94981,2.79788,3.5562,1.29916,0.2679,0.0753333,0.19256699085235596,0.213855,1.11281,0.263032,0.730009,,,3.9309,0.444565,0.378873,999,,,,,,,309.6000000000001,5.8415094339622655,286,5.39622641509434,,,,,,,,,,,,,,,,,,,"Yimi Garcia","12095",554340
"JP Sears","SDP",2.47621,3.57119,0.565431,4.71696,23.316,7.652,0,0.6537,,57.7364,246.656,56.0244,32.56,30.26,10.1401,17.4658,1.01377,3.07958,49.3811,7.69756,2.72258,2.82731,1.58064,0.200202,0.0708101,0.12939174473285675,0.247774,1.27286,0.275433,0.690291,,,4.77526,0.443255,0.15128,999,,,,,,,202.60000000000005,3.493103448275863,202,3.4827586206896552,,,,,,,,,,,,,,,,,,,"JP Sears","23429",676664
"Riley O'Brien","STL",2.65483,2.03205,0,3.99007,59.602,0,15,10.6554,,62.7056,272.028,54.514,29.67,27.8,5.31065,29.8205,1.61652,5.94175,63.7597,9.1513,4.28007,2.13812,0.762227,0.234387,0.109623,0.12476381659507751,0.230732,1.34493,0.294287,0.710856,,,3.91347,0.442827,0.298915,252.66000366210938,,,,,,,400.70000000000005,6.360317460317461,389,6.174603174603175,,,,,,,,,,,,,,,,,,,"Riley O'Brien","20348",676617
"Ryan Thompson","ARI",2.13246,1.78603,0,4.40023,61.813,0,6,15.9383,,62.6899,268.562,62.8791,32.82,30.65,6.46576,18.7785,1.5996,4.35156,51.4618,7.38805,2.69592,2.74046,0.92825,0.19162,0.0699224,0.1216970831155777,0.256197,1.30256,0.300864,0.672643,,,3.94103,0.434966,-0.00811579,999,,,,,,,355.6000000000001,5.644444444444446,364,5.777777777777778,,,,,,,,,,,,,,,,,,,"Ryan Thompson","16647",657044
"Marcus Stroman",,3.28235,4.58815,2.80624,4.83267,12.249,10.095,0,0,,56.4471,246.654,57.8944,32.48,30.31,6.98539,23.0104,0.35966,1.85459,39.436,6.28773,3.66881,1.71383,1.11376,0.159884,0.0932903,0.066593699157238,0.261034,1.43329,0.290299,0.680838,,,4.66813,0.430536,0.26791,999,,,,,,,180.50000000000006,3.223214285714287,192,3.4285714285714284,,,,,,,,,,,,,,,,,,,"Marcus Stroman","13431",573186
"Louis Varland","TOR",2.70447,1.70745,0,4.21861,57.815,0.348,4,13.4475,,64.8768,275.704,61.4839,32.61,30.41,9.04498,21.0656,1.73998,2.10827,65.725,9.11767,2.92231,3.12002,1.25476,0.23839,0.0764065,0.16198309510946274,0.243471,1.2724,0.294998,0.71458,,,3.99301,0.429629,0.0985786,741.7000122070312,,,,,,,346.70000000000005,5.333846153846155,343,5.276923076923077,,,,,,,,,,,,,,,,,,,"Louis Varland","27691",686973
"Kevin Ginkel","ARI",2.07108,1.63656,0,4.20034,58.665,0,16,10.8064,,60.2737,257.577,55.4599,30.07,28.13,6.89113,22.5519,1.23621,2.58269,58.2411,8.6965,3.36743,2.58254,1.02898,0.226112,0.0875541,0.1385575830936432,0.238597,1.29429,0.290292,0.701271,,,3.9399,0.423201,0.138199,516.0499877929688,,,,,,,376.9,6.281666666666666,371,6.183333333333334,,,,,,,,,,,,,,,,,,,"Kevin Ginkel","19876",656464
"Drew Thorpe","CHW",2.45394,3.32892,2.48053,4.5035,8.635,7.83,0,0,,42.487,179.852,39.8846,22.74,21.26,6.46873,13.8954,0.191258,1.50343,30.7559,6.515,2.94345,2.21339,1.37027,0.171007,0.07726,0.0937466099858284,0.242528,1.2658,0.262644,0.694038,,,4.75394,0.418031,0.305052,999,,,,,,,147,3.5,146,3.4761904761904763,,,,,,,,,,,,,,,,,,,"Drew Thorpe","31967",689672
"Justin Lawrence","PIT",2.43286,1.675,0,4.1898,53.7,0,1,11.5249,,57.2462,250.194,52.5866,28.49,26.65,4.75279,25.9734,1.33149,5.07951,55.4353,8.7153,4.08343,2.13431,0.747212,0.221569,0.103813,0.11775603890419006,0.239967,1.37232,0.300931,0.696325,,,3.90505,0.414422,0.182496,999,,,,,,,292.49999999999994,5.13157894736842,290,5.087719298245614,,,,,,,,,,,,,,,,,,,"Justin Lawrence","17639",664875
"Dennis Santana","PIT",2.89407,1.93586,0,4.1599,62.418,0,24,4.6497,,65.0352,277.386,59.5084,32.19,30.06,7.31226,24.2258,1.70621,2.66288,58.9714,8.16085,3.35253,2.43423,1.01192,0.212597,0.0873362,0.12526054680347443,0.237561,1.28752,0.283346,0.70131,,,4.02362,0.411759,0.200918,149.16000366210938,,,,,,,415.9,6.398461538461538,411,6.323076923076923,,,,,,,,,,,,,,,,,,,"Dennis Santana","17878",642701
"Emilio Pagán","CIN",2.46893,1.85769,0,3.98178,63.301,0.071,26,3.9658,,65.1417,270.312,52.6532,30.76,28.82,10.4737,23.0414,1.1379,1.74131,70.6163,9.75637,3.18341,3.06476,1.44704,0.26124,0.08524,0.1759999394416809,0.214448,1.162,0.256506,0.736253,,,4.19856,0.406709,0.303507,113.86000061035156,,,,,,,433.2,6.664615384615384,408,6.276923076923077,,,,,,,,,,,,,,,,,,,"Emilio Pagan","14771",641941
"Paul Blackburn","NYY",2.47441,2.46223,0,4.6362,46.578,3.06,0,12.2539,,63.2069,274.377,64.8711,34.83,32.56,7.30865,22.8219,1.57686,2.14729,50.7841,7.23112,3.24961,2.22523,1.04068,0.185089,0.0831774,0.10191157460212708,0.260101,1.3874,0.300878,0.682448,,,4.21654,0.405456,-0.0509059,999,,,,,,,286.1,4.541269841269842,299,4.746031746031746,,,,,,,,,,,,,,,,,,,"Paul Blackburn","14739",621112
"Taijuan Walker","PHI",4.75239,7.11722,1.2335,4.97607,36.861,16.693,0,0.6364,,111.775,486.616,113.562,66.17,61.8,18.0825,41.9712,1.48105,4.08848,76.9339,6.19464,3.37948,1.83302,1.45598,0.1581,0.0862512,0.07184859365224838,0.257768,1.39148,0.276318,0.686259,,,5.09786,0.396988,0.161496,999,,,,,,,331.0000000000001,2.9553571428571437,346,3.0892857142857144,,,,,,,,,,,,,,,,,,,"Taijuan Walker","11836",592836
"AJ Blubaugh","HOU",1.58886,1.81786,0,4.02543,30.488,2.454,0,0.6558,,43.4413,184.218,36.6893,20.77,19.43,5.66737,18.1467,1.18248,1.25444,45.0236,9.32781,3.75956,2.48109,1.17414,0.244404,0.0985067,0.1458975151181221,0.222607,1.2623,0.271822,0.726328,,,4.09809,0.395727,0.263442,746.6699829101562,,,,,,,185.2,4.306976744186046,174,4.046511627906977,,,,,,,,,,,,,,,,,,,"AJ Blubaugh","31764",805123
"Kenley Jansen","DET",2.22094,1.71902,0,3.97992,55.508,0,22,4.1731,,56.6243,236.312,47.1065,26.91,25.04,7.53587,19.7335,1.26767,2.02032,52.603,8.36085,3.13649,2.66567,1.19777,0.2226,0.0835063,0.13909394294023514,0.219552,1.18041,0.256255,0.709365,,,4.15981,0.391098,0.285115,138.24000549316406,,,,,,,367.2,6.442105263157894,347,6.087719298245614,,,,,,,,,,,,,,,,,,,"Kenley Jansen","3096",445276
"Cole Sands","MIN",2.73348,2.1747,0,4.57962,61.761,0.205,5,12.8289,,65.8941,283.449,63.5819,35.88,33.53,8.58679,21.9348,1.24267,3.92653,60.3257,8.23945,2.99591,2.75023,1.17281,0.212827,0.0773852,0.13544194400310516,0.246836,1.29779,0.29148,0.675373,,,4.17561,0.389968,-0.153868,737.8400268554688,,,,,,,330.30000000000007,5.004545454545456,332,5.03030303030303,,,,,,,,,,,,,,,,,,,"Cole Sands","21461",663485
"Brooks Raley","NYM",2.86118,1.86554,0,4.22953,56.06,0,2,14.1176,,55.5806,236.925,51.673,28.04,26.12,7.23252,17.3878,1.12817,4.48703,54.4692,8.82003,2.81555,3.13262,1.17114,0.229901,0.0733893,0.15651123970746994,0.240283,1.24253,0.289801,0.696031,,,4.04748,0.389099,0.128986,999,,,,,,,304.1000000000001,5.430357142857145,300,5.357142857142857,,,,,,,,,,,,,,,,,,,"Brooks Raley","10061",548384
"Porter Hodge","CHC",1.36464,0.886395,0,3.50974,30.609,0,0,0.7209,,32.4896,137.461,24.8308,13.55,12.67,2.79341,15.8424,1.0522,1.70588,37.0896,10.2743,4.38853,2.34116,0.773808,0.26982,0.11525,0.15456929057836533,0.207074,1.25188,0.275365,0.737796,,,3.59005,0.384948,0.279405,999,,,,,,,158.9,4.965625,145,4.53125,,,,,,,,,,,,,,,,,,,"Porter Hodge","26413",687863
"Calvin Faucher","MIA",2.21152,2.0139,0,4.29109,61.849,0.078,6,11.493,,63.5713,276.83,59.8913,32.54,30.31,6.38339,28.6494,1.82925,2.99422,61.6332,8.72562,4.05598,2.15129,0.903718,0.222639,0.103491,0.11914827674627304,0.244268,1.39278,0.302014,0.703491,,,3.99478,0.384587,0.045199,999,,,,,,,345.8,5.403125,344,5.375,,,,,,,,,,,,,,,,,,,"Calvin Faucher","20116",676534
"Eric Orze","MIN",2.50343,1.76387,0,4.14978,54.778,0,0,11.3489,,58.9477,252.257,51.4733,29.12,27.18,6.80736,25.4698,1.46641,2.71433,58.2474,8.89309,3.88867,2.28692,1.03933,0.230905,0.100968,0.12993735074996948,0.229717,1.30528,0.280886,0.709407,,,4.09452,0.381064,0.187102,999,,,,,,,293.9,4.98135593220339,280,4.745762711864407,,,,,,,,,,,,,,,,,,,"Eric Orze","27626",679358
"Gage Jump","ATH",1.76412,2.13181,2.18601,4.60095,5.781,5.781,0,0,,31.024,132.937,30.7703,17,15.86,4.78911,9.99619,0.121971,1.17443,28.5042,8.26901,2.89988,2.85151,1.38931,0.214419,0.0751951,0.13922417163848877,0.2527,1.31403,0.293663,0.697748,,,4.38455,0.379364,0.230617,999,,,,,,,112.29999999999998,3.62258064516129,115,3.7096774193548385,,,,,,,,,,,,,,,,,,,"Gage Jump","sa3034986",695611
"Grant Anderson","MIL",2.63393,1.73348,0,4.02985,53.277,0,0,9.5629,,56.6373,239.268,49.2168,27.22,25.36,7.5774,20.6697,1.48681,2.75942,57.084,9.07098,3.28454,2.76172,1.20409,0.238578,0.0863873,0.1521904394030571,0.228026,1.23393,0.275434,0.719768,,,4.09962,0.378235,0.285136,999,,,,,,,278,4.87719298245614,263,4.614035087719298,,,,,,,,,,,,,,,,,,,"Grant Anderson","20546",681982
"Clarke Schmidt","NYY",1.3661,1.36542,0.157694,4.04962,12.463,3.145,0,0.691,,27.1803,114.915,24.2814,13.09,12.23,3.38206,9.49951,0.437266,1.27093,26.3364,8.72057,3.1455,2.7724,1.11988,0.229182,0.0826656,0.1465163230895996,0.233152,1.24285,0.280808,0.71235,,,4.00361,0.372975,0.282292,999,,,,,,,126.5,4.685185185185185,122,4.518518518518518,,,,,,,,,,,,,,,,,,,"Clarke Schmidt","19899",657376
"Taylor Rogers","MIN",2.50604,1.87001,0,4.45062,56.825,0,14,5.735,,57.3089,248.025,54.023,30.42,28.34,6.8752,21.5282,1.38104,4.22752,56.6184,8.89156,3.38086,2.62997,1.07971,0.228277,0.0867982,0.14147844165563583,0.243052,1.31832,0.296945,0.684574,,,4.06706,0.370923,-0.0219102,422.07000732421875,,,,,,,325.29999999999995,5.707017543859648,324,5.684210526315789,,,,,,,,,,,,,,,,,,,"Taylor Rogers","13449",573124
"Sam Hentges","SFG",1.7313,1.31814,0,4.19935,43.862,0,0,0.6515,,43.8496,188.937,43.347,22.08,20.46,4.67767,15.9844,0.84118,1.58925,43.0196,8.82965,3.28075,2.69135,0.960077,0.227693,0.0846017,0.1430908814072609,0.252953,1.35307,0.31269,0.705751,,,3.76208,0.369952,0.101346,999,,,,,,,188.3,4.279545454545455,191,4.340909090909091,,,,,,,,,,,,,,,,,,,"Sam Hentges","18548",656529
"Caden Dana","LAA",4.43904,6.86019,5.81248,5.28308,15.612,15.111,0,0,,82.2305,361.981,84.2942,51.47,48.27,14.4754,32.5519,0.321688,4.55222,70.5119,7.71742,3.56276,2.16614,1.58431,0.194794,0.0899271,0.10486727952957153,0.259465,1.42096,0.291045,0.676907,,,5.06227,0.369225,0.0204597,999,,,,,,,244.20000000000007,2.9780487804878057,256,3.1219512195121952,,,,,,,,,,,,,,,,,,,"Caden Dana","31508",702674
"Tyler Rogers","TOR",3.23038,1.73939,0,3.89943,66.787,0,3,17.7404,,67.3022,278.039,65.7957,31.35,29.16,7.74437,13.1805,1.02693,2.73061,42.8594,5.73138,1.76257,3.25172,1.03562,0.154149,0.0474053,0.10674335807561874,0.251006,1.17346,0.274443,0.699007,,,4.06663,0.366888,0.410905,741.8300170898438,,,,,,,350.79999999999995,5.235820895522387,356,5.313432835820896,,,,,,,,,,,,,,,,,,,"Tyler Rogers","15541",643511
"Brad Keller","PHI",2.37853,1.6585,0,3.9323,57.466,0.421,4,15.9024,,65.3664,281.185,57.8508,30.64,28.56,6.55842,29.8632,1.36262,2.98878,62.2353,8.56889,4.11172,2.08401,0.902998,0.221333,0.106205,0.11512768268585205,0.232957,1.34188,0.285689,0.726759,,,4.04301,0.365622,0.303542,746.469970703125,,,,,,,353.09999999999997,5.432307692307692,343,5.276923076923077,,,,,,,,,,,,,,,,,,,"Brad Keller","15734",641745
"George Klassen","LAA",1.63409,2.77617,0.377111,4.58914,16.403,5.656,0,0,,39.7918,173.061,37.4454,21.68,20.29,5.65487,16.9765,0.65431,2.08106,39.3563,8.90149,3.83971,2.31827,1.279,0.227412,0.0980955,0.12931667268276215,0.243146,1.36767,0.291676,0.70405,,,4.44128,0.364793,0.189318,999,,,,,,,147,3.675,143,3.575,,,,,,,,,,,,,,,,,,,"George Klassen","sa3023440",691946
"Joel Payamps","ATL",1.99721,1.4377,0,4.31059,51.568,0,0,9.4616,,51.2992,217.994,49.0353,26.34,24.57,6.6336,15.6745,1.30299,2.51606,47.6424,8.35845,2.74995,3.03949,1.16381,0.21855,0.0719034,0.14664626121520996,0.245418,1.26142,0.291367,0.692311,,,4.02255,0.361604,0.0663377,999,,,,,,,238.90000000000006,4.684313725490197,239,4.686274509803922,,,,,,,,,,,,,,,,,,,"Joel Payamps","14332",606303
"Kade Strowd","ARI",1.97785,1.62009,0,4.23954,57.031,0,1,3.8531,,58.8673,255.581,56.4431,29.68,27.73,5.72834,25.3751,1.44801,2.40134,54.8174,8.38083,3.8795,2.16028,0.875784,0.214482,0.0992841,0.11519768089056015,0.24777,1.38987,0.303212,0.706494,,,3.9533,0.360292,0.0847603,999,,,,,,,267.20000000000005,4.528813559322034,267,4.52542372881356,,,,,,,,,,,,,,,,,,,"Kade Strowd","26191",669704
"Anthony Bender","MIA",2.21121,1.83123,0,4.10018,59.911,0,2,12.3686,,60.2534,256.401,54.5144,29.58,27.45,6.65387,22.0903,1.42145,3.52133,54.6947,8.16971,3.29961,2.47596,0.993883,0.213317,0.086155,0.12716174125671387,0.236208,1.27138,0.282461,0.698844,,,4.03045,0.359543,0.138199,999,,,,,,,304.9,5.081666666666666,299,4.983333333333333,,,,,,,,,,,,,,,,,,,"Anthony Bender","19742",669622
"Justin Topa","MIN",2.55855,2.04802,0,4.58115,58.629,0.121,5,11.9549,,61.4125,266.438,63.3738,33.52,31.26,6.19914,19.8482,1.72249,4.18983,46.6676,6.83914,2.90876,2.35122,0.908484,0.175154,0.0744949,0.10065913945436478,0.261443,1.35513,0.301661,0.666754,,,4.10184,0.358984,-0.216065,746.6699829101562,,,,,,,308.80000000000007,5.062295081967214,322,5.278688524590164,,,,,,,,,,,,,,,,,,,"Justin Topa","15145",623437
"Evan Sisk","PIT",2.16367,1.42772,0,4.01031,47.017,0,0,6.8479,,47.7569,206.496,42.31,22.81,21.28,4.50001,20.234,1.35246,4.67714,49.2969,9.29022,3.81318,2.43634,0.848047,0.23873,0.097987,0.1407429203391075,0.233004,1.30963,0.29588,0.706458,,,3.86047,0.357611,0.213067,999,,,,,,,235.50000000000006,4.906250000000001,226,4.708333333333333,,,,,,,,,,,,,,,,,,,"Evan Sisk","24995",681895
"Hoby Milner","CHC",2.57478,1.84101,0,4.07013,60.254,0,0,13.4575,,61.4502,258.43,59.821,29.94,27.79,7.11049,14.9518,1.05033,4.1486,48.7923,7.14612,2.18983,3.26332,1.0414,0.188802,0.057856,0.13094644993543625,0.249952,1.2168,0.287364,0.69167,,,3.98384,0.356793,0.191705,999,,,,,,,302.30000000000007,4.955737704918034,307,5.032786885245901,,,,,,,,,,,,,,,,,,,"Hoby Milner","13346",571948
"Spencer Turnbull",,2.00677,2.76107,1.54642,4.68999,7.786,6.111,0,0,,34.9446,151.909,34.0688,19.47,18.21,4.44581,14.2718,0.256085,1.80497,28.3215,7.29421,3.6757,1.98444,1.14502,0.186437,0.0939494,0.09248741716146469,0.250815,1.38335,0.28742,0.685494,,,4.54831,0.354157,0.257274,999,,,,,,,129.4,3.6971428571428575,131,3.742857142857143,,,,,,,,,,,,,,,,,,,"Spencer Turnbull","16207",605513
"Mason Englert","TBR",2.43366,1.77204,0,4.13967,53.906,0,0,11.9449,,62.0702,261.35,58.4251,30.7,28.55,8.42938,18.2472,1.31738,2.32395,57.0242,8.26834,2.6458,3.12509,1.22224,0.218191,0.0698192,0.14837195724248886,0.242651,1.23525,0.285161,0.708671,,,4.05743,0.353562,0.142806,999,,,,,,,311.59999999999997,5.025806451612903,308,4.967741935483871,,,,,,,,,,,,,,,,,,,"Mason Englert","22288",669438
"Jonathan Bowlan","PHI",1.9872,1.33845,0,4.08091,48.834,0.031,0,9.801,,54.2967,231.502,48.9611,26.46,24.62,6.92718,21.2654,1.88619,1.66603,54.4552,9.02628,3.52486,2.56074,1.14822,0.235226,0.0918585,0.1433676928281784,0.234747,1.29338,0.285581,0.723073,,,4.05485,0.35022,0.226882,999,,,,,,,265.1,4.90925925925926,258,4.777777777777778,,,,,,,,,,,,,,,,,,,"Jonathan Bowlan","24607",680742
"Eric Lauer","TOR",1.95657,1.98109,0,4.37643,38.388,2.794,0,4.1755,,57.5195,245.143,52.2346,29.95,27.97,9.08361,21.2625,1.72424,1.88297,57.8789,9.05624,3.32691,2.72212,1.4213,0.236103,0.086735,0.14936767518520355,0.235294,1.27778,0.278331,0.71647,,,4.38281,0.349779,0.205446,999,,,,,,,246.30000000000007,4.246551724137932,236,4.068965517241379,,,,,,,,,,,,,,,,,,,"Eric Lauer","19316",641778
"Justin Wilson",,2.35859,2.52512,0,4.04022,42.268,0,0,0,,40.7874,173.352,36.8306,19.64,18.31,4.81847,15.1316,0.912622,1.68547,41.393,9.13364,3.33889,2.73553,1.06323,0.238781,0.0872887,0.15149199217557907,0.235287,1.27398,0.290167,0.714835,,,3.87814,0.349136,0.145652,999,,,,,,,176.70000000000005,4.309756097560976,171,4.170731707317073,,,,,,,,,,,,,,,,,,,"Justin Wilson","4301",458677
"Ian Hamilton","ATL",1.65284,1.18385,0,4.12302,42.595,0.098,0,0.6492,,45.2508,195.62,41.6865,22.15,20.73,4.22263,19.9275,0.911685,2.20757,44.5263,8.8559,3.9634,2.23442,0.839845,0.227617,0.101868,0.12574826180934906,0.24029,1.36161,0.300346,0.70848,,,3.84776,0.347342,0.154866,999,,,,,,,202.60000000000002,4.502222222222223,201,4.466666666666667,,,,,,,,,,,,,,,,,,,"Ian Hamilton","19261",641656
"Kyle Finnegan","DET",2.2869,1.87465,0,4.22954,59.823,0,6,13.2709,,61.6875,260.368,57.5545,31.18,28.99,8.22891,20.6992,1.3249,1.03188,56.9846,8.31387,3.01995,2.75298,1.20057,0.218862,0.0794999,0.139362134039402,0.24118,1.26855,0.284423,0.705401,,,4.0786,0.347231,0.142806,613.0399780273438,,,,,,,339.59999999999997,5.477419354838709,336,5.419354838709677,,,,,,,,,,,,,,,,,,,"Kyle Finnegan","15009",640448
"Tanner Banks","PHI",2.24408,1.58024,0,4.25145,55.723,0.134,0,12.276,,59.1046,250.249,57.4197,30.09,27.92,8.06698,16.2585,1.06943,2.61166,52.3709,7.97465,2.47572,3.22114,1.22838,0.209275,0.0649693,0.1443057507276535,0.248163,1.24657,0.288712,0.698703,,,4.09512,0.34525,0.0847607,999,,,,,,,285.00000000000006,4.8305084745762725,286,4.8474576271186445,,,,,,,,,,,,,,,,,,,"Tanner Banks","16990",621383
"PJ Poulin","WSN",1.98999,1.80608,0,4.06933,56.989,0,2,14.604,,57.9235,248.935,51.1838,28.2,26.19,6.28695,23.7352,1.9325,4.35499,56.8708,8.83644,3.68792,2.39605,0.97685,0.228457,0.0953471,0.133109450340271,0.231764,1.29341,0.284721,0.706608,,,4.03735,0.33644,0.23607,999,,,,,,,322.80000000000007,5.565517241379312,312,5.379310344827586,,,,,,,,,,,,,,,,,,,"PJ Poulin","23394",676571
"Connor Phillips","CIN",1.74388,1.39452,0,4.15043,46.687,0,3,7.2906,,51.5658,224.354,42.6179,25.37,23.78,5.80577,27.7693,1.42053,2.74628,58.7054,10.2461,4.84669,2.11404,1.01331,0.261664,0.123774,0.13788960874080658,0.219863,1.365,0.284643,0.723062,,,4.09722,0.331354,0.222282,999,,,,,,,267.2,5.138461538461538,250,4.8076923076923075,,,,,,,,,,,,,,,,,,,"Connor Phillips","27649",683175
"Kevin Kelly","TBR",1.80807,1.36862,0,4.24999,41.266,0,0,4.0461,,42.5436,180.555,43.5656,21.62,20.09,4.64782,10.7567,0.854071,2.26021,35.2945,7.46648,2.27555,3.28117,0.983235,0.195478,0.0595758,0.13590270653367043,0.260035,1.27686,0.30501,0.683929,,,3.81404,0.33131,0.0479204,999,,,,,,,189.29999999999998,4.402325581395348,197,4.5813953488372094,,,,,,,,,,,,,,,,,,,"Kevin Kelly","25679",687330
"Carlos Rodriguez","MIL",1.18241,1.30294,0,3.94701,21.502,1.825,0,0.621,,31.7177,134.425,26.4374,14.9,13.91,3.9153,13.2527,0.891817,1.29058,30.7339,8.72085,3.76049,2.31907,1.11098,0.228632,0.0985877,0.1300443708896637,0.220529,1.25136,0.264243,0.724673,,,4.17748,0.331161,0.283084,999,,,,,,,144.00000000000003,4.500000000000001,132,4.125,,,,,,,,,,,,,,,,,,,"Carlos Rodriguez","30161",692230
"Travis Adams","MIN",1.91612,2.30033,0,4.71937,41.948,2.277,0,4.1785,,58.7939,257.252,60.1401,33,30.83,6.97541,22.3479,1.5937,2.55954,49.4636,7.57175,3.42095,2.21334,1.06778,0.192277,0.0868718,0.10540534555912018,0.25884,1.403,0.302235,0.680505,,,4.26579,0.328809,-0.102054,999,,,,,,,233.5,3.957627118644068,243,4.11864406779661,,,,,,,,,,,,,,,,,,,"Travis Adams","30180",701519
"Erik Miller","SFG",2.46524,1.84953,0,3.93253,59.222,0.386,3,14.8418,,58.9086,255.893,50.8725,27.71,25.74,5.28539,30.0689,1.61688,3.77509,58.2085,8.89304,4.5939,1.93584,0.807497,0.227472,0.117506,0.10996643453836441,0.229105,1.37402,0.287517,0.723825,,,4.04884,0.328057,0.289705,999,,,,,,,331.5,5.61864406779661,319,5.406779661016949,,,,,,,,,,,,,,,,,,,"Erik Miller","26252",669062
"Andre Granillo","WSN",1.31015,1.16684,0,3.93046,36.519,0,2,9.8545,,41.0105,174.121,33.213,19.2,17.91,4.9675,18.8756,1.48111,1.12878,43.6265,9.57409,4.14237,2.31126,1.09015,0.250553,0.108405,0.14214736223220825,0.215506,1.27013,0.267672,0.728686,,,4.04558,0.325194,0.248429,999,,,,,,,234.10000000000002,5.709756097560976,218,5.317073170731708,,,,,,,,,,,,,,,,,,,"Andre Granillo","29542",701552
"Kohl Drake","ARI",1.26697,1.59484,1.07067,4.46776,5.022,4.021,0,0,,22.9444,98.2282,22.4132,12.18,11.39,3.17754,7.63231,0.162316,0.829858,21.254,8.33695,2.99379,2.78475,1.2464,0.216374,0.0776998,0.13867438584566116,0.249685,1.30949,0.294418,0.697954,,,4.18927,0.324569,0.221196,999,,,,,,,91.10000000000001,3.9608695652173918,91,3.9565217391304346,,,,,,,,,,,,,,,,,,,"Kohl Drake","sa3021723",684442
"Juan Mejia","COL",2.47112,2.58568,0,4.78972,60.626,0,3,14.3047,,64.2439,288.326,64.1555,36.66,34.19,6.83559,31.4439,2.94483,4.80496,67.4072,9.44315,4.40501,2.14373,0.957606,0.233788,0.109057,0.12473104149103165,0.254507,1.48807,0.322322,0.685107,,,4.11258,0.322743,-0.361092,999,,,,,,,318.1,4.9703125,326,5.09375,,,,,,,,,,,,,,,,,,,"Juan Mejia","23237",675848
"Yohan Ramírez","PIT",2.09876,1.44116,0,4.17966,45.825,0,0,10.1401,,50.0854,217.48,44.157,24.84,23.26,5.28878,21.4044,1.3623,5.57206,52.402,9.41627,3.84623,2.44818,0.950358,0.240951,0.0984202,0.1425306349992752,0.231791,1.30899,0.292654,0.700197,,,4.0312,0.321135,0.115166,999,,,,,,,257.1,5.142,248,4.96,,,,,,,,,,,,,,,,,,,"Yohan Ramirez","19444",670990
"Ben Casparius","LAD",2.49212,1.2002,0,4.28149,46.309,0.128,0,13.2996,,54.4647,233.236,47.733,27.71,25.91,6.84848,23.1109,1.18206,2.08857,53.1515,8.78299,3.81895,2.29984,1.13168,0.227887,0.0990879,0.12879887968301773,0.229445,1.30073,0.276178,0.704158,,,4.20603,0.318241,0.0222059,999,,,,,,,271.7,5.031481481481482,262,4.851851851851852,,,,,,,,,,,,,,,,,,,"Ben Casparius","30085",676508
"Luinder Avila","KCR",1.16191,0.806171,0,3.72992,27.382,0,0,0.666,,31.5851,134.629,27.2494,14.02,13.09,2.5554,13.5262,0.857056,1.49153,31.1551,8.87746,3.85422,2.30331,0.728147,0.231414,0.10047,0.13094371557235718,0.227816,1.29098,0.287471,0.719274,,,3.64054,0.317781,0.279566,999,,,,,,,150.7,4.709375,142,4.4375,,,,,,,,,,,,,,,,,,,"Luinder Avila","24452",679883
"Cade Gibson","MIA",2.01391,1.69102,0,4.06188,54.697,0.1,0,11.9227,,60.7995,261.311,56.27,29.45,27.44,5.3669,22.3379,1.77386,5.91142,51.2315,7.58368,3.30662,2.29348,0.794449,0.196056,0.0854841,0.11057204008102417,0.241439,1.2929,0.288464,0.691447,,,3.9913,0.31247,0.294338,999,,,,,,,310.30000000000007,5.08688524590164,306,5.016393442622951,,,,,,,,,,,,,,,,,,,"Cade Gibson","31815",806188
"Martín Pérez","ATL",2.88267,3.79388,3.52744,5.35254,9.188,9.052,0,0,,48.7955,217.474,54.7144,31,29.02,6.71816,19.1755,0.161738,2.38348,33.0843,6.10218,3.53679,1.72534,1.23912,0.15213,0.0881738,0.0639563724398613,0.279277,1.51428,0.307447,0.665119,,,4.8944,0.308714,-0.0281514,999,,,,,,,136.5,2.7857142857142856,157,3.204081632653061,,,,,,,,,,,,,,,,,,,"Martin Perez","6902",527048
"John Schreiber","KCR",2.58204,2.02933,0,4.3201,62.677,0,1,13.5302,,61.3736,263.381,57.8728,31.54,29.46,7.63117,22.423,1.0857,2.79956,55.5719,8.14922,3.28817,2.47835,1.11906,0.210995,0.0851353,0.1258593127131462,0.243001,1.30831,0.287169,0.700392,,,4.17352,0.306382,-0.012725,999,,,,,,,300.2000000000001,4.921311475409838,299,4.901639344262295,,,,,,,,,,,,,,,,,,,"John Schreiber","20020",670167
"Justin Slaten","BOS",2.98049,2.07066,0,4.05954,56.472,0,2,13.495,,60.8566,257.995,54.2677,29.5,27.45,7.6581,23.0013,1.32005,1.98809,55.2573,8.17193,3.40163,2.40235,1.13255,0.214179,0.0891539,0.12502546608448029,0.232903,1.26969,0.274028,0.717816,,,4.18693,0.303273,0.191709,999,,,,,,,309.60000000000014,5.075409836065576,298,4.885245901639344,,,,,,,,,,,,,,,,,,,"Justin Slaten","25648",686580
"Keegan Akin","BAL",2.90995,2.0766,0,4.19151,61.809,0.214,2,15.5222,,65.1031,274.001,58.8994,32.47,30.32,10.0439,20.2675,1.43339,2.20551,61.9611,8.56565,2.80183,3.05716,1.3885,0.226135,0.0739688,0.152165949344635,0.234166,1.21602,0.27214,0.717251,,,4.27284,0.302993,0.200918,999,,,,,,,336.6,5.178461538461539,327,5.030769230769231,,,,,,,,,,,,,,,,,,,"Keegan Akin","19362",669211
"Hayden Birdsong","SFG",2.17987,3.64202,0.589177,4.80502,16.906,8.101,0,0.6515,,51.902,228.426,47.7107,29.61,27.71,8.01462,26.1176,0.778689,2.71962,49.4126,8.56832,4.5289,1.89192,1.38977,0.216317,0.114337,0.10197993367910385,0.239045,1.42246,0.279231,0.706275,,,4.90533,0.302446,0.141944,999,,,,,,,176.59999999999997,3.3961538461538456,171,3.2884615384615383,,,,,,,,,,,,,,,,,,,"Hayden Birdsong","31635",806185
"Lucas Erceg","KCR",2.44569,1.85567,0,4.14986,58.85,0,6,12.8377,,61.4407,264.727,56.6181,30.33,28.33,6.30851,25.6639,1.29014,3.21705,54.5951,7.99724,3.75932,2.12731,0.924087,0.206231,0.0969447,0.10928672552108765,0.240064,1.33921,0.287577,0.70731,,,4.10295,0.301294,0.191706,629.6699829101562,,,,,,,334.4000000000001,5.481967213114755,332,5.442622950819672,,,,,,,,,,,,,,,,,,,"Lucas Erceg","19360",668674
"Shane Drohan","MIL",1.15144,1.04904,0,3.77424,21.714,1.196,0,0,,28.0666,119.002,22.7124,12.58,11.77,3.04066,12.5592,0.801605,1.1322,31.4402,10.0818,4.0273,2.50337,0.975035,0.264199,0.105537,0.15866173803806305,0.215671,1.25671,0.277733,0.731641,,,3.76657,0.298174,0.221045,999,,,,,,,130.50000000000006,4.660714285714287,121,4.321428571428571,,,,,,,,,,,,,,,,,,,"Shane Drohan","sa3014447",675660
"Josh Sborz","TEX",2.08583,1.51658,0,4.41919,45.774,0,0,10.2799,,48.226,207.599,42.9369,25.36,23.68,6.02296,20.8338,0.949709,2.16546,52.063,9.71606,3.88804,2.49896,1.12401,0.250786,0.100356,0.15042994916439056,0.232594,1.32233,0.291778,0.694104,,,4.0303,0.29485,0.00838946,999,,,,,,,244.60000000000002,5.095833333333334,237,4.9375,,,,,,,,,,,,,,,,,,,"Josh Sborz","18323",622250
"Danny Coulombe","BOS",2.40288,2.55869,0,4.04161,42.434,0.102,0,10.2242,,41.2855,174.101,36.1568,19.87,18.54,5.23028,15.2524,0.748865,1.48603,41.5663,9.0612,3.32494,2.72522,1.14017,0.238748,0.087607,0.1511414423584938,0.229768,1.24521,0.279712,0.715389,,,3.98475,0.292801,0.145652,999,,,,,,,224.30000000000004,5.470731707317074,216,5.2682926829268295,,,,,,,,,,,,,,,,,,,"Danny Coulombe","13293",543056
"Brenan Hanifee","DET",1.91867,1.57923,0,4.17054,50.638,0,0,10.8769,,55.7842,239.869,56.0257,27.83,25.85,4.87079,19.4094,1.4266,2.38283,39.3706,6.35189,3.13144,2.02843,0.785834,0.164133,0.0809167,0.08321676403284073,0.256908,1.35227,0.294271,0.69379,,,4.03066,0.291793,0.128986,999,,,,,,,266.30000000000007,4.755357142857144,274,4.892857142857143,,,,,,,,,,,,,,,,,,,"Brenan Hanifee","22304",669724
"Elvis Alvarado","ATH",2.35964,1.94233,0,4.37055,55.933,0,4,10.4828,,60.0679,261.323,52.6346,31.21,29.17,7.80078,28.886,1.77194,3.4408,66.4245,9.95242,4.32801,2.29954,1.16879,0.254186,0.110538,0.14364790171384811,0.229849,1.35714,0.289678,0.71262,,,4.22626,0.291737,0.0359982,746.6400146484375,,,,,,,303.8,5.0633333333333335,292,4.866666666666666,,,,,,,,,,,,,,,,,,,"Elvis Alvarado","21662",665660
"Matt Festa","CLE",2.08566,2.03952,0,4.45071,56.256,0,1,12.2763,,57.6313,247.882,52.6196,30.46,28.5,7.72752,21.7959,1.38605,4.25566,56.3435,8.79889,3.40376,2.58505,1.20677,0.2273,0.0879286,0.13937102258205414,0.237206,1.29123,0.28456,0.691157,,,4.27905,0.288093,0.0313925,999,,,,,,,280.00000000000006,4.8275862068965525,273,4.706896551724138,,,,,,,,,,,,,,,,,,,"Matt Festa","19330",670036
"Tyler Phillips","MIA",2.06571,1.84779,0,4.32937,57.672,0.022,2,15.4502,,66.5224,287.253,66.9946,34.51,32,6.89527,24.6718,1.99308,2.05132,52.0022,7.03553,3.33792,2.10776,0.93288,0.181033,0.0858888,0.09514410048723221,0.257148,1.37798,0.298064,0.696919,,,4.12433,0.287727,0.00111148,999,,,,,,,328.49999999999994,4.902985074626865,337,5.029850746268656,,,,,,,,,,,,,,,,,,,"Tyler Phillips","20629",663969
"Dauri Moreta",,1.51385,1.56406,0,3.9209,26.5,0,0,0,,27.3611,114.923,22.2437,12.76,11.92,3.66071,10.5287,0.629352,1.39054,31.8267,10.4689,3.46325,3.02284,1.20413,0.276939,0.0916152,0.1853232979774475,0.215949,1.19777,0.275235,0.723843,,,3.85491,0.285772,0.113436,999,,,,,,,121.40000000000002,4.496296296296297,111,4.111111111111111,,,,,,,,,,,,,,,,,,,"Dauri Moreta","21101",664294
"Ryan Zeferjahn","LAA",2.16159,1.85957,0,4.18037,56.035,0.026,1,9.6194,,58.2365,252.764,48.4763,28.88,27.05,7.15487,29.7961,1.84092,3.79419,66.0227,10.2033,4.60476,2.21582,1.10573,0.261203,0.117881,0.14332200586795807,0.221178,1.34404,0.283032,0.723639,,,4.19528,0.285742,0.133593,999,,,,,,,293.3,5.056896551724138,274,4.724137931034483,,,,,,,,,,,,,,,,,,,"Ryan Zeferjahn","25420",666171
"Jakob Junis","TEX",2.49477,1.87177,0,4.36085,53.672,0.298,0,13.2991,,61.605,260.234,59.9812,31.92,29.85,8.29845,16.2775,1.30234,2.90906,50.4743,7.37389,2.37801,3.10086,1.21234,0.193958,0.0625495,0.13140803575515747,0.248836,1.23786,0.283543,0.685923,,,4.18198,0.285302,0.040608,999,,,,,,,299.4,4.829032258064516,301,4.854838709677419,,,,,,,,,,,,,,,,,,,"Jakob Junis","13619",596001
"Jedixson Paez","CHW",0.910913,0.706735,0,3.68934,22.7,0,0,0,,24.8581,101.167,22.6934,10.96,10.19,3.30378,4.25569,0.659271,0.909943,23.131,8.37469,1.54079,5.43531,1.19615,0.228641,0.0420658,0.186574999243021,0.236385,1.08412,0.278719,0.716235,,,3.62528,0.284635,0.211868,999,,,,,,,119.3,4.772,117,4.68,,,,,,,,,,,,,,,,,,,"Jedixson Paez","sa3016264",699151
"Andrew Chafin","MIN",2.04495,1.54208,0,4.41042,46.91,0,0,6.7692,,46.3221,202.417,44.4546,24.4,22.7,4.91652,20.8379,0.969621,1.81362,46.4936,9.03332,4.04864,2.2312,0.955239,0.229692,0.102945,0.12674660980701447,0.247292,1.40953,0.308036,0.700102,,,3.97452,0.280877,0.00378093,999,,,,,,,215.50000000000003,4.684782608695653,216,4.695652173913044,,,,,,,,,,,,,,,,,,,"Andrew Chafin","12988",605177
"Kyle Backhus","PHI",1.63593,1.12779,0,4.30028,41.708,0,0,6.6189,,40.1834,174.782,38.5607,20.63,19.2,4.12585,15.0536,1.44914,3.71456,39.3096,8.80429,3.37159,2.61132,0.92408,0.224907,0.0861277,0.13877888768911362,0.247162,1.33424,0.305874,0.689498,,,3.91459,0.277391,-0.0100185,999,,,,,,,194.4,4.86,197,4.925,,,,,,,,,,,,,,,,,,,"Kyle Backhus","29615",679775
"Carson Whisenhunt","SFG",1.24268,1.86209,0.272468,4.539,12.332,3.962,0,0.6515,,29.0284,125.578,29.1243,15.69,14.64,3.85967,10.3612,0.464977,1.07524,24.8387,7.70102,3.21241,2.39727,1.19666,0.197794,0.0825081,0.11528616398572922,0.255158,1.36024,0.295688,0.698185,,,4.33423,0.276145,0.121831,999,,,,,,,111.00000000000003,3.8275862068965525,114,3.9310344827586206,,,,,,,,,,,,,,,,,,,"Carson Whisenhunt","31676",687931
"Ryne Stanek","STL",2.56089,2.07011,0,4.32035,57.133,0,3,11.5134,,56.4954,243.294,49.4227,28.84,27.12,7.09948,26.0011,1.05674,1.46626,54.7394,8.72026,4.14211,2.10527,1.13098,0.224993,0.106871,0.11812150478363037,0.228992,1.33504,0.274848,0.711371,,,4.28951,0.274735,0.0267848,999,,,,,,,292.9000000000001,5.2303571428571445,281,5.017857142857143,,,,,,,,,,,,,,,,,,,"Ryne Stanek","15947",592773
"Jonathan Loáisiga","ARI",1.4278,1.11498,0,4.03988,40.368,0,0,10.9704,,42.0384,178.716,41.91,20.27,18.87,3.8839,12.0867,1.02842,2.70178,31.4672,6.7368,2.58763,2.60346,0.831505,0.176073,0.0676304,0.10844273120164871,0.255661,1.28446,0.295745,0.694547,,,3.89448,0.274332,0.199277,999,,,,,,,213.40000000000003,5.0809523809523816,219,5.214285714285714,,,,,,,,,,,,,,,,,,,"Jonathan Loaisiga","19753",642528
"Gavin Stone","LAD",1.17104,1.01459,0.156455,4.41253,10.339,2.611,0,0.7772,,24.0882,103.045,23.852,12.63,11.81,3.11163,7.77708,0.398083,0.849813,20.7441,7.75056,2.90573,2.66734,1.16259,0.201311,0.0754725,0.12583816051483154,0.25262,1.31305,0.293928,0.696631,,,4.1665,0.270236,0.117318,999,,,,,,,97.30000000000001,4.054166666666667,100,4.166666666666667,,,,,,,,,,,,,,,,,,,"Gavin Stone","27792",694813
"Coleman Crow","MIL",0.838984,0.800447,0,3.6376,15.49,1.031,0,0,,18.8036,77.9767,16.0114,8.16,7.6,2.18963,5.66557,0.497761,0.848737,19.6115,9.38667,2.71172,3.46152,1.04802,0.251504,0.0726573,0.17884717136621475,0.224054,1.15281,0.278321,0.72627,,,3.60234,0.268016,0.248471,999,,,,,,,93.4,4.915789473684211,88,4.631578947368421,,,,,,,,,,,,,,,,,,,"Coleman Crow","sa3015142",689441
"Will Klein","LAD",2.37625,1.12037,0,4.22958,45.173,0,0,8.0834,,47.9197,209.488,40.5444,24.07,22.52,5.43694,26.8517,1.09703,2.01925,55.9479,10.5078,5.04314,2.08358,1.02114,0.26707,0.128178,0.13889162242412567,0.224477,1.40644,0.294446,0.724706,,,4.0825,0.267116,0.11056,999,,,,,,,244.10000000000005,5.085416666666668,232,4.833333333333333,,,,,,,,,,,,,,,,,,,"Will Klein","27787",694361
"Justin Sterner","ATH",2.6263,2.11957,0,4.31096,60.011,0.026,10,10.2941,,64.51,273.564,54.4262,33.09,30.9,10.1908,25.0081,1.9963,3.38608,66.0321,9.21235,3.48896,2.64043,1.42176,0.241377,0.0914157,0.14996110647916794,0.221994,1.23135,0.26183,0.711161,,,4.46205,0.266552,0.0985779,409.3999938964844,,,,,,,355.6,5.470769230769231,333,5.123076923076923,,,,,,,,,,,,,,,,,,,"Justin Sterner","27694",686993
"Peyton Pallette","CLE",1.46407,1.32196,0,4.12949,38.566,0,0,0,,40.9518,175.08,34.4532,20.07,18.79,5.42005,17.6531,0.979081,2.39645,45.3934,9.97613,3.87964,2.57141,1.19117,0.259272,0.100829,0.15844322741031647,0.222235,1.27238,0.278583,0.719622,,,4.10756,0.266523,0.145657,999,,,,,,,183.50000000000003,4.475609756097562,170,4.146341463414634,,,,,,,,,,,,,,,,,,,"Peyton Pallette","sa3020742",688883
"Enyel De Los Santos","HOU",2.64861,1.87004,0,4.32001,56.67,0,0,12.2423,,58.229,248.252,53.0109,29.85,27.95,7.99354,21.6972,1.12868,2.2055,55.3719,8.5584,3.35356,2.55203,1.2355,0.223047,0.0873997,0.135647252202034,0.236287,1.283,0.279639,0.706236,,,4.24936,0.266337,0.0313905,999,,,,,,,279.00000000000006,4.810344827586208,272,4.689655172413793,,,,,,,,,,,,,,,,,,,"Enyel De Los Santos","18403",660853
"Sean Newcomb","CHW",2.18442,3.01164,0,4.59705,54.383,2.818,1,10.2281,,73.4167,319.703,69.0873,40.19,37.5,9.56575,30.8954,1.71582,5.38318,68.031,8.33978,3.78741,2.20197,1.17265,0.212794,0.0966378,0.11615622043609619,0.243759,1.36185,0.289181,0.690522,,,4.45811,0.265902,-0.0223966,999,,,,,,,310.80000000000007,4.257534246575343,308,4.219178082191781,,,,,,,,,,,,,,,,,,,"Sean Newcomb","16943",656794
"Tim Herrin","CLE",2.00285,1.80206,0,4.12943,53.443,0,0,10.103,,51.9152,224.303,46.4656,25.55,23.82,5.34236,22.1074,1.16445,4.44409,50.2792,8.71638,3.83253,2.27431,0.92615,0.224157,0.0985603,0.1255967691540718,0.234969,1.32086,0.289335,0.704213,,,4.07025,0.264553,0.119773,999,,,,,,,265.70000000000005,5.109615384615386,257,4.9423076923076925,,,,,,,,,,,,,,,,,,,"Tim Herrin","25139",682120
"José Leclerc",,1.94313,2.0649,0,4.07109,34.027,0,0,0,,35.3935,150.955,28.6242,17.07,16.01,4.21628,16.4004,0.717545,2.06968,37.6977,9.58592,4.17035,2.29859,1.07213,0.249728,0.108644,0.14108383655548096,0.216056,1.27211,0.269489,0.714552,,,4.11911,0.263897,0.131844,999,,,,,,,156.4,4.468571428571429,145,4.142857142857143,,,,,,,,,,,,,,,,,,,"Jose Leclerc","14524",600917
"Connor Brogdon","CLE",1.7043,1.61171,0,4.3607,45.659,0,0,7.0755,,48.1712,205.6,43.8328,24.97,23.34,6.74579,18.4762,1.28246,1.27116,47.9376,8.95636,3.45197,2.59456,1.26034,0.233159,0.0898645,0.1432945653796196,0.235847,1.29349,0.282741,0.70631,,,4.19515,0.263807,0.00838946,999,,,,,,,221.70000000000002,4.61875,216,4.5,,,,,,,,,,,,,,,,,,,"Connor Brogdon","21205",641401
"Pierce Johnson","CIN",2.15295,1.78057,0,4.36978,58.438,0,1,11.983,,58.9458,251.992,53.8792,30.61,28.62,8.54452,23.4211,1.16233,1.13981,60.8034,9.28363,3.57599,2.5961,1.3046,0.241291,0.0929437,0.1483474001288414,0.236903,1.31138,0.286777,0.714597,,,4.20654,0.262594,-0.0173095,999,,,,,,,288.5,4.889830508474576,281,4.762711864406779,,,,,,,,,,,,,,,,,,,"Pierce Johnson","13435",572955
"Casey Legumina","SEA",1.81548,1.58539,0,4.14048,46.602,0.025,0,4.3334,,49.3204,209.298,42.0093,24.24,22.69,7.05079,19.0461,1.40419,2.70222,50.0537,9.13381,3.47554,2.62803,1.28663,0.23915,0.091,0.14815029501914978,0.22399,1.23793,0.267994,0.719271,,,4.28675,0.261619,0.164075,999,,,,,,,217.3,4.4346938775510205,204,4.163265306122449,,,,,,,,,,,,,,,,,,,"Casey Legumina","25921",668984
"Yennier Cano","BAL",2.56309,1.8192,0,4.21024,56.498,0,2,12.5929,,55.7712,238.771,54.1124,27.99,26.09,5.84957,20.745,1.03343,2.21696,48.6525,7.85124,3.34769,2.34527,0.943967,0.203762,0.0868822,0.11688011139631271,0.250742,1.34222,0.299199,0.702997,,,3.98907,0.261278,0.128986,999,,,,,,,291.20000000000005,5.200000000000001,293,5.232142857142857,,,,,,,,,,,,,,,,,,,"Yennier Cano","25911",666974
"Liam Hendriks","MIN",0.999958,0.686666,0,3.92198,21.715,0,2,0.5328,,22.1674,92.5862,19.3456,10.34,9.66,2.72685,6.81902,0.414408,1.00878,23.5477,9.5604,2.76853,3.45324,1.10711,0.254333,0.0736505,0.1806820183992386,0.228243,1.18032,0.284159,0.70813,,,3.66912,0.259443,0.153371,746.739990234375,,,,,,,114.5,5.204545454545454,109,4.954545454545454,,,,,,,,,,,,,,,,,,,"Liam Hendriks","3548",521230
"Tomoyuki Sugano","COL",5.16192,8.84267,9.23998,5.75977,20.315,20.315,0,0,,114.942,510.335,137.145,78.5,73.56,20.9251,32.8214,0.504091,5.45238,67.4656,5.28258,2.56993,2.05554,1.63844,0.132199,0.0643134,0.06788522750139236,0.290524,1.47872,0.302916,0.650214,,,5.32681,0.257276,-0.532505,999,,,,,,,256.50000000000006,2.2304347826086963,322,2.8,,,,,,,,,,,,,,,,,,,"Tomoyuki Sugano","35321",608372
"Jacob Webb","CHC",2.32544,1.62199,0,3.98923,52.172,0,0,10.7059,,54.1909,227.345,44.6412,25.71,24.02,7.1563,21.3945,1.26365,1.96735,50.0025,8.30439,3.5532,2.33716,1.18851,0.219941,0.0941061,0.12583491206169128,0.218848,1.21858,0.255305,0.719885,,,4.29977,0.255244,0.226871,999,,,,,,,271.5,5.027777777777778,254,4.703703703703703,,,,,,,,,,,,,,,,,,,"Jacob Webb","19274",657097
"Grant Wolfram","BAL",1.6454,1.1696,0,4.21033,36.171,0,0,4.4076,,39.4173,170.573,36.9013,19.78,18.44,4.20173,16.2353,1.3744,1.97696,37.9641,8.66819,3.70695,2.33836,0.959365,0.222568,0.095181,0.12738687545061111,0.242197,1.34805,0.296743,0.705897,,,3.98073,0.253575,0.0387133,999,,,,,,,181.20000000000005,4.646153846153847,181,4.641025641025641,,,,,,,,,,,,,,,,,,,"Grant Wolfram","21623",664991
"Brock Stewart","LAD",1.78161,0.838921,0,4.17044,33.496,0,0,0.7772,,33.5576,143.776,28.7691,16.65,15.55,4.39863,14.0092,0.77415,2.27032,38.401,10.299,3.75721,2.74113,1.17969,0.267088,0.0974375,0.16965094953775406,0.225646,1.27477,0.287736,0.713494,,,4.00584,0.253214,0.078313,999,,,,,,,159.00000000000003,4.676470588235295,150,4.411764705882353,,,,,,,,,,,,,,,,,,,"Brock Stewart","16727",592779
"Tanner Houck","BOS",0.942237,1.18318,0.146518,4.12985,6.976,2.72,0,0,,20.8119,89.1003,20.0795,10.23,9.55,2.07177,7.13882,0.324034,1.45764,16.2723,7.03687,3.08715,2.27941,0.895925,0.182629,0.0801212,0.10250775516033173,0.249423,1.30783,0.289701,0.698595,,,4.10467,0.251321,0.26564,999,,,,,,,86.80000000000001,4.133333333333334,87,4.142857142857143,,,,,,,,,,,,,,,,,,,"Tanner Houck","19879",656557
"Carlos Vargas","SEA",1.99389,1.73811,0,4.04056,52.328,0,0,10.0103,,54.6608,234.478,53.3335,26.34,24.54,4.76078,18.9679,1.65802,3.89735,39.4548,6.49631,3.12311,2.08008,0.78387,0.168267,0.0808943,0.08737236261367798,0.252033,1.32273,0.290165,0.700243,,,4.07871,0.250799,0.280535,999,,,,,,,256.7,4.667272727272727,259,4.709090909090909,,,,,,,,,,,,,,,,,,,"Carlos Vargas","22915",672841
"McCade Brown","COL",1.48059,3.13355,0.512621,5.39981,12.689,6.059,0,0.6093,,36.5513,162.726,39.0318,23.46,21.93,5.96571,14.0526,0.547775,2.57276,34.533,8.50303,3.46017,2.4574,1.46893,0.212216,0.0863577,0.1258580982685089,0.267157,1.45233,0.313121,0.662258,,,4.73192,0.250697,-0.0636087,999,,,,,,,121.6,3.2864864864864862,130,3.5135135135135136,,,,,,,,,,,,,,,,,,,"McCade Brown","30004",685326
"Kyle Hart","SDP",1.15935,1.1748,0,4.17664,25.751,1.133,0,0.6537,,34.4775,147.858,31.0876,17.18,16,4.23838,13.2996,0.851109,1.99082,34.0931,8.89966,3.47172,2.56347,1.10639,0.230581,0.0899487,0.14063210040330887,0.234504,1.28742,0.284916,0.707535,,,4.08602,0.250039,0.13498,999,,,,,,,148.80000000000004,4.3764705882352954,145,4.264705882352941,,,,,,,,,,,,,,,,,,,"Kyle Hart","19646",606996
"Keaton Winn","SFG",0.881567,1.22864,0,4.40396,20.321,1.659,0,0.6515,,30.0616,129.469,30.5287,15.88,14.71,3.60487,10.0316,0.79865,1.14903,25.9856,7.77969,3.00331,2.59037,1.07924,0.200708,0.0774824,0.12322568148374557,0.258086,1.34924,0.303544,0.694956,,,4.081,0.24451,0.0742809,999,,,,,,,115.20000000000002,3.8400000000000007,121,4.033333333333333,,,,,,,,,,,,,,,,,,,"Keaton Winn","23499",676775
"Andrew Hoffmann","ARI",1.05664,0.855034,0,4.27895,30.289,0,0,6.8304,,32.8328,141.732,30.5421,16.76,15.61,3.60981,13.7037,1.1397,1.13163,32.4314,8.88996,3.7564,2.36662,0.989506,0.228822,0.0966872,0.13213428109884262,0.240684,1.34761,0.296429,0.70131,,,3.94441,0.240237,0.024904,999,,,,,,,161.40000000000006,4.890909090909092,160,4.848484848484849,,,,,,,,,,,,,,,,,,,"Andrew Hoffmann","29633",694851
"Dylan Dodd","ATL",1.43627,1.06644,0,4.51915,38.002,0,0,3.9816,,42.1008,179.586,42.4021,22.67,21.14,5.97363,11.5444,1.12923,1.739,39.8151,8.51139,2.46787,3.44889,1.277,0.221705,0.0642832,0.1574222445487976,0.25497,1.28136,0.302277,0.686138,,,4.03481,0.239842,-0.107121,999,,,,,,,181.8,4.328571428571429,186,4.428571428571429,,,,,,,,,,,,,,,,,,,"Dylan Dodd","29928",689266
"Jordan Romano","LAA",2.23995,1.99894,0,4.42974,58.814,0,5,11.305,,58.92,250.807,53.2502,31.1,29,9.13841,20.9445,1.86198,3.13753,61.391,9.37745,3.19926,2.93113,1.39589,0.244774,0.0835083,0.16126569360494614,0.234867,1.25924,0.282414,0.701857,,,4.29371,0.238958,-0.017314,737.969970703125,,,,,,,307.1,5.205084745762712,297,5.033898305084746,,,,,,,,,,,,,,,,,,,"Jordan Romano","16122",605447
"Jack Perkins","ATH",0.909503,0.891612,0,4.1353,20.471,0.539,0,0.6384,,27.0742,116.733,22.6022,13.3,12.44,3.35559,12.6761,0.734672,1.92871,30.3225,10.0798,4.21379,2.3921,1.11546,0.259758,0.10859,0.1511681154370308,0.221311,1.30302,0.281176,0.718704,,,4.12472,0.238273,0.169713,999,,,,,,,122.10000000000001,4.522222222222222,115,4.2592592592592595,,,,,,,,,,,,,,,,,,,"Jack Perkins","31468",678022
"Nick Mears","KCR",2.4421,1.8846,0,4.27019,58.439,0,0,12.4311,,59.2667,253.652,53.3014,30.14,28.12,7.70106,24.3206,1.48872,1.21143,55.7885,8.47181,3.69323,2.29388,1.16945,0.219941,0.0958817,0.12405912578105927,0.233655,1.30971,0.276986,0.710377,,,4.23412,0.23811,0.08476,999,,,,,,,285.40000000000003,4.837288135593221,276,4.677966101694915,,,,,,,,,,,,,,,,,,,"Nick Mears","25376",683232
"Yuki Matsui","SDP",2.0449,1.45687,0,4.08955,46.694,0,0,4.1836,,48.174,204.491,41.3946,23.5,21.89,6.59563,19.7317,1.39147,1.22451,46.8083,8.74486,3.68632,2.37224,1.23221,0.228902,0.0964917,0.13241007924079895,0.225541,1.26887,0.267416,0.725083,,,4.27673,0.237433,0.110559,999,,,,,,,209.50000000000003,4.364583333333334,196,4.083333333333333,,,,,,,,,,,,,,,,,,,"Yuki Matsui","33826",673513
"Jimmy Herget","COL",2.52434,3.05388,0,5.26083,62.27,0.578,2,14.5869,,70.8937,313.227,76.4308,44.31,41.44,10.44,23.1503,2.28849,5.11821,63.995,8.1242,2.93895,2.76432,1.32537,0.204308,0.0739089,0.13039930909872055,0.268217,1.40465,0.31346,0.650516,,,4.44041,0.237288,-0.643537,999,,,,,,,318.79999999999995,4.490140845070422,339,4.774647887323944,,,,,,,,,,,,,,,,,,,"Jimmy Herget","17556",623474
"Jason Alexander","HOU",2.10117,3.17063,0.459802,5.27986,22.718,6.126,0,0.6558,,51.8877,230.609,58.0306,32.63,30.44,7.31559,19.0762,0.956999,2.49132,39.8563,6.91313,3.3088,2.08932,1.2689,0.172831,0.0827212,0.09010950475931168,0.277604,1.48603,0.313309,0.665173,,,4.67872,0.235461,-0.248574,999,,,,,,,168.90000000000003,3.2480769230769235,190,3.6538461538461537,,,,,,,,,,,,,,,,,,,"Jason Alexander","19666",669920
"Kervin Castro","NYY",1.353,0.702298,0,3.77871,25.364,0,0,0.691,,26.6996,112.862,22.6957,11.98,11.21,2.71777,10.4547,0.954644,1.31325,25.8887,8.72668,3.52409,2.47629,0.916116,0.229385,0.0926325,0.13675235211849213,0.224502,1.24161,0.275607,0.721418,,,3.84141,0.226319,0.216412,999,,,,,,,126.10000000000001,4.670370370370371,119,4.407407407407407,,,,,,,,,,,,,,,,,,,"Kervin Castro","21656",665645
"Zach McCambley","PHI",1.49139,1.00918,0,4.20067,36.969,0,0,0,,38.3082,164.481,34.1741,19.2,17.88,5.02374,15.4984,1.36778,2.12635,40.2813,9.46355,3.64113,2.59907,1.18026,0.244899,0.0942257,0.1506733000278473,0.232704,1.29665,0.28705,0.714658,,,4.11718,0.221421,0.0875262,999,,,,,,,160.29999999999998,4.218421052631578,154,4.052631578947368,,,,,,,,,,,,,,,,,,,"Zach McCambley","sa3014478",685112
"Chase Silseth","LAA",1.64641,1.34543,0,4.0308,41.886,0,0,6.5796,,48.3626,206.39,40.488,23.12,21.66,5.99316,21.3722,1.39443,2.87097,49.7728,9.26244,3.97725,2.32886,1.11529,0.24116,0.103553,0.13760670274496078,0.222282,1.27909,0.272944,0.724525,,,4.19164,0.220614,0.21309,999,,,,,,,233.40000000000003,4.862500000000001,218,4.541666666666667,,,,,,,,,,,,,,,,,,,"Chase Silseth","30074",681217
"Rob Zastryzny","MIL",2.31644,1.6882,0,4.24145,46.987,0.4,0,3.9742,,45.9395,195.059,41.6689,23.23,21.65,6.59135,15.6885,1.18108,2.1842,43.7682,8.57463,3.07353,2.78983,1.29131,0.224384,0.0804293,0.1439550518989563,0.23517,1.24854,0.276578,0.709074,,,4.26203,0.220382,0.105953,999,,,,,,,195.10000000000008,4.241304347826088,189,4.108695652173913,,,,,,,,,,,,,,,,,,,"Rob Zastryzny","15094",642239
"Juan Morillo","ARI",1.15545,0.921748,0,4.13136,32.7,0,0,0.6568,,32.2194,139.119,29.644,15.83,14.79,3.13918,14.4835,0.956008,0.965205,29.9721,8.37225,4.04574,2.0694,0.876881,0.215443,0.104109,0.11133377999067307,0.239702,1.36959,0.292681,0.712197,,,3.97969,0.220173,0.0737063,999,,,,,,,140.9,4.403125,140,4.375,,,,,,,,,,,,,,,,,,,"Juan Morillo","21924",666661
"Gunnar Hoglund","ATH",1.87896,2.85238,0.395677,4.83968,20.23,5.547,0,0.6384,,46.6023,199.753,45.939,26.86,25.06,8.35954,14.8985,0.828956,1.9319,39.388,7.60674,2.87725,2.64375,1.61442,0.197183,0.0745847,0.12259859591722488,0.251139,1.30546,0.278006,0.691525,,,4.86014,0.218048,0.0751417,999,,,,,,,160.79999999999998,3.4212765957446805,162,3.4468085106382977,,,,,,,,,,,,,,,,,,,"Gunnar Hoglund","31318",680684
"Cody Laweryson","MIN",0.86693,0.582839,0,4.01027,18.764,0,0,0.6268,,21.5447,90.363,19.1584,10.31,9.6,2.62513,6.69506,0.627597,0.744923,20.6953,8.64519,2.79677,3.09113,1.09661,0.229024,0.0740907,0.15493372082710266,0.231039,1.19999,0.277393,0.700842,,,3.83396,0.216904,0.153432,999,,,,,,,98.5,4.4772727272727275,93,4.2272727272727275,,,,,,,,,,,,,,,,,,,"Cody Laweryson","26429",689520
"Sam Moll","CIN",1.64421,1.33338,0,4.27976,44.639,0,0,10.3826,,42.8575,184.844,39.2143,21.87,20.38,5.12587,17.5598,1.78863,2.79771,42.1312,8.84747,3.68753,2.39929,1.07642,0.227928,0.0949981,0.13293027132749557,0.238405,1.32472,0.290785,0.703742,,,4.14888,0.215524,0.0479174,999,,,,,,,216.29999999999998,5.030232558139534,211,4.906976744186046,,,,,,,,,,,,,,,,,,,"Sam Moll","14874",594580
"Anthony Banda","MIN",2.33678,1.87089,0,4.51938,52.801,0.256,0,9.6524,,55.2022,241.506,52.1652,29.73,27.72,6.19574,23.3978,2.19794,4.53991,51.8403,8.45188,3.8147,2.21561,1.01013,0.214654,0.0968827,0.117771215736866,0.244255,1.36884,0.295561,0.68521,,,4.23432,0.214893,-0.128245,999,,,,,,,258,4.6909090909090905,257,4.672727272727273,,,,,,,,,,,,,,,,,,,"Anthony Banda","14706",607455
"Luke Little","CHC",0.862477,0.542924,0,3.41987,19.402,0,0,0.7209,,19.8955,84.9231,15.1771,8.05,7.56,1.29653,10.1846,0.573344,1.88119,22.3255,10.0992,4.60716,2.19207,0.586504,0.26289,0.119928,0.14296267181634903,0.208313,1.27475,0.281923,0.735212,,,3.55742,0.213849,0.252415,999,,,,,,,108.69999999999999,5.435,99,4.95,,,,,,,,,,,,,,,,,,,"Luke Little","28036",681432
"Easton McGee","MIL",1.11334,0.746126,0,4.1908,23.092,0,0,0.621,,27.274,114.968,26.0978,13.61,12.7,3.63289,7.22397,0.72058,1.14139,25.3847,8.37655,2.3838,3.51395,1.1988,0.220797,0.0628345,0.15796274691820145,0.244814,1.22174,0.289552,0.698115,,,3.92542,0.211563,0.011103,999,,,,,,,113.00000000000003,4.185185185185186,113,4.185185185185185,,,,,,,,,,,,,,,,,,,"Easton McGee","22176",668834
"Tanner Gordon","COL",2.25514,4.95157,0.838986,5.91439,25.509,8.511,0,0.6093,,63.6076,283.778,77.2126,44.71,41.8,12.1887,18.0334,1.31121,1.91738,48.5888,6.87495,2.55159,2.69438,1.72461,0.171221,0.0635474,0.10767357051372528,0.292663,1.4974,0.320236,0.646391,,,5.03943,0.209454,-0.669819,999,,,,,,,167.8,2.621875,206,3.21875,,,,,,,,,,,,,,,,,,,"Tanner Gordon","27669",685299
"Mark Leiter Jr.","ATH",2.58258,2.21961,0,4.58959,62.88,0,6,13.0966,,62.6331,271.399,59.3457,34.27,31.94,8.9008,24.5571,1.19941,4.34672,66.528,9.55967,3.52871,2.70911,1.27899,0.24513,0.0904836,0.15464656054973602,0.24473,1.33959,0.301946,0.694732,,,4.24263,0.209408,-0.109962,728.25,,,,,,,331.1,5.2555555555555555,327,5.190476190476191,,,,,,,,,,,,,,,,,,,"Mark Leiter Jr.","15551",643410
"Walker Buehler","SDP",2.12045,3.15903,0.505836,4.85291,19.074,6.824,0,0.6537,,47.3654,206.496,45.7593,27.3,25.54,7.19229,19.5373,0.744631,2.78874,36.5369,6.94245,3.71232,1.87011,1.36662,0.176938,0.0946134,0.0823243260383606,0.248463,1.37857,0.274614,0.688002,,,4.98045,0.207689,0.104922,999,,,,,,,151.10000000000005,3.2148936170212776,153,3.25531914893617,,,,,,,,,,,,,,,,,,,"Walker Buehler","19374",621111
"Ryan Watson","BOS",1.51689,1.10287,0,4.2307,29.553,0,0,0,,31.0374,132.756,29.0961,15.69,14.59,3.83056,10.9681,1.15409,1.37043,29.4007,8.52539,3.18044,2.68057,1.11076,0.221463,0.0826181,0.13884511590003967,0.241626,1.29084,0.289787,0.702398,,,4.03764,0.206947,0.0202983,999,,,,,,,126.79999999999998,4.090322580645161,125,4.032258064516129,,,,,,,,,,,,,,,,,,,"Ryan Watson","sa3015070",670245
"Hayden Harris","ATL",1.20822,0.94869,0,4.63039,32.553,0,0,6.4917,,33.5285,145.948,32.2794,18.51,17.25,4.86119,13.1964,0.76486,1.60754,38.3987,10.3073,3.54229,2.90978,1.30488,0.263098,0.0904184,0.1726795807480812,0.246137,1.35633,0.311981,0.697329,,,4.05405,0.206945,-0.12542,999,,,,,,,161.90000000000003,4.761764705882354,160,4.705882352941177,,,,,,,,,,,,,,,,,,,"Hayden Harris","31913",802686
"Jaden Hill","COL",1.81675,1.7488,0,4.52026,42.92,0,0,0.6093,,44.7386,195.685,42.9907,24.1,22.47,4.95305,19.0097,1.14084,3.02709,43.8176,8.81472,3.82416,2.30501,0.996397,0.223919,0.0971446,0.12677458673715591,0.247574,1.38584,0.3046,0.688271,,,4.09325,0.205919,-0.0494515,999,,,,,,,185.7,4.126666666666666,186,4.133333333333334,,,,,,,,,,,,,,,,,,,"Jaden Hill","30250",677955
"Justin Martinez","ARI",0.808936,0.60072,0,3.85125,22.768,0,2,0.6568,,23.7663,103.222,20.0135,10.87,10.17,2.03378,12.3468,0.877667,1.76753,27.1948,10.2983,4.67558,2.20258,0.770165,0.26346,0.119614,0.14384552836418152,0.2246,1.36161,0.300269,0.728164,,,3.74072,0.205849,0.157963,999,,,,,,,127.00000000000003,5.291666666666668,120,5,,,,,,,,,,,,,,,,,,,"Justin Martinez","24453",679885
"Yerry De los Santos","NYY",1.76766,1.00852,0,4.11017,34.354,0,0,0.691,,37.7065,161.59,36.3754,18.49,17.22,3.56514,14.2955,0.863944,1.40739,29.9041,7.13769,3.41212,2.09186,0.850948,0.185062,0.0884674,0.0965941846370697,0.249339,1.34382,0.291859,0.70449,,,4.02748,0.202971,0.1901,999,,,,,,,157.4,4.1421052631578945,157,4.131578947368421,,,,,,,,,,,,,,,,,,,"Yerry De los Santos","21420",660787
"Evan Phillips","LAD",1.08232,0.439792,0,3.6485,19.406,0,1,0.7772,,19.4381,80.3933,16.1241,8.43,7.88,2.2492,6.16267,0.396972,0.83411,19.7469,9.14297,2.85337,3.20428,1.0414,0.245629,0.0766565,0.1689721792936325,0.219685,1.14655,0.269938,0.724049,,,3.68746,0.202732,0.198208,999,,,,,,,102.4,5.389473684210526,97,5.105263157894737,,,,,,,,,,,,,,,,,,,"Evan Phillips","17734",623465
"Julian Aguiar","CIN",0.954943,1.48625,0,4.51434,23.44,2.016,0,0.6509,,34.6695,148.3,34.0635,18.6,17.39,5.10941,10.4204,0.991515,1.86516,28.2299,7.32832,2.70507,2.70911,1.32637,0.190357,0.0702657,0.12009146809577942,0.250441,1.28308,0.281998,0.693367,,,4.48558,0.202645,0.0407538,999,,,,,,,133.1,3.8028571428571425,134,3.8285714285714287,,,,,,,,,,,,,,,,,,,"Julian Aguiar","30031",687924
"Max Lazar","PHI",1.39691,0.958724,0,4.24924,34.544,0,0,0.6364,,37.1502,156.724,36.5769,18.85,17.54,4.88291,9.99822,1.00264,0.941173,28.8932,6.99966,2.42217,2.88984,1.18293,0.184357,0.0637949,0.12056191265583038,0.250896,1.2537,0.282959,0.697679,,,4.17173,0.201728,0.0341086,999,,,,,,,145.10000000000002,3.921621621621622,149,4.027027027027027,,,,,,,,,,,,,,,,,,,"Max Lazar","23426",676661
"Paul Sewald","ARI",1.8222,1.53693,0,4.56032,51.383,0,9,9.1979,,52.1016,221.067,47.0227,28.23,26.4,9.03594,16.7012,1.28574,2.60468,52.679,9.09974,2.88496,3.15421,1.56086,0.238295,0.0755483,0.16274647414684296,0.233062,1.22307,0.271245,0.694956,,,4.47918,0.200696,-0.0842927,543.0999755859375,,,,,,,278.90000000000003,5.363461538461539,270,5.1923076923076925,,,,,,,,,,,,,,,,,,,"Paul Sewald","13892",623149
"George Soriano","STL",1.54903,1.26154,0,4.32034,35.191,0,0,4.4419,,41.4342,179.42,38.2877,21.21,19.89,4.4505,17.4217,1.03109,2.86116,37.954,8.24406,3.78421,2.17854,0.966702,0.211537,0.0971,0.11443660408258438,0.240595,1.34453,0.289868,0.697258,,,4.16803,0.199962,0.0433204,999,,,,,,,187.40000000000003,4.570731707317074,185,4.512195121951219,,,,,,,,,,,,,,,,,,,"George Soriano","21863",666277
"Julian Fernández","WSN",1.39246,1.43682,0,4.55092,41.292,0,0,0.6515,,43.8834,191.381,41.4389,23.79,22.19,5.29039,19.4909,1.21607,1.75931,41.4235,8.4955,3.99736,2.12528,1.085,0.216446,0.101843,0.11460211127996445,0.243571,1.38845,0.292899,0.6939,,,4.2672,0.199716,-0.102573,999,,,,,,,180.50000000000003,4.1022727272727275,178,4.045454545454546,,,,,,,,,,,,,,,,,,,"Julian Fernandez","18341",642759
"Drew Pomeranz","LAA",2.08304,2.05032,0,4.46269,54.161,0.438,3,12.378,,54.2094,232.221,48.5678,28.79,26.88,8.91718,20.3489,1.27349,3.15378,58.4089,9.69721,3.37839,2.87037,1.48046,0.251523,0.0876275,0.16389571130275726,0.232696,1.27131,0.280431,0.711055,,,4.4193,0.199475,-0.079719,732.8499755859375,,,,,,,271.5,5.027777777777778,263,4.87037037037037,,,,,,,,,,,,,,,,,,,"Drew Pomeranz","11426",519141
"John King","MIA",1.53817,1.33481,0,4.12978,42.754,0,0,6.6427,,44.2614,189.33,47.6266,21.94,20.31,3.68105,12.4616,0.884211,1.49173,26.4836,5.3851,2.53392,2.12521,0.748495,0.13988,0.0658196,0.07406089454889297,0.271567,1.35758,0.30263,0.694428,,,3.96535,0.198467,0.101346,999,,,,,,,192.60000000000002,4.377272727272728,209,4.75,,,,,,,,,,,,,,,,,,,"John King","22051",667463
"Hunter Bigge","TBR",2.02725,1.51497,0,4.1695,44.594,0,0,6.8608,,47.1208,202.637,40.3335,23.36,21.83,5.91735,21.7629,1.20908,2.48057,48.6353,9.28926,4.15668,2.23478,1.1302,0.240011,0.107398,0.13261307775974274,0.226092,1.31781,0.277905,0.719845,,,4.24686,0.198237,0.15947,999,,,,,,,224,4.76595744680851,211,4.48936170212766,,,,,,,,,,,,,,,,,,,"Hunter Bigge","26259",685801
"Chase Lee","TOR",0.922367,0.501597,0,3.85103,19.269,0,0,0.6524,,20.9866,88.2297,18.7377,9.61,8.98,2.44108,6.58747,0.762286,1.16907,20.8722,8.95093,2.82501,3.16847,1.04684,0.236566,0.0746627,0.16190356016159058,0.232844,1.20673,0.285105,0.717336,,,3.76693,0.195576,0.0996445,999,,,,,,,103.4,4.923809523809524,101,4.809523809523809,,,,,,,,,,,,,,,,,,,"Chase Lee","29574",695445
"Jayden Murray","HOU",1.59215,1.12917,0,4.11542,33.299,0.139,0,0.6558,,35.6246,151.354,31.8248,17.46,16.29,4.45656,12.9403,0.903886,1.81325,31.8302,8.04141,3.26915,2.45978,1.12588,0.210304,0.0854967,0.12480678409337997,0.232977,1.25658,0.272827,0.708746,,,4.21684,0.194332,0.1855,999,,,,,,,157.00000000000006,4.3611111111111125,151,4.194444444444445,,,,,,,,,,,,,,,,,,,"Jayden Murray","26482",681151
"Rico Garcia","BAL",2.3185,1.6497,0,4.20107,49.169,0.039,0,10.1815,,52.7009,223.619,44.9225,26.31,24.6,8.15696,22.2665,1.6208,1.08212,55.0477,9.40078,3.80257,2.47222,1.393,0.246167,0.0995735,0.146593876183033,0.224309,1.27491,0.268233,0.733003,,,4.38732,0.191443,0.173287,999,,,,,,,257.80000000000007,4.864150943396227,242,4.566037735849057,,,,,,,,,,,,,,,,,,,"Rico Garcia","20023",670329
"Wade Miley",,1.76986,2.67728,1.40286,5.02915,7.258,5.757,0,0,,31.2816,137.149,32.8245,18.74,17.48,4.87863,11.927,0.224865,1.27058,22.4013,6.44504,3.43149,1.8782,1.40363,0.163335,0.0869632,0.07637139409780502,0.264816,1.4306,0.289079,0.685931,,,4.99605,0.190584,0.0261364,999,,,,,,,87.09999999999998,2.809677419354838,95,3.064516129032258,,,,,,,,,,,,,,,,,,,"Wade Miley","8779",489119
"Austin Warren","NYM",1.75108,1.14713,0,4.26096,34.25,0,0,0.7173,,38.442,165.001,35.6819,19.47,18.2,4.55114,15.1466,1.0451,1.59214,35.4543,8.30053,3.54611,2.34074,1.06551,0.214873,0.0917972,0.12307625263929367,0.240668,1.32221,0.287564,0.705369,,,4.13593,0.189595,0.0875263,999,,,,,,,149.1,3.9236842105263157,148,3.8947368421052633,,,,,,,,,,,,,,,,,,,"Austin Warren","24937",681810
"Mitch Bratt","ARI",0.734099,0.948387,0.552803,4.4403,3.04,2.409,0,0,,12.6478,53.4172,12.6902,6.69,6.24,1.84661,3.11765,0.0827521,0.372313,11.2757,8.02367,2.21848,3.61675,1.31403,0.211088,0.0583642,0.15272428840398788,0.254174,1.24985,0.294624,0.689566,,,4.07794,0.189548,0.0975568,999,,,,,,,50.8,3.9076923076923076,52,4,,,,,,,,,,,,,,,,,,,"Mitch Bratt","sa3017719",683352
"Joel Peguero","SFG",1.86243,1.47329,0,4.42028,47.364,0,2,3.9522,,50.1688,220.151,49.9045,26.49,24.64,5.11335,22.5532,1.60248,1.89764,44.4527,7.97457,4.04592,1.97102,0.917306,0.201919,0.102444,0.09947504848241806,0.255005,1.44428,0.306507,0.703957,,,4.15012,0.188788,0.0129919,999,,,,,,,217.5,4.35,224,4.48,,,,,,,,,,,,,,,,,,,"Joel Peguero","21951",666711
"Wikelman González","CHW",1.66677,1.48232,0,4.2807,42.563,0,0,3.4974,,47.7469,209.278,39.938,24.25,22.71,5.04684,26.8376,1.38365,2.87033,47.1413,8.88585,5.05872,1.75654,0.951298,0.225257,0.128239,0.0970180481672287,0.222409,1.39853,0.27391,0.712202,,,4.40119,0.184575,0.11056,999,,,,,,,205.70000000000005,4.285416666666667,191,3.9791666666666665,,,,,,,,,,,,,,,,,,,"Wikelman Gonzalez","26641",682790
"Victor Vodnik","COL",2.42319,2.48267,0,4.78991,59.341,0,17,4.0494,,62.9073,281.276,65.0129,35.91,33.48,5.99788,32.9379,1.89746,0.928715,57.8439,8.27559,4.71235,1.75615,0.858102,0.205648,0.117102,0.08854657411575317,0.262775,1.55707,0.32149,0.692777,,,4.15067,0.18321,-0.312746,506.8999938964844,,,,,,,338.40000000000003,5.371428571428572,352,5.587301587301587,,,,,,,,,,,,,,,,,,,"Victor Vodnik","24614",680767
"José Suarez","ATL",0.872832,0.879423,0,4.59317,21.93,0.762,0,0.6492,,30.3516,131.215,29.1165,16.63,15.49,4.16181,11.6548,0.890731,1.24902,29.9562,8.88277,3.45593,2.5703,1.23408,0.2283,0.0888222,0.1394774466753006,0.246102,1.3433,0.296399,0.690841,,,4.21918,0.18131,-0.0764884,999,,,,,,,122.4,4.08,123,4.1,,,,,,,,,,,,,,,,,,,"Jose Suarez","19911",660761
"Lake Bachar","MIA",1.73252,1.54227,0,4.26064,46.757,0.1,1,4.0878,,51.098,220.216,43.848,25.97,24.19,7.05102,23.5327,1.70818,2.47349,53.1887,9.36825,4.14486,2.26021,1.24191,0.24153,0.106862,0.134668231010437,0.225777,1.31866,0.274666,0.72007,,,4.37401,0.181011,0.0663404,999,,,,,,,225.90000000000006,4.4294117647058835,213,4.176470588235294,,,,,,,,,,,,,,,,,,,"Lake Bachar","19222",669199
"José Buttó","SFG",2.22362,1.83263,0,4.3527,54.898,0.342,2,12.9636,,62.6508,273.477,58.6036,32.53,30.3,7.0432,29.7991,1.75269,2.57714,57.4026,8.24608,4.28075,1.92632,1.01178,0.2099,0.108964,0.10093549638986588,0.243067,1.41104,0.291872,0.711372,,,4.31445,0.178778,-0.00808488,999,,,,,,,303.70000000000005,4.820634920634921,301,4.777777777777778,,,,,,,,,,,,,,,,,,,"Jose Butto","23313",676130
"Justin Hagenman","NYM",0.920111,0.607761,0,4.10215,17.582,0.085,0,0.7173,,22.554,94.837,20.6774,11.02,10.28,3.0983,6.58138,0.534252,0.987449,21.2917,8.4963,2.62625,3.23515,1.23635,0.224509,0.0693967,0.15511183440685272,0.236941,1.2086,0.279574,0.708462,,,4.03967,0.178583,0.104259,999,,,,,,,100.70000000000002,4.378260869565218,98,4.260869565217392,,,,,,,,,,,,,,,,,,,"Justin Hagenman","21546",663795
"Huascar Brazobán","NYM",2.5042,1.71538,0,4.27947,48.784,0.18,1,7.4597,,52.9762,230.21,49.3559,26.96,25.19,5.04211,23.4758,0.955347,3.65784,43.4403,7.37996,3.98826,1.85042,0.856593,0.188698,0.101976,0.08672260493040085,0.243041,1.3748,0.286646,0.697428,,,4.269,0.178533,0.0709454,999,,,,,,,241.30000000000004,4.552830188679246,238,4.490566037735849,,,,,,,,,,,,,,,,,,,"Huascar Brazoban","6107",623211
"Luis Curvelo","TEX",1.45456,0.987482,0,4.11047,30.656,0,0,0.6445,,32.3394,136.831,28.3002,15.81,14.77,4.20709,11.9523,0.849712,1.3181,30.6892,8.54076,3.32632,2.56763,1.17082,0.224286,0.0873512,0.13693469762802124,0.229039,1.24469,0.271735,0.711312,,,4.15943,0.178151,0.0737063,999,,,,,,,141.8,4.43125,135,4.21875,,,,,,,,,,,,,,,,,,,"Luis Curvelo","24710",681168
"Germán Márquez","SDP",5.1052,8.17061,4.76388,5.62349,23.035,18.473,0,0.6537,,100.667,445.177,112.836,67.35,62.9,18.0952,34.9962,0.829493,3.30846,65.331,5.84083,3.12879,1.8668,1.61778,0.146753,0.0786119,0.06814111769199371,0.277326,1.46853,0.292911,0.657003,,,5.31549,0.175737,-0.412446,999,,,,,,,252.2000000000001,2.497029702970298,291,2.881188118811881,,,,,,,,,,,,,,,,,,,"German Marquez","15038",608566
"Bryan Hudson","NYM",1.58267,1.0084,0,4.22061,30.813,0,0,4.5906,,33.7131,144.773,30.1994,16.94,15.81,4.02529,12.7226,0.853419,2.98991,33.1765,8.85674,3.3964,2.60768,1.07459,0.229161,0.0878791,0.14128194749355316,0.233993,1.27315,0.284937,0.696819,,,4.11735,0.175077,0.078313,999,,,,,,,162.40000000000003,4.776470588235295,156,4.588235294117647,,,,,,,,,,,,,,,,,,,"Bryan Hudson","19924",663542
"Gavin Hollowell","CHC",0.808996,0.577311,0,3.88012,18.447,0,0,0.7209,,20.2494,86.0088,16.6264,9.33,8.73,2.2974,8.82657,0.828611,1.10083,21.4816,9.54764,3.92304,2.43374,1.0211,0.24976,0.102624,0.14713606238365173,0.218534,1.25697,0.273964,0.725064,,,3.95913,0.173227,0.148847,999,,,,,,,95.2,4.76,90,4.5,,,,,,,,,,,,,,,,,,,"Gavin Hollowell","25427",668970
"Juan Burgos","ARI",0.894572,0.700994,0,4.1,25.236,0,0,0.6568,,26.5171,114.791,24.4584,12.94,12.08,2.25242,11.5614,0.75932,1.54821,23.1301,7.85043,3.92399,2.00062,0.764479,0.201497,0.100717,0.1007799506187439,0.24054,1.35836,0.291039,0.702231,,,3.978,0.172292,0.113439,999,,,,,,,120.80000000000001,4.474074074074075,117,4.333333333333333,,,,,,,,,,,,,,,,,,,"Juan Burgos","27271",686228
"Danny Young","ATL",0.590569,0.375877,0,3.74899,15.208,0,0,0.6492,,15.1721,65.3152,13.2794,6.77,6.32,1.12274,6.28507,0.377824,1.70631,17.432,10.3406,3.72827,2.77356,0.666003,0.266891,0.0962268,0.17066418379545212,0.231656,1.2895,0.313567,0.711095,,,3.37938,0.172147,0.0858507,999,,,,,,,78.9,5.260000000000001,76,5.066666666666666,,,,,,,,,,,,,,,,,,,"Danny Young","18439",664849
"Tristan Beck","SFG",0.876105,0.698445,0,4.37242,21.929,0.048,0,0.6515,,27.0468,116.385,26.9084,14.11,13.14,3.29263,8.9937,0.801183,1.00039,23.8025,7.92042,2.99271,2.64657,1.09564,0.204515,0.0772753,0.1272391676902771,0.25292,1.32741,0.297818,0.696402,,,4.06617,0.171672,0.0111061,999,,,,,,,114.7,4.2481481481481485,118,4.37037037037037,,,,,,,,,,,,,,,,,,,"Tristan Beck","21584",663941
"Prelander Berroa","CHW",1.03298,0.884986,0,4.08033,26.11,0,0,0.5829,,27.3287,118.606,21.9074,13.27,12.39,2.96459,15.3567,0.786142,1.43323,29.6947,9.77919,5.05732,1.93367,0.97631,0.250363,0.129476,0.12088768184185028,0.215166,1.36355,0.273909,0.724598,,,4.21531,0.169542,0.113436,999,,,,,,,121.7,4.507407407407407,112,4.148148148148148,,,,,,,,,,,,,,,,,,,"Prelander Berroa","22932",672860
"Richard Lovelady","WSN",0.915245,0.836389,0,4.08083,26.252,0,0,0.6515,,27.3694,116.514,25.1909,13.32,12.41,3.05971,8.83782,0.637106,2.44316,24.6771,8.1147,2.90618,2.79222,1.00614,0.211796,0.075852,0.1359436959028244,0.239382,1.24331,0.285578,0.696205,,,4.02171,0.166983,0.113436,999,,,,,,,118.9,4.403703703703704,117,4.333333333333333,,,,,,,,,,,,,,,,,,,"Richard Lovelady","19337",663992
"Bailey Horn","DET",1.28122,1.02721,0,4.11007,33.096,0,0,0.6028,,35.1673,151.298,31.2344,17.25,16.06,4.12646,15.2646,1.30236,1.34037,33.2448,8.50799,3.90651,2.1779,1.05604,0.21973,0.100891,0.1188393086194992,0.231892,1.32222,0.278538,0.718261,,,4.18638,0.166861,0.131846,999,,,,,,,151.20000000000002,4.32,145,4.142857142857143,,,,,,,,,,,,,,,,,,,"Bailey Horn","27753",690544
"Jalen Beeks","TEX",2.26872,2.61264,0,4.35981,41.262,0.15,0,6.9607,,42.917,185.478,41.4329,22.28,20.79,5.06478,16.7503,0.957616,1.84208,36.9969,7.75851,3.51265,2.20873,1.06212,0.199468,0.0903088,0.10915925353765488,0.248271,1.35571,0.291355,0.702709,,,4.24484,0.165841,0.0479204,999,,,,,,,195.1,4.537209302325581,195,4.534883720930233,,,,,,,,,,,,,,,,,,,"Jalen Beeks","17192",656222
"Tony Gonsolin",,1.02889,1.34029,0.697886,4.41985,3.977,3.063,0,0,,16.4327,70.1386,14.7838,8.62,8.07,2.42049,6.57561,0.124088,0.650476,14.8598,8.13856,3.60139,2.25984,1.32568,0.211864,0.0937517,0.11811210960149765,0.234989,1.29981,0.270933,0.708898,,,4.56065,0.165467,0.0863598,999,,,,,,,60.80000000000001,3.8000000000000007,60,3.75,,,,,,,,,,,,,,,,,,,"Tony Gonsolin","19388",664062
"Tony Santillan","CIN",2.33081,2.11351,0,4.74948,65.3,0,5,13.2633,,66.1715,290.163,62.0549,37.25,34.92,9.77947,29.7498,1.59164,3.78017,70.1692,9.54372,4.04628,2.35864,1.33011,0.241827,0.102528,0.13929881900548935,0.241804,1.38737,0.295869,0.698403,,,4.45572,0.165153,-0.255415,664.7999877929688,,,,,,,319.2000000000001,4.836363636363638,315,4.7727272727272725,,,,,,,,,,,,,,,,,,,"Tony Santillan","19926",663574
"Josh Simpson","SEA",0.903049,0.696298,0,3.68956,22.941,0,0,0.65,,23.6126,100.479,19.3121,10.39,9.68,2.32757,10.3428,0.934511,1.87525,24.7066,9.41697,3.9422,2.38876,0.887158,0.245889,0.102936,0.1429530307650566,0.218808,1.25589,0.277405,0.729834,,,3.87625,0.164772,0.261336,999,,,,,,,121.60000000000002,5.066666666666667,112,4.666666666666667,,,,,,,,,,,,,,,,,,,"Josh Simpson","25957",681006
"Adam Macko","TOR",0.575608,0.524981,0,3.88626,11.178,0.745,0,0,,14.7983,63.312,12.6061,6.85,6.39,1.54689,6.47239,0.497097,0.766597,15.8872,9.66222,3.93637,2.4546,0.940782,0.250934,0.10223,0.1487041935324669,0.224815,1.28923,0.286219,0.723029,,,3.81441,0.164591,0.135904,999,,,,,,,63.60000000000001,4.24,60,4,,,,,,,,,,,,,,,,,,,"Adam Macko","sa3011555",671936
"Mike Vasil","CHW",2.31511,2.19179,0,4.45099,60.426,0.152,1,14.6187,,72.4289,315.584,69.4595,38.41,35.82,7.61745,31.3838,2.18478,3.96251,57.5445,7.15047,3.89974,1.83357,0.946543,0.182343,0.0994466,0.08289597183465958,0.247859,1.39231,0.287535,0.692327,,,4.37741,0.164285,-0.0383279,999,,,,,,,331.0000000000001,4.597222222222224,332,4.611111111111111,,,,,,,,,,,,,,,,,,,"Mike Vasil","30105",678024
"Griff McGarry","WSN",1.38073,1.2597,0,4.09008,39.286,0,0,0,,44.9331,197.99,34.4111,21.77,20.42,4.73343,29.6015,1.49892,2.87374,54.1567,10.8475,5.92912,1.82952,0.948095,0.273533,0.149511,0.12402252852916718,0.207904,1.42462,0.278339,0.736116,,,4.2623,0.163567,0.154872,999,,,,,,,192.1,4.268888888888889,169,3.7555555555555555,,,,,,,,,,,,,,,,,,,"Griff McGarry","sa3017130",676046
"Seth Halvorsen","COL",2.00396,2.13382,0,4.95956,49.669,0,6,0.6093,,51.7909,230.682,54.6263,30.67,28.54,5.73085,23.5034,1.64608,1.92261,48.2391,8.38279,4.08432,2.05243,0.995882,0.209116,0.101887,0.10722894966602325,0.266138,1.50856,0.3232,0.676966,,,4.1836,0.162759,-0.388032,698.2999877929688,,,,,,,220,4.230769230769231,234,4.5,,,,,,,,,,,,,,,,,,,"Seth Halvorsen","33294",678020
"Matt Gage","SFG",1.991,1.69182,0,4.69976,51.203,0.088,0,10.0326,,53.4091,234.124,55.5382,29.95,27.89,6.47823,20.4157,1.69931,2.07316,44.3609,7.47528,3.44025,2.17289,1.09165,0.189476,0.0872001,0.1022757738828659,0.262424,1.42211,0.305106,0.687812,,,4.31399,0.161071,-0.234239,999,,,,,,,234.80000000000004,4.430188679245283,249,4.69811320754717,,,,,,,,,,,,,,,,,,,"Matt Gage","17381",657424
"Roddery Muñoz","HOU",1.94799,1.67403,0,4.49449,41.898,0.732,0,9.7392,,50.3817,219.425,46.1072,26.93,25.16,6.68709,23.9218,1.49092,1.94295,51.2252,9.15068,4.27331,2.14136,1.19456,0.233452,0.109021,0.12443139404058456,0.238206,1.38997,0.290606,0.710419,,,4.36725,0.158807,-0.0344297,999,,,,,,,228.29999999999998,4.566,223,4.46,,,,,,,,,,,,,,,,,,,"Roddery Munoz","25311",682610
"Jason Foley","SFG",1.00701,0.765249,0,4.22883,25.307,0,0,0.6515,,25.7731,110.623,26.9335,13.07,12.11,2.44673,7.61732,0.606897,1.22282,19.1368,6.68259,2.65998,2.51227,0.854401,0.172991,0.0688585,0.10413286834955215,0.264618,1.34058,0.305325,0.690138,,,3.91325,0.158292,0.0598864,999,,,,,,,112.60000000000001,4.330769230769231,119,4.576923076923077,,,,,,,,,,,,,,,,,,,"Jason Foley","19531",671345
"Cole Winn","TEX",2.60081,1.7884,0,4.1695,55.044,0,3,11.013,,62.4248,271.067,53.9103,30.88,28.92,6.33995,31.2432,2.00724,3.75336,55.2347,7.96337,4.50444,1.76789,0.914053,0.203768,0.11526,0.08850754052400589,0.228366,1.3641,0.272617,0.711527,,,4.36766,0.156822,0.142806,999,,,,,,,308.5999999999999,4.977419354838708,296,4.774193548387097,,,,,,,,,,,,,,,,,,,"Cole Winn","22113",668390
"Angel Bastardo","TOR",0.702511,0.44587,0,3.69732,14.14,0.277,0,0,,16.3578,68.834,13.7503,7.19,6.72,1.69967,6.41634,0.495764,0.70676,16.9424,9.32167,3.53025,2.64051,0.935152,0.246135,0.0932147,0.15292003005743027,0.222818,1.23284,0.279799,0.729553,,,3.7208,0.154119,0.139761,999,,,,,,,70.4,4.4,67,4.1875,,,,,,,,,,,,,,,,,,,"Angel Bastardo","sa3009716",682785
"Brandon Eisert","CHW",2.01461,1.7949,0,4.4199,52.003,0.06,0,6.0622,,54.2048,230.535,49.9419,28.62,26.62,8.28436,17.7044,1.6363,3.09203,51.7308,8.58923,2.93959,2.92191,1.37551,0.224394,0.076797,0.1475972682237625,0.238114,1.24798,0.278229,0.696299,,,4.36426,0.152,-0.0796989,999,,,,,,,236.20000000000005,4.374074074074075,231,4.277777777777778,,,,,,,,,,,,,,,,,,,"Brandon Eisert","27668",685126
"Taylor Clarke","ARI",1.76837,1.49174,0,4.44075,50.224,0.063,0,12.5097,,53.5653,228.462,52.8585,28.35,26.43,7.48911,16.5262,1.06779,1.46319,42.8371,7.19745,2.77673,2.59206,1.25831,0.187502,0.0723369,0.1151648461818695,0.251142,1.29533,0.283299,0.696685,,,4.36079,0.151494,0.0221948,999,,,,,,,259.7,4.809259259259259,263,4.87037037037037,,,,,,,,,,,,,,,,,,,"Taylor Clarke","17611",664199
"Pierson Ohl","COL",1.00632,1.7983,0,5.15703,22.961,1.866,0,0,,43.1411,187.466,47.8995,26.54,24.72,7.54104,11.0022,1.4358,1.04902,34.9097,7.28278,2.29526,3.17297,1.57319,0.186219,0.0586891,0.12752945721149445,0.273064,1.36533,0.303528,0.669401,,,4.62717,0.150761,-0.3151,999,,,,,,,129,3,145,3.372093023255814,,,,,,,,,,,,,,,,,,,"Pierson Ohl","30179",701487
"Spencer Bivens","SFG",2.31891,1.88845,0,4.53143,58.565,0.067,0,14.1875,,68.0844,296.462,70.1614,36.89,34.28,7.50592,25.02,1.89897,3.55235,49.7309,6.57387,3.30736,1.98765,0.992199,0.167748,0.0843952,0.0833529457449913,0.261904,1.39799,0.297435,0.688429,,,4.36643,0.150683,-0.149211,999,,,,,,,291.80000000000007,4.291176470588236,305,4.485294117647059,,,,,,,,,,,,,,,,,,,"Spencer Bivens","30226",702352
"Drey Jameson","ARI",1.82319,1.62231,0,4.6895,53.848,0,2,0.6568,,58.7462,257.892,60.0213,32.77,30.61,6.73067,23.5007,1.82744,3.05711,48.8153,7.47856,3.60034,2.07718,1.03115,0.189286,0.0911262,0.09815949201583862,0.259457,1.42174,0.303153,0.684921,,,4.3189,0.150606,-0.220527,746.7000122070312,,,,,,,225.5,3.8220338983050848,235,3.983050847457627,,,,,,,,,,,,,,,,,,,"Drey Jameson","26260",686753
"Steven Cruz","KCR",1.6302,1.34796,0,4.42179,39.534,0.097,0,0.666,,40.8093,177.241,37.5379,21.4,20.05,4.73518,18.3298,0.836868,1.78843,37.099,8.18173,4.04242,2.02397,1.04429,0.209313,0.103417,0.10589609295129776,0.238908,1.36899,0.284527,0.700016,,,4.30433,0.149868,0.0433153,999,,,,,,,161.10000000000002,3.929268292682927,158,3.8536585365853657,,,,,,,,,,,,,,,,,,,"Steven Cruz","23165",674444
"Chris Roycroft","STL",1.54324,1.32009,0,4.5004,35.824,0,0,0.6663,,39.0965,172.353,38.7525,20.83,19.55,3.27044,18.4833,1.11439,1.75448,30.3576,6.9883,4.25485,1.64243,0.752854,0.176136,0.107241,0.06889498978853226,0.254757,1.46396,0.299458,0.691374,,,4.22255,0.146809,-0.0631935,999,,,,,,,154.3,3.9564102564102566,160,4.102564102564102,,,,,,,,,,,,,,,,,,,"Chris Roycroft","31261",688297
"Marco Raya","MIN",0.906784,0.63644,0,4.10955,19.897,0,0,0,,20.6081,88.6272,18.3236,10.06,9.41,2.29681,8.70007,0.593199,1.13169,20.2071,8.82487,3.79951,2.32264,1.00307,0.228001,0.0981648,0.12983626872301102,0.232547,1.31131,0.284711,0.712516,,,4.05417,0.146183,0.0996385,999,,,,,,,94.00000000000001,4.476190476190477,89,4.238095238095238,,,,,,,,,,,,,,,,,,,"Marco Raya","sa3014550",694397
"Mitch Spence","KCR",0.893524,0.869857,0,4.38523,21.469,0.447,0,0.666,,26.3316,113.236,26.3774,13.75,12.83,3.00295,8.75494,0.683176,1.05927,21.7115,7.42089,2.99239,2.47992,1.02639,0.191736,0.0773156,0.11442063003778458,0.255045,1.33423,0.296977,0.691353,,,4.08676,0.14564,-0.0420868,999,,,,,,,105.9,4.073076923076924,109,4.1923076923076925,,,,,,,,,,,,,,,,,,,"Mitch Spence","27707",687765
"Ben Joyce","LAA",1.51412,1.34381,0,4.38975,40.561,0,9,0.4429,,42.8908,187.645,40.804,22.37,20.92,4.37696,19.6287,1.00119,2.53792,39.8052,8.35252,4.11878,2.02791,0.918439,0.21213,0.104605,0.10752470046281815,0.246581,1.40899,0.300314,0.700906,,,4.1561,0.144982,0.0479204,720.6099853515625,,,,,,,218.4,5.079069767441861,219,5.093023255813954,,,,,,,,,,,,,,,,,,,"Ben Joyce","31461",690829
"Wandy Peralta","SDP",2.49301,1.76896,0,3.9512,57.304,0.084,0,10.2465,,57.4459,246.383,53.6601,27.11,25.22,5.60232,21.9781,1.27499,4.03454,43.7273,6.85072,3.44329,1.98959,0.877711,0.177477,0.0892028,0.0882740467786789,0.243499,1.31669,0.280972,0.715808,,,4.23902,0.144715,0.285109,999,,,,,,,257.6,4.519298245614036,257,4.508771929824562,,,,,,,,,,,,,,,,,,,"Wandy Peralta","14295",593974
"Steven Wilson","TBR",2.03019,1.52969,0,4.28071,43.959,0,0,0.6597,,44.3408,189.213,37.7408,22.57,21.09,6.50523,18.8971,1.16654,1.38456,42.0144,8.5278,3.8356,2.22333,1.32039,0.222048,0.0998719,0.12217625230550766,0.223409,1.27733,0.259407,0.716757,,,4.51951,0.144064,-0.000814928,999,,,,,,,168.7,3.834090909090909,157,3.5681818181818183,,,,,,,,,,,,,,,,,,,"Steven Wilson","20353",621051
"Dax Fulton","MIA",0.41612,0.31895,0,3.61835,11.267,0,0,0,,11.6904,49.8779,10.5384,5.05,4.7,0.784696,4.73382,0.407318,0.514405,11.628,8.95196,3.64439,2.45637,0.604108,0.233129,0.0949081,0.13822106271982193,0.23613,1.30639,0.302751,0.721214,,,3.36522,0.143049,0.130701,999,,,,,,,53.90000000000001,4.491666666666668,53,4.416666666666667,,,,,,,,,,,,,,,,,,,"Dax Fulton","sa3014535",690978
"Carlos Estévez","KCR",2.53829,2.13839,0,4.62958,61.993,0,29,1.9979,,63.5695,274.159,61.5006,34.98,32.7,9.47862,22.7036,2.0135,1.99943,53.5609,7.58301,3.21431,2.35914,1.34196,0.195365,0.0828118,0.11255273222923279,0.246539,1.3246,0.279064,0.693942,,,4.5542,0.142052,-0.158472,105.04000091552734,,,,,,,387.7000000000001,6.057812500000002,389,6.078125,,,,,,,,,,,,,,,,,,,"Carlos Estevez","14542",608032
"Reiver Sanmartin","SFG",0.996116,0.756296,0,4.23864,25.14,0,0,0.6515,,27.7306,120.196,28.7158,14.05,13.06,2.58034,9.84597,0.72305,1.07814,21.8894,7.10423,3.19552,2.22318,0.837451,0.182115,0.0819162,0.10019851475954056,0.262793,1.39059,0.308195,0.701353,,,3.94788,0.141878,0.0644931,999,,,,,,,109.9,3.9250000000000003,116,4.142857142857143,,,,,,,,,,,,,,,,,,,"Reiver Sanmartin","19754",665665
"Ron Marinaccio","SDP",1.5537,1.21302,0,4.44959,36.723,0,0,0.6537,,40.3925,176.044,35.278,21.4,19.97,4.8669,19.8169,0.895275,2.6625,40.4584,9.01468,4.41548,2.04161,1.08441,0.22982,0.112568,0.11725188046693802,0.229728,1.36399,0.280962,0.697888,,,4.36782,0.140649,-0.00999676,999,,,,,,,158.5,3.9625,150,3.75,,,,,,,,,,,,,,,,,,,"Ron Marinaccio","23488",676760
"Zak Kent","MIN",0.954119,0.707949,0,4.35132,21.556,0,0,0.6268,,24.5305,106.627,23.5062,12.71,11.86,2.57422,10.4934,0.82589,0.988147,22.4659,8.24253,3.84992,2.14096,0.944457,0.210696,0.0984118,0.11228380352258682,0.247054,1.38601,0.298577,0.700415,,,4.07183,0.139776,0.00650068,999,,,,,,,100.69999999999999,4.028,101,4.04,,,,,,,,,,,,,,,,,,,"Zak Kent","25703",687849
"Brock Burke","CIN",2.11318,1.9272,0,4.74159,59.137,0.099,0,12.8121,,60.0748,258.233,62.2776,33.94,31.65,9.40554,17.2009,1.70215,2.10149,51.5983,7.73011,2.57693,2.99974,1.40907,0.199813,0.06661,0.13320278376340866,0.260651,1.32299,0.297156,0.686744,,,4.41658,0.138826,-0.269041,999,,,,,,,271.1,4.5183333333333335,282,4.7,,,,,,,,,,,,,,,,,,,"Brock Burke","17968",656271
"DL Hall","MIL",2.20001,1.61324,0,4.31287,45.165,0.338,0,6.4581,,54.4232,235.972,49.5618,27.88,26.08,6.59115,24.0384,1.30137,2.76241,50.537,8.35734,3.97525,2.10234,1.08998,0.214166,0.10187,0.11229570209980011,0.236944,1.35237,0.282622,0.710244,,,4.32973,0.13766,0.022209,999,,,,,,,228.5,4.231481481481482,224,4.148148148148148,,,,,,,,,,,,,,,,,,,"DL Hall","22207",669084
"Paxton Schultz","WSN",1.158,1.20953,0,4.53224,33.705,0.083,0,0.6515,,39.8743,173.686,36.2713,21.54,20.08,5.31204,18.8958,1.2204,1.00089,38.1557,8.6121,4.26496,2.01927,1.19898,0.219682,0.108793,0.11088905483484268,0.235851,1.38353,0.280628,0.704524,,,4.45015,0.136164,-0.111635,999,,,,,,,160.9,4.0225,155,3.875,,,,,,,,,,,,,,,,,,,"Paxton Schultz","25501",687606
"Thomas Harrington","PIT",0.724754,1.0391,0.138527,4.89088,7.685,2.042,0,0.6584,,16.2486,70.4721,16.8509,9.44,8.83,2.50261,5.10591,0.275128,0.650566,13.1273,7.27115,2.82813,2.57101,1.38618,0.186277,0.0724529,0.11382421106100082,0.260384,1.35131,0.292312,0.678302,,,4.58441,0.135959,0.035459,999,,,,,,,49.3,3.08125,53,3.3125,,,,,,,,,,,,,,,,,,,"Thomas Harrington","31989",802419
"Didier Fuentes","ATL",0.582314,0.795249,0.111406,4.52032,5.223,1.852,0,0,,11.0302,47.07,10.7404,5.94,5.54,1.71873,3.386,0.146676,0.4336,10.9903,8.96742,2.76278,3.24579,1.40238,0.233488,0.0719355,0.16155238449573517,0.248331,1.2807,0.295392,0.698488,,,4.2069,0.135573,0.0591557,999,,,,,,,41.20000000000001,3.7454545454545465,42,3.8181818181818183,,,,,,,,,,,,,,,,,,,"Didier Fuentes","30661",800311
"Tyler Gilbert","CHW",1.30262,1.27613,0,4.41528,33.635,0.315,0,0.5829,,36.1404,155.687,34.2635,19.03,17.73,4.5003,13.2231,1.00238,2.063,32.2996,8.04352,3.29294,2.44266,1.1207,0.207465,0.084934,0.12253081053495407,0.24404,1.31395,0.287286,0.690926,,,4.23538,0.134722,-0.0191908,999,,,,,,,139.50000000000003,3.875000000000001,138,3.8333333333333335,,,,,,,,,,,,,,,,,,,"Tyler Gilbert","17964",656457
"Carson Seymour","SFG",0.718794,0.608756,0,4.06288,17.765,0.222,0,0.6515,,22.7277,98.9287,22.1652,11.06,10.26,2.12356,9.89311,0.702788,1.21206,21.4309,8.48646,3.9176,2.16624,0.840912,0.216629,0.100002,0.11662690341472626,0.252384,1.41054,0.31184,0.721955,,,3.92976,0.132924,0.104259,999,,,,,,,101.40000000000002,4.408695652173914,102,4.434782608695652,,,,,,,,,,,,,,,,,,,"Carson Seymour","30084",693313
"Alex Lange","KCR",1.84609,1.543,0,4.53943,46.03,0,0,6.9259,,46.2745,204.93,41.7492,24.95,23.34,4.79964,25.4963,0.786977,3.21946,48.046,9.34453,4.95881,1.88443,0.93349,0.23445,0.124415,0.11003588885068893,0.236923,1.45319,0.299505,0.698799,,,4.26861,0.132864,-0.0980451,999,,,,,,,209.70000000000005,4.558695652173914,205,4.456521739130435,,,,,,,,,,,,,,,,,,,"Alex Lange","19883",656638
"Joe Jiménez","ATL",0.642848,0.459196,0,4.3199,16.625,0,0,0.6492,,17.3754,74.0019,15.3291,8.92,8.34,2.40034,6.44569,0.292345,0.97223,19.9843,10.3514,3.3387,3.10042,1.24331,0.270052,0.0871017,0.18294988572597504,0.230221,1.25319,0.29251,0.698086,,,3.91149,0.131921,-0.0118979,999,,,,,,,85.20000000000002,5.011764705882354,82,4.823529411764706,,,,,,,,,,,,,,,,,,,"Joe Jimenez","15761",641729
"Cole Wilcox","SEA",0.673305,0.572898,0,4.01966,17.535,0,0,0.65,,18.9419,80.5487,17.3278,9.08,8.46,1.9462,6.87859,0.550157,0.976457,16.6957,7.93274,3.26828,2.42719,0.924712,0.207274,0.0853968,0.12187771499156952,0.238368,1.27793,0.284573,0.704153,,,3.95208,0.131865,0.0950429,999,,,,,,,85.8,4.515789473684211,83,4.368421052631579,,,,,,,,,,,,,,,,,,,"Cole Wilcox","27481",677961
"Nolan Hoffman","PHI",0.641341,0.4332,0,4.17837,16.136,0,0,0.6364,,17.0162,73.2658,16.0538,8.49,7.9,1.71653,6.58705,0.447885,0.860625,16.3146,8.62893,3.48394,2.47677,0.907888,0.222677,0.0899062,0.13277100026607513,0.243912,1.33055,0.300025,0.699233,,,3.84203,0.130749,0.09045,999,,,,,,,71.60000000000002,4.211764705882354,71,4.176470588235294,,,,,,,,,,,,,,,,,,,"Nolan Hoffman","23381",676510
"Scott Alexander","SFG",1.49674,1.58807,0,4.01383,26.598,0.064,0,0,,26.3688,112.156,26.2963,12.66,11.76,2.31749,8.0912,0.833385,1.11874,16.8237,5.74213,2.76163,2.07926,0.790988,0.150002,0.0721422,0.07785989344120026,0.255437,1.3041,0.286126,0.697669,,,4.04947,0.13034,0.0598863,999,,,,,,,107.20000000000002,4.1230769230769235,111,4.269230769230769,,,,,,,,,,,,,,,,,,,"Scott Alexander","10591",518397
"Caleb Ferguson","CIN",2.05446,1.79782,0,4.55063,56.687,0.059,0,4.3397,,56.0691,243.532,55.1607,30.36,28.35,6.83301,20.3992,1.0801,4.70124,47.0824,7.55749,3.2744,2.30806,1.09681,0.193332,0.0837638,0.10956785082817078,0.252531,1.34762,0.293756,0.684912,,,4.38298,0.128586,-0.0751419,999,,,,,,,220.30000000000007,3.9339285714285728,224,4,,,,,,,,,,,,,,,,,,,"Caleb Ferguson","19349",657571
"Isaac Mattson","PIT",2.72093,1.94492,0,4.46002,58.406,0,2,13.1025,,63.0602,273.776,54.5282,33.33,31.25,8.56949,31.3262,1.45587,2.17817,59.116,8.43708,4.47089,1.88711,1.22304,0.215929,0.114423,0.10150578618049622,0.226944,1.36147,0.266295,0.711162,,,4.62077,0.128286,-0.00809904,999,,,,,,,293.50000000000006,4.65873015873016,279,4.428571428571429,,,,,,,,,,,,,,,,,,,"Isaac Mattson","20385",676755
"Ronan Kopp","LAD",0.70608,0.286388,0,3.6127,12.862,0,0,0,,13.4027,57.6794,10.0188,5.74,5.38,1.1605,7.83884,0.340951,0.729871,16.907,11.3532,5.26383,2.15682,0.779281,0.29312,0.135904,0.15721644461154938,0.204004,1.33239,0.285354,0.746484,,,3.65582,0.126703,0.0812643,999,,,,,,,64.89999999999999,4.9923076923076914,59,4.538461538461538,,,,,,,,,,,,,,,,,,,"Ronan Kopp","sa3017751",691947
"Pedro Avila","CLE",0.95181,1.47665,0,4.76551,24.91,1.488,0,0.6803,,34.1642,151.839,33.9877,19.3,18.09,3.82424,16.0279,0.734715,2.21759,31.6183,8.32933,4.22229,1.9727,1.00743,0.208236,0.105558,0.10267709195613861,0.254411,1.46398,0.307316,0.68774,,,4.34152,0.126303,-0.0665156,999,,,,,,,128.00000000000003,3.764705882352942,132,3.8823529411764706,,,,,,,,,,,,,,,,,,,"Pedro Avila","18864",658648
"Sam Bachman","LAA",1.46929,1.23798,0,4.15066,38.214,0,0,4.2177,,40.1358,174.195,36.2048,19.77,18.51,4.05489,19.31,1.23934,2.08389,36.5226,8.18978,4.33006,1.89138,0.909264,0.209665,0.110853,0.09881176054477692,0.23694,1.38318,0.28648,0.717221,,,4.22768,0.125026,0.0921329,999,,,,,,,180.20000000000002,4.505000000000001,175,4.375,,,,,,,,,,,,,,,,,,,"Sam Bachman","29754",696147
"Miguel Ullola","HOU",0.74896,0.521088,0,3.82714,15.113,0.141,0,0,,16.9317,72.7381,12.0333,7.66,7.2,1.82058,10.0658,0.48708,1.088,20.367,10.826,5.35046,2.02338,0.967724,0.280004,0.138384,0.14161984622478485,0.195396,1.30519,0.259228,0.738563,,,4.10344,0.124966,0.0904593,999,,,,,,,77.00000000000001,4.529411764705883,66,3.8823529411764706,,,,,,,,,,,,,,,,,,,"Miguel Ullola","sa3016504",699044
"Colin Holderman","CLE",1.41878,1.40002,0,4.48017,38.516,0,0,0.6803,,39.6347,172.476,37.3593,21.09,19.73,4.58253,16.5991,0.796837,2.91657,34.6089,7.85877,3.76922,2.08499,1.04057,0.200659,0.0962399,0.10441899299621582,0.244242,1.36139,0.288099,0.691343,,,4.36896,0.124954,-0.0100061,999,,,,,,,152.3,3.8075,149,3.725,,,,,,,,,,,,,,,,,,,"Colin Holderman","22361",670059
"Nestor Cortes",,0.842838,1.09365,0.744653,4.67399,2.73,2.506,0,0,,13.113,56.0135,12.3349,7.28,6.81,2.30065,4.58942,0.0613784,0.443152,11.1153,7.62887,3.14991,2.42194,1.57903,0.198439,0.0819341,0.11650506407022476,0.241952,1.29065,0.267117,0.70379,,,4.87201,0.12327,0.109375,999,,,,,,,47.39999999999999,3.6461538461538456,46,3.5384615384615383,,,,,,,,,,,,,,,,,,,"Nestor Cortes","17874",641482
"Mitch Farris","LAA",1.33191,2.18854,1.56684,5.33263,4.95,4.843,0,0,,24.3707,107.296,25.2755,15.4,14.44,4.43837,9.61451,0.0877755,0.992533,20.7928,7.67871,3.5506,2.16265,1.63907,0.19379,0.0896077,0.10418251156806946,0.261412,1.43164,0.291602,0.679656,,,5.10202,0.12324,0.00147988,999,,,,,,,72.40000000000003,3.016666666666668,77,3.2083333333333335,,,,,,,,,,,,,,,,,,,"Mitch Farris","33628",815083
"Sammy Peralta","MIL",0.637925,0.418287,0,4.10097,13.117,0,0,0.621,,15.5378,65.9092,14.4497,7.6,7.08,1.88255,4.90945,0.481713,0.690591,14.4649,8.37853,2.84372,2.94633,1.09044,0.219467,0.0744881,0.14497868716716766,0.239594,1.24594,0.285866,0.703148,,,3.92956,0.12278,0.0368532,999,,,,,,,71.4,4.4625,68,4.25,,,,,,,,,,,,,,,,,,,"Sammy Peralta","25589",671111
"Brandon Walter","HOU",0.438402,0.407843,0.455215,4.04646,1.374,1.065,0,0,,7.3175,30.4866,6.91754,3.52,3.29,0.992958,1.76439,0.0521775,0.362755,6.6935,8.23253,2.17007,3.79366,1.22127,0.219555,0.0578743,0.16168106347322464,0.243923,1.18646,0.286585,0.70791,,,3.94182,0.121456,0.036766,999,,,,,,,29.300000000000015,4.185714285714288,30,4.285714285714286,,,,,,,,,,,,,,,,,,,"Brandon Walter","26056",687888
"Zack Kelly","BOS",2.70431,2.02859,0,4.38021,52.422,0,0,12.1976,,56.1959,244.241,50.8696,29.33,27.35,6.74016,25.6401,1.75311,3.24487,50.514,8.09003,4.10636,1.97012,1.07946,0.20682,0.104979,0.10184179246425629,0.236211,1.36148,0.27912,0.703403,,,4.43859,0.120773,0.0267955,999,,,,,,,258.70000000000005,4.619642857142858,252,4.5,,,,,,,,,,,,,,,,,,,"Zack Kelly","20349",677161
"Domingo Gonzalez","SEA",0.609189,0.507945,0,3.95165,15.71,0,0,0,,16.421,69.9813,13.8255,7.72,7.21,1.84525,6.99777,0.500963,1.02646,17.2349,9.44609,3.83533,2.46291,1.01134,0.246279,0.0999949,0.14628395438194275,0.223146,1.26809,0.27941,0.718384,,,3.96281,0.118291,0.0368531,999,,,,,,,67.4,4.2125,64,4,,,,,,,,,,,,,,,,,,,"Domingo Gonzalez","sa3007495",682445
"Jose Quintana","COL",5.36379,9.94768,10.6463,6.16995,22.083,22.083,0,0,,127.241,581.263,157.526,93.03,87.23,20.3771,52.3086,0.387066,4.38474,75.4388,5.33593,3.69989,1.44219,1.44131,0.129784,0.0899912,0.03979295492172241,0.300294,1.64911,0.319877,0.644237,,,5.36794,0.117697,-1.1782,999,,,,,,,265.00000000000017,2.0866141732283476,357,2.811023622047244,,,,,,,,,,,,,,,,,,,"Jose Quintana","11423",500779
"James Karinchak","ATL",0.700757,0.52444,0,4.528,18.25,0,0,0.6492,,18.9819,83.0589,15.2606,10.22,9.55,2.41517,10.8962,0.379215,1.01052,24.2168,11.482,5.16629,2.2225,1.14512,0.291562,0.131187,0.16037501394748688,0.214479,1.37799,0.288531,0.699733,,,4.11944,0.115194,-0.00729842,999,,,,,,,93,4.894736842105263,85,4.473684210526316,,,,,,,,,,,,,,,,,,,"James Karinchak","20151",675916
"Zach Pop","PHI",0.902934,0.622059,0,4.22911,22.837,0,0,0.6364,,23.3879,100.737,23.9558,11.83,10.99,2.21226,7.79465,0.672986,1.20626,17.6574,6.79482,2.99949,2.26532,0.851311,0.175282,0.0773761,0.0979057177901268,0.261138,1.35756,0.302555,0.695224,,,4.00941,0.113883,0.00189199,999,,,,,,,96.20000000000002,4.182608695652175,102,4.434782608695652,,,,,,,,,,,,,,,,,,,"Zach Pop","20185",647315
"Dane Dunning","SEA",0.654164,0.892984,0.121699,4.57061,6.48,1.955,0,0.65,,14.4532,62.5078,14.0027,7.85,7.34,1.9249,5.43701,0.221456,0.843627,12.1596,7.57176,3.38562,2.23644,1.19863,0.194529,0.0869813,0.10754753649234772,0.249038,1.34501,0.286593,0.692136,,,4.48753,0.113764,0.0311635,999,,,,,,,52.6,3.757142857142857,54,3.857142857142857,,,,,,,,,,,,,,,,,,,"Dane Dunning","19409",641540
"Cionel Pérez","WSN",1.88901,1.87644,0,4.44011,55.99,0,2,11.2073,,56.8162,249.707,55.3992,30.13,28.03,5.10802,26.4181,1.21555,3.69405,45.3925,7.19042,4.18477,1.71824,0.809138,0.181783,0.105796,0.07598666846752167,0.252279,1.44003,0.297415,0.692246,,,4.296,0.113663,-0.0219054,999,,,,,,,271.3,4.7596491228070175,274,4.807017543859649,,,,,,,,,,,,,,,,,,,"Cionel Perez","19614",672335
"Isaiah Campbell","ARI",0.650148,0.527393,0,4.23899,18.491,0,0,0,,22.6752,97.1773,22.6728,11.45,10.68,2.29447,7.24858,0.688824,1.0584,16.7825,6.66115,2.87703,2.31529,0.910698,0.1727,0.0745913,0.09810894727706909,0.255122,1.31956,0.291981,0.691576,,,4.06937,0.113634,0.104259,999,,,,,,,95.80000000000003,4.165217391304349,99,4.304347826086956,,,,,,,,,,,,,,,,,,,"Isaiah Campbell","25551",663462
"Orlando Ribalta","WSN",1.16491,1.14015,0,4.33089,33.346,0,0,4.1698,,34.7873,151.179,30.6423,17.92,16.74,4.28243,16.9749,1.22308,1.28041,32.1428,8.31583,4.39166,1.89355,1.10793,0.212614,0.112283,0.10033044219017029,0.230525,1.36881,0.273162,0.713501,,,4.46183,0.111827,0.0295053,999,,,,,,,155.20000000000002,4.434285714285715,149,4.257142857142857,,,,,,,,,,,,,,,,,,,"Orlando Ribalta","26247",687377
"Cal Quantrill","TEX",1.16701,1.69072,0.957091,5.14877,5.171,3.909,0,0,,19.8397,86.4935,19.8645,12.04,11.35,3.05331,7.51279,0.110508,1.09576,13.9511,6.32872,3.40807,1.85698,1.38509,0.161297,0.0868596,0.0744369849562645,0.25505,1.37993,0.276135,0.663876,,,5.03116,0.111745,0.0378007,999,,,,,,,60.099999999999994,3.005,62,3.1,,,,,,,,,,,,,,,,,,,"Cal Quantrill","19312",615698
"Austin Gomber","TEX",1.21277,1.88359,0.702612,5.03061,6.444,4.339,0,0,,24.009,102.94,25.0022,14.33,13.42,4.43886,6.82896,0.261138,0.556497,16.9156,6.34098,2.5599,2.47704,1.66395,0.164326,0.0663396,0.09798624366521835,0.261655,1.3258,0.277135,0.683192,,,5.05235,0.110761,0.0737281,999,,,,,,,73.40000000000003,3.058333333333335,78,3.25,,,,,,,,,,,,,,,,,,,"Austin Gomber","16561",596295
"Lazaro Estrada","TOR",0.828585,0.507628,0,4.26282,17.401,0.055,0,0.6524,,21.9995,93.2632,19.6076,11.13,10.42,3.29545,7.54514,0.579396,1.22429,21.9174,8.96643,3.08672,2.90484,1.34817,0.235006,0.0809016,0.1541048213839531,0.23206,1.23424,0.275167,0.710886,,,4.28581,0.10772,0.0506732,999,,,,,,,94.9,4.3136363636363635,92,4.181818181818182,,,,,,,,,,,,,,,,,,,"Lazaro Estrada","24914",681751
"Cole Sulser","TBR",2.10707,1.59578,0,4.34911,46.463,0,0,10.1593,,50.6586,216.13,45.2076,26.25,24.48,7.42628,20.4615,1.13282,1.71047,47.7903,8.49042,3.63519,2.33562,1.31935,0.221119,0.0946723,0.1264464184641838,0.23308,1.29631,0.272315,0.71318,,,4.46713,0.107336,0.066341,999,,,,,,,244.30000000000007,4.790196078431374,234,4.588235294117647,,,,,,,,,,,,,,,,,,,"Cole Sulser","15256",642121
"Félix Bautista","BAL",0.475352,0.300053,0,3.65868,9.85,0,0,0.6611,,10.1348,42.5986,7.36063,4.39,4.12,1.17231,5.11155,0.176554,0.432709,13.034,11.5745,4.53921,2.54991,1.04104,0.305972,0.119993,0.1859784498810768,0.198644,1.23063,0.270847,0.746212,,,3.7079,0.10661,0.126164,999,,,,,,,58.5,5.85,52,5.2,,,,,,,,,,,,,,,,,,,"Felix Bautista","20666",642585
"Michael Fulmer","SFG",0.533536,0.411871,0,4.28161,13.411,0,0,0.6515,,14.2096,61.4816,13.6586,7.26,6.76,1.64056,5.36898,0.438994,0.719074,14.0897,8.92409,3.40057,2.62429,1.03909,0.22917,0.0873266,0.1418435499072075,0.246573,1.33906,0.303001,0.703348,,,3.93825,0.106451,0.0322465,999,,,,,,,56.60000000000003,4.042857142857145,58,4.142857142857143,,,,,,,,,,,,,,,,,,,"Michael Fulmer","13218",605242
"Bryse Wilson","PHI",0.945469,1.33358,0.206484,5.02278,9.29,2.933,0,0.6364,,23.5089,102.175,25.0485,14.07,13.12,3.72248,7.31468,0.304692,1.07651,15.6814,6.00338,2.80031,2.14383,1.42509,0.153476,0.0715896,0.08188623189926147,0.267087,1.37664,0.286717,0.67374,,,4.93033,0.104719,0.0253717,999,,,,,,,75.40000000000003,3.141666666666668,80,3.3333333333333335,,,,,,,,,,,,,,,,,,,"Bryse Wilson","19990",669060
"Tim Mayza","PHI",0.929405,0.646002,0,4.30094,23.65,0,0,0.6364,,23.646,101.152,24.5918,12.17,11.3,2.68111,6.87401,0.598632,0.863851,18.7442,7.13432,2.61634,2.72683,1.02047,0.185307,0.0679569,0.11734998971223831,0.263254,1.3307,0.30436,0.696291,,,4.00546,0.104454,0.0552797,999,,,,,,,93.70000000000002,3.9041666666666672,99,4.125,,,,,,,,,,,,,,,,,,,"Tim Mayza","15042",641835
"Greg Weissert","BOS",3.15944,2.44961,0,4.54947,62.112,0,1,16.6607,,63.2843,273.223,61.1191,34.4,31.99,8.26963,23.8507,1.57139,2.74097,51.8511,7.37402,3.39193,2.17399,1.17607,0.189776,0.0872939,0.10248208045959473,0.247816,1.34267,0.28336,0.689034,,,4.45581,0.104378,-0.109951,999,,,,,,,305.20000000000005,4.844444444444445,307,4.873015873015873,,,,,,,,,,,,,,,,,,,"Greg Weissert","20375",669711
"Jose Corniell","TEX",0.687604,0.530886,0,4.32942,14.786,0.143,0,0.6445,,17.5243,74.4153,16.513,9.03,8.43,2.47844,5.27004,0.520953,0.906546,17.1401,8.80269,2.70655,3.25237,1.27286,0.23033,0.0708193,0.15951110422611237,0.241988,1.24302,0.288657,0.696384,,,4.07493,0.104362,0.0414599,999,,,,,,,84.40000000000002,4.68888888888889,84,4.666666666666667,,,,,,,,,,,,,,,,,,,"Jose Corniell","27984",692030
"Emiliano Teodo","TEX",0.595486,0.355724,0,3.52876,12.168,0,0,0,,12.4463,52.8122,9.38255,5.21,4.88,1.16141,6.37616,0.449982,0.757247,14.0833,10.1837,4.61065,2.20873,0.839822,0.266667,0.120733,0.14593388140201569,0.205403,1.26614,0.270129,0.746403,,,3.80458,0.102346,0.130638,999,,,,,,,60.100000000000016,5.008333333333335,54,4.5,,,,,,,,,,,,,,,,,,,"Emiliano Teodo","sa3015158",693713
"James McArthur","KCR",0.99777,0.838459,0,4.53845,24.861,0,1,0.666,,26.097,113.17,25.9947,14.11,13.16,3.20735,9.35595,0.623283,1.48268,22.8959,7.89603,3.22656,2.4472,1.10611,0.202313,0.0826714,0.11964195966720581,0.254024,1.35459,0.298935,0.688282,,,4.22414,0.10136,-0.0421408,999,,,,,,,112.9,4.342307692307693,116,4.461538461538462,,,,,,,,,,,,,,,,,,,"James McArthur","21527",663704
"Anthony Molina","ATL",0.355494,0.304689,0,4.68653,9.554,0.061,0,0,,16.8419,73.3065,18.2961,9.39,8.77,1.91473,5.19659,0.436964,0.637703,13.3937,7.15732,2.77696,2.57739,1.02319,0.182708,0.0708886,0.11181894689798355,0.271166,1.3949,0.314038,0.677621,,,4.06181,0.0986222,-0.011827,999,,,,,,,62.40000000000002,3.670588235294119,67,3.9411764705882355,,,,,,,,,,,,,,,,,,,"Anthony Molina","26952",683627
"Matt Waldron","SDP",0.994096,1.44305,0.8379,5.19826,4.212,3.406,0,0,,17.8675,77.8501,18.308,11.04,10.32,3.36286,6.03441,0.131834,0.946678,14.9888,7.54997,3.03958,2.48389,1.6939,0.192534,0.0775132,0.11502087116241455,0.258335,1.36238,0.284574,0.677504,,,5.07625,0.0984344,0.0129109,999,,,,,,,58.500000000000014,3.250000000000001,60,3.3333333333333335,,,,,,,,,,,,,,,,,,,"Matt Waldron","25550",663362
"Daison Acosta","SDP",0.663402,0.46903,0,3.98213,15.253,0,0,0,,16.0919,69.778,13.1121,7.65,7.12,1.79739,8.48072,1.26253,0.949109,17.8587,9.98815,4.74316,2.1058,1.00526,0.255936,0.121539,0.13439738005399704,0.217275,1.34185,0.278058,0.730891,,,4.12558,0.0977924,0.0368532,999,,,,,,,69.00000000000001,4.312500000000001,63,3.9375,,,,,,,,,,,,,,,,,,,"Daison Acosta","sa944989",670897
"Jean Cabrera","PHI",0.601423,0.72052,0.660334,4.75389,2.03,2.03,0,0,,10.2232,44.3096,10.5243,5.78,5.4,1.41865,3.55441,0.029176,0.448013,7.55838,6.65402,3.12913,2.12648,1.24891,0.170581,0.0802177,0.09036349505186081,0.261102,1.37713,0.290635,0.686263,,,4.63496,0.0977149,0.0243707,999,,,,,,,37.1,3.71,41,4.1,,,,,,,,,,,,,,,,,,,"Jean Cabrera","sa3015433",691893
"Gavin Collyer","TEX",0.718242,0.482886,0,4.09795,15.305,0,0,0,,16.0324,69.1274,13.279,7.8,7.3,1.85371,7.61015,0.537072,1.15127,17.8706,10.0319,4.27206,2.34826,1.0406,0.258517,0.110089,0.14842845499515533,0.219975,1.30293,0.281123,0.715491,,,4.04836,0.0960047,0.0368532,999,,,,,,,69.00000000000001,4.312500000000001,63,3.9375,,,,,,,,,,,,,,,,,,,"Gavin Collyer","sa3011742",686560
"Henry Baez","ATH",0.486786,0.495942,0,3.97179,10.804,0.4,0,0,,13.5279,57.8668,12.2145,6.41,5.97,1.33607,5.33336,0.420721,0.848078,12.5062,8.32027,3.54824,2.3449,0.888875,0.21612,0.0921662,0.12395410239696503,0.236325,1.29716,0.287463,0.710443,,,3.94094,0.0959832,0.135313,999,,,,,,,68.10000000000002,4.864285714285716,65,4.642857142857143,,,,,,,,,,,,,,,,,,,"Henry Baez","sa3016584",692013
"Bobby Miller","LAD",0.887985,0.535294,0,4.41374,16.482,0.401,0,0.7772,,21.023,90.638,19.8417,11.01,10.31,2.60176,8.15322,0.543579,1.07452,19.318,8.27009,3.49041,2.36937,1.11382,0.213134,0.0899537,0.12318003177642822,0.243724,1.33163,0.289793,0.697462,,,4.22299,0.0949244,-0.00268166,999,,,,,,,81.5,3.880952380952381,81,3.857142857142857,,,,,,,,,,,,,,,,,,,"Bobby Miller","27483",676272
"Adbert Alzolay","NYM",2.08642,1.43349,0,4.51945,41.16,0,0,0.7173,,42.4565,180.034,40.9342,22.86,21.32,6.74247,12.1875,0.90178,2.07608,38.3199,8.12313,2.58353,3.14419,1.42928,0.212848,0.0676957,0.14515244960784912,0.246933,1.2512,0.283259,0.692769,,,4.40239,0.0942134,-0.107177,999,,,,,,,156.10000000000005,3.7166666666666677,157,3.738095238095238,,,,,,,,,,,,,,,,,,,"Adbert Alzolay","17859",640470
"Yosver Zulueta","SEA",0.662778,0.580399,0,4.1477,17.614,0,0,0.65,,19.4855,84.635,17.1929,9.61,8.98,1.9327,9.67905,0.47142,1.11628,20.2952,9.37401,4.47058,2.09682,0.89268,0.239797,0.114362,0.12543506920337677,0.232841,1.37908,0.295673,0.714303,,,4.00351,0.092836,-0.00729842,999,,,,,,,82.8,4.3578947368421055,80,4.2105263157894735,,,,,,,,,,,,,,,,,,,"Yosver Zulueta","27765",691172
"Yariel Rodríguez","TOR",1.57623,0.978209,0,4.32165,33.193,0.094,0,0.6524,,36.1737,157.676,30.8203,18.53,17.37,4.24996,18.7808,1.00814,2.40075,35.5085,8.8345,4.67264,1.89069,1.05739,0.225199,0.11911,0.10608916729688644,0.225799,1.37119,0.274668,0.711805,,,4.4559,0.0916132,-0.0191847,999,,,,,,,149.60000000000005,4.155555555555557,141,3.9166666666666665,,,,,,,,,,,,,,,,,,,"Yariel Rodriguez","33838",684320
"Pete Hansen","STL",0.413051,0.618619,0.525632,4.71548,1.556,1.556,0,0,,7.9589,34.2921,8.40524,4.45,4.17,1.12431,2.35422,0.0227577,0.244461,5.79614,6.55434,2.66217,2.46203,1.27138,0.169023,0.0686519,0.10037092119455338,0.265205,1.35188,0.293906,0.686899,,,4.49459,0.0905794,0.0984272,999,,,,,,,32.10000000000001,4.012500000000001,33,4.125,,,,,,,,,,,,,,,,,,,"Pete Hansen","sa3020798",677337
"Daysbel Hernández","ATL",1.16899,0.860841,0,4.43979,30.227,0,0,0.6492,,31.765,139.843,27.2176,16.72,15.67,3.49093,17.7831,0.960726,2.21559,33.6725,9.54046,5.0385,1.89351,0.989087,0.240789,0.127165,0.11362351477146149,0.227109,1.41668,0.286968,0.705019,,,4.33246,0.0898664,-0.0283737,999,,,,,,,141.7,4.428125,133,4.15625,,,,,,,,,,,,,,,,,,,"Daysbel Hernandez","20271",678226
"Ryan Rolison","CHC",1.08462,0.850706,0,4.36198,25.81,0.068,0,0.7209,,28.5971,122.975,28.6865,14.89,13.86,3.19552,9.64922,0.925449,1.10292,21.6176,6.80345,3.03678,2.24035,1.00569,0.175789,0.0784647,0.09732389450073242,0.25562,1.34054,0.291625,0.69239,,,4.20388,0.0873853,0.0157006,999,,,,,,,117.30000000000001,4.044827586206897,121,4.172413793103448,,,,,,,,,,,,,,,,,,,"Ryan Rolison","22200",669020
"Michael Lorenzen","COL",6.05252,11.0533,11.7066,6.08973,24.729,24.729,0,0,,141.494,639.624,166.273,102.03,95.74,27.1803,55.4143,0.458276,6.55294,104.273,6.63252,3.52474,1.88171,1.72886,0.163023,0.0866358,0.07638734579086304,0.28784,1.56676,0.311724,0.651604,,,5.47233,0.0870801,-1.20824,999,,,,,,,301.70000000000005,2.1397163120567377,376,2.6666666666666665,,,,,,,,,,,,,,,,,,,"Michael Lorenzen","14843",547179
"JT Brubaker","SFG",1.80595,1.69228,0,4.93776,47.444,0.298,0,12.2018,,56.0295,247.552,60.188,33.14,30.74,7.35396,21.3972,1.54642,2.84453,48.7234,7.82642,3.43703,2.27709,1.18126,0.196821,0.0864353,0.11038555204868317,0.269527,1.45611,0.315931,0.679555,,,4.40018,0.0867165,-0.378593,999,,,,,,,246.30000000000007,4.398214285714287,263,4.696428571428571,,,,,,,,,,,,,,,,,,,"JT Brubaker","17578",664141
"Brady Basso","ATH",1.59137,1.43368,0,4.74221,38.816,0.096,0,0.6384,,43.6316,189.311,44.7364,24.66,22.99,6.40016,14.5977,1.28842,1.87668,38.3188,7.90412,3.0111,2.62499,1.32018,0.202412,0.0771096,0.12530247122049332,0.258836,1.35989,0.299227,0.688335,,,4.41832,0.0840021,-0.20388,999,,,,,,,163.8,3.722727272727273,171,3.8863636363636362,,,,,,,,,,,,,,,,,,,"Brady Basso","25582",669620
"Manuel Rodríguez","TBR",0.536954,0.374374,0,3.84125,11.724,0,0,0.6597,,12.0664,51.2233,10.9097,5.53,5.15,1.15606,4.42664,0.286318,0.813394,10.699,7.9801,3.30171,2.41696,0.862277,0.20887,0.0864186,0.12245146185159683,0.237254,1.271,0.285794,0.71486,,,3.91009,0.0834962,0.0276399,999,,,,,,,58.90000000000001,4.908333333333334,58,4.833333333333333,,,,,,,,,,,,,,,,,,,"Manuel Rodriguez","20794",655889
"Craig Kimbrel","NYM",1.22833,0.819255,0,4.38849,23.537,0,0,0.7173,,24.0561,103.312,19.318,12.51,11.73,3.5637,11.7764,0.464448,1.35789,27.0728,10.1286,4.40587,2.2989,1.33327,0.262049,0.113989,0.1480601280927658,0.214221,1.29258,0.264595,0.711903,,,4.44813,0.081401,-0.0467333,999,,,,,,,98.00000000000003,4.083333333333335,87,3.625,,,,,,,,,,,,,,,,,,,"Craig Kimbrel","6655",518886
"Dylan Smith","DET",0.745069,0.640111,0,4.38184,19.56,0,0,0.6028,,22.8808,98.7203,21.0907,11.97,11.14,2.92423,8.97743,0.594373,1.53217,20.6122,8.10766,3.53121,2.296,1.15022,0.208794,0.0909381,0.11785577982664108,0.239095,1.31412,0.280892,0.696773,,,4.37283,0.0795486,0.00190274,999,,,,,,,91.70000000000002,3.986956521739131,89,3.869565217391304,,,,,,,,,,,,,,,,,,,"Dylan Smith","30145",681916
"Jackson Jobe","DET",0.336559,0.494246,0.0651839,4.36375,2.955,1.105,0,0,,8.6829,37.1655,7.77398,4.5,4.21,1.19463,3.53971,0.142794,0.419925,7.55375,7.82961,3.66898,2.134,1.23826,0.203246,0.0952419,0.1080043762922287,0.234115,1.30299,0.269012,0.706726,,,4.5519,0.0778681,0.136877,999,,,,,,,37.500000000000014,4.166666666666668,36,4,,,,,,,,,,,,,,,,,,,"Jackson Jobe","30203",695549
"Chris Murphy","CHW",1.31602,1.16421,0,4.37898,33.9,0,0,0.5829,,40.3861,174.975,36.3325,21.04,19.65,4.95387,17.9082,1.15919,2.51284,36.3131,8.09234,3.99082,2.02774,1.10396,0.207534,0.102347,0.10518627613782883,0.23508,1.34305,0.276984,0.701839,,,4.44839,0.0771389,-0.00998068,999,,,,,,,153.9,3.8475,148,3.7,,,,,,,,,,,,,,,,,,,"Chris Murphy","26214",669684
"Eric Cerantola","KCR",0.499032,0.36266,0,3.94155,11.724,0,0,0,,12.4215,53.6598,9.8511,5.81,5.44,1.2821,6.67077,0.297635,0.802111,13.8433,10.0301,4.83331,2.07521,0.928947,0.257982,0.124316,0.13366612792015076,0.213288,1.3301,0.275871,0.727366,,,4.05285,0.0768916,0.0276399,999,,,,,,,54.500000000000014,4.541666666666668,51,4.25,,,,,,,,,,,,,,,,,,,"Eric Cerantola","sa3017914",672021
"Eduarniel Núñez","ATH",1.82135,1.57708,0,4.54951,43.807,0,0,4.256,,47.0226,209.972,41.1527,25.35,23.77,5.29589,27.8239,1.38194,4.31251,50.5804,9.68095,5.32542,1.81788,1.01362,0.240892,0.132513,0.10837894678115845,0.231409,1.46688,0.294008,0.708657,,,4.49821,0.0764626,-0.044855,999,,,,,,,201.70000000000002,4.291489361702128,192,4.085106382978723,,,,,,,,,,,,,,,,,,,"Eduarniel Nunez","23162",674384
"Yoniel Curet","PHI",0.428522,0.549393,0.208006,4.49481,2.178,1.417,0,0,,7.2884,31.7282,6.73938,3.9,3.64,0.920586,3.21711,0.0646302,0.490652,6.79542,8.39124,3.97261,2.11227,1.13678,0.214176,0.101396,0.112779900431633,0.240516,1.36607,0.286577,0.698745,,,4.43859,0.0764474,0.0242166,999,,,,,,,26.300000000000015,3.7571428571428593,27,3.857142857142857,,,,,,,,,,,,,,,,,,,"Yoniel Curet","sa3015446",692414
"Nick Raquet","STL",1.14807,0.96999,0,4.5696,26.98,0,0,0.6663,,28.9128,126.714,29.4147,15.71,14.68,3.01577,11.8305,0.972475,1.24848,24.4397,7.6076,3.68261,2.06582,0.938753,0.192873,0.093364,0.09950908273458481,0.258853,1.42654,0.306326,0.68971,,,4.15761,0.0763675,-0.0860639,999,,,,,,,115.30000000000001,3.9758620689655175,119,4.103448275862069,,,,,,,,,,,,,,,,,,,"Nick Raquet","20333",675919
"Michel Otañez","TEX",0.896322,0.609719,0,4.06895,19.025,0,0,0.6445,,19.1106,83.5126,14.8087,9.18,8.64,2.06358,12.0095,0.571585,1.05008,22.8058,10.7402,5.65577,1.89898,0.97183,0.273082,0.143804,0.12927769124507904,0.210192,1.40331,0.279598,0.7371,,,4.20227,0.0761319,0.0950363,999,,,,,,,88,4.631578947368421,80,4.2105263157894735,,,,,,,,,,,,,,,,,,,"Michel Otanez","22533",671305
"Drew Smith","WSN",0.886169,0.904197,0,4.61095,25.948,0,0,0.6515,,26.3503,114.047,24.1258,14.45,13.5,3.85976,10.7748,0.562714,1.35896,25.6174,8.74969,3.68015,2.37754,1.31831,0.224622,0.0944768,0.13014553487300873,0.236729,1.32448,0.279779,0.693312,,,4.47642,0.0754301,-0.0421517,999,,,,,,,100.79999999999998,3.8769230769230765,98,3.769230769230769,,,,,,,,,,,,,,,,,,,"Drew Smith","17755",622098
"Jhony Brito","SDP",0.739065,0.575712,0,4.42009,17.588,0,0,0.6537,,19.5471,83.9337,19.7839,10.32,9.6,2.32334,6.09167,0.578233,0.777321,14.0744,6.48023,2.80476,2.31044,1.06973,0.167685,0.0725772,0.0951077863574028,0.256718,1.32375,0.28781,0.687603,,,4.29447,0.0752328,0.0460665,999,,,,,,,82.4,4.12,85,4.25,,,,,,,,,,,,,,,,,,,"Jhony Brito","25386",666745
"Rolddy Muñoz","ATL",0.539748,0.376411,0,4.15205,13.891,0,0,0.6492,,15.0215,65.2361,13.655,7.41,6.93,1.51424,6.81599,0.568574,1.08709,14.7484,8.83635,4.08374,2.16379,0.907245,0.226077,0.104482,0.12159483879804611,0.238171,1.36278,0.295609,0.71173,,,4.06032,0.0720972,0.0858611,999,,,,,,,60.00000000000001,4.000000000000001,59,3.933333333333333,,,,,,,,,,,,,,,,,,,"Rolddy Munoz","27407",691548
"Trent Thornton","CHC",0.952313,0.763247,0,4.52116,22.655,0,0,0.7209,,24.2261,103.8,23.1734,13.02,12.17,3.23218,8.41888,0.430087,1.24531,20.1404,7.48217,3.12762,2.39229,1.20076,0.194031,0.0811068,0.1129244863986969,0.24617,1.30406,0.281802,0.686154,,,4.4036,0.0719817,-0.0467204,999,,,,,,,97.90000000000002,4.0791666666666675,98,4.083333333333333,,,,,,,,,,,,,,,,,,,"Trent Thornton","17948",663423
"Angel Chivilli","NYY",1.18223,0.699627,0,4.3488,23.142,0,0,0.691,,25.3518,108.645,24.615,13.13,12.25,3.18506,8.38863,0.517018,1.60344,21.0008,7.45537,2.978,2.50348,1.13071,0.193297,0.0772114,0.11608588695526123,0.249511,1.30183,0.287777,0.696232,,,4.29405,0.0696308,0.00649747,999,,,,,,,99.1,3.964,102,4.08,,,,,,,,,,,,,,,,,,,"Angel Chivilli","26790",683409
"Eli Morgan","KCR",0.940961,0.785221,0,4.57828,22.898,0,0,0.666,,24.8871,106.284,23.846,13.55,12.66,3.7116,8.31051,0.452846,0.892545,21.0301,7.60519,3.00535,2.53055,1.34224,0.197867,0.0781914,0.11967567354440689,0.24563,1.2921,0.278333,0.690146,,,4.49326,0.0690907,-0.0951649,999,,,,,,,92.4,3.696,92,3.68,,,,,,,,,,,,,,,,,,,"Eli Morgan","20203",669212
"Ryan Webb","CLE",0.354222,0.532628,0.456504,4.77941,1.337,1.337,0,0,,6.8544,29.8364,6.94287,3.9,3.64,0.920055,2.60193,0.0209176,0.323839,5.45099,7.15728,3.41641,2.09497,1.20806,0.182696,0.0872068,0.0954892635345459,0.257998,1.39251,0.29323,0.683661,,,4.57014,0.0685108,0.036766,999,,,,,,,22.3,3.185714285714286,23,3.2857142857142856,,,,,,,,,,,,,,,,,,,"Ryan Webb","sa3018280",669067
"Chad Green",,2.11947,2.47258,0,4.57021,38.103,0,1,0,,39.4249,167.172,37.2948,21.52,20.02,6.63309,11.8145,1.02761,1.59629,33.4711,7.64086,2.69704,2.83306,1.51421,0.20022,0.0706728,0.1295473352074623,0.24255,1.24564,0.269775,0.692798,,,4.64485,0.0678771,-0.164735,999,,,,,,,135.3,3.4692307692307693,133,3.41025641025641,,,,,,,,,,,,,,,,,,,"Chad Green","15552",643338
"Ryan Brasier","TEX",1.95734,1.53088,0,4.51421,41.636,0.347,0,0.6445,,43.6023,184.846,41.074,23.36,21.87,6.68909,13.3431,0.780453,1.68075,35.4226,7.31161,2.75417,2.65474,1.3807,0.191633,0.072185,0.11944755911827087,0.241865,1.24803,0.269241,0.689356,,,4.53838,0.0672205,-0.000807737,999,,,,,,,161.9,3.6795454545454547,158,3.590909090909091,,,,,,,,,,,,,,,,,,,"Ryan Brasier","5615",518489
"Jordan Hicks","CHW",1.84837,1.89237,0,4.51973,48.595,0.448,1,8.6562,,54.8794,242.869,52.987,29.43,27.56,4.9391,26.5029,1.17528,5.14469,44.8419,7.3539,4.34637,1.69196,0.809992,0.184634,0.109124,0.07551001012325287,0.25086,1.44845,0.29762,0.689766,,,4.40095,0.0671452,-0.0264714,999,,,,,,,242.7,4.412727272727272,245,4.454545454545454,,,,,,,,,,,,,,,,,,,"Jordan Hicks","19618",663855
"Ryan Borucki","CHW",0.561863,0.451857,0,3.96117,14.095,0,0,0.5829,,14.2458,59.9834,12.3853,6.75,6.27,1.73595,5.00444,0.29502,1.0058,13.1947,8.33595,3.16163,2.6366,1.09671,0.219973,0.0834304,0.13654207438230515,0.229472,1.22069,0.272763,0.71124,,,4.13253,0.0666392,0.0322465,999,,,,,,,59.800000000000026,4.271428571428573,56,4,,,,,,,,,,,,,,,,,,,"Ryan Borucki","16350",621366
"Carlos Hernández","CLE",0.448576,0.434827,0,4.43301,12.025,0,0,0.6803,,12.6889,54.6845,11.4995,6.67,6.25,1.67684,5.43876,0.24707,0.359927,12.156,8.62201,3.85761,2.23507,1.18935,0.222293,0.099457,0.12283604592084885,0.235233,1.33489,0.280224,0.703756,,,4.30806,0.0664258,-0.0210645,999,,,,,,,55.99999999999999,4.3076923076923075,52,4,,,,,,,,,,,,,,,,,,,"Carlos Hernandez","22713",672578
"Nate Pearson","HOU",1.85173,1.41749,0,4.67016,40.354,0,0,4.3723,,43.6687,189.843,39.7875,24.19,22.66,6.47194,18.7966,1.14518,2.69832,42.6477,8.78958,3.87394,2.2689,1.33385,0.224648,0.0990117,0.12563621252775192,0.236341,1.34156,0.279427,0.694502,,,4.58525,0.0647677,-0.102555,999,,,,,,,183.8,4.177272727272728,178,4.045454545454546,,,,,,,,,,,,,,,,,,,"Nate Pearson","20160",663878
"Hunter Stratton","ATL",0.630211,0.514532,0,4.82769,16.943,0,0,0.6492,,18.0832,79.285,18.1685,10.37,9.7,2.37233,7.07688,0.374186,1.0374,16.3974,8.16096,3.52216,2.31703,1.18071,0.206816,0.0892588,0.1175568625330925,0.25528,1.39607,0.301448,0.678494,,,4.37322,0.0634223,-0.0604212,999,,,,,,,73.80000000000003,4.100000000000001,76,4.222222222222222,,,,,,,,,,,,,,,,,,,"Hunter Stratton","23455",676702
"Gus Varland","WSN",0.996092,1.07462,0,4.7801,30.091,0,0,0.6515,,31.3864,137.946,30.5514,17.9,16.67,4.20539,13.631,0.921268,1.79207,29.8588,8.56195,3.90866,2.19051,1.20589,0.216452,0.0988137,0.11763837933540344,0.249352,1.40769,0.297832,0.686316,,,4.4485,0.0633734,-0.182822,999,,,,,,,115.6,3.729032258064516,119,3.838709677419355,,,,,,,,,,,,,,,,,,,"Gus Varland","24737",681402
"Kyle Nicolas","CIN",1.25985,1.11199,0,4.59117,34.83,0,0,0.6509,,37.9707,167.1,34.9661,20.65,19.37,4.90007,19.4427,0.86614,1.68556,38.1617,9.04528,4.6084,1.96278,1.16144,0.228376,0.116354,0.112022764980793,0.23954,1.43292,0.292158,0.709984,,,4.47202,0.0630143,-0.116263,999,,,,,,,145.7,3.8342105263157893,142,3.736842105263158,,,,,,,,,,,,,,,,,,,"Kyle Nicolas","27775",693312
"Michael Darrell-Hicks","PIT",0.327114,0.220475,0,4.04525,7.076,0,0,0.6584,,7.9649,34.3562,7.45171,3.82,3.58,0.663307,2.99206,0.228383,0.637924,6.71487,7.58751,3.3809,2.24423,0.749509,0.195448,0.0870893,0.10835891216993332,0.242519,1.31122,0.290748,0.69613,,,3.89889,0.0617551,0.0184266,999,,,,,,,34.7,4.3375,33,4.125,,,,,,,,,,,,,,,,,,,"Michael Darrell-Hicks","31501",690382
"Garrett Acton","MIA",0.699088,0.627648,0,4.44178,19.158,0,0,0.6387,,19.3706,83.5071,17.6199,10.27,9.56,2.76218,7.91803,0.810355,0.803143,18.5184,8.60407,3.67889,2.33877,1.28337,0.221759,0.0948187,0.12694024294614792,0.235605,1.31839,0.277687,0.704537,,,4.42756,0.0602689,-0.00730339,999,,,,,,,71.89999999999999,3.784210526315789,71,3.736842105263158,,,,,,,,,,,,,,,,,,,"Garrett Acton","27583",670183
"Sean Guenther","DET",0.475637,0.4215,0,4.25156,12.458,0.098,0,0.6028,,13.4633,57.5908,13.403,6.86,6.36,1.52115,3.95469,0.317647,0.890367,10.6993,7.15234,2.64365,2.70548,1.01686,0.185782,0.0686688,0.11711352318525314,0.254106,1.28926,0.293197,0.689364,,,4.09414,0.0589152,-0.0210645,999,,,,,,,48.8,3.753846153846154,50,3.8461538461538463,,,,,,,,,,,,,,,,,,,"Sean Guenther","20045",674944
"Joey Gerber","NYM",0.688445,0.456988,0,4.36792,13.264,0,0,0.7173,,14.6706,62.7653,12.9613,7.62,7.12,2.18129,5.65937,0.494065,0.705295,14.2971,8.77087,3.47186,2.52627,1.33816,0.227787,0.0901671,0.1376195251941681,0.229808,1.26925,0.270026,0.706672,,,4.42046,0.0583648,-0.0164713,999,,,,,,,63.60000000000001,4.24,60,4,,,,,,,,,,,,,,,,,,,"Joey Gerber","24591",680702
"Seth Johnson","PHI",0.709261,0.600335,0,4.387,17.143,0.357,0,0.6364,,20.1869,87.0602,18.1792,10.55,9.84,2.75978,8.96847,0.685048,0.510816,19.7535,8.80679,3.99845,2.20255,1.2304,0.226895,0.103015,0.12388048321008682,0.234326,1.34482,0.280009,0.712837,,,4.36405,0.0580475,-0.0558177,999,,,,,,,78.3,3.915,75,3.75,,,,,,,,,,,,,,,,,,,"Seth Johnson","26020",686751
"Rafael Montero","NYY",1.62638,0.937509,0,4.32032,31.326,0,0,0.691,,31.9143,136.97,28.4217,16.38,15.32,3.91956,14.4762,0.573567,0.900102,28.7619,8.111,4.08237,1.98684,1.10534,0.209986,0.105689,0.10429738461971283,0.233743,1.34416,0.275576,0.708836,,,4.37469,0.0559231,0.0737063,999,,,,,,,131.8,4.11875,125,3.90625,,,,,,,,,,,,,,,,,,,"Rafael Montero","12760",606160
"Scott Barlow","ATH",2.2456,2.05045,0,4.67427,53.524,0.247,4,8.9114,,55.0674,241.435,49.276,30.53,28.6,7.42024,26.8093,1.35041,4.44103,55.9863,9.15017,4.38161,2.08831,1.21273,0.231889,0.111041,0.12084781378507614,0.234441,1.38168,0.285163,0.693416,,,4.55597,0.0558692,-0.229734,999,,,,,,,268.5,4.881818181818182,259,4.709090909090909,,,,,,,,,,,,,,,,,,,"Scott Barlow","14993",605130
"Wilber Dotel","PIT",0.4956,0.41352,0,4.35774,10.605,0.187,0,0,,11.7102,50.8452,10.5303,6.06,5.67,1.40564,5.3377,0.345476,0.668554,11.3063,8.68956,4.10235,2.11819,1.08032,0.222367,0.104979,0.11738716810941696,0.234848,1.35506,0.284019,0.705607,,,4.30331,0.0554371,0.0276399,999,,,,,,,51.90000000000001,4.325000000000001,51,4.25,,,,,,,,,,,,,,,,,,,"Wilber Dotel","sa3015163",696062
"Paul Gervase","LAD",1.10091,0.542876,0,4.48106,20.927,0,0,0.7772,,22.8562,99.3448,20.2166,12.18,11.38,3.22038,11.0364,0.744436,0.963823,24.2278,9.54011,4.34576,2.19527,1.26808,0.243876,0.111092,0.13278469443321228,0.231459,1.36738,0.283761,0.713157,,,4.42187,0.0529122,0.00189882,999,,,,,,,97.30000000000001,4.230434782608696,92,4,,,,,,,,,,,,,,,,,,,"Paul Gervase","31571",801434
"J.P. France","HOU",0.661804,0.891723,0,4.88655,13.523,1.142,0,0,,20.3518,89.3102,19.9858,11.81,11.05,3.08716,8.8111,0.585964,0.696367,18.2248,8.05941,3.89646,2.0684,1.36521,0.204062,0.0986573,0.10540495812892914,0.25044,1.41496,0.288912,0.694055,,,4.71759,0.0507008,-0.10086,999,,,,,,,65.1,3.255,67,3.35,,,,,,,,,,,,,,,,,,,"J.P. France","21212",641585
"Enmanuel De Jesus","DET",1.10054,1.04297,0,4.87907,30.489,0,0,0.6028,,31.6351,141.071,32.138,18.4,17.15,3.34581,14.3974,1.09784,2.01266,25.9327,7.37769,4.09598,1.8012,0.951864,0.183828,0.102058,0.08176937699317932,0.257804,1.47101,0.301862,0.672272,,,4.42675,0.0496042,-0.129934,999,,,,,,,124.7,3.896875,129,4.03125,,,,,,,,,,,,,,,,,,,"Enmanuel De Jesus","18554",646241
"Jackson Wolf","SDP",0.100368,0.0724138,0,4.20918,2.352,0,0,0.6537,,9.408,40.3102,8.46609,4.72,4.4,1.17179,3.71933,0.306525,0.383135,9.35906,8.95319,3.55803,2.51633,1.12097,0.232176,0.0922677,0.13990852236747742,0.23382,1.29522,0.284081,0.707964,,,4.0729,0.0471311,-0.0295234,999,,,,,,,43.500000000000014,4.833333333333335,42,4.666666666666667,,,,,,,,,,,,,,,,,,,"Jackson Wolf","29832",680232
"Carson Spiers","CIN",0.166992,0.274593,0.0365732,4.95109,1.619,0.581,0,0,,5.8169,25.5165,5.92845,3.41,3.2,0.870785,2.22031,0.115952,0.333879,4.81904,7.4561,3.43529,2.17044,1.34729,0.18886,0.0870145,0.10184521973133087,0.258182,1.40088,0.292816,0.683837,,,4.74161,0.0465562,0.0638202,999,,,,,,,20.500000000000007,3.416666666666668,21,3.5,,,,,,,,,,,,,,,,,,,"Carson Spiers","27685",686730
"Konnor Pilkington","DET",0.963786,0.861855,0,4.34277,25.1,0.171,0,0.6028,,26.216,114.911,22.7452,13.53,12.65,3.16379,13.8602,0.737112,1.50695,27.127,9.31275,4.75824,1.95719,1.08613,0.23607,0.120617,0.11545298248529434,0.228495,1.3963,0.282753,0.71716,,,4.39302,0.0434514,-0.0421408,999,,,,,,,105.7,4.065384615384615,101,3.8846153846153846,,,,,,,,,,,,,,,,,,,"Konnor Pilkington","21453",663455
"Colin Selby","BAL",1.69933,1.3175,0,4.57958,37.857,0,0,0.6611,,40.4251,177.128,38.6088,21.94,20.57,4.95748,18.664,1.24517,2.07369,36.1637,8.05128,4.15524,1.93762,1.1037,0.204167,0.10537,0.09879716485738754,0.246875,1.41676,0.291937,0.70199,,,4.47917,0.0419754,-0.111725,999,,,,,,,146.1,3.6525,148,3.7,,,,,,,,,,,,,,,,,,,"Colin Selby","24986",681882
"Grant Holman","ARI",0.637391,0.597292,0,4.63318,18.327,0.134,0,0.6568,,18.5704,81.0317,18.4387,10.23,9.56,2.24383,7.46456,0.673776,0.756054,15.1892,7.3613,3.61764,2.03483,1.08745,0.187447,0.0921191,0.09532798081636429,0.253241,1.39487,0.292443,0.688575,,,4.39808,0.0417122,-0.00729842,999,,,,,,,79.2,4.1684210526315795,79,4.157894736842105,,,,,,,,,,,,,,,,,,,"Grant Holman","30002",680880
"AJ Smith-Shawver","ATL",0.288768,0.341435,0,4.46356,6.828,0.43,0,0.6492,,8.5694,36.8054,7.38302,4.54,4.25,1.22103,3.80124,0.234,0.38769,9.32713,9.7958,3.99225,2.45371,1.28239,0.253418,0.10328,0.1501380279660225,0.226359,1.30514,0.279224,0.701255,,,4.2771,0.0405774,-0.0301647,999,,,,,,,46.10000000000001,5.122222222222224,42,4.666666666666667,,,,,,,,,,,,,,,,,,,"AJ Smith-Shawver","29960",700363
"Luis Mey","CIN",1.05645,0.897064,0,4.38037,29.141,0,0,0.6509,,29.34,131.067,27.0289,15.21,14.28,2.52815,17.8258,1.01864,1.67347,27.2233,8.35069,5.46805,1.52718,0.775505,0.207705,0.136006,0.07169947028160095,0.242265,1.52879,0.299461,0.717524,,,4.39339,0.0402672,0.0156943,999,,,,,,,105.50000000000001,3.637931034482759,104,3.586206896551724,,,,,,,,,,,,,,,,,,,"Luis Mey","25620",682825
"Jose Espada","BAL",0.584167,0.420713,0,4.34209,12.338,0,0,0.6611,,14.5506,62.0043,11.9149,7.5,7.02,2.40234,6.4469,0.369924,0.645479,15.5998,9.64894,3.98761,2.41973,1.48592,0.251592,0.103975,0.1476166993379593,0.216983,1.26193,0.257726,0.724192,,,4.59954,0.0396022,-0.0164601,999,,,,,,,70.2,4.680000000000001,64,4.266666666666667,,,,,,,,,,,,,,,,,,,"Jose Espada","21131",664744
"Héctor Neris","KCR",0.589065,0.460136,0,4.39754,14.15,0,0,0.666,,14.3876,61.8707,12.5904,7.53,7.03,1.93227,6.27945,0.244031,0.750018,14.1804,8.87038,3.92804,2.25822,1.20871,0.229194,0.101493,0.12770073115825653,0.229579,1.31153,0.2752,0.70152,,,4.37559,0.0384091,-0.0695348,999,,,,,,,56.20000000000003,4.014285714285717,55,3.9285714285714284,,,,,,,,,,,,,,,,,,,"Hector Neris","11804",593576
"Nick Burdi","NYM",0.381434,0.263859,0,4.41042,7.609,0,0,0.7173,,7.8768,34.5331,7.28902,4.13,3.86,0.853007,3.79194,0.169883,0.477795,7.73693,8.84018,4.33265,2.04036,0.974643,0.224044,0.109806,0.11423800140619278,0.240853,1.40678,0.296954,0.703058,,,4.20466,0.0352922,0.0184266,999,,,,,,,36.7,4.5875,35,4.375,,,,,,,,,,,,,,,,,,,"Nick Burdi","16074",595897
"Marco Gonzales","SDP",0.379395,0.552821,0.439348,5.17021,1.451,1.451,0,0,,7.0326,30.7005,7.42977,4.33,4.04,1.22233,2.44707,0.0228678,0.253572,4.58758,5.87098,3.13164,1.87473,1.56429,0.14943,0.0797077,0.0697225034236908,0.26535,1.40444,0.279741,0.679296,,,5.24205,0.0323777,0.036766,999,,,,,,,25.3,3.6142857142857143,26,3.7142857142857144,,,,,,,,,,,,,,,,,,,"Marco Gonzales","15467",594835
"Tom Cosgrove","HOU",0.454056,0.351653,0,4.72675,10.126,0,0,0.6558,,10.5104,46.0991,10.3163,5.92,5.52,1.34383,4.29499,0.352,0.630331,9.48438,8.12143,3.67778,2.20824,1.15071,0.205739,0.0931687,0.11257026344537735,0.250554,1.39017,0.295675,0.682744,,,4.39836,0.0316187,-0.0256389,999,,,,,,,50.10000000000001,4.554545454545456,49,4.454545454545454,,,,,,,,,,,,,,,,,,,"Tom Cosgrove","23443",676680
"Ky Bush","CHW",0.868424,1.68841,1.00645,5.37911,4.629,4.049,0,0,,18.2205,80.6081,18.9904,11.64,10.89,3.12945,7.78379,0.0715552,0.70183,12.7195,6.28276,3.84479,1.6341,1.54579,0.157794,0.0965633,0.0612303763628006,0.263308,1.46946,0.281855,0.675846,,,5.36893,0.0309653,-0.0808181,999,,,,,,,45.90000000000001,2.5500000000000007,50,2.7777777777777777,,,,,,,,,,,,,,,,,,,"Ky Bush","29823",681066
"Trevor Stephan","CLE",0.451983,0.487876,0,4.94854,12.807,0,0,0.6803,,13.3312,58.5614,13.0019,7.84,7.33,1.87877,5.45079,0.288627,1.02792,13.4395,9.07314,3.67987,2.46561,1.26837,0.229495,0.0930782,0.13641667366027832,0.24964,1.38417,0.302552,0.670738,,,4.40892,0.0303949,-0.122218,999,,,,,,,49.8,3.8307692307692305,51,3.923076923076923,,,,,,,,,,,,,,,,,,,"Trevor Stephan","19932",663986
"Jake Bloss","TOR",0.43112,0.32073,0,4.3532,8.823,0.219,0,0.6524,,9.9444,42.4352,8.68227,5.15,4.81,1.43976,4.01729,0.245233,0.497154,9.63818,8.72286,3.63577,2.39918,1.30303,0.227127,0.0946687,0.13245820999145508,0.228958,1.27706,0.269812,0.706629,,,4.44078,0.0296273,0.0230332,999,,,,,,,50.300000000000004,5.03,49,4.9,,,,,,,,,,,,,,,,,,,"Jake Bloss","33168",814005
"Jake Miller","CLE",0.32994,0.311616,0,4.3493,8.78,0,0,0,,9.1463,39.1732,8.47468,4.73,4.42,1.18592,3.43149,0.214429,0.455489,7.85484,7.72919,3.3766,2.28905,1.16695,0.200516,0.0875979,0.11291765421628952,0.24017,1.30175,0.277715,0.700395,,,4.37807,0.0293832,-0.0302225,999,,,,,,,40.500000000000014,4.500000000000002,39,4.333333333333333,,,,,,,,,,,,,,,,,,,"Jake Miller","sa3018171",681313
"Gregory Santos","SFG",1.7002,1.3356,0,4.46093,42.565,0,3,5.9805,,43.8003,191.503,43.7515,23.35,21.71,4.47023,17.8249,1.17078,3.02017,31.789,6.53195,3.66262,1.78341,0.918535,0.165998,0.0930791,0.07291895896196365,0.25637,1.40584,0.292275,0.691029,,,4.4381,0.0292578,-0.000811416,999,,,,,,,202.00000000000003,4.590909090909092,208,4.7272727272727275,,,,,,,,,,,,,,,,,,,"Gregory Santos","21894",666619
"Dom Hamel","NYY",0.866278,0.577849,0,4.63367,17.094,0.118,0,0.691,,18.1994,79.8116,16.7404,9.99,9.37,2.51915,8.51869,0.52702,1.02584,18.3125,9.05593,4.21268,2.14969,1.24578,0.229447,0.106735,0.12271174043416977,0.23824,1.38791,0.287674,0.7026,,,4.49549,0.0269575,-0.0604212,999,,,,,,,62.10000000000001,3.4500000000000006,61,3.388888888888889,,,,,,,,,,,,,,,,,,,"Dom Hamel","30153",687589
"Jeff Criswell","COL",0.390276,0.421174,0,5.03185,9.46,0,0,0.6093,,10.3918,45.9523,10.1749,6.23,5.81,1.62237,4.59774,0.44802,0.467451,11.0044,9.53058,3.98195,2.39344,1.40509,0.239475,0.100055,0.1394205242395401,0.248854,1.42157,0.302634,0.683339,,,4.50906,0.0249972,-0.0784438,999,,,,,,,34.4,3.44,35,3.5,,,,,,,,,,,,,,,,,,,"Jeff Criswell","27608",676105
"Brent Suter","LAA",2.01988,1.97591,0,4.61115,53.753,0.24,0,12.2033,,59.7833,258.705,61.8264,32.86,30.63,7.83913,18.6456,0.91802,3.82086,42.2977,6.36765,2.80697,2.26851,1.18013,0.163498,0.0720727,0.09142521023750305,0.261712,1.34606,0.290096,0.685092,,,4.55213,0.0246065,-0.167524,999,,,,,,,247.40000000000003,4.123333333333334,259,4.316666666666666,,,,,,,,,,,,,,,,,,,"Brent Suter","13942",608718
"Cole Irvin","LAD",0.598113,0.640488,0.534503,5.58535,1.93,1.73,0,0,,9.1364,40.2839,10.5203,6.05,5.67,1.7118,2.61105,0.0482804,0.419455,5.69217,5.60719,2.57207,2.18003,1.68625,0.141301,0.0648163,0.0764850601553917,0.282399,1.43726,0.295099,0.659662,,,5.31987,0.0244554,-0.0345589,999,,,,,,,16.400000000000006,1.8222222222222229,22,2.4444444444444446,,,,,,,,,,,,,,,,,,,"Cole Irvin","19244",608344
"Bryan Hoeing","SDP",0.499941,0.422758,0,4.38652,11.731,0.144,0,0,,13.562,58.5479,13.6186,7.1,6.61,1.48698,4.95077,0.374784,0.510638,9.86767,6.54838,3.28542,1.99316,0.986791,0.16854,0.0845592,0.0839809700846672,0.256537,1.36922,0.290705,0.695637,,,4.3134,0.0242,0.0322466,999,,,,,,,56.90000000000001,4.064285714285715,59,4.214285714285714,,,,,,,,,,,,,,,,,,,"Bryan Hoeing","26304",663773
"Michael Petersen","MIA",0.871578,0.824499,0,4.64944,24.356,0,0,0.6387,,26.2483,115.674,23.8275,14.54,13.56,3.39158,13.5346,0.966014,1.3555,25.5504,8.76072,4.64075,1.88778,1.1629,0.220883,0.117006,0.10387631505727768,0.236421,1.42341,0.284455,0.699766,,,4.5699,0.0240476,-0.143496,999,,,,,,,104.1,4.003846153846154,102,3.923076923076923,,,,,,,,,,,,,,,,,,,"Michael Petersen","20827",656848
"Tanner Rainey","DET",0.434009,0.360058,0,4.28825,11.107,0,0,0.6028,,11.4802,49.6358,9.34683,5.84,5.47,1.52152,5.93552,0.218867,0.658098,11.814,9.26165,4.6532,1.99038,1.19281,0.238013,0.119581,0.11843135207891464,0.217155,1.33119,0.263418,0.717928,,,4.52298,0.0230983,-0.0256552,999,,,,,,,40.400000000000006,3.6727272727272733,36,3.272727272727273,,,,,,,,,,,,,,,,,,,"Tanner Rainey","17610",663432
"Colton Gordon","HOU",1.27839,1.07944,0,4.60866,27.056,0.446,0,0.6558,,34.1357,145.237,32.2975,18.73,17.48,5.90382,10.5133,1.06584,1.49289,30.3768,8.00894,2.77187,2.88936,1.55656,0.209154,0.0723875,0.13676609098911285,0.242418,1.25414,0.272241,0.697076,,,4.6589,0.0224922,-0.125223,999,,,,,,,122.60000000000001,3.6058823529411765,120,3.5294117647058822,,,,,,,,,,,,,,,,,,,"Colton Gordon","31312",676467
"Sam Aldegheri","LAA",1.35569,2.77863,1.14684,5.69623,8.683,5.69,0,0,,35.5182,159.99,38.1746,23.95,22.48,6.29578,15.5602,0.446743,2.59989,26.947,6.82814,3.94282,1.73179,1.5953,0.16843,0.0972575,0.0711720883846283,0.269158,1.51288,0.293578,0.663053,,,5.45596,0.0213001,-0.174423,999,,,,,,,90.80000000000003,2.522222222222223,99,2.75,,,,,,,,,,,,,,,,,,,"Sam Aldegheri","26443",691951
"Jayvien Sandridge","LAA",0.729684,0.664796,0,4.51907,19.393,0,0,0.6327,,19.5571,87.1249,16.5346,10.45,9.82,2.38967,11.9012,0.783359,1.44989,22.2734,10.25,5.47683,1.87152,1.0997,0.255649,0.136599,0.1190493106842041,0.224125,1.45399,0.28802,0.716843,,,4.49384,0.0212037,0.0460665,999,,,,,,,88.2,4.41,83,4.15,,,,,,,,,,,,,,,,,,,"Jayvien Sandridge","25158",682144
"Corbin Martin","CHC",0.368313,0.307464,0,4.4686,8.696,0.051,0,0.7209,,9.3855,41.0233,8.4084,4.97,4.66,1.09446,4.84179,0.235275,0.397306,8.94741,8.57991,4.64292,1.84795,1.04951,0.218106,0.118026,0.10008025169372559,0.234975,1.41177,0.284121,0.706625,,,4.41909,0.01937,-0.0302225,999,,,,,,,40.500000000000014,4.500000000000002,39,4.333333333333333,,,,,,,,,,,,,,,,,,,"Corbin Martin","19884",656686
"Cole Henry","WSN",2.18359,2.25695,0,4.60022,62.862,0,13,7.9996,,62.8992,275.374,54.3506,34.29,32.15,8.59697,31.1542,1.58864,5.58917,58.3605,8.35058,4.45773,1.87328,1.23011,0.211932,0.113134,0.09879795461893082,0.227761,1.35939,0.266517,0.697093,,,4.80876,0.0187205,-0.109962,738,,,,,,,317.1,5.033333333333334,300,4.761904761904762,,,,,,,,,,,,,,,,,,,"Cole Henry","27570",669371
"Blas Castaño","SEA",0.304246,0.287889,0,4.50509,8.129,0.006,0,0.65,,9.9887,43.5413,9.62205,5.36,5,1.1326,4.03455,0.307135,0.759842,7.96246,7.17432,3.6352,1.97357,1.0205,0.182871,0.0926602,0.09021097421646118,0.24833,1.3672,0.286304,0.687319,,,4.45484,0.016646,0.0230333,999,,,,,,,40.7,4.07,42,4.2,,,,,,,,,,,,,,,,,,,"Blas Castano","26117",680604
"Angel Perdomo","LAA",0.412125,0.370494,0,4.48616,10.924,0,0,0,,11.4151,50.6367,9.27821,6.09,5.69,1.53105,7.06333,0.401938,0.79585,14.2165,11.2087,5.56893,2.01271,1.20713,0.280754,0.13949,0.14126372337341309,0.216894,1.43157,0.286613,0.722038,,,4.45342,0.0163915,-0.0256552,999,,,,,,,37.400000000000006,3.4000000000000004,33,3,,,,,,,,,,,,,,,,,,,"Angel Perdomo","17759",622780
"Daniel Lynch IV","KCR",2.07602,1.90969,0,4.63398,50.665,0.458,0,10.8051,,58.4595,255.234,58.3547,32.25,30.1,7.27918,21.465,1.64415,4.51152,43.7433,6.7344,3.3046,2.03789,1.12065,0.171385,0.0840994,0.08728569746017456,0.254538,1.36539,0.286563,0.68319,,,4.59037,0.0163416,-0.172057,999,,,,,,,246.3,4.246551724137931,253,4.362068965517241,,,,,,,,,,,,,,,,,,,"Daniel Lynch IV","21537",663738
"Ken Waldichuk","WSN",0.398459,0.538253,0,4.58813,11.316,0.369,0,0.6515,,13.2407,57.9833,12.0188,7.24,6.75,1.76348,6.48254,0.387539,0.73527,13.4216,9.12298,4.40633,2.07043,1.19868,0.231474,0.1118,0.11967389285564423,0.236751,1.39731,0.288229,0.702408,,,4.4746,0.0157082,-0.021051,999,,,,,,,49.39999999999999,3.7999999999999994,48,3.6923076923076925,,,,,,,,,,,,,,,,,,,"Ken Waldichuk","27681",686610
"Scott Blewett","STL",0.73158,0.712709,0,5.03991,17.411,0.066,0,0.6663,,19.9468,88.0057,20.8063,11.92,11.17,2.62528,8.23572,0.609631,0.484867,15.8627,7.15724,3.71596,1.92608,1.18453,0.180246,0.0935817,0.08666430413722992,0.262424,1.45598,0.299045,0.674983,,,4.5672,0.0151342,-0.15679,999,,,,,,,68.5,3.425,73,3.65,,,,,,,,,,,,,,,,,,,"Scott Blewett","16427",656240
"Collin Snider","CHC",0.403288,0.335221,0,4.73117,9.8,0,0,0.7209,,10.1962,44.4086,9.95912,5.74,5.36,1.35116,3.99035,0.268819,0.613763,8.76948,7.74066,3.52221,2.19767,1.19265,0.197472,0.0898552,0.10761713236570358,0.250201,1.3681,0.289987,0.680841,,,4.49236,0.0150832,-0.0785266,999,,,,,,,42.7,4.2700000000000005,44,4.4,,,,,,,,,,,,,,,,,,,"Collin Snider","23307",676092
"Colin Poche","DET",0.646931,0.582469,0,4.60074,16.803,0,0,0.6028,,16.6082,71.9435,14.7757,9.11,8.49,2.5055,7.37621,0.421848,0.809087,14.4534,7.83232,3.99717,1.95946,1.35774,0.2009,0.102528,0.09837175905704498,0.231745,1.33379,0.262187,0.699515,,,4.83433,0.01488,-0.0118979,999,,,,,,,57.900000000000006,3.405882352941177,54,3.176470588235294,,,,,,,,,,,,,,,,,,,"Colin Poche","19403",621363
"Chase Shugart","PHI",1.17849,0.908804,0,4.78049,30.299,0,0,0.6364,,33.2288,146.014,33.4513,18.91,17.65,4.2824,13.533,0.793003,1.80829,26.4146,7.15438,3.66541,1.95186,1.15988,0.180905,0.0926832,0.08822188526391983,0.255994,1.41396,0.291762,0.684924,,,4.60572,0.0135113,-0.17822,999,,,,,,,117.20000000000006,3.5515151515151535,121,3.6666666666666665,,,,,,,,,,,,,,,,,,,"Chase Shugart","21544",663767
"Julian Merryweather","MIN",0.365647,0.31416,0,5.092,8.672,0,0,0,,8.5546,37.891,8.70356,5.17,4.84,1.15903,3.80679,0.183095,0.298946,7.89502,8.30608,4.005,2.07393,1.21938,0.208361,0.100467,0.10789430886507034,0.257614,1.46241,0.305061,0.674187,,,4.4905,0.013345,-0.0302225,999,,,,,,,34.90000000000001,3.877777777777779,36,4,,,,,,,,,,,,,,,,,,,"Julian Merryweather","16703",657240
"Zach Brzykcy","MIA",0.339344,0.303741,0,4.38868,9.241,0,0,0.6387,,8.4285,36.6549,7.50316,4.41,4.11,1.10363,4.07179,0.386746,0.339504,7.83895,8.37047,4.34788,1.92518,1.17846,0.213858,0.111085,0.1027737408876419,0.232703,1.37331,0.274646,0.714361,,,4.54738,0.0121475,0.0184266,999,,,,,,,34.10000000000001,4.262500000000001,35,4.375,,,,,,,,,,,,,,,,,,,"Zach Brzykcy","27783",694350
"Joe La Sorsa","PIT",0.23629,0.170294,0,4.55354,5.212,0,0,0,,6.7991,29.1905,6.91866,3.69,3.44,0.915392,1.98926,0.301548,0.313131,4.94171,6.54136,2.6332,2.48419,1.21171,0.169292,0.0681476,0.10114408284425735,0.257313,1.31016,0.285449,0.684195,,,4.44764,0.0115957,-0.0346621,999,,,,,,,25.3,3.6142857142857143,26,3.7142857142857144,,,,,,,,,,,,,,,,,,,"Joe La Sorsa","25481",686747
"Taylor Rashi","ARI",0.42784,0.379089,0,4.77202,12.443,0,0,0,,21.6135,94.8613,20.3907,12.26,11.46,3.0547,10.2944,0.841287,0.630246,20.5157,8.54287,4.28664,1.99291,1.272,0.21627,0.10852,0.10775032639503479,0.24293,1.41972,0.287181,0.697695,,,4.59041,0.0114442,-0.0510385,999,,,,,,,82.9,3.7681818181818185,80,3.6363636363636362,,,,,,,,,,,,,,,,,,,"Taylor Rashi","26344",688497
"Daniel Robert","PHI",0.223846,0.15926,0,4.42483,5.531,0,0,0,,5.3697,23.2736,4.8055,2.83,2.64,0.713748,2.3961,0.113155,0.308878,4.95647,8.3074,4.01604,2.06855,1.19629,0.212965,0.102954,0.11001162976026535,0.233632,1.34116,0.274644,0.704829,,,4.52827,0.0114438,-0.0393256,999,,,,,,,15.7,3.1399999999999997,16,3.2,,,,,,,,,,,,,,,,,,,"Daniel Robert","21229",642016
"Logan VanWey","HOU",0.483536,0.355955,0,4.4913,10.332,0,0,0,,11.1215,48.2382,9.72885,5.93,5.55,1.62823,5.19429,0.388157,0.651735,10.9045,8.82438,4.20345,2.09932,1.31763,0.226055,0.10768,0.11837487667798996,0.229497,1.34183,0.271292,0.711279,,,4.65436,0.0105993,-0.0256389,999,,,,,,,34.800000000000004,3.163636363636364,33,3,,,,,,,,,,,,,,,,,,,"Logan VanWey","31884",701121
"Tayler Saucedo","LAA",0.976104,0.895277,0,4.56147,26.282,0,0,0.6327,,26.4783,115.924,26.4974,14.4,13.42,3.02043,10.9937,0.71967,1.51825,21.3293,7.24986,3.73675,1.94015,1.02665,0.183994,0.0948348,0.08915893733501434,0.25623,1.41591,0.296941,0.694207,,,4.42459,0.0101767,-0.0421517,999,,,,,,,94.9,3.6500000000000004,98,3.769230769230769,,,,,,,,,,,,,,,,,,,"Tayler Saucedo","17888",642048
"Ryan Loutos","SEA",0.609916,0.604519,0,4.69957,16.652,0,0,0.65,,17.0441,74.6042,17.1647,9.52,8.9,2.14345,6.96967,0.590165,0.691973,13.7032,7.23585,3.68028,1.96612,1.13183,0.183678,0.093422,0.09025648236274719,0.25641,1.416,0.293982,0.691526,,,4.5106,0.00973489,-0.11332,999,,,,,,,65.00000000000001,3.8235294117647065,67,3.9411764705882355,,,,,,,,,,,,,,,,,,,"Ryan Loutos","29521",702795
"Nick Hernandez","ATH",0.412303,0.35433,0,4.62199,9.659,0,0,0,,11.878,51.4112,10.3491,6.52,6.1,1.98711,5.42407,0.340967,0.603315,12.342,9.35154,4.10984,2.27541,1.50564,0.240063,0.105504,0.13455989956855774,0.228035,1.32793,0.269267,0.712264,,,4.75415,0.00944546,-0.0739255,999,,,,,,,44.20000000000002,3.683333333333335,40,3.3333333333333335,,,,,,,,,,,,,,,,,,,"Nick Hernandez","19281",663321
"Shawn Dubin","ARI",0.380115,0.388378,0,4.78448,11.048,0.138,0,0,,13.3745,59.3681,13.3547,7.6,7.11,1.44981,6.35122,0.309506,0.779383,11.114,7.47886,4.27388,1.7499,0.97561,0.187205,0.10698,0.08022458106279373,0.255654,1.4734,0.300071,0.684872,,,4.48183,0.00933396,-0.121983,999,,,,,,,51.10000000000001,3.9307692307692315,53,4.076923076923077,,,,,,,,,,,,,,,,,,,"Shawn Dubin","24977",681869
"Tucker Davidson","PHI",0.217388,0.157336,0,4.59568,5.561,0,0,0.6364,,5.8555,25.5999,5.77341,3.22,2.99,0.66944,2.47145,0.164149,0.251533,4.92509,7.56995,3.79866,1.99279,1.02894,0.192388,0.0965416,0.09584595263004303,0.252369,1.40805,0.295328,0.687617,,,4.33426,0.00932539,0.0138199,999,,,,,,,24.500000000000007,4.083333333333335,25,4.166666666666667,,,,,,,,,,,,,,,,,,,"Tucker Davidson","19871",656353
"Matt Bowman","MIN",0.49021,0.410941,0,4.9816,11.486,0,0,0,,14.1822,62.6555,14.7667,8.38,7.85,1.64388,5.64496,0.377202,0.885076,10.8026,6.85533,3.58228,1.91368,1.04321,0.172413,0.0900952,0.08231785893440247,0.263101,1.43925,0.300438,0.664358,,,4.4999,0.00870517,-0.0693912,999,,,,,,,41,2.9285714285714284,45,3.2142857142857144,,,,,,,,,,,,,,,,,,,"Matt Bowman","13528",621199
"Jake Eder","WSN",0.469823,0.514877,0,4.83193,14.091,0.025,0,0.6515,,17.4899,76.9241,17.058,10.04,9.39,2.27165,7.74261,0.511057,0.896712,15.2463,7.8455,3.98422,1.96915,1.16895,0.1982,0.100653,0.0975470244884491,0.249806,1.41799,0.291259,0.682719,,,4.56206,0.0086101,-0.113109,999,,,,,,,64.00000000000001,3.764705882352942,66,3.8823529411764706,,,,,,,,,,,,,,,,,,,"Jake Eder","27590",671109
"Guillo Zuñiga","SEA",0.211489,0.200327,0,4.56494,5.597,0,0,0.65,,5.8555,25.2517,5.26784,3.18,2.97,0.87686,2.44236,0.209494,0.31311,5.60715,8.61829,3.75395,2.29579,1.34775,0.22205,0.0967207,0.12532970309257507,0.234165,1.31675,0.274227,0.698825,,,4.57845,0.0079707,0.0138199,999,,,,,,,29.10000000000001,4.850000000000001,27,4.5,,,,,,,,,,,,,,,,,,,"Guillo Zuniga","19588",670871
"Jorge Alcala","TOR",0.825823,0.541474,0,4.72194,17.896,0,0,0,,19.3268,83.305,18.0323,10.85,10.14,3.21599,7.64387,0.359099,0.781665,18.3929,8.56509,3.55955,2.40622,1.49761,0.220789,0.0917575,0.1290316879749298,0.240817,1.32852,0.278132,0.700213,,,4.70284,0.0068449,-0.108773,999,,,,,,,65.89999999999999,3.4684210526315784,65,3.4210526315789473,,,,,,,,,,,,,,,,,,,"Jorge Alcala","19459",660896
"Jesse Scholtens","TBR",1.04564,1.12016,0,5.07525,24.33,0.482,0,0.6597,,31.7423,140.035,32.7458,19.2,17.9,4.94367,12.8464,1.01746,1.18999,28.5325,8.08992,3.64238,2.22105,1.40169,0.203752,0.0917369,0.1120155081152916,0.25989,1.43632,0.30049,0.682479,,,4.68864,0.00683572,-0.230422,999,,,,,,,109.50000000000001,3.4218750000000004,115,3.59375,,,,,,,,,,,,,,,,,,,"Jesse Scholtens","19205",669947
"Vince Velasquez","CHC",0.235072,0.200493,0,4.81275,5.712,0,0,0.7209,,5.928,25.9327,5.48141,3.4,3.17,0.901813,2.75744,0.138713,0.287786,5.99721,9.10508,4.18639,2.17492,1.36915,0.231261,0.106331,0.12493031471967697,0.239494,1.38982,0.286432,0.693612,,,4.63055,0.00592753,0.0138199,999,,,,,,,26.10000000000001,4.350000000000001,24,4,,,,,,,,,,,,,,,,,,,"Vince Velasquez","11189",592826
"Carson Palmquist","COL",0.719876,1.33201,0,5.57472,17.328,1.232,0,0.6093,,24.1196,109.746,25.3766,16.01,14.94,3.71073,12.1738,0.695648,1.4028,24.1723,9.01965,4.54254,1.9856,1.38462,0.220256,0.110927,0.10932895541191101,0.263873,1.55684,0.317277,0.665744,,,4.81944,0.00536867,-0.289718,999,,,,,,,76.40000000000003,3.183333333333335,81,3.375,,,,,,,,,,,,,,,,,,,"Carson Palmquist","31612",687223
"Jose Franco","CIN",0.505171,0.47109,0,4.77917,13.84,0.038,0,0,,14.6699,63.9912,13.3501,8.31,7.79,2.48416,6.72867,0.418395,0.716421,15.2554,9.35919,4.12804,2.26722,1.52404,0.238398,0.10515,0.13324807584285736,0.236092,1.36871,0.280003,0.708922,,,4.77923,0.00470168,-0.0164809,999,,,,,,,58.60000000000001,3.906666666666667,55,3.6666666666666665,,,,,,,,,,,,,,,,,,,"Jose Franco","sa3008714",683742
"Cam Sanders","PIT",1.04426,0.790417,0,4.62837,23.052,0,0,0.6584,,24.7344,110.575,21.5266,13.52,12.72,2.88565,15.4018,0.892739,1.41141,24.7881,9.01954,5.60418,1.60943,1.04999,0.224174,0.139288,0.08488616347312927,0.229587,1.493,0.282061,0.711751,,,4.68669,0.00456254,-0.0951649,999,,,,,,,96.89999999999999,3.8759999999999994,92,3.68,,,,,,,,,,,,,,,,,,,"Cam Sanders","23479",676742
"Shinnosuke Ogasawara","WSN",0.28596,0.374088,0,4.82485,8.383,0.195,0,0,,11.4532,50.2418,11.6461,6.59,6.14,1.50361,4.46544,0.33786,0.45308,9.27929,7.29173,3.50897,2.07803,1.18155,0.184693,0.0888789,0.09581378102302551,0.256956,1.40673,0.293641,0.679795,,,4.50977,0.00236575,-0.12601,999,,,,,,,31.600000000000005,2.872727272727273,35,3.1818181818181817,,,,,,,,,,,,,,,,,,,"Shinnosuke Ogasawara","35324",829272
"Bradley Blalock","MIA",0.452981,0.705615,0,5.19333,12.544,0.626,0,0.6387,,16.6194,74.1946,17.9059,10.29,9.59,2.32191,7.1744,0.582777,0.61623,11.9988,6.49776,3.88519,1.67244,1.2574,0.16172,0.096697,0.06502319872379303,0.269651,1.5091,0.299213,0.677534,,,4.91373,0.000294355,-0.0630177,999,,,,,,,58.40000000000002,3.43529411764706,63,3.7058823529411766,,,,,,,,,,,,,,,,,,,"Bradley Blalock","26419",687134
"Lyon Richardson","CIN",0.711958,0.651783,0,4.65485,19.671,0.082,0,0.6509,,21.9062,96.9174,21.1264,12.11,11.33,2.37525,11.1808,0.725109,0.970935,18.4431,7.57722,4.59354,1.64954,0.975855,0.190297,0.115364,0.07493332773447037,0.249233,1.47479,0.293228,0.696891,,,4.52503,0.000036993,-0.0512777,999,,,,,,,87.60000000000002,3.981818181818183,88,4,,,,,,,,,,,,,,,,,,,"Lyon Richardson","24581",680689
"Yilber Díaz","ARI",0.662575,0.832032,0,5.21726,19.316,0.54,0,0.6568,,24.1506,109.419,23.6983,14.93,14,3.1621,14.1312,0.774151,1.03212,22.404,8.3491,5.26614,1.58543,1.17839,0.204755,0.129148,0.07560697197914124,0.251426,1.5664,0.298972,0.685561,,,4.86549,-0.000782615,-0.19591,999,,,,,,,81.30000000000001,3.3875000000000006,84,3.5,,,,,,,,,,,,,,,,,,,"Yilber Diaz","29271",700270
"Dylan Coleman","NYY",0.254498,0.156183,0,4.53706,4.957,0,0,0.691,,5.0385,22.3123,4.22108,2.7,2.54,0.577588,3.03762,0.134473,0.403587,5.05174,9.02365,5.42594,1.66306,1.03172,0.22641,0.136141,0.0902692973613739,0.223679,1.44065,0.275151,0.706767,,,4.66908,-0.00112952,-0.0392633,999,,,,,,,19.299999999999997,3.8599999999999994,17,3.4,,,,,,,,,,,,,,,,,,,"Dylan Coleman","22276",669395
"Génesis Cabrera","PHI",0.75685,0.56341,0,4.68038,19.173,0,0,0.6364,,19.883,86.2228,19.463,11.13,10.34,2.80761,7.55078,0.570221,1.05744,16.2604,7.36022,3.41784,2.15347,1.27086,0.188585,0.0875729,0.10101253539323807,0.250764,1.35863,0.28448,0.688112,,,4.63405,-0.00124022,-0.0558626,999,,,,,,,70.69999999999999,3.5349999999999993,70,3.5,,,,,,,,,,,,,,,,,,,"Genesis Cabrera","17490",650893
"Triston McKenzie","SDP",0.263597,0.382868,0.0605363,5.06446,2.829,0.755,0,0.6537,,6.0421,26.5214,5.45055,3.63,3.4,1.08639,3.11939,0.111293,0.231546,5.02685,7.48774,4.64648,1.61149,1.61823,0.189539,0.117618,0.07192156463861465,0.235237,1.41837,0.255854,0.700801,,,5.47243,-0.0020463,-0.0431364,999,,,,,,,24.10000000000001,4.016666666666668,22,3.6666666666666665,,,,,,,,,,,,,,,,,,,"Triston McKenzie","18000",663474
"Scott Effross","DET",0.489809,0.456887,0,4.86003,13.381,0,0,0.6028,,13.9814,60.9454,14.8414,8.14,7.55,1.763,4.45672,0.510301,0.817025,9.16348,5.89864,2.86885,2.0561,1.13486,0.150355,0.0731264,0.07722894847393036,0.266587,1.38027,0.292285,0.662992,,,4.59516,-0.00234721,-0.0694943,999,,,,,,,47,3.357142857142857,51,3.642857142857143,,,,,,,,,,,,,,,,,,,"Scott Effross","18384",664123
"Derek Law","ARI",0.552954,0.559306,0,5.23757,17.123,0,0,0.6568,,18.163,81.0848,20.2269,11.3,10.57,2.2668,7.11175,0.423438,0.86987,13.9426,6.90873,3.52396,1.9605,1.12323,0.171951,0.0877075,0.08424319326877594,0.276689,1.50518,0.315677,0.66371,,,4.54063,-0.00268545,-0.161391,999,,,,,,,64.60000000000002,3.5888888888888903,72,4,,,,,,,,,,,,,,,,,,,"Derek Law","13133",571882
"Logan Gillaspie","SDP",0.681197,0.576453,0,4.83954,16.626,0,0,0.6537,,18.7456,81.8105,19.3168,10.79,10.08,2.68212,6.56554,0.445806,0.937712,14.3237,6.87698,3.1522,2.18165,1.28772,0.175084,0.080253,0.09483063220977783,0.259958,1.38071,0.290301,0.682066,,,4.66776,-0.00301715,-0.108718,999,,,,,,,62.29999999999999,3.278947368421052,64,3.3684210526315788,,,,,,,,,,,,,,,,,,,"Logan Gillaspie","22461",670810
"Kirby Yates","LAA",2.07217,1.85776,0,4.6292,54.453,0,9,9.781,,54.8065,237.589,45.8977,30.09,28.19,8.83229,27.1359,1.44506,3.2232,63.1323,10.3672,4.45609,2.32653,1.45039,0.265721,0.114214,0.15150726586580276,0.221482,1.33257,0.27402,0.707841,,,4.58811,-0.00315985,-0.128261,292.3900146484375,,,,,,,297.70000000000005,5.412727272727274,279,5.072727272727272,,,,,,,,,,,,,,,,,,,"Kirby Yates","9073",489446
"Joey Lucchesi","SFG",1.44183,1.24298,0,4.67107,36.356,0.187,0,0.6515,,39.6333,173.156,39.8483,22.13,20.57,5.15156,15.6137,1.19667,2.36022,31.9926,7.26494,3.54559,2.04901,1.16983,0.184762,0.0901715,0.09459034353494644,0.256784,1.39938,0.293946,0.690821,,,4.57097,-0.00452367,-0.111683,999,,,,,,,144.5,3.6125,149,3.725,,,,,,,,,,,,,,,,,,,"Joey Lucchesi","19320",664192
"Tyson Miller","CHW",0.186075,0.186849,0,4.91431,4.935,0,0,0.5829,,5.1462,22.4746,4.89855,3.01,2.81,0.812855,2.15023,0.103168,0.317585,4.50742,7.88285,3.76045,2.09625,1.42157,0.200556,0.0956735,0.10488218814134598,0.244844,1.36971,0.278193,0.68329,,,4.8754,-0.00453583,-0.0392633,999,,,,,,,19.700000000000003,3.9400000000000004,20,4,,,,,,,,,,,,,,,,,,,"Tyson Miller","19976",668338
"Jairo Iriarte","CHW",0.29574,0.285138,0,4.72159,7.788,0,0,0,,8.387,37.0039,7.57302,4.71,4.4,1.14413,4.29949,0.238984,0.605454,8.03239,8.61947,4.61374,1.86822,1.22776,0.217069,0.11619,0.10087846219539642,0.235927,1.41558,0.280462,0.697372,,,4.74761,-0.00713785,-0.0829403,999,,,,,,,27.100000000000005,3.3875000000000006,28,3.5,,,,,,,,,,,,,,,,,,,"Jairo Iriarte","26907",683568
"Hogan Harris","ATH",2.2289,2.05665,0,4.81209,54.044,0.243,8,11.3438,,63.3467,280.03,59.9205,36.16,33.87,8.70234,30.6232,1.83869,3.98099,62.0254,8.81227,4.3508,2.02544,1.23639,0.221496,0.109357,0.11213857680559158,0.24415,1.42934,0.293182,0.69402,,,4.60155,-0.00785658,-0.312511,722.3599853515625,,,,,,,302.50000000000006,4.801587301587302,301,4.777777777777778,,,,,,,,,,,,,,,,,,,"Hogan Harris","21520",663687
"Lou Trivino","PHI",0.729684,0.566992,0,4.75959,18.537,0.021,0,0.6364,,19.1172,83.8329,18.6257,10.84,10.11,2.43172,8.04157,0.378205,1.47031,14.9901,7.05705,3.78581,1.86408,1.14481,0.178809,0.0959238,0.08288547396659851,0.250611,1.39493,0.284607,0.680366,,,4.71318,-0.00837526,-0.108821,999,,,,,,,73.6,3.8736842105263154,76,4,,,,,,,,,,,,,,,,,,,"Lou Trivino","15043",642152
"Josh Fleming","TOR",0.285235,0.172825,0,4.36814,6.149,0,0,0,,9.931,42.9332,10.4286,5.19,4.82,1.07867,3.30027,0.393388,0.411508,5.79632,5.25294,2.99088,1.75632,0.977547,0.135008,0.0768699,0.058138199150562286,0.265891,1.38243,0.289057,0.698835,,,4.5011,-0.0090599,0.0230334,999,,,,,,,38.7,3.87,40,4,,,,,,,,,,,,,,,,,,,"Josh Fleming","20418",676596
"Beau Brieske","DET",1.5783,1.53347,0,4.65335,40.94,0.42,0,4.0186,,44.2133,191.565,41.3072,24.48,22.86,6.38349,18.7437,1.13397,1.30336,35.8201,7.2915,3.81545,1.91105,1.29941,0.186987,0.0978451,0.08914157003164291,0.240833,1.35821,0.270068,0.695913,,,4.75199,-0.00944177,-0.102573,999,,,,,,,173.20000000000002,3.936363636363637,170,3.8636363636363638,,,,,,,,,,,,,,,,,,,"Beau Brieske","26079",689225
"Josh Staumont","CIN",0.333867,0.31167,0,4.9595,9.347,0,0,0.6509,,9.6905,42.9346,9.04004,5.68,5.34,1.34839,5.01065,0.175012,0.555826,9.17456,8.52082,4.65362,1.83101,1.25231,0.213687,0.116704,0.09698254615068436,0.241918,1.44994,0.286519,0.688212,,,4.77378,-0.0117808,-0.0784438,999,,,,,,,42.300000000000004,4.23,41,4.1,,,,,,,,,,,,,,,,,,,"Josh Staumont","18335",622251
"Chris Devenski","PIT",0.584999,0.506704,0,5.13597,13.164,0.077,0,0.6584,,14.3342,62.489,14.4475,8.73,8.18,2.15391,4.99169,0.263685,0.896859,10.683,6.7075,3.13413,2.14015,1.35237,0.170957,0.079881,0.0910763368010521,0.255255,1.35614,0.28091,0.652057,,,4.83042,-0.0119941,-0.170048,999,,,,,,,50.6,3.6142857142857143,52,3.7142857142857144,,,,,,,,,,,,,,,,,,,"Chris Devenski","12763",606965
"Randy Dobnak","SEA",0.314359,0.367162,0,4.73567,8.336,0.206,0,0.65,,10.9467,48.3551,10.9782,6.17,5.76,1.2442,5.13496,0.307348,0.521994,8.59784,7.06885,4.22179,1.67437,1.02294,0.177806,0.106193,0.07161355018615723,0.257112,1.47196,0.296261,0.691877,,,4.59218,-0.0126155,-0.0255939,999,,,,,,,44.50000000000001,4.045454545454546,46,4.181818181818182,,,,,,,,,,,,,,,,,,,"Randy Dobnak","23798",677976
"Alek Jacob","SDP",1.18985,0.989634,0,4.7707,28.256,0,0,0.6537,,31.4671,136.414,29.1479,17.89,16.68,5.34061,11.5456,1.0713,3.05564,28.7192,8.21406,3.30218,2.48746,1.52748,0.21053,0.0846364,0.1258934810757637,0.239285,1.29321,0.271299,0.686508,,,4.9082,-0.0133462,-0.182711,999,,,,,,,109.49999999999997,3.532258064516128,107,3.4516129032258065,,,,,,,,,,,,,,,,,,,"Alek Jacob","29628",689690
"Brandon Waddell","NYM",0.258748,0.277868,0,4.86301,4.875,0.31,0,0,,13.9173,61.4267,13.6863,8.03,7.52,1.79544,6.24234,0.439144,0.738113,11.0663,7.15634,4.03678,1.77278,1.16107,0.180155,0.101623,0.07853223383426666,0.251373,1.43193,0.285945,0.683241,,,4.72664,-0.0138612,-0.0685944,999,,,,,,,43.6,3.1142857142857143,45,3.2142857142857144,,,,,,,,,,,,,,,,,,,"Brandon Waddell","18347",663399
"T.J. McFarland",,1.17324,1.4336,0,4.72137,22.071,0,0,0,,21.1591,92.7831,22.6814,11.93,11.1,2.32818,7.71205,0.679108,1.06097,13.8935,5.90957,3.28031,1.80153,0.99029,0.149741,0.0831192,0.06662216037511826,0.269985,1.43643,0.300247,0.680455,,,4.49618,-0.0157974,-0.104338,999,,,,,,,72.00000000000001,3.4285714285714293,80,3.8095238095238093,,,,,,,,,,,,,,,,,,,"T.J. McFarland","3237",519008
"Michael Kopech",,2.06914,2.51085,0,4.60425,37.047,0.282,0,0,,39.0552,172.148,31.9702,21.36,19.98,5.19949,23.5854,0.99774,2.22575,42.0677,9.69421,5.4351,1.78363,1.19819,0.24437,0.137007,0.1073627918958664,0.21847,1.42249,0.270221,0.708331,,,4.69425,-0.0168642,-0.0632054,999,,,,,,,149.90000000000003,3.8435897435897446,136,3.4871794871794872,,,,,,,,,,,,,,,,,,,"Michael Kopech","17282",656629
"Luis Guerrero","TBR",0.905347,0.724975,0,4.61814,20.275,0,0,0.6597,,22.4311,98.6507,20.0142,12.31,11.51,2.90747,11.821,0.897596,1.10579,20.25,8.12489,4.74294,1.71305,1.16656,0.20527,0.119827,0.08544285595417023,0.233473,1.41925,0.273418,0.703238,,,4.74351,-0.0175426,-0.0512777,999,,,,,,,78.9,3.5863636363636364,76,3.4545454545454546,,,,,,,,,,,,,,,,,,,"Luis Guerrero","31184",692285
"Osvaldo Bido","NYY",0.665842,0.597876,0,4.9991,12.831,0.499,0,0.691,,17.3191,76.2055,16.316,10.25,9.62,2.77067,7.78901,0.437889,1.08053,15.894,8.25944,4.04762,2.04057,1.4398,0.208568,0.102211,0.1063571646809578,0.242307,1.39181,0.278302,0.685007,,,4.91579,-0.0193287,-0.113018,999,,,,,,,56.300000000000004,3.311764705882353,55,3.235294117647059,,,,,,,,,,,,,,,,,,,"Osvaldo Bido","23150",674370
"Nick Sandlin","LAA",1.23265,1.09365,0,4.4591,31.426,0,0,0.6327,,31.0018,133.783,25.5634,16.4,15.36,4.60712,14.8334,0.926094,2.66549,29.9045,8.68143,4.30622,2.01602,1.33747,0.22353,0.110877,0.11265307664871216,0.219836,1.30305,0.256276,0.706894,,,4.83118,-0.0205524,0.0202966,999,,,,,,,110.29999999999998,3.558064516129032,100,3.225806451612903,,,,,,,,,,,,,,,,,,,"Nick Sandlin","20517",680704
"Jackson Rutledge","WSN",1.74874,1.95436,0,4.84092,52.529,0.089,2,11.8257,,59.8275,264.943,59.4004,34.48,32.18,7.87444,25.8944,1.54178,4.75867,50.0776,7.5333,3.89536,1.93392,1.18457,0.189013,0.097736,0.0912771224975586,0.253534,1.42568,0.292201,0.684185,,,4.70919,-0.0240472,-0.268815,999,,,,,,,257.20000000000005,4.286666666666667,261,4.35,,,,,,,,,,,,,,,,,,,"Jackson Rutledge","26215",671131
"Joey Estes","ATH",1.02947,1.35124,0,5.06593,23.707,1.154,0,0.6384,,32.6712,141.098,32.8781,19.72,18.39,6.52005,9.58735,1.06944,1.84542,27.0764,7.45879,2.64105,2.82418,1.79609,0.191897,0.067948,0.12394928187131882,0.253561,1.29978,0.274366,0.682281,,,5.12179,-0.0248942,-0.219321,999,,,,,,,94.30000000000005,2.857575757575759,96,2.909090909090909,,,,,,,,,,,,,,,,,,,"Joey Estes","26257",683155
"Kevin Herget","NYM",0.20778,0.172881,0,5.45271,4.348,0,0,0,,7.1304,31.3513,7.68677,4.62,4.32,1.37124,2.40323,0.163889,0.210956,5.58332,7.04728,3.03336,2.32326,1.73078,0.178089,0.0766548,0.1014341339468956,0.267486,1.41507,0.289935,0.669501,,,5.16896,-0.0250413,-0.133122,999,,,,,,,24.7,3.5285714285714285,28,4,,,,,,,,,,,,,,,,,,,"Kevin Herget","15369",643361
"Yunior Marte","CIN",0.252994,0.255806,0,5.29058,7.323,0,0,0.6509,,7.6211,33.9462,7.99296,4.78,4.48,1.12954,3.34417,0.167035,0.404568,6.05165,7.14658,3.94924,1.80961,1.33391,0.178272,0.0985137,0.07975786179304123,0.26469,1.4876,0.298198,0.672129,,,4.94944,-0.0281579,-0.0828068,999,,,,,,,33.10000000000001,4.137500000000001,34,4.25,,,,,,,,,,,,,,,,,,,"Yunior Marte","14416",628708
"Joe Ross","ARI",0.588659,0.704346,0,5.17933,17.304,0.4,0,0,,19.601,87.0938,21.3839,12.07,11.28,2.57585,7.47207,0.582264,1.15209,14.2409,6.53883,3.43088,1.90588,1.18273,0.163512,0.0857933,0.07771828025579453,0.272512,1.47217,0.305063,0.664797,,,4.7104,-0.0294141,-0.15679,999,,,,,,,60.49999999999999,3.0249999999999995,65,3.25,,,,,,,,,,,,,,,,,,,"Joe Ross","12972",605452
"Valente Bellozo","COL",0.514042,0.749313,0,5.28665,11.979,0.474,0,0.6093,,14.896,65.5111,16.1788,9.38,8.75,2.44521,4.79656,0.432757,0.546117,10.003,6.04368,2.89803,2.08544,1.47737,0.152691,0.0732176,0.07947363704442978,0.268893,1.40812,0.287795,0.660627,,,5.00207,-0.0308811,-0.117511,999,,,,,,,50.800000000000004,3.386666666666667,55,3.6666666666666665,,,,,,,,,,,,,,,,,,,"Valente Bellozo","23899",678368
"Tayler Scott","ATL",0.353308,0.334809,0,5.53085,9.879,0.031,0,0.6492,,10.4794,47.046,10.8066,6.87,6.44,1.5931,5.08642,0.280515,0.532446,9.60944,8.25285,4.36836,1.88923,1.3682,0.204256,0.108116,0.09614033997058868,0.260858,1.51659,0.304834,0.660414,,,4.88601,-0.0331845,-0.178551,999,,,,,,,26.799999999999997,2.6799999999999997,30,3,,,,,,,,,,,,,,,,,,,"Tayler Scott","13652",605463
"Michael Tonkin","MIN",1.35328,1.76017,0,5.02946,25.601,0,0,0,,27.9334,122.131,27.5745,16.72,15.61,4.70685,10.5617,0.526105,1.96033,26.3962,8.50472,3.40294,2.49923,1.51652,0.21613,0.0864789,0.12965147197246552,0.251572,1.36525,0.291286,0.678875,,,4.78058,-0.0341492,-0.239836,999,,,,,,,85.90000000000005,3.0678571428571444,88,3.142857142857143,,,,,,,,,,,,,,,,,,,"Michael Tonkin","10315",543859
"Kyle Keller","BOS",1.05796,0.894552,0,4.97942,21.328,0,0,0.676,,22.1592,98.1516,20.1737,13.16,12.26,3.63895,11.4676,0.660206,1.34359,23.7854,9.66048,4.65758,2.07414,1.47797,0.242333,0.116835,0.1254977285861969,0.23639,1.42791,0.285494,0.696178,,,4.85763,-0.0349735,-0.152523,999,,,,,,,77.60000000000002,3.5272727272727282,74,3.3636363636363638,,,,,,,,,,,,,,,,,,,"Kyle Keller","18890",664918
"Luke Jackson",,2.07394,2.58352,0,4.80986,39.176,0,1,0,,40.6228,179.848,40.5015,23.28,21.71,4.72085,19.0871,1.15948,2.22854,34.3214,7.60392,4.22874,1.79815,1.04591,0.190836,0.106129,0.08470677584409714,0.255478,1.46688,0.299444,0.685334,,,4.53029,-0.0359761,-0.160163,999,,,,,,,145.30000000000004,3.543902439024391,150,3.658536585365854,,,,,,,,,,,,,,,,,,,"Luke Jackson","11752",592426
"Casey Lawrence","SEA",0.368073,0.616233,0.426633,6.11395,1.586,1.346,0,0,,7.4191,33.0235,8.75796,5.35,5.04,1.60187,2.23109,0.0463671,0.302505,3.78317,4.58931,2.7065,1.69566,1.9432,0.11456,0.0675608,0.0469992533326149,0.287241,1.48118,0.285048,0.644726,,,5.94663,-0.036869,-0.0707939,999,,,,,,,5.800000000000004,0.8285714285714292,11,1.5714285714285714,,,,,,,,,,,,,,,,,,,"Casey Lawrence","11121",596271
"Ryder Ryan","LAD",0.374396,0.210091,0,5.23209,7.48,0,0,0.7772,,7.8267,34.6708,7.9369,4.87,4.55,1.19898,3.38522,0.174099,0.511056,6.43947,7.40482,3.8927,1.90223,1.37872,0.185732,0.0976389,0.08809296786785126,0.257905,1.4466,0.29123,0.669061,,,4.97456,-0.0369003,-0.0828068,999,,,,,,,30.100000000000005,3.7625000000000006,31,3.875,,,,,,,,,,,,,,,,,,,"Ryder Ryan","19891",656924
"Alexis Díaz","TEX",2.25521,1.72428,0,4.70919,48.366,0,3,0.6445,,49.8047,217.887,41.0077,27.7,26.06,7.10485,25.6298,1.03691,5.34508,49.703,8.98162,4.63145,1.93926,1.28389,0.228113,0.117629,0.11048458516597748,0.219395,1.33798,0.260582,0.686841,,,4.85951,-0.0372408,-0.19039,737.8499755859375,,,,,,,203.29999999999998,4.066,185,3.7,,,,,,,,,,,,,,,,,,,"Alexis Diaz","21132",664747
"Chayce McDermott","BAL",0.498295,0.59038,0,5.12954,10.629,0.547,0,0.6611,,14.1767,63.6184,12.93,8.59,8.08,2.25987,8.57928,0.394491,0.680184,13.4369,8.53034,5.44651,1.5662,1.43467,0.211211,0.134855,0.07635542750358582,0.237864,1.51723,0.275984,0.704222,,,5.27124,-0.0374464,-0.122964,999,,,,,,,45.20000000000003,3.228571428571431,44,3.142857142857143,,,,,,,,,,,,,,,,,,,"Chayce McDermott","29866",694646
"Kaleb Ort","LAA",0.877847,0.85928,0,4.86124,23.319,0,0,0.6327,,24.1605,105.81,22.1686,13.94,13.05,3.83112,11.7074,0.74749,0.93367,22.212,8.27416,4.36111,1.89726,1.42712,0.209922,0.110645,0.0992773175239563,0.237939,1.40212,0.273179,0.699203,,,4.92747,-0.0378487,-0.148044,999,,,,,,,80.20000000000003,3.341666666666668,77,3.2083333333333335,,,,,,,,,,,,,,,,,,,"Kaleb Ort","20061",672391
"Kolby Allard","CLE",0.768118,0.914184,0,5.10359,21.421,0.208,0,0.6803,,24.8472,108.434,26.1641,15.1,14.09,4.21708,7.9617,0.793337,1.16529,20.0733,7.27082,2.88384,2.52123,1.52749,0.185119,0.0734242,0.11169499158859253,0.263466,1.37343,0.292561,0.674151,,,4.82774,-0.0378577,-0.195962,999,,,,,,,85.20000000000002,3.408000000000001,90,3.6,,,,,,,,,,,,,,,,,,,"Kolby Allard","18694",663465
"Seth Martinez","BOS",0.619778,0.529634,0,5.09205,12.42,0,0,0.676,,13.2206,58.0931,12.858,8.01,7.48,2.15811,5.56921,0.422844,0.821425,10.781,7.33924,3.79127,1.93583,1.46914,0.185582,0.0958669,0.08971473574638367,0.248692,1.39382,0.276031,0.676184,,,5.07644,-0.0385228,-0.122111,999,,,,,,,42.8,3.292307692307692,44,3.3846153846153846,,,,,,,,,,,,,,,,,,,"Seth Martinez","21045",661527
"Victor Mederos","LAA",0.746155,0.973189,0,5.12344,19.911,0.578,0,0.6327,,26.1914,117.439,25.9509,15.9,14.91,3.52776,13.2243,0.818217,1.89786,22.0087,7.56271,4.54419,1.66426,1.21223,0.187405,0.112606,0.0747993066906929,0.253632,1.49573,0.292042,0.679839,,,4.93764,-0.0391015,-0.189495,999,,,,,,,78.6,3.023076923076923,81,3.1153846153846154,,,,,,,,,,,,,,,,,,,"Victor Mederos","31533",682989
"Jorge López",,1.32654,1.69997,0,4.93003,25.238,0,0,0,,26.0688,114.751,27.0862,15.28,14.28,3.59353,9.88146,0.692807,1.85488,21.0857,7.27964,3.41148,2.13387,1.24063,0.183752,0.0861124,0.0976400077342987,0.262936,1.41808,0.299899,0.679082,,,4.66008,-0.0397344,-0.143545,999,,,,,,,78.99999999999999,3.038461538461538,84,3.230769230769231,,,,,,,,,,,,,,,,,,,"Jorge Lopez","14527",605347
"Tejay Antone","CIN",0.404651,0.430365,0,5.4492,12.092,0,0,0.6509,,12.767,57.6647,13.6101,8.26,7.73,1.96601,6.10835,0.338452,0.766891,11.92,8.40292,4.30604,1.95143,1.38593,0.206712,0.105929,0.10078354179859161,0.26797,1.54448,0.315527,0.675375,,,4.88527,-0.0409016,-0.122111,999,,,,,,,42.199999999999996,3.2461538461538457,46,3.5384615384615383,,,,,,,,,,,,,,,,,,,"Tejay Antone","16233",622088
"Tommy Kahnle",,2.72728,3.1456,0,4.49917,49.676,0,1,0,,49.8092,217.44,46.9794,26.65,24.9,6.2942,22.6724,0.94962,2.66113,42.3317,7.6489,4.09666,1.86711,1.1373,0.194683,0.10427,0.09041299670934677,0.244549,1.39837,0.28356,0.706802,,,4.60397,-0.0439681,-0.0888861,740.5800170898438,,,,,,,185,3.7,183,3.66,,,,,,,,,,,,,,,,,,,"Tommy Kahnle","11384",592454
"Andry Lara","WSN",0.772391,0.866183,0,4.97974,23.486,0,0,0,,34.303,151.515,36.1086,20.38,18.98,4.51246,14.04,1.05086,1.20955,24.4569,6.4167,3.68364,1.74195,1.18392,0.161416,0.0926639,0.06875172257423401,0.264987,1.46193,0.294476,0.679165,,,4.75298,-0.0469487,-0.225701,999,,,,,,,99.50000000000003,2.926470588235295,108,3.176470588235294,,,,,,,,,,,,,,,,,,,"Andry Lara","27967",691251
"Hunter Strickland","LAA",0.929996,1.18508,0,5.0609,17.227,0,0,0.6327,,18.1035,79.5289,17.2853,10.9,10.18,2.78538,7.99344,0.455373,1.04953,14.6231,7.26974,3.97387,1.82939,1.38473,0.183872,0.10051,0.08336156606674194,0.24523,1.39634,0.273184,0.672556,,,5.01834,-0.0494387,-0.161391,999,,,,,,,59.10000000000001,3.2833333333333337,58,3.2222222222222223,,,,,,,,,,,,,,,,,,,"Hunter Strickland","7836",519326
"Thomas Hatch","ARI",0.157486,0.225405,0,5.50441,4.598,0.191,0,0,,10.9385,48.9593,11.9711,7.17,6.69,1.66535,4.56032,0.39798,0.567597,7.8374,6.44847,3.75215,1.71861,1.37022,0.16008,0.0931451,0.06693481653928757,0.273117,1.51131,0.300209,0.659258,,,5.08773,-0.0522336,-0.124766,999,,,,,,,23.600000000000005,2.145454545454546,27,2.4545454545454546,,,,,,,,,,,,,,,,,,,"Thomas Hatch","19264",641672
"Lucas Sims","CHW",0.559038,0.553057,0,4.90246,14.411,0,0,0.5829,,14.2459,63.5617,11.5922,8.25,7.76,1.97839,8.53656,0.315496,1.86038,13.5009,8.52935,5.39306,1.58154,1.24987,0.212406,0.134303,0.07810299098491669,0.218043,1.41295,0.255106,0.684299,,,5.23455,-0.0569223,-0.0695348,999,,,,,,,46.800000000000026,3.3428571428571447,43,3.0714285714285716,,,,,,,,,,,,,,,,,,,"Lucas Sims","13470",608371
"Keegan Thompson","COL",1.38881,1.6025,0,5.20328,33.985,0.199,0,9.2154,,38.1567,170.797,38.5221,23.66,22.06,5.73856,18.2917,0.940807,2.14448,37.7935,8.91433,4.31445,2.06615,1.35355,0.221277,0.107096,0.11418116092681885,0.256198,1.48896,0.30688,0.679662,,,4.71606,-0.0633241,-0.418476,999,,,,,,,157.99999999999997,4.157894736842104,164,4.315789473684211,,,,,,,,,,,,,,,,,,,"Keegan Thompson","19795",624522
"John Brebbia","COL",1.48236,1.70353,0,5.44905,36.819,0,0,4.0619,,37.6249,166.422,40.7039,24.39,22.78,6.45557,13.3486,0.803994,1.41908,32.432,7.75784,3.19302,2.42962,1.54419,0.194878,0.0802093,0.11466909199953079,0.268399,1.43661,0.30371,0.658951,,,4.81916,-0.067029,-0.418922,999,,,,,,,138.79999999999998,3.652631578947368,150,3.9473684210526314,,,,,,,,,,,,,,,,,,,"John Brebbia","12777",605154
"Miguel Castro",,0.630795,0.663916,0,5.2686,17.546,0,0,0,,17.9023,79.8113,17.9143,11.18,10.48,2.3992,8.75361,0.399285,1.0967,14.5236,7.30145,4.40069,1.65916,1.20614,0.181975,0.109679,0.07229582220315933,0.256061,1.48963,0.292527,0.664459,,,4.90548,-0.0719668,-0.161488,999,,,,,,,61.800000000000026,3.433333333333335,64,3.5555555555555554,,,,,,,,,,,,,,,,,,,"Miguel Castro","15684",612434
"Vinny Nittoli","BOS",0.544209,0.493241,0,5.36024,11.227,0,0,0,,13.3147,58.7721,13.3864,8.52,7.93,2.61907,5.44015,0.337169,0.733235,12.4643,8.4252,3.67724,2.29118,1.77035,0.212079,0.0925634,0.11951569467782974,0.2545,1.41397,0.287011,0.679858,,,5.21099,-0.0803198,-0.221531,999,,,,,,,31.500000000000014,2.4230769230769242,32,2.4615384615384617,,,,,,,,,,,,,,,,,,,"Vinny Nittoli","16754",657697
"Kendall Graveman",,1.57564,2.06414,0,5.05965,30.087,0,0,0,,31.182,138.808,31.6354,18.78,17.53,4.1053,14.5259,0.641234,2.11493,25.5442,7.37277,4.19258,1.75853,1.1849,0.184026,0.104648,0.07937812805175781,0.258952,1.48038,0.297567,0.677522,,,4.80927,-0.0815009,-0.283609,999,,,,,,,97.99999999999999,3.1612903225806446,104,3.3548387096774195,,,,,,,,,,,,,,,,,,,"Kendall Graveman","15514",608665
"Dan Altavilla","MIN",1.04887,0.866329,0,5.00154,23.996,0,0,0.6268,,24.6704,109.529,23.4974,14.62,13.71,3.18491,12.6227,0.612811,1.58364,19.7834,7.21718,4.60487,1.56729,1.16188,0.180623,0.115245,0.06537779420614243,0.246505,1.46411,0.280737,0.679067,,,4.93713,-0.0912778,-0.196239,999,,,,,,,87.3,3.492,85,3.4,,,,,,,,,,,,,,,,,,,"Dan Altavilla","16507",656186
"Nick Anderson","ATH",0.835102,0.818858,0,5.32043,20.922,0,0,0.6384,,22.0076,96.7332,23.2482,13.96,13.01,4.18741,7.85754,0.74795,0.769572,18.8716,7.71753,3.21334,2.40172,1.71244,0.195089,0.0812291,0.11386018246412277,0.263867,1.41341,0.293031,0.679218,,,5.06967,-0.097818,-0.253019,999,,,,,,,68.80000000000003,3.1272727272727283,73,3.3181818181818183,,,,,,,,,,,,,,,,,,,"Nick Anderson","18337",623433
"Jackson Kowar","BAL",1.07251,0.942409,0,5.2513,24.936,0,0,0.6611,,26.6334,119.763,26.5363,16.56,15.54,3.82111,14.0875,0.620621,1.457,23.8745,8.06771,4.76048,1.69473,1.29123,0.199349,0.117629,0.08171984553337097,0.254623,1.5253,0.296843,0.682192,,,4.95837,-0.109078,-0.292198,999,,,,,,,87.40000000000002,3.237037037037038,90,3.3333333333333335,,,,,,,,,,,,,,,,,,,"Jackson Kowar","21549",663804
"Zach Agnos","COL",2.21857,2.37792,0,5.10959,53.761,0,4,10.5284,,56.2061,249.554,59.4037,34.19,31.91,7.44843,23.945,1.80567,2.00649,42.6191,6.82438,3.8342,1.77987,1.19268,0.170781,0.0959514,0.0748298242688179,0.265667,1.48291,0.299394,0.674137,,,4.72653,-0.11022,-0.479864,999,,,,,,,246.90000000000006,4.408928571428572,261,4.660714285714286,,,,,,,,,,,,,,,,,,,"Zach Agnos","31552",688642
"Tyler Ferguson","ATH",1.86916,1.68761,0,4.88953,45.158,0,1,6.4401,,47.7469,212.569,43.0603,27.69,25.94,6.5935,25.7176,1.34485,4.66962,46.6335,8.79013,4.84761,1.81329,1.24284,0.219381,0.120985,0.09839589893817902,0.236359,1.44047,0.282788,0.690008,,,4.88625,-0.121179,-0.296031,999,,,,,,,187.3,3.9020833333333336,179,3.7291666666666665,,,,,,,,,,,,,,,,,,,"Tyler Ferguson","19481",621053
"Luis Peralta","COL",1.12591,1.37196,0,5.63092,28.827,0,0,0.6093,,28.514,130.788,30.3382,19.09,17.84,4.21318,15.5765,0.729029,1.53158,27.3729,8.63984,4.91648,1.75732,1.32982,0.209292,0.119097,0.09019501507282257,0.266873,1.61025,0.318233,0.670345,,,4.936,-0.129045,-0.388311,999,,,,,,,91.40000000000003,3.1517241379310357,97,3.3448275862068964,,,,,,,,,,,,,,,,,,,"Luis Peralta","24203",678821
"Brennan Bernardino","COL",2.1675,2.86446,0,5.77229,56.518,0.366,1,10.9942,,56.0991,255.623,65.1933,38.66,35.98,7.93059,21.8624,1.9367,5.55995,46.5841,7.47351,3.5074,2.13079,1.27231,0.182238,0.085526,0.09671157598495483,0.285684,1.55182,0.329691,0.637181,,,4.77859,-0.139417,-0.980312,999,,,,,,,206,3.6785714285714284,235,4.196428571428571,,,,,,,,,,,,,,,,,,,"Brennan Bernardino","16835",657514
"Albert Suárez","BAL",0.866053,0.832626,0,5.52154,20.138,0.108,0,0.6611,,23.8955,107.043,24.9875,15.63,14.66,3.99226,10.8959,0.638355,1.14564,18.4701,6.95657,4.10381,1.69515,1.50364,0.172548,0.101789,0.07075867056846619,0.263021,1.50168,0.289432,0.668555,,,5.27293,-0.141343,-0.347911,999,,,,,,,67.40000000000003,2.808333333333335,72,3,,,,,,,,,,,,,,,,,,,"Albert Suarez","6175",544150
"Dietrich Enns","BAL",2.21618,1.96191,0,5.12065,50.568,0.252,0,12.7526,,59.8811,263.959,59.479,36.45,34.07,10.3668,25.9876,2.07717,2.17674,57.0623,8.57634,3.90588,2.19575,1.5581,0.216178,0.098453,0.11772529780864716,0.252249,1.42727,0.291699,0.690831,,,4.89089,-0.152339,-0.470371,999,,,,,,,249.6,4.16,252,4.2,,,,,,,,,,,,,,,,,,,"Dietrich Enns","13932",608650
"Scott McGough",,1.25473,1.74895,0,5.39995,24.24,0.061,0,0,,26.2169,117.04,26.7215,16.85,15.73,4.66309,12.1029,0.659747,1.44714,23.6213,8.10896,4.1548,1.95171,1.60079,0.201823,0.103408,0.09841441363096237,0.258204,1.48089,0.293309,0.680405,,,5.19593,-0.17124,-0.34431,999,,,,,,,69.7,2.680769230769231,74,2.8461538461538463,,,,,,,,,,,,,,,,,,,"Scott McGough","12056",543518
"Michael Kelly","ATH",2.3203,2.22301,0,5.1806,57.263,0,3,11.4076,,59.8656,264.883,60.8709,36.9,34.46,9.3832,26.0072,1.85353,2.23628,47.9662,7.21109,3.90983,1.84435,1.41064,0.181085,0.0981837,0.08290106058120728,0.257231,1.45122,0.287176,0.677746,,,4.98561,-0.188392,-0.571497,999,,,,,,,245.70000000000002,4.095000000000001,254,4.233333333333333,,,,,,,,,,,,,,,,,,,"Michael Kelly","12791",547184
"Tim Hill","NYY",3.03331,2.01741,0,4.93027,61.484,0,1,14.9259,,62.96,275.034,71.4493,37.1,34.49,8.56894,18.1032,1.3453,3.12859,29.0406,4.15129,2.58782,1.60417,1.22491,0.105589,0.0658218,0.039767228066921234,0.281515,1.42237,0.290853,0.676318,,,4.99363,-0.393173,-0.413894,999,,,,,,,230.90000000000006,3.6650793650793663,258,4.095238095238095,,,,,,,,,,,,,,,,,,,"Tim Hill","16814",657612