"","Name","ER_total","HLD_total","SV_total","L_total","BB_total","SO_total","W_total","IP_total","H_total","FPTS"
"1","A.J. Block",5.61700917229462,0,0,0.611392413771724,4.94997915196947,8.54251392477102,0.422179515311917,9.769952,9.80028,11.4896666312927
"2","A.J. Causey",9.86174306986142,0.43982164794785,0,2.08149358064426,7.53370571205072,15.9937409774437,1.86622424011969,19.755972,19.28468,29.1688897405167
"3","A.J. Minter",19.0532929453656,14.611783414936,1.6572071066171,2.42156315692431,17.6164947642578,55.6626893460088,3.3013829386469,50.18592,40.8688,148.897810617423
"4","A.J. Puckett",5.42318873672991,0,0,1.01122542182665,4.3283826340964,6.97046459153496,0.627733950736868,9.83613,10.00772,10.5293915417992
"5","A.J. Puk",15.5503254274172,1.6595789882977,5.78097955316467,1.87351568449632,13.7891127668342,48.4076281407181,2.8423542826682,41.23928,34.44016,126.957277457812
"6","AJ Blubaugh",29.328346837309,1.10265088015447,0,3.42481155245669,24.8815620091581,55.2006833333711,3.12992417403053,59.63736,55.68618,96.5038546530517
"7","AJ Smith-Shawver",9.97641554547668,0.817274900613148,0,1.19190024850585,9.08322005583961,24.371581192235,1.22054434555479,22.767766,20.570226,44.7604400407662
"8","Aaron Ashby",32.4275919209985,12.7924580633005,0.936283759158959,3.8399280677245,39.746937055091,84.402111614996,4.46044772162554,80.69532,69.94038,183.452944948106
"9","Aaron Brooks",9.7732788931052,0,0,1.01437783203134,5.7243800423462,9.47862881868384,0.834508940773684,16.66401,19.62864,14.2113432076119
"10","Aaron Brown",9.78040235867073,0,0,1.41610228620908,6.14075519513123,10.6538044093002,0.833588171505084,17.513032,19.62552,16.7007922674195
"11","Aaron Bummer",23.2112176879896,11.311632218549,0.0359185937126169,2.35193328972291,22.0896075382854,58.8571306206098,3.1541430372867,57.8492,53.61814,134.681824607134
"12","Aaron Civale",64.6741520007514,0,0.00703588681619049,7.90246095592389,39.5467759175643,104.801167674148,6.71853632915715,122.8764,122.065,180.137617935629
"13","Aaron Davenport",12.9386673459315,0,0,1.41687988072624,10.807253341732,17.2927376148533,1.03890706130318,23.640622,24.416,26.3580699424122
"14","Aaron Nola",76.1835050963873,0,0,9.48761466702722,44.844535505813,161.516803422948,10.4224249482969,165.3758,156.6412,305.6610782869
"15","Aaron Rozek",10.7460980645669,0,0,0.813074267513815,6.33469409933645,13.3888626136708,0.629297117169609,19.498492,21.01008,22.6798140845121
"16","Aaron Wilkerson",13.7142992484062,0,0,1.21559733227674,5.71006076935411,16.5029908681265,0.834316221624442,25.94231,29.62492,30.8037793806554
"17","Abdiel Mendoza",7.78373828178664,0,0,1.01282264299703,5.93572852114195,11.2544142144185,0.834637420206513,15.041374,15.00702,19.5119406841223
"18","Abner Uribe",23.2401807341868,8.98930479243724,18.2218700667777,2.46989799899943,31.4231824396871,81.6691183755082,3.69591379798681,68.96752,51.60796,270.600165984185
"19","Adam Kloffenstein",10.3395890227267,0,0,1.0103847791054,8.36312119236949,15.7806847257048,1.04042740125831,19.582274,18.98972,26.5555727321878
"20","Adam Laskey",8.20204262995953,0,0,1.01591200499763,5.74097189658563,9.67714998819592,0.833609584743888,14.808254,17.0394,14.5528499911837
"21","Adam Macko",14.2338990124207,0.39680176877785,0,1.70554592647528,12.2996063919052,25.1666998930538,1.65876874431873,28.25932,26.8883,42.9890046495499
"22","Adam Mazur",11.7225249311024,0,0,1.61559846887592,7.34271356472373,17.4818932825234,1.45222149574996,24.06,25.21562,33.3317559093429
"23","Adam Ottavino",4.42694087640222,0,0,0.610740915662754,4.73513814480584,10.1344674297115,0.628033736080133,9.9193792,8.3874,17.950770772936
"24","Adam Plutko",9.57993208465338,0,0,1.4118150083307,4.90667944023918,9.10473912381235,0.833288386161818,16.260038,18.81974,13.8415162699287
"25","Adam Seminaris",10.7451224736763,0,0,1.41412677581414,6.94413652424616,13.3858424501422,1.04166936910899,20.437736,22.81692,22.7028341651331
"26","Adam Tulloch",6.61348659243358,0,0,0.412169439989296,6.98340070146983,8.72772447398326,0.421215919565707,11.651024,12.0047,11.4838155467991
"27","Adbert Alzolay",18.7646006610542,1.13035442247743,0.0384806941925413,2.22143233230156,13.1170747173324,38.0112214397904,2.07251677358222,40.9826,38.20246,74.2655665988286
"28","Adisyn Coffey",5.42344781480876,0,0,1.01198200027577,4.74243171614494,9.91532026774321,0.627519818348821,10.634808,10.19672,15.2647725581269
"29","Adonis Medina",7.39404907459636,0,0,0.811245869595092,5.95469351332108,8.12788566099099,0.62760547130404,11.864972,13.21362,9.39910920189509
"30","Adrian Houser",67.8711510815495,0,0.00113354761638354,8.50351914616081,47.643353251717,101.541779224558,7.84979841078008,140.3014,146.0534,191.705150077062
"31","Adrian Morejon",24.519894252616,13.8805269940179,2.97826862860654,3.61188515434173,21.4365967947682,67.1928307850106,4.93065751717363,66.3488,56.9617,184.091087341743
"32","Adrian Sampson",10.7664571158339,0,0,1.21561834834478,6.74073202414686,10.2609314051931,0.834016436281177,18.648374,21.62596,15.5432433252513
"33","Aidan Anderson",5.82865337006485,0,0,1.01183488779956,4.53424071748929,6.77794921130719,0.62728427272197,10.03951,10.40974,9.52609052353304
"34","Alan Busenitz",5.02755692610613,0,0,0.811035708914779,2.70053002633564,5.60977988913077,0.421922556446261,8.119676,9.20748,7.22745770564584
"35","Alan Rangel",18.9157608610751,0.680663120737268,0.014867977671542,1.67605504499926,11.7749516377244,28.9285248810132,1.44604175583471,35.444,35.86966,50.7600310726417
"36","Alaska Abney",4.05039296712605,0,0,0.411454893676232,3.32039012457386,6.19986565798787,0.42132298575973,7.818086,7.60496,10.6477237833289
"37","Albert Abreu",4.24287145920424,0,0,0.210907907607831,4.34352647196585,5.6283305771593,0.215854203289999,7.007566,7.0003,6.83135177814931
"38","Albert Suárez",20.0837981537107,0.791502122340361,0,2.01692262359322,13.5931780176848,30.5260462772706,1.69911630049518,37.6982,40.21134,50.595923550649
"39","Alec Baker",8.4032933438636,0,0,0.615091241745233,5.53760761916327,9.67414445826854,0.627798190453282,15.894658,17.62722,17.4121180487942
"40","Alec Barger",4.44499858567191,0,0,0.611308349499599,3.93514878736643,5.61774155781254,0.215640070901952,7.494852,8.00358,6.482235041907
"41","Alec Gamboa",6.42327014300551,0,0,1.01494526586819,5.96565419278834,6.9659715193002,0.628654720005469,11.484664,12.41746,9.4177279487754
"42","Alec Marsh",10.552103560918,0,0,1.61446360120223,8.36581611172474,17.3415081060995,1.04145523672094,19.924924,19.60132,26.8989201435762
"43","Alejandro Hidalgo",10.1752832476754,0,0,1.01629029422219,9.00317991895988,14.5813800084122,0.627626884542844,17.210726,17.6115,18.4709847747429
"44","Alejandro Torres",4.25545901055061,0,0,0.412253504261421,3.93878893962987,6.20649374716545,0.421537118147777,7.51982,7.2043,9.13051401420706
"45","Alek Jacob",19.3779174262905,1.18302494946856,0,1.79559695283512,15.4139411962262,33.4928927810271,1.57979492683423,37.98684,36.06014,59.1579425791553
"46","Alek Manoah",42.5531883122792,0,0,5.47032305620111,33.0131031970246,64.391219824312,3.77908197215313,78.14958,76.7537,100.584297834633
"47","Alessandro Ercolani",10.378325243609,0,0,1.21696337669878,7.77068611528087,11.2366596932582,0.626877421184681,19.096782,20.6241,18.1953971797312
"48","Alex Amalfi",7.40148744912569,0,0,1.21410519144652,7.1723652605462,12.8309419862881,1.04025609534788,14.731682,14.203,20.4999496352932
"49","Alex Carrillo",9.64488484995058,0.738964468536332,0,1.50846947575129,9.71528748945856,21.5377109375162,1.15186025129971,20.50282,17.89558,36.910244236326
"50","Alex Clemmey",12.7291301815993,0,0,1.41603923800499,13.2643303485443,18.2853101027507,0.833973609803567,21.733432,21.39972,22.1991641346049
"51","Alex Cobb",16.2021036618478,0.165462382527565,0,1.95674643361901,11.545169259982,28.7242704638841,2.11805779824503,35.6376,36.1518,56.1894413745138
"52","Alex Cook",3.84335550144528,0,0,0.611077172751255,3.11417003708847,6.81252802812823,0.421772663774629,7.760818,7.59262,11.3228719701959
"53","Alex Cornwell",9.55949611958179,0,0,1.01360023751418,6.54745037182525,11.4282594815875,0.834830139355755,18.367574,20.01746,20.4895386742818
"54","Alex Faedo",6.20799362243377,0,0,0.811435014207374,5.1330108661966,10.9087340014226,0.628162215512961,12.65423,11.79302,19.1628602929697
"55","Alex Hoppe",10.6698550455229,0.468884464091557,0,1.15398673684394,11.0319346588176,20.7161556199735,0.905392172541384,23.00022,21.97894,35.8068106696882
"56","Alex Lange",21.8103905258833,6.55844317607065,0.0457366094376471,2.50530881627733,25.4370724402681,48.8533795316771,2.56140479417259,47.3098,42.07064,93.1120473947624
"57","Alex Pham",7.80308733335557,0,0,0.813767797758848,5.94207685957286,12.8370777417435,0.628462000856227,15.021104,14.80928,21.1722466216542
"58","Alex Santos II",5.25239909512022,0,0,0.615490547037828,4.96332623618865,7.76808402722584,0.6278838434085,9.653778,9.60826,11.6778201935381
"59","Alex Speas",3.84563660296761,0,0,0.610761931730786,4.77591709470087,6.44638105604976,0.422115275595503,6.952664,6.37906,8.08082944314311
"60","Alex Vesia",23.7840451726643,18.9116669274583,1.4857535941431,2.60270942094626,24.7717397024512,76.551176073637,3.9383104439933,60.83928,45.84426,188.808229897583
"61","Alex Williams",8.9853861533749,0,0,1.01526050688866,5.94212392677606,10.8540572417506,0.833416865594646,16.56985,18.01782,18.2692037256367
"62","Alexander Alberto",15.4913493882624,0.65278922242113,0,1.72127192645469,15.5706910024058,22.4745470975322,0.981882456935573,27.51764,27.55288,30.7479968244056
"63","Alexander Cornielle",14.3134001289842,0,0,1.61580862955623,11.2122120987912,15.9362526926787,0.834273395146833,22.997678,23.20986,20.3173438671004
"64","Alexis Díaz",17.8666794676937,1.30167691473876,1.24489476366227,2.1088275158163,18.0674127657595,34.4333914008173,1.88445715895569,34.72188,28.63508,64.542266633738
"65","Alfred Morillo",5.62181426103819,0,0,0.610930060275036,5.96855022552831,8.54167794955943,0.421922556446261,10.852098,10.60518,12.9025981942972
"66","Alimber Santa",6.01536737488874,0,0,0.610972092411098,6.78554693078881,12.0672896086658,0.421901143207457,12.97215,11.79414,19.9951760296923
"67","Allan Winans",10.5386861501003,0,0,1.21212968105158,5.91760820517865,16.9284522718842,1.24694543242947,21.296414,20.80306,33.0892852692606
"68","Alonzo Richardson",9.00094213994575,0,0,0.412106391785202,7.57478314443164,7.32906261196702,0.420637762117981,14.919554,16.82644,9.70167992830944
"69","Alonzo Tredwell",8.78556846509444,0,0,0.81444031193585,8.18254306143595,14.7842057495829,0.628804612677101,16.799818,16.2043,22.8544083594405
"70","Amilcar Chirinos",5.23054022466248,0,0,0.611077172751255,4.9485914696149,8.35272541606676,0.215875616528803,9.687556,9.6006,11.614718384682
"71","Amos Willingham",5.42230017988137,0,0,0.410740347363167,3.91763181155729,10.1095275025659,0.627969496363719,11.627542,11.40092,19.2634596292469
"72","Anders Tolhurst",7.40908690500951,0,0,1.01526050688866,4.9321202834063,10.4770080541485,0.62856906705025,13.94114,14.01508,17.7616710810464
"73","Anderson Bido",6.81744345783309,0,0,0.612233056492976,4.73503074358723,6.16600866191864,0.215233219364663,11.657426,13.02216,8.9522093284086
"74","Anderson Pilar",5.61660436279642,0,0,0.611371397703693,3.91133696261554,9.71516168558094,0.628654720005469,11.552442,11.6037,17.6588086419761
"75","Andre Granillo",23.9291059300174,8.72872072092077,0.843623001274263,2.53776364682517,22.1022688706625,49.3687569648594,2.42943673585769,49.8642,44.81784,105.64193886044
"76","Andre Pallante",64.4486008117026,0.0919526111054522,0,9.25884585358942,51.5702915104256,93.1291400351152,7.55777066672572,133.6528,137.6496,172.752201749768
"77","Andrew Abbott",78.9556784854929,0,0,9.89366172063649,51.6336092105602,150.467680141154,9.45569690416214,165.8194,157.4086,280.096384326659
"78","Andrew Alvarez",32.84909255595,0.758595687135628,0,3.71810209555102,25.7054045516085,49.3434104014242,2.84198532861386,66.93396,68.3241,90.1825585783126
"79","Andrew Baker",5.42654460746995,0,0,0.611056156683224,5.5701678761495,9.33713719356536,0.421815490252238,10.034182,9.59318,13.044764769614
"80","Andrew Bash",8.18978179270399,0,0,0.813305444262159,6.75638549000436,10.6754548775442,0.627626884542844,15.21274,15.81146,16.9949086826932
"81","Andrew Bechtold",4.33792444935183,0,0,0.400169265143424,4.65181002498994,6.62729453567637,0.20591846048463,7.260728,7.2,7.49331800266519
"82","Andrew Chafin",22.3114477341857,6.33002092880384,0.0523280834291941,2.51177523454472,23.9840311265073,51.6197217576676,2.39070860404564,48.58884,44.34692,97.1119441765445
"83","Andrew Dalquist",6.81543155462706,0,0,1.21189850430324,7.19899267268318,8.73602451358401,0.627112966811532,11.594556,11.80102,9.71924565666329
"84","Andrew Heaney",13.9052192239164,0,0,1.61456868154238,8.96350024815456,21.0295148630745,1.45299237234693,25.642478,27.20302,33.6568375486963
"85","Andrew Hoffmann",23.1266251289318,6.06739945336254,0,2.65582576936801,19.2501439754254,44.5041812494687,2.9015359280048,49.47312,48.4771,91.5692662401783
"86","Andrew Kittredge",23.7187202266383,13.1093551766852,3.74862801753084,2.75074932661908,15.5796669858169,56.295556004002,3.43428387735183,56.65932,52.63634,156.948988107399
"87","Andrew Magno",6.01619521031255,0,0,1.01143558250696,5.75569339634716,10.4945980713648,0.833973609803568,12.042928,11.60386,16.8765143089858
"88","Andrew Marrero",4.64815797635997,0,0,0.811645174887687,4.97240329436579,7.77175575785029,0.421280159282121,8.48409,7.9979,10.1766764795534
"89","Andrew Misiaszek",3.65130610743518,0,0,0.210865875471769,3.73498221276113,6.59896866783844,0.421836903491043,7.438528,6.99902,11.2998802962455
"90","Andrew Moore",5.02843536271722,0,0,0.811077741050842,5.9899889123395,10.1405036643084,0.627798190453282,9.737566,8.58176,14.3580229253393
"91","Andrew Morris",14.0324020407385,0.495475283912213,0,1.74775280452003,8.54426651559127,24.494572045082,1.785948588474,30.6586,31.07056,49.8580835837461
"92","Andrew Nardi",20.741570156652,9.61806777312608,0.329723027501955,2.28308953300923,20.4957583899378,61.9094303270215,2.88370923392323,51.42404,42.6532,133.63544170937
"93","Andrew Painter",53.5815552004518,0.565127205219669,0,6.25675028345757,37.7462399495015,91.2489087439225,5.50924699009604,104.62176,104.06202,155.778066217234
"94","Andrew Quezada",10.5639980455777,0,0,1.21507193057596,6.94825934863293,8.49106691148551,0.628462000856227,17.235648,21.23002,9.71851561225773
"95","Andrew Saalfrank",4.03720022557988,0,0,0.410383074206635,5.15380599017668,8.36016957628421,0.834251981908029,9.63504,8.79684,16.0879809503506
"96","Andrew Schultz",3.85869373333189,0,0,0.411286765131981,4.15446135619711,5.23486044790108,0.215575831185538,6.004334,6.00002,4.98457175714731
"97","Andrew Sears",11.772128415924,0.294593273306437,0,1.46227458767385,8.74436499125761,16.8433162425621,1.09261146422531,21.46,21.54308,27.2414747191722
"98","Andrew Vasquez",5.02891911006756,0,0,0.811245869595092,3.31387405090892,6.77070409280678,0.421708424058215,8.660558,8.80948,9.79211093068899
"99","Andrew Walling",5.22202910496293,0,0,1.01086814867012,4.75124048239569,8.35192924919858,0.833995023042372,9.436762,9.39456,11.7186103056215
"100","Andrew Walters",12.6654645664118,0.75514963976806,0,1.39035569774802,14.3427106418178,33.4954421418723,1.56798248738114,28.91054,23.81258,58.6063952260333
"101","Andry Lara",16.8556514730347,0.20791800314302,0,1.82341505752398,12.8258972465379,22.3229907694696,1.31564590549483,31.391222,33.58048,35.7792742790902
"102","Andrés Muñoz",19.5537961372047,2.95564971069163,30.4322478735944,2.47758599682788,24.7352820493867,79.368793534564,3.89979352819101,62.97824,45.46878,319.90881306285
"103","Angel Bastardo",14.785471451554,0.600588794444055,0,1.46592490981592,13.7749780812113,28.1297341873308,1.32812015767089,31.14312,29.4068,49.7319412876095
"104","Angel Chivilli",16.7234968565553,1.06637519724512,0.00376355532630616,1.71175361703702,12.1526307460725,29.7354085690547,1.51254590219108,33.80072,33.3104,53.9806968513015
"105","Angel Felipe",3.83636123576126,0,0,0.410698315227105,4.76821445206608,8.38192483595715,0.216175401872069,8.2478442,7.38304,12.9124346856585
"106","Angel Macuare",5.62869399846002,0,0,0.411286765131981,3.71446864751965,6.97683919705082,0.421472878431363,10.280542,11.40808,11.4589007792099
"107","Angel Perdomo",5.27943959263314,0.0915023072339478,0,0.822086658078203,6.07206500694122,11.0423479436444,0.437475609459887,10.16604,8.689252,15.6340542686681
"108","Angel Zerpa",24.1051576007723,11.8748931013647,0.00515765228393781,2.6089560723108,20.1490810821219,57.0587942309772,3.45720961247129,61.12524,55.34024,142.206959491781
"109","Anthony Banda",26.7386285032362,9.29771646221965,0.0791829314596383,2.30015139276331,24.7376872427922,54.0102024837808,2.76848308781486,55.68088,52.085,110.680909206357
"110","Anthony Bender",25.1659102702285,13.2807772040738,1.40843473437883,2.85052367255583,22.306267590549,54.6997663023945,3.2534355937459,57.84136,52.85984,137.13547009381
"111","Anthony DeSclafani",6.21224530376752,0,0,0.611896799404476,4.10223221018523,9.730379013904,0.628633306766664,12.526156,13.40118,17.4144172109081
"112","Anthony Gose",3.43439736214092,0,0,0.609921289009534,3.72923036995813,8.0309700174596,0.628868852393516,7.614702,7.16704,13.1479060499876
"113","Anthony Kay",64.4069746070737,0.67092742262833,0,8.49327325243708,50.5400983371111,103.870148709926,6.0473020734548,127.0968,128.8756,173.38081364596
"114","Anthony Maldonado",5.22942497449495,0,0,0.81105672498281,4.94092904965706,11.2871513063019,0.833716650937911,11.18538,10.19458,19.2942521595651
"115","Anthony Misiewicz",4.43662307715425,0,0,0.410866443771355,2.91045060009987,7.00193308699967,0.421922556446261,8.089882,8.1977,11.3122945579411
"116","Anthony Molina",14.9087048470075,0.0472510765748586,0,1.1428704803054,8.09174692375125,18.84150542898,1.11037666259421,27.581742,30.47462,33.2324693289411
"117","Anthony Nunez",10.9220638968701,0.599688769659235,0,1.48671559694825,10.6137957547658,26.9041663745159,1.6807440233204,24.90882,21.32218,49.4379572180728
"118","Anthony Simonelli",5.24250841747662,0,0,0.614355679364138,4.74293449960674,8.33915077096434,0.421879729968652,9.904262,9.81208,12.6269535376134
"119","Anthony Solometo",8.19542399466404,0,0,1.21549225193659,7.77818764453094,9.68907258704687,0.834401874579661,15.398012,15.81598,15.135912198474
"120","Anthony Veneziano",8.96237357584731,0,0,0.811140789254935,7.56163717359718,13.4200524507317,0.628119389035352,17.173274,17.19926,21.8881873250007
"121","Antoine Kelly",6.21129281984406,0,0,0.610446690710316,6.17470997899828,9.71824683219513,0.628354934662203,10.875186,10.19748,13.5848457014125
"122","Antonio Jimenez",6.21073013464157,0,0,0.612317120765102,5.96404528571058,9.9058458820119,0.628269281706985,12.197742,12.39986,15.745610648902
"123","Antonio Knowles",5.42979117964547,0,0,0.810783516098403,4.95207073117056,8.35495468329765,0.628097975796547,9.307542,8.80024,11.3003165122324
"124","Antonio Menendez",4.83680089844276,0,0,0.611035140615192,4.75045614019528,7.17388745785676,0.627755363975672,9.625334,9.40542,12.2538519674969
"125","Antonio Santos",7.78872469235961,0,0,1.0109942450783,7.1594469367209,12.0747987519688,1.03980641733298,14.955716,14.39118,19.8714947750381
"126","Antonio Senzatela",45.4176352903029,4.18219372323142,0,4.59249981032314,25.5749465804601,44.8647069874544,3.10908914780027,73.28748,89.8717,63.8427959478057
"127","Antwone Kelly",9.96903718456356,0,0,0.815407051065289,8.17079803976828,15.5469624394784,0.628419174378617,20.693916,21.41274,27.7331222772097
"128","Arij Fransen",8.39565863672764,0,0,1.01179285566349,6.37566089580399,7.15191325229507,0.421215919565707,11.718838,13.21432,4.74597521084022
"129","Aroldis Chapman",19.0788329697707,2.07721439016184,29.7951357340254,2.52323708428936,26.29973326094,79.5126559239074,4.08105067473816,56.99216,40.35682,301.920651354774
"130","Austin Adams",2.85263329076795,0,0,0.210592666587362,3.73382259965601,6.82960053688019,0.216196815110874,5.5125016,4.58154,9.35768445273531
"131","Austin Amaral",6.61456945784126,0,0,1.01202403241184,5.1473904732041,7.1605715669865,0.626898834423485,11.011264,12.00816,9.03942378212318
"132","Austin Bergner",9.18330326106134,0,0,1.41517757921571,7.97527718435002,13.2175703510504,1.04004196295983,17.019912,17.60948,19.575671412066
"133","Austin Cox",7.7838354360662,0,0,0.610719899594723,5.9474132087942,11.277039987076,0.628140802274156,14.715686,15.20438,18.7394757115083
"134","Austin Davis",4.04143655697849,0,0,0.610845996002911,4.55676541657797,6.42783036802123,0.216111162155655,6.753828,6.38454,6.87566616979177
"135","Austin Gomber",18.4124714512673,0.0742282022876454,0,2.28819175283978,9.00449479103476,23.7396307638437,1.3398294839245,32.83374,34.39818,40.2649649370189
"136","Austin Kitchen",6.00610735761753,0,0,0.611560542315975,3.50479625434333,7.92394528620488,0.628611893527859,12.422692,13.21262,16.4964930190503
"137","Austin Krob",8.57757564899793,0,0,0.612905570669978,8.17864146177238,11.6447845634613,0.628804612677101,16.214556,16.8117,18.1747578877073
"138","Austin Love",12.7768947717082,0.587470241629546,0,1.69501151225669,11.3732237938493,21.4122850551641,1.34317732327508,25.46712,24.99934,36.3585638231942
"139","Austin Peterson",21.1736482131003,0.535070355310433,0,2.52556416621915,11.2354397497069,30.2865419779389,1.9529862876049,42.6253,44.8199,59.6847907554238
"140","Austin Pope",4.62799846334986,0,0,0.610383642506222,3.51561615444129,9.34161563219886,0.628419174378617,9.974794,9.59668,16.9337756148026
"141","Austin Roberts",6.21509802912709,0,0,0.611602574452037,5.14552011872621,9.90612454041576,0.627691124259258,11.950522,11.2043,17.0098514630498
"142","Austin Schulfer",4.44606930679463,0,0,0.412463664941734,3.7265153392644,5.79791635158357,0.422029622640285,8.203868,8.40956,9.400438314127
"143","Austin Smith",4.86124127189629,0,0,1.01244435377246,4.14969496897924,5.80422597401387,0.420552109162762,7.66352,8.42676,5.31206397202265
"144","Austin Vernon",6.02222484778817,0,0,0.812801058629408,6.3754396710808,10.1174148251312,0.627198619766751,10.820322,10.39432,13.3929665807488
"145","Austin Warren",20.7133265659132,1.05913494138933,0,2.4859157296595,16.3994590795984,40.4888513319214,2.92396560450427,44.1168,41.25614,76.7513687529647
"146","Avery Short",10.3736144426527,0,0,1.21547123586856,7.35496779213916,11.4225270801367,1.0403631615419,19.626846,21.42806,20.4225922540389
"147","Avery Weems",5.22082682075329,0,0,0.610761931730785,3.72135356980334,8.74263269858988,0.422115275595503,10.281648,9.99878,15.0484961750094
"148","Bailey Dees",9.57124571526691,0,0,1.21374791828999,7.7734011459746,14.783051307624,1.04047022773592,17.685354,16.999,23.5776653500075
"149","Bailey Falter",35.1559415332195,2.77162549683398,0,3.36401958955905,22.1156442822896,47.1805690276483,3.23792691400877,66.11858,67.92774,90.4721073214871
"150","Bailey Horn",17.8634987163219,1.2458441763444,0,2.10147381289424,18.0160871891143,34.5257099424145,1.95840724380164,37.40692,35.1519,60.05704053516
"151","Bailey Ober",75.9490130983829,0,0,9.470003061773,37.5630492071243,138.488727446415,8.28534533302905,155.0672,150.7594,261.100536585037
"152","Baron Stuart",9.17851638874519,0,0,1.01322194828962,7.98175303533802,9.49349196437662,0.628183628751766,15.017616,15.81018,11.6272975124725
"153","Beau Brieske",24.6958064170184,4.45209650777688,0.0398637657604887,2.57623214871585,21.1883102083611,42.1947021399369,2.39084253931195,49.28532,46.70088,81.5025917230874
"154","Beau Burrows",5.63302950818569,0,0,0.812548865813033,5.1440117683408,8.72945613692155,0.627220033005556,11.172602,11.40858,14.0579536865944
"155","Beck Way",8.39685366719211,0,0,1.41213024935117,7.99736627851857,9.098802410074,0.626984487378704,13.90089,14.21848,10.2216272732263
"156","Ben Anderson",11.3628356525365,0,0,1.61637606339308,7.55821140153069,10.4444050208967,0.833545345027474,19.265348,21.63182,14.7590848775618
"157","Ben Bowden",4.63989581450181,0,0,0.410866443771355,4.74321605834534,7.96829178076235,0.215982682722827,9.085612,8.59654,12.2158125713163
"158","Ben Brown",26.8920538879817,3.99549120919056,0.000390940726772413,3.11362949475699,21.6220871642645,70.5093407092962,3.37555204544129,64.3557,55.824,140.863027992452
"159","Ben Casparius",30.2093960972963,12.0400098551997,0.00157191210816059,3.07728169716302,23.5699082227859,57.577328707661,3.47443464278542,59.92588,56.25634,121.992113452467
"160","Ben Harris",4.8472672480186,0,0,0.412841954166297,6.20978415329351,7.78085196431921,0.42132298575973,7.880238,7.19154,8.34266937817538
"161","Ben Hess",10.3477439100678,0,0,1.21345369333755,9.1824105902158,19.8775329030642,1.04229035303432,20.67091,18.58994,33.0800978121063
"162","Ben Joyce",14.8301876024319,2.09638272775397,7.83398572503111,1.38276133327924,16.7127466463505,42.1984977747008,1.87070593739425,37.03816,30.02474,121.25369921238
"163","Ben Kudrna",15.6301805577411,0.465245523527335,0,1.811431004821,13.0911759074584,21.2837411684922,1.29183982392895,28.74696,29.7286,33.3357928308222
"164","Ben Lively",9.18904868944343,0,0,1.21601765363737,6.33750284219628,12.8242992635092,1.03982783057178,18.129644,18.61794,23.5273113962949
"165","Ben Peoples",6.81251203570028,0,0,0.811645174887687,5.95785099346119,9.91381282126411,0.627198619766751,12.222354,12.39832,14.2307866461605
"166","Ben Sears",6.61636883606073,0,0,0.611413429839756,4.32375702624784,7.34305524467523,0.421430051953754,11.70831,12.6201,11.9114237905339
"167","Ben Shields",7.02010813848857,0,0,0.815848388493947,4.93050453180229,11.6618822469554,0.422072449117894,13.328762,13.82392,18.0659755594239
"168","Ben Simon",5.2212053176341,0,0,0.810636403622184,3.7214875046464,7.18678536112123,0.422307994744745,9.54885,9.59478,11.2980004034517
"169","Bennett Sousa",20.0921488439021,7.37154252777087,0.455550443587603,2.15388553491073,17.8435198080729,55.0952525325059,2.85520046041523,50.17404,42.60426,123.408762161118
"170","Billy Corcoran",8.59992838704346,0,0,1.21528209125627,5.32631262985668,11.0484090763456,1.04053446745234,17.238738,18.82676,21.0621984247941
"171","Blade Tidwell",20.8561658223279,0.67362520027947,0,2.46683450570039,17.588231844675,37.702229789114,2.33992126495968,43.14746,42.00036,66.9371102188607
"172","Blair Calvo",3.84706760454373,0,0,0.210823843335706,3.32660452816172,6.01445606705858,0.215939856245217,7.175982,7.0008,9.53109435562844
"173","Blake Adams",10.5789861172484,0,0,1.41639651116152,5.32161342118048,12.2238832295375,0.832902947863334,18.311572,21.03654,18.475486447264
"174","Blake Beers",10.174401944572,0,0,1.21490380203171,6.74785143796596,13.591016883574,0.83448752753488,19.000868,19.81644,22.9196930074704
"175","Blake Burkhalter",9.57769635462065,0,0,1.01452494450756,6.54972295307259,12.8094852891907,0.834401874579661,17.708558,18.61932,21.250477487021
"176","Blake Holub",4.82978150174406,0,0,0.611035140615192,4.94889313969198,8.16900767973235,0.627755363975672,9.226008,8.7933,12.4787159832732
"177","Blake Money",10.9494902207165,0,0,1.41433693649445,7.14814436449962,17.9000258586334,1.04111262490006,21.88608,22.0109,31.7537924295121
"178","Blake Snell",49.7712670197243,0,0,6.07664341468302,55.0111862097091,156.044779504968,9.49255284541583,126.9436,100.79812,288.355558117276
"179","Blake Townsend",7.59944706180944,0,0,1.21406315931046,5.13681190916781,10.2735202047412,0.833930783325958,14.98132,15.21352,18.9079894199855
"180","Blake Treinen",22.328202787186,14.3249820296928,1.0525394645906,2.72289194771426,20.0579058630134,58.1769866032705,3.57611298054341,52.35136,45.86058,140.275278613882
"181","Blake Walston",10.2023241916154,0.122352560073892,0,1.1175001050619,9.13759421554617,14.2219764953436,0.982517047578329,19.85993,20.509086,23.7251769017474
"182","Blake Wehunt",7.79980635237269,0,0,1.21490380203171,6.14700982139603,11.8533028977394,0.834937205549778,14.939728,15.21108,18.9548511786341
"183","Blake Weiman",3.84584912795416,0,0,0.411181684791825,2.29997565240184,6.00890280315305,0.421579944625386,7.62825,7.8032,11.11957541451
"184","Blane Abeyta",8.58168041730962,0,0,1.0109942450783,5.92850855063049,13.4163555453651,0.833887956848349,16.710558,17.20906,22.8928875836554
"185","Blas Castaño",14.649883203068,0.796090700924829,0,1.65030719338759,10.5762474408369,20.390747702553,1.2144204209336,28.995476,29.552356,38.6692137125217
"186","Bobby Milacki",7.21070713289243,0,0,0.614124502615793,4.72356728065817,7.52756914787782,0.627476991871212,12.900592,14.02552,13.0855485799456
"187","Bobby Miller",18.9787228747468,0.836798981134178,0,1.91934672469182,15.6390980556687,33.3014730556134,1.62075257047431,36.1492,34.50934,54.7195989042843
"188","Bowden Francis",8.3858015254466,0,0,1.21416823965062,5.52306712144799,13.8236789781296,1.04160512939257,16.324586,15.40098,24.7566605852723
"189","Brad Deppermann",3.64598286253391,0,0,0.410887459839387,2.29277579322885,5.23028248840907,0.421901143207457,7.37773,7.8046,9.99615833684853
"190","Brad Keller",31.1302839900569,16.3046969036359,2.93109909916599,3.32167047340757,28.5787338698197,64.1084881343639,3.7065351693314,69.60656,64.4603,165.66318497938
"191","Brad Lord",50.4880522537052,0.782346413636297,0.35769979751104,6.15056682888139,35.4292753804178,81.2833265570897,4.93552452703984,103.57484,103.4595,153.066073880406
"192","Braden Nett",19.3560643577145,0.450974142690764,0,2.30199752902531,18.1352290582149,29.4674578727727,1.78664621353863,35.68078,35.89876,43.634925753537
"193","Bradgley Rodriguez",18.3789396849215,4.84560067762581,0,2.01603932810356,18.9341169935396,37.8139452672253,2.60088397111389,40.6634,36.6705,78.3025395451149
"194","Bradley Blalock",22.3209763699399,0.753236291202607,0,2.44707433690717,15.9535292057915,26.1504091739012,1.43080472159133,38.98776,42.46964,39.5225005800035
"195","Bradley Hanner",5.61882676694151,0,0,1.01093119687421,4.94354352365842,9.33727652276729,0.833952196564763,10.25666,9.39144,14.180661464607
"196","Brady Basso",20.3208996331671,1.45156930541318,0.00862485597334457,1.74980295367644,14.8266603432261,38.6945777008681,2.30793204286415,44.39264,42.97294,77.4936191603763
"197","Brady Choban",5.81371387553396,0,0,1.01145659857499,3.92123858567004,6.9652297943767,0.627498405110016,10.422256,10.81232,11.1030950707088
"198","Brady Feigl",4.03384637888733,0,0,0.810552339350059,3.30507212918442,6.9966982898414,0.422415060938769,7.674884,7.99528,9.87703084605975
"199","Brady Singer",83.2862301508796,0,0,11.3664140374205,54.9223904532832,156.308517250687,10.0954588053758,168.4538,165.1436,272.489556031555
"200","Braeden Fausnaught",8.99248364548096,0,0,1.01509237834441,5.94467122223575,10.6648910329396,0.834530354012489,15.43156,17.01458,15.6542284710781
"201","Brandan Bidois",16.9272552176466,0.752342777035487,0,2.16630846752892,17.2490032821869,32.2073848407478,1.79045983725124,34.08474,31.989,52.1220794167833
"202","Brandon Birdsell",9.57070731863431,0,0,1.21475668955549,5.72580110285146,12.815023919495,0.83512992469902,17.793354,18.0125,22.556116649662
"203","Brandon Eisert",25.8209798366906,6.0870538217191,0.0713061346291022,3.10055790891371,20.0021298548762,53.0909266143596,2.76286430868599,55.42192,52.75342,106.81442820223
"204","Brandon Hughes",4.83453194120538,0,0,0.611434445907787,3.92726514268539,8.55939266237637,0.627798190453282,9.036042,8.3957,13.7082171263712
"205","Brandon Johnson",7.01267060640403,0,0,0.812296672996657,5.75281747494566,10.2886274710648,0.627348512438384,12.40611,12.4095,14.9494024621946
"206","Brandon Komar",10.5482598947327,0,0,1.01278061086096,6.13635765653211,10.6509727463478,0.628419174378617,17.714826,19.82222,15.9716304273856
"207","Brandon Leibrandt",6.60429050223729,0,0,0.410656283091042,3.70129572082047,9.13852177376521,0.422136688834308,12.35003,13.2023,16.0993958599567
"208","Brandon Neeck",4.84413807059755,0,0,1.01336906076584,4.76010958266185,6.77225661819973,0.627391338915993,9.001616,9.0101,9.54666345064309
"209","Brandon Pfaadt",79.2374828334716,0,0,9.86731387852171,38.0802296941518,143.139341598962,9.68697064461606,163.417,167.4424,269.032059770055
"210","Brandon Sproat",40.2702013362348,0.795161682208503,0,4.66321495629034,33.4537142832849,75.7865770427632,4.83351748798278,87.7133,81.32798,145.535308514811
"211","Brandon Waddell",12.3642963553692,0.236066199193837,0,1.26239378058967,8.56089560518011,18.5745484756353,1.20156747331756,23.806274,24.58062,32.4737419435602
"212","Brandon Walter",7.86697308267516,0,0.00585833768241317,0.733787496792779,4.11216420365736,14.5547756605799,0.782124493039611,18.25226,17.690218,31.9011929724779
"213","Brandon Williamson",34.5050649659363,0.77562620317291,0,3.39048660354321,25.378895451844,51.2631299391534,2.88346773174952,62.4224,62.95144,81.7270792181952
"214","Brandon Woodruff",58.991431996128,0,0,7.82903292757001,38.8000933768637,146.64682993756,9.06790896428278,140.197,120.5006,292.432024641866
"215","Brandon Young",15.932844161984,0.617618985427245,0,1.83615037954781,9.67180297437022,27.5063266215383,1.78516721731532,31.93064,32.3078,50.5862269695896
"216","Brandyn Garcia",25.5677972310405,9.28416922798891,0.660509805048116,3.09354785042057,25.5947365728063,50.882086904704,3.14928269679062,56.56396,53.9943,111.831693043775
"217","Brant Hurter",24.3176476474055,6.19189243098231,0.0322647920764375,2.85436975821107,17.9864508643848,52.9527803687206,3.08470140111545,59.3548,55.35808,122.04312631768
"218","Braxton Ashcraft",57.8073474163491,0.972354904635221,0,7.15222430684921,42.0062262604065,121.011029560474,7.61658026327341,133.7942,129.324,238.322130189488
"219","Braxton Bragg",7.20460378726235,0,0,0.813872878099004,4.51337841496754,12.8374412874046,0.835750908624356,14.732214,14.61074,23.5445133589631
"220","Braxton Garrett",51.7494128777417,0.779361623233144,0,6.64865137828848,27.9614994770346,103.856207892302,6.42534522450367,116.9476,116.3302,208.020593598681
"221","Braxton Roxby",5.61184380309765,0,0,0.81088859643856,4.53150557545709,10.1202359469428,0.833887956848349,11.12906,10.39084,17.40738148611
"222","Brayan Bello",74.0600449553336,0,0,9.74066605575029,54.6484308881552,127.10084831388,9.65429020180283,155.523,155.9626,234.765975807163
"223","Brayan Castillo",6.42695677593137,0,0,0.611917815472507,6.57737604347164,9.32658798256201,0.420916134222442,11.381736,11.8156,11.8429030247275
"224","Braydon Fisher",22.2218340210364,6.58092623432566,0.411459305823999,2.3906747369095,24.1860795005375,60.7937309715334,3.08733397278464,53.23528,43.83234,124.649950898445
"225","Braydon Tucker",10.968252298513,0,0,1.21572342868493,6.13978985088457,10.2576220421198,0.627862430169696,18.040854,20.62372,14.5044475971787
"226","Brenan Hanifee",25.9611944885496,10.7181710338967,0.0371220077019672,2.59223579269797,16.9614874874166,43.9573067252757,2.61798324243994,59.17368,59.99622,114.271697266547
"227","Brendan Beck",14.1874011768983,0.517463679758554,0,2.05457079469919,7.97029678165779,22.6998397008293,2.10967083042122,29.05722,28.68316,45.988367996336
"228","Brendan Cellucci",5.0288421962629,0,0,0.610867012070942,5.57221923267365,8.55995524975454,0.42200820940148,9.190526,8.79292,11.3309920192162
"229","Brendan Girton",9.17097276374632,0,0,0.81364170135066,8.17598676509407,13.6202561118078,0.629918101094945,16.615854,15.99818,20.5842586187096
"230","Brendan White",5.01770588696755,0,0,0.610614819254566,3.72056238307668,6.99707646910379,0.628440587617422,9.495568,9.5918,12.1716578488177
"231","Brendon Little",21.2417263592442,10.5364958248495,0.0138403238167984,2.38862009193498,28.5280761992994,59.3079796772448,3.18574276711477,54.86896,46.34348,129.2962893786
"232","Brennan Bernardino",28.8177039964049,10.517283655535,0.323930633738182,2.97148810390411,24.5876133926938,49.2164461805065,2.7936863366421,55.03964,56.86924,97.5417217402398
"233","Brent Headrick",23.0995319392215,4.51555225680627,0.00384771510616409,2.06027871328147,17.1568174909394,53.6657248438352,2.53193410143379,51.89688,46.1534,109.840737339901
"234","Brent Suter",29.499063326729,11.2384054815743,0.0346182646721673,2.50971178241139,18.7491121451429,46.8144640968837,2.13441084794887,60.17332,61.36556,110.120925715867
"235","Brett Kerry",13.9256094783404,0,0,1.61740585072661,7.34734559485826,15.3329903621533,1.0385430362435,22.856776,24.82726,22.7197681816479
"236","Brett Sears",11.5483635655307,0,0,2.01482201095793,6.53481360673856,17.6979113970737,1.65884659311515,21.416,21.21362,30.3887998235882
"237","Brett Wichrowski",11.1633741966144,0,0,1.01631131029022,8.37790302614643,12.8023250579476,0.627626884542844,18.741116,19.21936,18.3242927870775
"238","Brett de Geus",5.03027926998149,0,0,0.411034572315606,3.92479144805333,4.61822251399028,0.421751250535824,8.24769,9.41574,5.9816358824144
"239","Brian Fitzpatrick",5.61828837030891,0,0,0.811140789254935,4.94024526414901,9.5271300145571,0.627712537498063,10.868624,10.597,14.9923235062765
"240","Brian Metoyer",3.83645349950105,0,0,0.210046248818548,4.1385733988042,8.19147948958665,0.216753559319795,7.655152,6.57966,12.7792097127828
"241","Brian Moran",4.236196150579,0,0,0.410656283091042,2.69424844420611,7.17410640374551,0.216218228349678,8.60657,9.0028,12.4354995488987
"242","Brian Van Belle",10.3372269593047,0,0,1.41093233347338,4.69444606255066,14.7801054902117,1.24593901020566,21.585082,23.4036,30.4328648625162
"243","Brock Burke",28.5591565547942,12.6531557460573,0.700041626561833,2.65423343758623,20.3030054471236,55.3756327114361,3.28840646337766,61.08992,58.81496,132.483979831231
"244","Brock Selvidge",10.1649152339818,0,0,1.21433636819487,8.58221253647698,11.4459595608032,0.835472536519895,17.504332,18.01126,16.2779248930127
"245","Brock Stewart",16.5976275678227,2.57381580264978,0.0804603343589677,1.42781360652936,15.4044949427926,43.7447034653245,1.91035271822961,37.76304,32.14514,82.8039448873815
"246","Brody Hopkins",13.0692945292936,0,0,1.60130087410035,11.805200866525,21.8606245390001,1.1473762431241,25.292752,24.050302,34.8369393519353
"247","Brody Rodning",3.06224652645994,0,0,0.412064359649139,3.32324593463689,5.42001128459822,0.216261054827288,5.469084,5.4035,6.58441768739775
"248","Brooks Crawford",6.22234816723977,0,0,0.811624158819655,4.74520708085408,6.77562042321778,0.42132298575973,9.72334,10.60886,7.36627466176432
"249","Brooks Kriske",4.82788496924502,0,0,0.410467138478761,4.74818355894794,10.1448375031695,0.42232940798355,9.240968,8.3833,15.1042125447411
"250","Brooks Raley",23.4117285180423,14.5445201505393,1.39162892245485,2.45091893278096,19.2942045594421,54.0112506123184,3.01190245265592,54.17224,47.98334,139.596120969895
"251","Bruce Zimmermann",11.7289738855666,0,0,1.61484189042679,5.9180707659635,15.527058267774,1.24703108538469,23.750554,26.62154,30.0455401205932
"252","Brusdar Graterol",16.9261136189319,4.75649136010521,0.0266460117267849,1.45070231352896,12.0516820209437,36.8677611314573,2.63510149292515,44.31108,40.39446,95.5176430102865
"253","Bryan Abreu",23.6606765279776,14.5346048936272,7.52340025982461,2.47386611345049,28.6341849882657,90.0927924084618,3.75607234334315,68.18704,51.03264,236.916357910404
"254","Bryan Baker",25.7584894111429,12.3562670637594,2.54841619307462,2.76263681898128,22.4843759636138,69.1073888404426,3.40996593958226,61.58576,51.81076,166.801827388637
"255","Bryan Hoeing",9.18398223962151,0.260305066302102,0,0.801835343757699,6.28868643343415,14.5109136104116,1.1115875956763,19.4248,19.20084,30.0679373341759
"256","Bryan Hudson",18.7242537271353,4.53706740117386,0,1.84664029457313,17.906724002249,41.1969978995544,2.09676545936713,43.02524,38.24688,86.2449915749705
"257","Bryan King",26.0018316206075,17.4595734694873,0.947572625473489,2.79971177935238,20.146811671582,63.6162581883933,3.6120034755802,64.0912,57.32992,167.691056734394
"258","Bryan Magdaleno",4.43938185388445,0,0,0.410971524111512,4.9821774048632,8.36542427761418,0.421815490252238,8.603534,7.79152,12.5452530972635
"259","Bryan Mata",6.39887716508907,0,0,0.610614819254566,6.56349921992593,12.2650397860519,0.628162215512961,12.965654,12.19192,19.6439230284646
"260","Bryan Shaw",4.05301815672185,0,0,0.411328797268044,4.14643693214677,5.22176350291957,0.215533004707929,7.1327332,7.40742,6.56847827220888
"261","Bryan Woo",68.6637862920779,0,0,8.78227209552156,39.2560784185475,187.77667312472,12.7488836150991,183.9098,154.2042,416.651445161172
"262","Bryce Conley",11.746420332494,0,0,1.4148413221272,7.14919015410016,13.2126739248111,0.629147224497976,19.396554,21.20678,17.9821369104646
"263","Bryce Elder",61.7180092150083,0.789113858756867,0,7.35642254242571,41.1912939169432,100.404342286893,7.12770308920659,122.6234,126.0196,178.748418751009
"264","Bryce Jarvis",9.96044307891688,0,0,1.01107830935043,8.98160729730564,14.785036454224,0.83380230389313,19.391554,19.20288,24.49977298817
"265","Bryce Mayer",8.38681962133456,0,0,1.0140836070789,5.32934944196596,13.8215545023276,0.835365470325871,16.469754,16.0015,24.7688915441865
"266","Bryce McGowan",5.84145142235029,0,0,0.412043343581108,5.76864509832315,7.16785649383032,0.214783541349765,9.686382,10.62276,7.75817494634391
"267","Bryce Miller",63.5173196957986,0,0,7.95797077142912,40.8378546445762,123.246838995879,8.50564242072207,138.418,127.1796,244.544088258291
"268","Bryce Montes de Oca",3.84879106436364,0.498669533954618,0,0.460464364325222,5.21357962028903,8.8535569777344,0.270350896047896,8,6.98416,13.5753473600727
"269","Bryce Osmond",7.21992785081652,0,0,1.21635391072587,5.54868212213511,8.33888265370135,0.421087440132879,11.084312,12.01654,7.9962078887472
"270","Brycen Mautz",14.9807422616173,0.557857156635743,0,1.89869050967376,10.7553404876822,24.7408824810866,1.50148558850244,30.25634,30.26862,44.8457619410987
"271","Bryse Wilson",22.2848188307102,0.706855267240285,0,2.18335356707847,12.3545890782698,27.6629182917048,1.84642658357158,40.2047,43.0185,49.0741481194814
"272","Bubba Chandler",66.5199264150392,0.706917588710484,0.00490444347623749,8.26432987791363,54.7049310419459,137.382018487313,8.58989663607563,145.5196,135.8456,252.439925526415
"273","Buck Farmer",5.81992770133126,0,0,0.811350949935249,4.94298725070746,9.13594359447446,0.421729837297019,10.619444,10.19824,13.433950715828
"274","Burch Smith",3.64532909519433,0,0,0.41078237949923,2.6985390038269,5.04700264385215,0.21608974891685,6.216318,6.7984,6.51897418847183
"275","C.J. Culpepper",8.19268748245624,0,0,0.614860064996889,7.36737648797641,11.6481881768227,0.628868852393515,15.472538,15.61534,18.7257282987271
"276","CD Pelham",3.6488549859236,0,0,0.810762500030372,3.12628390737489,6.02631895339442,0.422179515311917,6.8490854,6.7945,8.57791530473541
"277","CJ Van Eyk",11.3427984248206,0,0,1.41475725785508,8.16249205697933,14.5567187396704,1.24692401919067,21.882028,23.01956,25.999487355721
"278","Cade Cavalli",62.5029344453719,0,0,8.78128379830883,47.1558012726149,111.597409401602,6.90614517975326,132.4758,130.5406,202.572262001132
"279","Cade Gibson",29.6688120724748,10.7636977427992,0.00488024597638235,3.2621982533582,25.1421323771243,49.4607304464318,3.1651072494978,63.0598,62.6017,112.916288632118
"280","Cade Horton",57.8138214031904,0,0,7.57483700868826,41.2714224816699,113.274602028958,8.28854115030711,128.6104,117.6052,226.028945024145
"281","Cade Povich",18.0329001313054,0.630214648023908,0,2.11887807683141,13.7324046124673,36.9907274885326,2.05308832838807,38.29978,36.57472,66.6459924126157
"282","Cade Smith",19.1948008899739,2.27086783724105,22.1365323558311,3.5557358321828,18.4569941491901,67.9209996318281,4.66690839586327,55.793328,42.32506,253.576070283689
"283","Cade Winquest",19.4401922382222,0.786198864285803,0,1.9952838885447,14.1473013278274,26.2660090329734,1.50259531198302,34.51028,34.9087,42.44748380415
"284","Caden Dana",51.232650173915,0.0395952100789845,0,7.37256733203056,39.3373921813038,80.6532157652177,4.90819773443595,91.83342,90.34438,119.156854461053
"285","Caden Monke",6.02026961791188,0,0,1.01137253430287,6.59068974954012,8.93252072815266,0.83348110531106,11.094676,10.80222,12.4273168848052
"286","Cal Quantrill",19.6608015020166,0,0,2.8167898257782,11.8781952569236,25.3906419356033,1.70144848507353,34.62618,35.37446,40.4642409932372
"287","Caleb Bolden",6.82064263447153,0,0,0.814944697568601,5.754366048008,8.72179830138578,0.62820504199057,11.994004,12.61796,12.3167196732787
"288","Caleb Boushley",9.75889483003163,0,0,1.0113305021668,5.7146662658642,13.4036566838176,0.627969496363719,19.094314,20.81352,23.873900746284
"289","Caleb Ferguson",24.6696454203106,5.74332866287076,0.0801266547959351,2.66764357297271,21.0289134252898,50.1475283378577,2.64134990043491,53.56764,50.2875,102.029447326592
"290","Caleb Freeman",5.4361325204347,0,0,0.811519078479499,5.76973111060064,7.57086072133496,0.421430051953754,9.356872,9.60232,8.61698251681343
"291","Caleb Kilian",10.5958338829307,0.498669533954618,0,1.33963332211775,7.36890556896809,15.2889890695825,0.971050039738447,21.26,22.52266,28.2459282379036
"292","Caleb Thielbar",24.6352040015954,15.9456088174751,1.35434322568554,2.61918762229166,20.2514881685391,61.4633982680677,3.56329988549478,59.61128,51.35398,159.972520386122
"293","Calvin Faucher",28.0569513831063,11.8429153464546,5.42173378715374,3.19324449672662,26.677506340659,61.5162484312014,3.03692847956966,61.82852,58.2723,156.419966918694
"294","Cam Booser",6.77837304967988,0.500218527806833,0,1.11958384675616,6.46879027900954,14.9734866199584,0.933898070412336,14.34,13.2692,25.3278157445151
"295","Cam Sanders",18.9719418543691,0.83911564121145,0,1.99181381234953,22.4755006020103,35.5996254237414,1.57463513165844,36.69376,33.7065,52.3988950340337
"296","Cam Schlittler",56.4345582269896,0,0,7.56076350080436,49.3260543556012,127.686548445805,8.51587024557808,127.3652,113.4936,236.003591125772
"297","Camden Minacci",6.21265095571051,0,0,0.61147647804385,4.9432016309044,8.93311785330379,0.62728427272197,11.642898,12.2038,14.3211239003346
"298","Cameron Cotter",4.24012685080648,0,0,0.610972092411098,2.69975895094745,5.40589922685977,0.421901143207457,8.274564,9.01238,9.65905667589209
"299","Cameron Foster",14.3275076569937,0.560261489291668,0,1.7876181871016,11.3816356133597,24.6806568440029,1.5995373976183,28.2906,28.41434,41.8458273162724
"300","Cameron Weston",12.9226599967701,0,0,1.61503103503907,9.58761068333663,19.0595913080631,1.0408128395568,23.87991,23.61356,30.5043942402217
"301","Camilo Doval",24.6484170522611,14.2660217601896,3.22253416799129,2.77607626424653,30.2029409403179,71.4460249569775,3.93638759749659,63.2978,50.82398,177.981006938973
"302","Carl Edwards Jr.",5.41006278875094,0,0,0.610152465757878,4.93489564811545,9.34412882840405,0.422736259520839,11.22184,10.98808,15.8917151903127
"303","Carlos Carrasco",11.9419794248534,0,0,1.41448404897067,7.14341819995869,14.7685212622798,0.834958618788583,20.258152,23.82206,19.53448935225
"304","Carlos Duran",7.39947959401464,0,0,0.410656283091042,7.59753591276977,10.5111437086216,0.422136688834308,11.8515,11.79428,11.8978294193091
"305","Carlos Estévez",30.3989230010749,1.88410417544476,30.2522007846239,3.30138836688497,22.3907107007546,55.6240329333699,3.29313663001024,62.8278,58.5576,257.373985030725
"306","Carlos Guzman",6.40788012832893,0,0,1.01097322901027,5.35220276699645,9.32945418328745,0.627969496363719,11.509302,11.39364,13.52974969434
"307","Carlos Hernández",11.3509877818971,0.823779499447909,0,0.961491083508401,10.581886148606,22.83248554292,0.958498735209657,23.87556,21.96756,40.849318132818
"308","Carlos Lagrange",11.3374427951595,0,0,1.81423299275347,11.4225280547986,21.8297165705165,1.65951040351809,21.563158,18.78914,33.3231917469281
"309","Carlos Peña",10.7486159796457,0,0,1.41454709717477,6.9440359675538,13.3898630928265,1.24647434117577,19.903844,21.21464,23.1093416539833
"310","Carlos Rodriguez",22.705116774682,0.67347129664964,0,3.31293597975085,19.2674466245201,40.7728180583424,2.45786432235315,45.84118,42.08114,71.1743371629623
"311","Carlos Rodón",64.5873466488192,0,0,8.37746440922678,53.2749229643906,151.802973822396,10.1017113615067,144.3956,124.4446,281.544051464927
"312","Carlos Romero",5.82689447279519,0,0,0.61147647804385,5.56139933257569,7.55965467266536,0.421387225476144,9.99395,10.4051,9.54103788936388
"313","Carlos Tavera",6.82582014795345,0,0,0.812653946153189,6.36809218801225,8.93015740229027,0.421430051953754,11.516708,12.0095,10.6686011299723
"314","Carlos Torres",5.45000939003283,0,0,0.412127407853233,3.51762044376224,5.78330668955252,0.420616348879176,9.232962,10.8388,8.24273134777652
"315","Carlos Vargas",25.6836039443157,9.74578058389209,0.00582340658012445,2.74257586421751,20.5399094309771,44.9717649417591,2.80565399361441,57.40432,55.89874,109.025702081629
"316","Carmen Mlodzinski",26.2016447687221,3.12026111040429,0,3.38097300755118,21.5418812924624,55.9640032562117,3.68597926723575,62.53988,59.54438,116.944627166483
"317","Carson Fulmer",7.78328287110117,0,0,0.61099310847913,6.14468375065953,11.6678084195529,0.421879729968652,14.499532,14.80434,18.2725881696701
"318","Carson Hobbs",4.83551967638098,0,0,1.01067900405783,4.54274781366296,8.55961160826512,1.04010620267624,9.317036,8.7936,13.562186839077
"319","Carson Palmquist",23.1250173995249,0.849473327908467,0,2.67934827107077,19.8412315355548,37.3128646594262,1.52417425431543,39.90784,40.23446,50.0992569471279
"320","Carson Ragsdale",9.36571009282444,0,0,1.41124757449385,8.16818356576692,14.6024585262472,1.03972076437776,17.55784,17.99454,21.6387811545992
"321","Carson Rudd",7.22705452203225,0,0,0.612106960084789,6.17802834984617,6.77924298246798,0.21480495458857,10.300242,11.21038,5.04284757756489
"322","Carson Seymour",16.4323950554655,0.817067691562504,0,2.1759829361115,13.5034573596745,29.8502887848829,2.15652701377092,35.95108,35.59632,57.3341848527211
"323","Carson Skipper",6.62028131986079,0,0,0.811834319499968,4.32713573111114,9.31562078395287,0.627005900617509,12.014188,12.81868,14.6021495753552
"324","Carson Spiers",12.342248567805,0,0,1.37405229086317,8.4125353302244,16.9586768697973,0.924669765768563,21.57488,22.564406,25.1231133537738
"325","Carson Whisenhunt",27.9109400479245,0.798859813339088,0,3.11244046686994,20.1365415600659,45.3841138209365,3.00988984107784,57.11942,57.87172,84.3048505401156
"326","Carter Baumler",18.9379892451244,2.72639273725673,0,1.81420209345238,16.6564056477613,30.489150565282,1.38424826318675,36.10782,34.85868,54.0144242412542
"327","Carter Loewen",3.84748051023189,0,0,0.210823843335706,3.53063247975365,6.21817749595594,0.215939856245217,7.125614,6.79446,9.58519802155755
"328","Carter Rustad",5.62855838727812,0,0,0.6116446065881,4.3329881306065,7.37115993512189,0.215961269484022,10.11697,10.40976,10.930838355751
"329","Carter Spivey",8.01029397658079,0,0,0.614607872180513,6.5538389329331,8.5193507394775,0.421237332804512,14.248322,15.41858,12.8845687746308
"330","Casey Anderson",9.58035797707128,0,0,1.61473681008663,8.17930513594195,11.4382513757832,1.24563922486239,17.25118,18.42386,16.6897151152502
"331","Casey Kelly",12.5337208687542,0,0,1.21173037575899,7.94261637067143,10.8343322075915,0.833202733206599,21.73872,26.43268,15.8506988143069
"332","Casey Lawrence",14.9808228346968,0.00799443521586,0,2.18320163735099,6.12211633185929,13.5545344419067,1.22960293093471,26.81444,31.637244,24.385639898253
"333","Casey Legumina",23.1881117165734,4.03531009588571,0.00529247883567157,2.88053245345655,20.249965214014,50.0626905290995,3.04672760676612,51.38816,46.61136,99.4190947745076
"334","Casey Mize",64.8825731725268,0,0,8.64822882205275,39.2320752634251,123.590504916737,8.74899194496939,141.9692,138.932,241.770409554092
"335","Cayne Ueckert",3.85238477730252,0,0,0.411139652655762,4.14466713436123,6.01762083035959,0.421644184341801,6.755508,6.398,8.0577172047654
"336","Cesar Gomez",6.42294713785175,0,0,0.814671488684194,4.73362294989418,8.11522660778698,0.627626884542844,12.440172,13.4242,14.0579361739066
"337","Chad Green",20.0476240357289,0.345115409570103,0.335745307935324,2.31080857091923,13.0925637420747,34.1040237866743,1.9271367112673,39.42996,38.9259,61.8818056126548
"338","Chad Kuhl",7.7884118074433,0,0,0.611350381635662,6.95960898805741,11.6662957025033,0.627712537498063,14.265864,15.00318,16.9569994112841
"339","Chad Patrick",67.4940628619194,0.0177453124466967,0,8.69766034357713,45.7267034547524,133.164114201499,7.7803702706931,140.879,131.5998,241.687395502034
"340","Chance Huff",7.40759804850095,0,0,1.01410462314694,6.17185416893525,7.14174222055411,0.626706115274243,12.030354,13.6175,7.85345693887157
"341","Chandler Champlain",13.1309798661154,0,0,1.61580862955623,8.56753125939239,15.5203107535662,1.04004196295983,23.775764,25.62738,25.2391984287502
"342","Charlie Barnes",12.7142927318878,0,0,1.41393763120186,6.74820017524624,17.4991911858446,1.04130534404931,21.86,23.61084,26.5463009725177
"343","Charlie Beilenson",5.21258489937004,0,0,0.81040522687384,4.11390363102527,9.92220711115294,0.628462000856227,11.276832,10.59044,18.2593032293524
"344","Charlie Morton",24.047423888634,0.074775433600371,0,3.49517331340539,21.0204305735005,45.071859281505,2.83944280751864,44.93264,43.44632,66.1462707861636
"345","Chase Burns",47.618783241196,0.719546998138421,0,6.82910771288351,37.1801040797787,143.46658270556,7.56200664435923,119.7088,100.955,272.125204002618
"346","Chase Chaney",12.9295773486495,0,0,1.41511453101161,6.73741365329898,12.1982413858118,1.04055588069114,22.61997,25.02612,21.6863457345729
"347","Chase Costello",4.0456951528995,0,0,0.611224285227474,3.32461350565298,5.42052879306253,0.62756264482643,7.312518,7.60428,8.37047570080846
"348","Chase Dollander",68.7578164164908,0,0,9.37298936160867,51.9336688324007,99.9954321627254,5.1948406670538,115.7074,121.442,127.870033108233
"349","Chase Lee",14.5880461243828,0.890676506792707,0,1.56998939824816,10.2925337650741,32.2427529332322,1.70084460133787,33.25464,30.74734,63.8337703391573
"350","Chase Petty",31.0155409896793,0.700705261630658,0,4.34547371486573,23.6643039212431,40.2098442916778,2.77648250831133,53.26052,55.36746,57.1919865012285
"351","Chase Plymell",6.62644252042332,0,0,0.613557068778948,4.53208880427278,6.74749582859942,0.214590822200523,11.41733,12.82492,9.59165949032315
"352","Chase Shugart",21.6202068102729,1.28011591879561,0.0456142672118506,2.12408952452106,16.3913939293644,34.6082178360264,2.11905180612514,42.15152,41.73336,62.4758380229749
"353","Chase Silseth",25.005423076752,6.13452483781938,0,2.68522158192773,23.2637287332137,52.6343213682008,2.46150941855109,53.34504,48.6532,102.563291830369
"354","Chase Solesky",11.3546159956756,0,0,1.2161017179095,7.55447069257489,12.9992790684654,0.833780890654325,20.514202,22.2186,21.2949407300289
"355","Chasen Shreve",2.26948308602157,0,0,0.410761363431199,1.69172621874795,3.67779895595847,0.216111162155655,4.37998,4.6008,5.59694616261629
"356","Chay Yeager",5.42885404565715,0,0,1.0116667592553,4.74470429739228,8.34587838100043,0.833673824460302,10.060048,9.603,12.9646241227038
"357","Chayce McDermott",15.9687268289097,0.694779513326332,0,1.81631632125589,16.1149102119495,30.410984590199,1.64949681614759,31.07068,28.8257,47.8008807368661
"358","Chazz Martinez",6.80548336120892,0,0,0.611098188819286,6.16425208299282,10.2868958081266,0.421772663774629,12.888836,12.80576,15.9937739526266
"359","Chen Zhong-Ao Zhuang",14.4681651904299,0.44328324217999,0,1.79053929797297,6.83339752396758,21.706560686771,1.35860674827767,28.774452,29.849108,42.4337821669129
"360","Chris Bassitt",80.2453740277847,0.705814293779185,0,9.52775034226317,57.6268747171295,149.792590263393,10.4637073134954,167.064,163.5318,272.618710020717
"361","Chris Campos",12.5389004062836,0,0,1.41446303290264,6.33583360110311,15.5368113119092,1.0412839308105,21.631956,23.2191,25.0535866940545
"362","Chris Clarke",6.41561519539464,0,0,0.813830845962942,3.70391019482184,8.91061150567652,0.628975918587539,12.796858,12.81606,17.5802750653146
"363","Chris Devenski",10.8735002675021,0.843490922552163,0,1.05543480403493,6.90051076634117,17.8738944856047,0.979676822419176,21.73368,22.17996,33.7829290661322
"364","Chris Flexen",10.7459928140974,0,0,1.21162529541883,7.74842970811858,14.3871130610744,1.03972076437776,20.112832,20.81022,24.3311646626789
"365","Chris Kachmar",10.5656039576828,0,0,1.21593358936525,8.7832237872981,15.1618918706795,0.833973609803568,18.83729,19.00894,21.9864702088924
"366","Chris Martin",19.4937724403077,12.2319284762644,5.1053258427172,2.3776569173732,10.9793523054824,49.4331570694432,3.05443894777898,50.40372,46.6009,155.420570110272
"367","Chris Murphy",22.5751899556446,1.33809324771949,0.0811877182908749,2.15878587963542,22.44760099278,42.3054342393552,2.04454155125401,47.41444,44.0107,75.7937097654165
"368","Chris Paddack",67.9037355552737,0.68964464939846,0.00725791607196722,7.88011590128331,33.1044511295233,96.4582650748768,6.00907808526447,127.3498,135.3272,171.942046081925
"369","Chris Rodriguez",5.03549928846072,0,0,0.613052683146197,4.54797676166569,5.80203651512638,0.215554417946733,8.374338,8.80834,6.70273864614033
"370","Chris Roycroft",21.2599804840982,1.09876927844002,0.0327900091275568,2.34954483045346,20.0986710989757,35.295756265511,2.30512171856372,44.0986,43.8085,63.4370665770773
"371","Chris Sale",54.9615076512326,0,0,6.55349103311286,42.0676340842495,187.795845723017,10.89165526145,153.5006,126.9944,377.988924792976
"372","Chris Stratton",5.02804472155146,0,0,0.410866443771355,3.72577121974094,7.38250531299341,0.421922556446261,8.643894,8.7998,10.7546388754994
"373","Chris Wright",3.85465778263488,0,0,0.612064927948726,4.76483574720278,6.80557620163294,0.627669711020454,7.361016,6.79424,9.65144245530385
"374","Christian Chamberlain",5.03959596058245,0,0,0.811413998139342,6.19053760237577,8.55776052029661,0.421515704908972,9.016522,7.99532,10.5624804102952
"375","Christian MacLeod",8.78465359562852,0,0,0.814356247663724,8.38834081081342,13.801764485083,0.834294808385638,16.93871,17.40644,21.2936836044564
"376","Christian Montes De Oca",4.43780916898396,0,0,0.410908475907418,3.10860604085797,7.17279272841302,0.627798190453282,9.467864,9.4056,14.6203397786789
"377","Christian Roa",11.3487911905716,0.499481811218585,0,1.45469713826884,12.2265690292993,21.6999451083699,1.44427871636071,23.14,21.15596,36.0179604765483
"378","Christian Romero",11.3539691429233,0,0,1.01429376775922,6.95364918734343,11.6261887965189,0.834744486400536,18.941886,20.22208,18.2090807606115
"379","Christian Scott",15.6401162495951,0.671993912775207,0,1.51252816940179,9.7657462171539,32.0086680464277,1.7734159157264,34.21334,31.94672,63.5217526482831
"380","Christian Suarez",6.80913474288264,0,0,0.810867580370529,7.60465532658887,9.31504356297344,0.628012322841328,11.338006,11.40306,10.3373662355609
"381","Christopher Troye",4.05520615205959,0,0,0.411391845472138,4.9779339124456,6.80856182738861,0.42136581223734,7.497372,6.99432,9.23795954435423
"382","Chuck King",12.1466851878246,0,0,1.21566038048084,6.94779678784807,13.7716641068955,1.04008478943744,21.072376,23.62278,21.7736937613114
"383","Cionel Pérez",26.2394934076163,11.5059369828323,1.35879351960003,2.19927411932704,28.3989482791467,46.2334212093775,2.39486282254268,54.92648,52.83958,107.492365085094
"384","Clarke Schmidt",18.603948625244,0.805952416652962,0,2.12175851529279,14.463603579923,39.8195086592195,2.36662404708371,41.4724,37.3284,77.3384437256964
"385","Clay Helvey",5.23570356981196,0,0,0.611434445907787,5.36346511654079,7.57082091299155,0.421408638714949,9.338742,9.60278,9.76934304244117
"386","Clay Holmes",63.0075373019844,0.0608419387547577,0.0926034776325243,8.82644702278652,55.3022165982189,119.513400914643,10.3005894119783,145.5942,140.9184,237.593295756511
"387","Clayton Beeter",27.3937782546943,9.44771709485797,15.9800368391446,3.02017869266115,33.4656449721,73.656500773149,2.87602621721847,63.58544,51.98328,222.683652726214
"388","Clayton Kershaw",10.5381841863226,0,0,1.01309585188143,7.54546081293941,17.3200514090022,1.4542129269588,22.964846,22.40274,36.0722543735723
"389","Codi Heuer",4.02632383680817,0,0,0.410572218818917,3.5182708511196,9.94254917463487,0.628140802274156,9.87646,9.18462,19.2515278168094
"390","Cody Bolton",4.63520204837024,0,0,0.410761363431199,4.33031332258972,7.77685122580662,0.422029622640285,9.230444,8.99812,12.8918823248946
"391","Cody Bradford",33.4759903846745,0.853388199771289,0,3.81907809201302,16.6194153900785,60.8944484829849,4.01954168799235,70.91656,68.33812,123.842315915059
"392","Cody Laweryson",13.624865674814,0.773312071532584,0,1.48146719242502,9.64506931424966,24.4981858128287,1.34355428024249,28.35788,27.92956,46.0182634676511
"393","Cody Ponce",63.9092473808973,0.814413996039914,0,7.93454390684159,44.0456752691145,145.260990423039,8.05379353608522,142.6204,132.766,270.359347642697
"394","Cody Poteet",5.02673027228502,0,0,0.410467138478761,3.7106273818715,8.56762362643118,0.422307994744745,10.490476,10.19488,16.1037654125216
"395","Colby Martin",4.43818564181728,0,0,0.611329365567631,5.56882041647187,7.7821258313083,0.627434165393602,8.68041,7.99254,11.4178337308538
"396","Cole Ayers",5.42640494819307,0,0,0.611497494111881,4.54123946327756,6.58660817720999,0.21613257539446,9.006942,9.20364,8.21901498011144
"397","Cole Henry",31.3530388767988,8.97523735088687,14.7009944386785,2.72933095723901,31.4022055379086,57.8112529879827,2.22315301330421,60.49968,54.42094,181.224160703773
"398","Cole Hillier",6.80909021383784,0,0,1.01175082352743,6.16352807480783,8.52462007440874,0.833117080251381,12.243698,13.00976,12.1069780853731
"399","Cole Percival",6.40951758274913,0,0,0.811245869595092,5.95370805773595,8.34415198863258,0.627626884542844,11.527694,11.80814,11.9791127952939
"400","Cole Ragans",57.2559665450604,0,0,7.44536496383209,54.1676504983053,187.689019082724,10.3457805488688,152.1884,122.3182,359.057266664371
"401","Cole Sands",29.7088785914113,12.8911098453921,3.69779634187344,3.10864773677736,20.8206101865769,65.3731246535382,3.75869353238364,67.35764,62.192,170.586970275502
"402","Cole Sulser",24.0849759947101,8.80576583853467,0.00290334566952656,2.50303170836884,18.728902930465,47.0449734968812,2.52351235321822,51.52344,49.1011,103.282348272112
"403","Cole Wilcox",16.5989724806328,0.96608695210055,0,1.78013135156659,12.9940313083666,26.8486488782253,1.74653075774077,34.51676,33.95314,52.1187853251426
"404","Cole Winn",31.9846565968783,10.3646637964693,4.81922111878685,3.21561072072867,30.6659010585257,57.2545441365196,2.81217374989683,65.10992,60.02574,141.941909129446
"405","Coleman Crow",14.4800990991352,0.473254610250281,0,1.58132432517951,10.5171818279945,31.6459490649124,1.64181256385818,33.58144,30.49434,63.4860347365054
"406","Colin Holderman",19.0253904777218,1.6771359323219,0.0134261526564872,1.94328364955224,17.780131323973,39.794548915596,2.21301223089582,42.05388,38.75136,75.3347764267928
"407","Colin Peluse",7.40088225892589,0,0,0.611266317363537,3.91775247958812,8.71807095070661,0.627498405110016,12.830652,13.81204,14.7109341287597
"408","Colin Poche",9.30469268499681,0.976325164123802,0.00591079686168568,1.06984876076862,8.33861719159141,16.9738556460331,1.06999071125022,18.70328,17.04074,31.0774412979673
"409","Colin Rea",46.0775832131937,0.825103107964539,0.0233748682278495,4.83352845229556,27.3466874629465,74.4251492453791,4.75782324792165,93.81042,93.57976,144.390465504366
"410","Colin Selby",18.6112156821805,0.975995682441473,0,2.1027965299127,18.1023217506123,43.6521051791543,2.13217515837191,42.23004,37.91046,79.1177606859825
"411","Collin Baumgartner",6.03158201933894,0,0,1.01200301634381,5.14956249775908,9.72328258763635,0.62692024766229,10.90781,11.01286,13.4509605138363
"412","Collin Snider",10.0326845174966,0.905612208443314,0,1.13782675344554,7.22114369771914,16.3299732366412,0.929729849319903,20.01848,19.73766,30.7562711125641
"413","Colten Brewer",3.25138534017802,0,0,0.210550634451299,2.9162157097151,5.25014685177009,0.216218228349678,6.001728,5.79246,8.05521964949571
"414","Colton Gordon",23.0791408249503,0.902613661882982,0.0239511480478276,2.39029224551415,14.0846758596875,41.7389416157725,2.31365437633341,48.45428,48.09602,80.534511431828
"415","Colton Johnson",5.62516608368325,0,0,0.410992540179543,4.95426286706402,6.18593273779477,0.421794077013433,9.765298,10.41076,8.88807477703203
"416","Connelly Early",22.9510836232149,0.820968457352803,0,3.14471280803121,20.3045180144014,55.4773093884968,3.65333039544618,54.38622,48.74758,106.340876217201
"417","Connor Brogdon",25.2460546272608,6.57976040773753,0,2.57788364832649,20.8937359881899,51.4238825695568,2.51036097303975,51.92848,48.54732,100.300632791747
"418","Connor Gillispie",10.1856657688593,0,0,1.01635334242628,7.16065361702922,11.4458799441164,0.627584058065235,16.815708,17.61702,15.9664602206465
"419","Connor McCullough",6.8127326568768,0,0,1.01538660329684,3.30009778405557,9.11718450169806,0.628526240572641,12.392878,13.2143,15.3822346784405
"420","Connor Noland",12.3313366882552,0,0,1.41461014537886,8.15814800786937,17.2818898412743,1.45288530615291,24.981132,25.61946,33.8615547784427
"421","Connor Phillips",29.2506446011476,6.76721543040476,1.18409255321662,3.14172233002053,29.942481956016,62.9614586834604,2.86720444598895,58.76632,51.43332,118.289185383979
"422","Connor Prielipp",25.279677369363,0.7144574960806,0,2.85008137853578,20.9931216357245,50.9154396338751,3.14710907348381,54.95818,53.29564,92.9648336414819
"423","Connor Schultz",7.79347310777343,0,0,0.61357808484698,4.51159535036978,10.669204967629,0.629232877453195,15.000286,15.61306,19.9897709869248
"424","Connor Seabold",9.17018743331982,0,0,1.01097322901027,5.72389737022287,12.8380278714149,0.627969496363719,16.590882,17.40108,20.3793141692592
"425","Connor Staine",12.5703763688158,0,0,1.41919164820968,8.58814538132622,10.4546954776679,0.624993056169869,17.930006,21.04102,7.88639817463047
"426","Connor Thomas",8.76145885382673,0,0,1.01053189158161,5.31909950387148,12.0358012090294,1.04027750858668,18.098442,19.61396,23.9346412315146
"427","Connor Van Scoyoc",10.7537622899705,0,0,1.61198370517453,6.94722040355863,9.66594393952632,1.03903554073601,18.825574,22.22272,14.3193046271497
"428","Conor Grammes",4.05223889843782,0,0,0.411307781200012,5.18988573139552,6.79494737394278,0.215533004707929,7.49231,7.19668,8.38928429268745
"429","Conor Larkin",4.64393176519882,0,0,0.811308917799186,4.34324491322724,6.59771470502106,0.627541231587626,8.250292,8.00146,9.34848688897306
"430","Cooper Adams",7.40977710520393,0,0,0.612022895812663,5.34210687508348,9.50744478874142,0.627412752154798,13.174142,14.01444,14.8845494159343
"431","Cooper Criswell",26.3560532422132,4.65140505126657,0.038633674079653,2.57588603716703,17.8727378671303,46.7780832531702,2.79981597972254,57.81244,57.13046,102.443937259656
"432","Corbin Burnes",23.6174425737663,0,0,2.79588072415406,19.2370288908985,56.9214564039138,4.25568401302741,60.98756,54.06294,122.268888943229
"433","Corbin Martin",9.72947572594621,0.846404256143456,0.0113537753928387,1.10800843741936,9.75376670228454,16.9820645932963,1.11200269208799,18.894192,17.739448,28.4700403377077
"434","Cory Abbott",8.18335459947535,0,0,0.810930628574623,6.7501710864165,14.0320977915492,0.627948083124914,15.18144,14.39082,21.7027524152826
"435","Cory Lewis",8.79164060756736,0,0,1.21524005912021,9.4129251745754,13.6178278028598,0.833738064176716,15.859658,16.00302,17.4345714232627
"436","Cory Wall",5.43039636984528,0,0,0.612254072561008,3.91809437234215,8.34629636860623,0.628140802274157,10.756658,10.80838,15.0607767159998
"437","Craig Kimbrel",14.6788646358025,0.888792554146403,0.0949509060637768,2.00634936421951,16.346782616096,37.7683409197513,1.9069577102924,32.22244,26.51456,64.2701453628078
"438","Craig Yoho",14.9141675664703,0.79350688706931,0,1.68289214089437,15.8139659767377,36.2794425640501,2.2615536188158,34.51302,29.53296,67.3875781843533
"439","Cristian Javier",71.2688243482713,0,0,9.15451476972153,57.1070495208561,121.144351274408,7.29958183606562,133.9172,123.4504,196.090987189698
"440","Cristian Mena",13.4714349022664,0.661967188289052,0,1.50776852582318,11.321613555663,28.6953758535546,1.48332958691493,30.8572,29.11082,55.1667289921204
"441","Cristopher Sánchez",67.5043972504081,0,0,7.76348648181579,47.3994990396652,185.984524651128,12.7696838079984,189.663,170.7506,411.827025763012
"442","Cruz Noriega",5.81997830251853,0,0,0.811876351636031,4.32146433366202,7.16493058058977,0.421879729968652,10.56647,11.2107,10.9122263985559
"443","Curtis Taylor",11.3452556184747,0,0,1.21507193057596,8.3668285231746,16.1284695103309,1.04047022773592,21.605282,22.0145,27.5232723445269
"444","Cy Nielson",5.81992567728377,0,0,0.812191592656501,5.56306857366887,9.12629007119781,0.421836903491043,10.875268,10.60314,13.1653247646305
"445","DJ Herz",14.9593178720299,0.766049135665366,0.040924412416499,1.97680666393144,15.8844704597863,32.4204751999534,1.72700290293908,31.31604,27.84346,53.9591418075358
"446","DL Hall",25.0694698679055,5.84748881009869,0.0310628370233403,2.27975168790985,25.0596020382323,53.2144376002473,2.69966242166036,55.10928,49.35126,106.682589099019
"447","Daison Acosta",7.85026411137018,0.443752510718324,0,1.0061181873394,9.05243390964293,17.1391980244361,0.860070038568582,16.37676,14.15416,27.9577646159478
"448","Dakota Hudson",14.5059879196269,0,0,1.61593472596442,9.38026436089681,13.753277922811,1.04006337619863,24.692684,28.03268,20.2546670231289
"449","Dale Stanavich",5.91626970112207,0.203850320453122,0,0.744163522582325,6.5767298266235,11.1659479159354,0.763972826780396,12.193878,11.513928,18.2717039363702
"450","Dallas Keuchel",6.81404542125365,0,0,0.614208566887919,5.12815718909859,7.3421501939177,0.629489836318851,12.18098,14.4251,10.7343047011737
"451","Dalton Roach",6.41977950352837,0,0,0.812906138969565,4.12169998582617,8.33393587797778,0.421558531386582,11.648946,12.40874,13.1280796699289
"452","Dalton Rogers",9.76743226234856,0,0,1.21454652887518,10.6233970626275,15.7616762417271,0.834787312878145,18.459204,18.40418,21.8173282224083
"453","Dan Altavilla",15.4122390127106,0.95811019400322,0.00217477374667034,1.36228615216855,14.4457986284614,23.8325445047042,1.01736197322716,28.92816,28.5097,38.0742937496786
"454","Dan Hammer",5.43602322187019,0,0,0.812317689064688,5.97808299996406,6.58973313216758,0.42132298575973,8.590196,8.80584,5.92236228185324
"455","Dane Acker",7.2050409815204,0,0,0.811918383772094,5.95083213633445,10.6911393648473,0.421922556446261,12.96619,12.80154,15.6472636108204
"456","Dane Dunning",16.1962209278477,0.686318154920945,0.00160591157544197,1.74721700182211,11.4494111688188,29.0733496645053,1.50768253134163,34.12482,33.31988,55.1876735667493
"457","Daniel Eagen",10.1568461990801,0,0,1.41412677581414,9.79250342248286,19.477394876285,1.65948899027929,22.612174,21.4011,36.2973454845723
"458","Daniel Espino",8.13540829509326,0,0,0.974530945204135,8.69595300066111,18.5971790185709,0.993928134920718,17.66,16.2,30.4492038071565
"459","Daniel Harper",3.86172170837839,0,0,0.411391845472138,3.33169269679514,5.03024333127702,0.42136581223734,6.635662,6.80728,7.09476115125551
"460","Daniel Juarez",4.24468095766117,0,0,0.411055588383637,3.73281018820615,5.81009770466668,0.421708424058215,7.610536,7.59928,8.84155927248734
"461","Daniel Lloyd",7.01706801915712,0,0,1.21158326328277,5.14274475401706,8.33077638524721,0.833374039117037,12.550178,13.61704,12.4309711445844
"462","Daniel Lynch IV",32.8353936338281,10.1219597797936,0.0448201890512298,3.06579951172137,22.3226493284665,50.0927198628032,3.04109645321605,66.4438,68.42224,113.427057654513
"463","Daniel Missaki",7.20124066277714,0,0,0.413514468343299,5.54730128430679,11.0795737386643,0.422457887416378,12.661892,12.40528,16.7280739669494
"464","Daniel Palencia",25.2196716167105,4.00794087092612,29.5391330618052,2.84331221712919,26.5968632228797,73.1508417506231,3.86839398944859,64.03304,51.95288,294.022585889839
"465","Daniel Robert",5.4429644950674,0.114535069989282,0,0.446668303228446,4.88103025014239,10.4745379181189,0.296527312260468,10.639876,10.11848,16.4375148358843
"466","Danny Coulombe",19.9812520655067,8.70079546484795,0.102805818850516,2.09242968114216,17.110776613377,45.7202542967988,2.39664260259722,46.6542,41.76834,105.365279419267
"467","Danny Watson",5.81747050767721,0,0,0.610845996002911,3.30553468996927,8.14681452828191,0.627948083124915,10.60013,10.2028,14.8381329972022
"468","Danny Wirchansky",8.19173010799301,0,0,0.614082470479731,6.14221005602747,8.51590731777263,0.628697546483078,14.474642,15.61062,13.8327731977658
"469","Danny Young",9.1402161082365,1.30904222943113,0,0.9482761198004,9.39179189944665,23.2531195843895,1.0520937314252,21.46884,18.84586,43.9672751505817
"470","Darren Bowen",9.19612560191667,0,0,1.21648000713406,6.55727797181182,8.50685091964712,0.626941660901095,14.809584,16.62744,10.179557051536
"471","Darren McCaughan",11.3403311109291,0,0,1.21145716687458,6.52564968092156,16.3458651051892,1.03939956579569,22.032084,23.4079,29.4837900002516
"472","Dauri Moreta",15.2881282237427,0.38322541097746,0.00682254865209299,1.92046245648422,15.3383972934393,40.2377769410895,1.94251696495437,35.74444,29.8552,72.5459157823205
"473","David Bednar",22.6653833794511,1.74820858665907,32.4948972119185,3.0772692260142,21.3119337191354,75.8526464599469,4.168103137976,62.49812,48.8958,315.961077038744
"474","David Buchanan",11.3374581450946,0,0,1.41116351022173,6.72810210358642,11.6271892756746,0.833866543609544,20.745964,23.42404,19.8834289486745
"475","David Davalillo",10.5464099153259,0,0,1.01391547853465,6.94339240472269,17.5108948388068,1.0417336088254,21.390138,20.60668,33.0940528640137
"476","David Festa",27.1197869937867,0.768045291292737,0.513403518607322,3.40582278951308,20.6400423761449,60.2052304681069,3.24669972245266,59.02138,54.38552,111.78909614589
"477","David Leal",7.19568060431943,0,0,0.611392413771724,4.52436605029952,9.30367828093021,0.627841016930891,13.691374,14.41004,17.0849302283102
"478","David Morgan",25.5628094266262,10.8068797331815,0.00529752258671803,2.39048920671558,24.367335729611,60.818265730126,2.90869031163473,58.68504,51.39404,132.663040436397
"479","David Peterson",70.6106150475494,0,0,8.36925654716565,61.4195892170501,142.178270351726,9.82211593222754,159.862,154.7168,267.312369809701
"480","David Robertson",4.01735325832817,0,0,0.609879256873471,4.1253872052928,10.1678865340032,0.628933092109929,9.2585688,8.37072,17.450886882527
"481","David Sandlin",12.491070907883,0.532800056992339,0,1.68701537271607,8.76048182023532,19.7705620448895,1.69748154657252,24.85224,25.62536,36.0458308705857
"482","Davis Daniel",13.3289819837964,0,0,2.01612500717587,7.75626628559642,15.5477187980032,1.24546791895195,21.560598,23.01828,21.255688368366
"483","Davis Martin",76.6878538215749,0,0,10.1523962783556,51.6218129746615,112.73990730266,7.09582887290477,146.5946,150.3688,191.044251873948
"484","Davis Sharpe",6.41807120744599,0,0,0.813347476398222,4.32208778515466,9.69418268860447,0.833138493490185,12.920552,13.41386,17.9233305227418
"485","Davison Palermo",6.82873359473775,0,0,1.0124023216364,5.55454136615673,8.52420208680294,0.420594935640371,11.731876,12.63082,10.6933867591787
"486","Dax Fulton",17.7033391973674,0.43928671072304,0,2.29776947641332,16.6314828120749,28.9502053469805,1.90706380717761,35.06296,34.91828,47.2798062231455
"487","Daysbel Hernández",16.6231267279797,1.67455677807655,0,2.07868010035204,19.4963127102233,36.8111369219304,1.97259447106332,34.766,30.26996,61.2335530533233
"488","Dean Kremer",67.1512026010057,0.75916689438889,0,7.66691939982167,42.4722057261176,115.421834872528,8.08013033013669,136.0252,134.3312,214.736379593807
"489","Declan Cronin",5.21951726202663,0,0,0.410593234886948,4.12922847094096,8.35662663372083,0.422179515311917,10.030458,9.39912,14.5037901995765
"490","Dedniel Núñez",3.4286134768565,0,0,0.409668527893571,3.31580473940223,7.81220103475369,0.423121697819323,7.777536,7.17262,13.82606368149
"491","Dennis Santana",28.786853553763,4.86680241758167,25.2130612262833,2.91231950938823,23.1771831536579,60.9725065822816,3.73682719920929,65.87408,60.34672,254.94506266732
"492","Derek Diamond",7.79944809596679,0,0,1.21292829163677,4.31124777371823,8.3181571403866,0.833523931788669,14.951126,17.22266,15.2799224550386
"493","Derek Law",12.9423420445569,0.813364602698369,0.000139745459520845,1.46695325518224,9.95940632694097,21.9186808304205,1.47859991135748,27.0052,27.46904,41.2718716594106
"494","Derrick Edington",5.22410780173616,0,0,0.611245301295505,4.12978474389192,8.15841866038559,0.627541231587626,10.381942,10.19936,14.5594761736056
"495","Devereaux Harrison",10.7623835506793,0,0,1.41488335426327,9.59426753637087,13.7862936730982,1.03972076437776,18.81274,19.8098,18.5453538555977
"496","Devin Smeltzer",8.98304028233286,0,0,1.01233927343231,5.73389270544347,9.3039224015611,0.833438278833451,15.554762,16.81622,15.0942131422542
"497","Devin Sweet",5.82480565578451,0,0,0.611266317363537,5.14035150473889,8.74482215747737,0.627498405110016,10.850626,11.00482,13.5343815166624
"498","Devin Williams",21.2656930266015,3.13550521788425,31.7051380644804,3.11981749347669,26.4713243838318,82.6599635368937,4.50013480033335,62.89708,45.08474,324.821088471742
"499","Didier Fuentes",13.9830370549777,0.0121998249403211,0,2.36434543939201,9.48463808883137,25.8533856481029,1.85452048803088,27.96136,27.46674,43.8247631964745
"500","Diego Barrera",5.42761735264017,0,0,0.611497494111881,3.92825059827052,7.55497719231482,0.627948083124914,10.687594,11.00828,13.85889506679
"501","Diego Castillo",3.26108052765979,0,0,0.411139652655762,3.740472608164,4.84762032438636,0.421622771102996,5.8086,5.80122,6.23053289779725
"502","Dietrich Enns",32.9650134244372,12.1999446612773,0.0656337904770139,3.31654922013109,24.0464553200191,66.5382296379855,3.69370561668777,71.35244,71.7796,144.321838537145
"503","Dillon Tate",4.63227729974578,0,0,0.410803395567261,3.92152014440864,7.56293886099659,0.421986796162675,9.408886,9.00534,13.6205489182872
"504","Dom Hamel",14.6261127412096,0.976671769896202,0,1.58726771376959,11.6492834696419,25.0975023804002,1.35464262918013,28.07976,26.71564,43.2077267989526
"505","Domingo Gonzalez",12.0005122663976,0.53892166395686,0,1.24070093572003,11.2273595919849,23.4172488546605,1.27538505586858,25.5084,23.07064,42.7906362980913
"506","Domingo Robles",8.18423506013393,0,0,1.0127385787249,5.32458989927434,10.6812124537372,0.835194164415434,15.9393,16.60716,19.8438036055761
"507","Dominic Perachi",8.20342623599856,0,0,0.81542806713332,6.56158179824484,9.6820265102635,0.628290694945789,15.029224,16.21788,15.2091094956465
"508","Donovan Benoit",6.02200220256416,0,0,0.612275088629039,5.15424843962307,7.36196947836488,0.215704310618366,9.710654,10.00986,8.49267707759214
"509","Doug Nikhazy",18.4831877459784,0.643923182145859,0,2.48278273640735,17.9369466047193,31.2237582575474,1.80028066195795,36.07216,35.19126,49.2684983762642
"510","Douglas Orellana",5.81272816440586,0,0,0.610909044207005,5.96285871674073,10.5189660481015,0.422479300655183,11.145992,10.58502,15.4067475154454
"511","Drake Fellows",10.7551577011366,0,0,1.41463116144689,7.76749525699007,12.6156562336304,1.04062012040756,19.048196,20.01202,19.7223914922886
"512","Drew Anderson",37.9374304682142,7.96683412815807,0,4.36445630577641,35.1769233499732,95.4418536461567,4.4755411149308,85.7764,74.34412,183.53098723438
"513","Drew Parrish",10.9499861123518,0,0,1.21355877367771,6.94899020134417,11.0522055025707,0.833952196564763,17.21615,19.0131,14.0793799222971
"514","Drew Pomeranz",23.6063482448046,12.162218177095,2.98834928987455,2.67507682908956,19.5250090460394,57.3998701501316,2.43859450555735,53.28376,47.4144,141.892262770981
"515","Drew Rasmussen",62.7982012569441,0,0.0338150160550983,8.62124592510438,40.6925425527143,138.838296785975,9.26853116247262,153.9078,140.3842,295.352197274384
"516","Drew Rom",7.198962766905,0,0,0.814104054847349,5.7404421572591,14.2130143102437,0.835579602713918,15.635018,14.39878,26.6238717149077
"517","Drew Smith",13.0484227605927,1.20968782397534,0.0275707688917913,1.44025987656179,11.3672180164336,25.7831216419026,1.13455421275511,26.08012,24.16682,44.3384162690799
"518","Drew Sommers",11.1331578696083,0.677434518423198,0,1.33014829655389,9.29837636315648,21.052610518072,1.16698866389765,24.75542,24.25986,40.5228681872328
"519","Drew Thorpe",26.4151371144728,0,0,3.73221107958633,17.9076223259862,37.2292254781987,2.63652320632379,49.702,50.29778,63.1081731767419
"520","Drey Jameson",23.9558386847682,2.4169690927566,0.793391826079716,2.59784711951341,20.4275388248465,47.185811472972,2.95357201106809,52.23848,50.75054,94.3238423776102
"521","Drue Hackenberg",10.3624344467573,0,0,1.41503046673949,10.0151343621614,13.7941212831485,0.834937205549778,18.428436,18.61398,18.565259505093
"522","Duncan Davitt",18.9271386149911,0.55821840260221,0,2.35479865225314,11.288822569503,27.4220444673022,1.5324703048649,36.30542,37.49706,49.169924778245
"523","Dustin May",69.5030756860561,0.701335005259841,0,8.92102646864098,53.7478600904435,127.465758587355,7.85415792936131,144.489,136.0194,231.428280056759
"524","Dustin Saenz",9.37503083152038,0,0,1.4145681132428,5.32535413013628,7.90284686419819,0.833395452355841,16.420002,19.42684,12.4982517492472
"525","Dylan Cease",68.7518184057933,0,0,8.92074260254705,64.9118228754146,201.051141421279,11.3520548491045,170.9474,140.9006,375.439906227392
"526","Dylan Coleman",7.2166664790356,0.753952829698665,0,0.617492978270592,9.59557558868213,12.7492916864831,0.644758365918504,13.075398,11.349784,18.1592295744229
"527","Dylan Cumming",9.57293781896936,0,0,1.41511453101161,6.14619210104493,11.2523043722179,0.833609584743888,16.046258,17.41418,15.5218207406988
"528","Dylan DeLucia",9.57912330810178,0,0,1.41627041475333,6.9523017276658,13.4071001055225,0.833630997982693,17.731618,18.0132,21.3129269281119
"529","Dylan Dodd",23.9979737726746,3.78393341493175,0,2.16036718248009,13.6389347494881,44.6100364830261,2.56816475427381,52.30032,52.84684,95.4127361616398
"530","Dylan File",12.7309680167211,0,0,1.41561891664436,6.12159593409363,11.8085530491774,0.834209155430419,21.697596,25.0291,19.1258895592136
"531","Dylan Floro",3.84632275506705,0,0,0.610972092411098,2.69664853801053,6.3850363988567,0.627819603692086,8.7349586,8.81442,13.4198931732741
"532","Dylan Hecht",4.24443604791476,0,0,0.211160100424207,4.14770394647051,6.21957078797525,0.215597244424343,7.807742,7.9973,9.01779503367549
"533","Dylan Heid",4.25620790812228,0,0,0.411307781200013,4.34951965083051,6.39691918936425,0.421451465192558,7.74271,7.60918,9.17422109027428
"534","Dylan Lee",25.4998533946971,16.251341650925,1.35166158663789,2.69796885741691,18.3482053925296,71.0824746956062,3.20360178573775,63.96152,55.62588,178.265499605364
"535","Dylan Phillips",7.00582122969457,0,0,0.812485817608939,4.9401044847797,9.50608603449509,0.421215919565707,12.639122,13.00852,14.6806452942398
"536","Dylan Ray",12.1423436059565,0,0,1.61528322785545,8.77377145821624,17.6836401059616,1.45252128109323,24.356728,25.01976,32.350081542308
"537","Dylan Ross",13.505430099878,0.791792919780449,0,1.0864771745491,15.8340498711762,33.625932246736,1.1349873703831,31.31168,26.58638,59.8102884070328
"538","Dylan Smith",11.975249602423,0.705387224670878,0,1.44304800116701,10.5046167083286,21.4867019187578,1.3011274245738,24.97616,24.09246,38.9945393017385
"539","Easton Lucas",7.98263098036373,0,0,0.813620685282629,6.55652058547614,13.42447117685,0.835151337937825,15.568058,15.19752,22.4524039359568
"540","Easton McGee",17.7619910438905,0.824055869216574,0,1.7084106020618,12.1987834600851,33.2008842741389,1.87982717508016,39.3096,37.51328,67.8845836107427
"541","Easton Sikorski",6.81430416017459,0,0,1.01181387173152,5.35467646162851,8.92860487689733,0.421215919565707,11.349392,11.80992,11.002380190588
"542","Edgar Barclay",10.9615101963206,0,0,1.2150298984399,8.17737444744864,13.3976257197912,0.834594593728903,18.435468,19.01158,18.8311842702794
"543","Edgar Sanchez",5.4303902977028,0,0,0.411055588383637,5.16044273187246,7.37205562284859,0.421708424058215,9.698206,9.60428,10.8624759669197
"544","Edgardo Henriquez",14.6716569108567,1.55300308578594,0.0496321776529131,1.71053881806544,15.3183898079576,35.3367137096321,1.79588670550112,32.35262,28.21292,63.0448129146688
"545","Eduard Bazardo",26.7379290603248,13.1049233122126,0.938437744437876,2.72519011992875,22.6955248555646,68.2390710670206,3.22267730119198,66.0582,56.3035,165.835797799947
"546","Eduardo Rivera",8.58398783144933,0,0,1.01439884809937,8.59576757860713,14.3908351411832,0.835087098221411,16.447848,15.8048,21.8072123999215
"547","Eduardo Rodriguez",65.0106710976711,0.707545061375612,0,8.10176517358955,47.1982443241681,116.161361203933,7.81167329970491,131.5754,132.244,202.258881059405
"548","Eduardo Salazar",7.78696866158223,0,0,0.811224853527061,6.76147365863778,10.0874736803173,0.421729837297019,14.189054,15.41028,14.129954666055
"549","Eduarniel Núñez",23.8469773203181,3.92880872839962,0.00383527246411971,2.43371011792489,28.4894864076506,50.6214288551197,2.65430560171268,48.94904,43.57394,86.0291525935282
"550","Edward Cabrera",58.1594743197539,0,0,7.50284140283508,53.7529926292258,144.164942823089,8.59632070822829,134.8366,113.9124,266.877360165142
"551","Edwin Díaz",21.5067244873224,2.63608936456807,35.9604833671843,2.36395662631196,22.7454484669718,88.5246248921179,4.60047712456647,63.9984,46.47162,357.836944012068
"552","Edwin Núñez",6.82246309561071,0,0,1.01231825736427,6.8059800506764,7.75262784884233,0.626620462319025,10.910104,11.00378,8.25685801685401
"553","Edwin Uceta",26.126941983153,11.3065920461674,10.8493254950417,2.97833350327707,24.024395788098,76.6341051171999,3.98027736807592,63.79152,51.98104,218.613044659937
"554","Eiberson Castellano",7.01624018373331,0,0,1.01294873940521,5.33589247149563,10.3032476742368,0.627305685960774,12.492846,13.21938,14.4227467283856
"555","Eli Morgan",14.7422639610667,0.907777370919981,0,1.25108877253147,9.96294527836153,23.6264853633961,1.23004246221675,28.35484,27.92188,43.0951142841116
"556","Eli Saul",6.226669508633,0,0,0.81202346411225,6.38674224330208,7.73308195222858,0.627262859483165,11.643784,12.21974,11.2350914824023
"557","Elieser Hernández",7.40584438092897,0,0,1.01269654658884,4.52132923819025,11.2961386288814,0.834187742191614,13.647626,14.00464,18.5443410200388
"558","Elison Joseph",4.83789590813538,0,0,0.61099310847913,5.1788244952359,8.37684927217253,0.421858316729847,8.773768,8.18916,11.2761073771673
"559","Elmer Rodríguez",14.49424692904,0.502843751781016,0,1.88615001111517,12.3188312245285,25.0884318895089,1.73738632233079,29.246424,27.574392,44.6541469328937
"560","Elvin Rodríguez",7.20756176309146,0,0,0.613409956302729,4.31472703527389,9.31765628003716,0.627626884542844,13.244922,14.61376,15.7372455750606
"561","Elvis Alvarado",27.514246678379,10.3191174232537,3.46504144674276,2.74795995982663,28.7468228879099,62.912688962868,2.99958687466495,59.62716,52.25594,144.229608628098
"562","Elvis Peguero",4.62263760399106,0,0,0.811456030275405,4.54186975929645,7.77123824938597,0.628376347901008,9.5997272,9.39872,13.0183955173586
"563","Emerson Hancock",33.2897753269612,0.643568774083686,0,3.13641486033275,22.5960498148473,53.9341187044822,3.45550064705798,68.43252,67.68536,104.29602735733
"564","Emiliano Teodo",11.0796667059455,0.592353591031027,0,1.54291609308371,12.2542793150391,22.2037193006896,1.17729393888543,22.43852,19.66809,35.8910394474249
"565","Emilio Pagán",28.6171296766399,4.08209162644495,26.5771719058393,2.92621547485725,22.1205075467361,69.8828992974891,3.10396724570959,63.85668,53.84394,269.659778721264
"566","Emmanuel Chapman",7.21145805451158,0,0,1.014146655283,6.97575839285045,10.2844674991786,0.627198619766751,13.710832,13.81168,15.4327129262725
"567","Emmanuel Clase",3.61675645920902,0,0,0.409668527893571,2.68291249383413,11.8932400292093,1.24679553975784,12.4565208,10.18332,30.8373110406857
"568","Emmet Sheehan",55.0758493970989,0.752350422460037,0,5.8386252869078,44.5510164852802,151.532876439154,8.73293307083913,130.3084,107.534,287.514677572458
"569","Endrys Briceno",5.24662735412075,0,0,0.211706518193021,4.55686597327033,5.41463715823802,0.215040500215421,7.81988,8.81058,5.02024444077098
"570","Enmanuel Pinales",10.962649735058,0,0,1.41566094878042,8.17333206841576,13.3973868697308,1.04002054972103,18.72354,20.01416,18.7039345330802
"571","Enoli Paredes",5.22299052752114,0,0,0.610614819254566,5.34960840433355,10.5132084719084,0.422265168267136,10.83715,9.9935,16.8588697105577
"572","Enyel De Los Santos",28.5533220506812,11.328289370992,0.0113542130737146,2.73467860547542,22.2532383594097,57.2846697825987,3.15701876508963,59.4316,54.88706,124.890557448408
"573","Erasmo Ramírez",5.62215834911166,0,0,0.611119204887318,3.29728219666949,7.35856059443298,0.421751250535824,10.504522,11.81502,12.1367717908372
"574","Erian Rodriguez",9.19463708456601,0,0,1.41608127014105,7.17169474185037,9.87460160300638,0.833930783325958,15.17805,16.01872,12.6647617183938
"575","Eric Adler",4.44748614003832,0,0,0.812380737268782,4.7676312232504,6.00661382340704,0.627027313856313,7.811044,7.803,7.60343547325507
"576","Eric Cerantola",10.249955500421,0.531802911472749,0,1.14742529319512,10.6890928942536,20.3983415404075,0.938823773255414,20.6286,18.732852,33.0086884283781
"577","Eric Lauer",32.0407248459528,3.62988243976105,0,3.4733538985037,22.5899640511489,63.1189976846988,3.49797254835688,67.57542,63.46938,123.013466120873
"578","Eric Orze",27.5662352043081,9.86920237815707,0.679525676805891,2.74264243216002,26.7267469881409,60.4671688057169,2.93716707994128,60.03908,54.5804,127.669873844866
"579","Eric Pardinho",4.04309020377861,0,0,0.211034004016019,4.34302368850405,7.38393841335613,0.422243755028331,8.1188,7.79562,11.9379338193195
"580","Eric Reyzelman",4.63930681668194,0,0,0.210823843335706,4.9750579910441,8.9582966305099,0.421858316729847,9.047402,7.98666,14.2822399528902
"581","Eric Yost",12.7291038689819,0,0,1.61543034033167,9.99626992667466,15.1408531611879,1.04055588069114,22.542202,23.81718,22.3460525772683
"582","Erick Fedde",60.0210733626725,0.669135315986186,0,7.29921251892292,41.6978546697767,77.4406061286244,5.21287171917876,106.77892,110.80772,122.395233765987
"583","Erick Leal",13.1150210940938,0,0,1.81515769974685,9.38275816686735,18.2889777409147,1.24673130004143,22.561428,22.20634,27.0172685864489
"584","Erick Mejia",4.92860326831984,0,0,0.200084632571712,6.06761710163469,7.01690325562393,0,8.21752,8.2,7.14447035220613
"585","Erik Miller",23.7675156147557,14.6622178835482,2.41213232168228,2.74404559270029,31.1283258271828,62.5570240214661,3.38765819447674,58.42344,49.23428,152.602029543832
"586","Erik Sabrowski",23.7925569233626,14.5530278490406,0.759700819606132,2.50026661873488,32.0224133589303,69.1953561141107,2.69829811323861,56.82204,44.49504,148.859531693574
"587","Erik Swanson",4.42990205788152,0,0,0.610867012070942,3.51527426168726,8.17384439345652,0.42200820940148,9.175886,8.99426,13.9544464106673
"588","Erik Tolman",9.57369076463601,0,0,0.614944129269014,8.79728161289005,11.6458740223346,0.421665597580605,15.717588,16.40654,14.0608778167957
"589","Estibenzon Jimenez",12.5424404653453,0,0,1.41566094878043,6.95016992578777,13.5812784730401,1.03980641733298,20.282264,22.4184,19.2229105536668
"590","Ethan Bosacker",11.9612685974424,0,0,1.41639651116152,6.95047159586485,9.46289925246691,0.832924361102138,18.999418,21.43456,12.9866401615985
"591","Ethan Pecko",8.38421264816618,0,0,1.41412677581414,7.15482132887233,17.9113062534194,1.45346346360064,19.417112,18.19958,34.1184890037877
"592","Ethan Roberts",19.1552077431667,1.28136603184327,0,1.76987606885847,16.4551141322444,40.3413223857076,2.07486531058537,40.9924,37.44194,74.2837633142702
"593","Ethan Routzahn",6.02195767351936,0,0,1.01158269498318,4.73549330437208,6.56744045985862,0.627348512438384,10.41843,11.0148,9.26005344335823
"594","Eury Pérez",59.1338208339591,0,0,8.62913317558693,46.1470677331642,150.205813442307,8.28026410470227,136.837,114.483,281.121365899455
"595","Evan Fitterer",10.3529942892594,0,0,1.61389616736538,9.40216560849286,14.1789928102304,1.04051305421353,19.331026,19.40666,21.5104903969151
"596","Evan Gates",6.80484173815428,0,0,0.61147647804385,5.75313925636121,10.4877112279551,0.421922556446261,12.330404,12.80256,14.9344326520901
"597","Evan Justice",4.06382049818118,0,0,0.611917815472507,4.5724924832631,5.63004233592588,0.420916134222442,6.5997332,6.81118,5.53592509380028
"598","Evan Kravetz",5.42539090040009,0,0,0.611098188819286,4.74375906448409,7.37589712798754,0.421751250535824,9.040192,9.39924,9.12399838613634
"599","Evan McKendry",10.1684156545385,0,0,1.61606082237261,4.50867920629134,10.6465938285728,0.833459692072255,17.997474,19.6256,18.6027030526038
"600","Evan Phillips",11.5422001945686,1.40477276628112,0.320534438560409,1.08041002651468,9.19363734765391,31.4840071338746,1.95079621633795,29.71524,25.05356,69.4511195020944
"601","Evan Reifert",5.51321068800977,0.5432974798247,0,0.870707738349644,6.43239265855163,12.7893417828589,0.853701989972299,11.66272,9.968096,21.4031752111825
"602","Evan Shawver",6.22977844557914,0,0,0.411833182900795,5.36004618900054,7.1677569729718,0.214997673737812,10.251094,11.42204,8.28572487448701
"603","Evan Sisk",21.6266108807592,6.61403157372718,0.00548864323587533,2.43076864304714,22.1649773558546,49.2406304311185,2.32587849285614,50.64276,46.84242,101.954017376997
"604","Evan Taylor",5.22173359402925,0,0,1.01091018080618,4.95213106518598,8.74307059036738,0.628055149318938,9.702346,8.79398,12.8948202741484
"605","Felipe De La Cruz",8.17730269747734,0,0,1.01196098420774,7.36757760136113,14.4083110039397,0.8354939497587,15.92977,15.78974,22.3327639387258
"606","Fernando Cruz",23.031653711438,16.5255071533487,1.33210395897805,2.77320251901118,26.6334227985694,76.474307435811,3.5066491969209,57.40584,44.68492,172.488604671773
"607","Fernando Perez",11.7449367056831,0,0,1.21486176989565,6.73483940197455,14.5605403406377,1.04094131898963,22.136194,23.2187,27.1778686254849
"608","Fernando Sanchez",7.19067918296923,0,0,1.01101526114633,5.95219970735055,10.2920562591684,0.627948083124914,13.52285,14.00166,15.7592538298366
"609","Fineas Del Bonta-Smith",4.05897290444029,0,0,0.412526713145828,3.11903698099871,4.82327752239184,0.21544735175271,7.50078,8.4154,7.27907600972631
"610","Florencio Serrano",5.04798361338505,0,0,0.413661580819518,3.32569951793047,4.41458070177973,0.421194506326902,8.211504,9.02164,6.62085180809392
"611","Forrest Whitley",5.79975401998871,0,0,1.01025868269721,5.33547013338771,11.7132894518975,0.834616006967708,12.060142,10.97584,19.6316119270734
"612","Foster Griffin",58.3092330774664,0.698157340232509,0,7.8840308769833,38.772515113349,113.873293372002,6.45221330922742,126.0748,123.1366,212.102791648674
"613","Framber Valdez",72.4176120056991,0,0,9.16915242060977,62.1586557438545,172.255143960606,12.6134875002603,186.2656,168.4202,362.526534364654
"614","Francis Peña",7.45157692405241,0.467727531792686,0,1.01297838810738,7.08893614408679,12.2777301986507,1.04805560367696,15.207026,14.931746,21.9805817011837
"615","Franco Aleman",8.82848826604604,0.516206640328104,0,1.24544323671734,9.07346896487459,21.8871571082432,1.39176973899328,20.18708,17.87806,39.1649578964846
"616","Frank Mozzicato",11.1733952557422,0,0,1.41681683252215,11.8623196500913,12.4150796638624,0.627112966811532,18.171634,18.81346,12.3280037708653
"617","Frankie Montas",10.74486137155,0,0,1.41397966333792,8.16331662185668,14.7973278693065,0.835322643848262,18.279976,19.00246,19.8244424653706
"618","Frankie Scalzo Jr.",5.23960188527958,0,0,1.013474141106,4.74279372023743,6.96483171094261,0.833502518549865,9.340824,9.2118,10.1935629750338
"619","Fraser Ellard",4.42621626740045,0,0,0.811939399840125,5.57215889865823,10.3252113386576,0.628012322841328,9.944076,8.58428,16.7807137512009
"620","Freddy Peralta",68.5336033004716,0,0,8.86545951802951,60.9035147788011,179.506768196661,11.349578912689,163.2818,134.817,341.532685606236
"621","Freddy Tarnok",6.79340182173529,0,0,0.610593803186535,6.75904018668267,12.8654757241953,0.628183628751766,14.092546,13.18572,21.6467295451725
"622","Félix Bautista",5.79842388751554,0.762651377510765,0.0126350548942121,0.811551885886121,7.34322349566208,21.1972629851069,1.14559885270476,15.91392,11.217412,41.0381116775436
"623","Gabe Bierman",7.40862947027655,0,0,0.811897367704062,6.36815936655392,9.11232261323174,0.626941660901095,12.75665,13.61154,12.2154028925188
"624","Gabe Mosser",11.1418088130429,0,0,1.41463116144689,7.75228424057896,16.7156545406896,1.04124110433289,22.004948,22.60878,29.3390365597969
"625","Gabe Speier",20.4363362783121,13.5946649486648,0.493734973720763,2.40044811681131,17.0442888228675,66.7750712727841,3.28708464595032,56.7842,45.76322,164.878767717504
"626","Gabriel Barbosa",10.3603415816516,0,0,1.21360080581377,5.12645456985472,10.4579796659991,0.628140802274157,17.5547,20.01874,16.0852819257619
"627","Gabriel Hughes",19.9777930727748,0.461840557651314,0,2.43938895157722,12.80583662724,24.2855177952582,1.47845907087846,35.19332,39.5487,36.5571763763738
"628","Gabriel Jackson",7.01517553475306,0,0,0.812632930085158,5.55180622412453,6.55575671106812,0.627412752154798,12.128662,13.62106,9.36808506157675
"629","Gabriel Yanez",5.81300141081714,0,0,0.810930628574622,3.91924071863505,7.94211779497103,0.62792666988611,11.11234,12.4082,12.9596863373247
"630","Gage Jump",26.7052400930617,0,0,3.69600253013203,18.9571445336838,49.1002919071071,3.57406206152309,55.4904,54.3298,88.630186250082
"631","Garrett Acton",13.3071932445707,0.888673588721153,0,1.26952770542143,11.5185466766344,25.1180308791646,1.27263739794707,26.08824,24.6249,42.4084842758823
"632","Garrett Burhenn",11.9418336934341,0,0,1.61555643673986,6.73803710479161,14.9469046805974,1.0403631615419,21.916304,24.01648,24.9072456385417
"633","Garrett Cleavinger",23.3640116797888,14.8066503647445,7.48609686583042,2.86652401822467,24.0735539807302,77.1247243747889,3.80736958978889,62.5118,48.78748,213.996543236251
"634","Garrett Crochet",61.9587422967533,0,0,7.7567379110578,48.661598234243,230.85315339818,13.9277954555129,187.3954,152.1168,480.685585659341
"635","Garrett Davila",7.38912254300333,0,0,1.21112090978608,5.94421550597715,11.0816636766933,0.83384513037074,14.07356,14.19792,17.6274115258788
"636","Garrett Hawkins",12.0498900081778,0.587813391102599,0,1.80317816569477,11.0488650920582,27.0857953580776,1.81468660681038,26.28224,23.62914,48.3533739141003
"637","Garrett Hill",6.61246444845064,0,0,0.611392413771724,6.77886312188984,10.6882134516067,0.627369925677188,12.869896,12.40352,16.9225444566266
"638","Garrett McDaniels",5.61103620814875,0,0,0.409920720709947,5.5564318319731,9.33050910438778,0.628804612677101,10.924164,10.59626,15.1660046400515
"639","Garrett McMillan",5.24289821619758,0,0,0.615238354221452,3.09981054141944,7.93865973966489,0.628504827333836,11.382538,12.01676,16.5104397120751
"640","Garrett Schoenle",7.19641330951116,0,0,1.21164631148686,5.74662318269627,10.2947380517781,0.627391338915993,13.338346,13.60002,15.4017963049178
"641","Garrett Stallings",9.77031248192822,0,0,1.01490323373213,5.11943571272797,12.9969251056338,0.834080675997591,18.759238,19.81888,24.4340533135804
"642","Garrett Whitlock",25.2485050537499,15.2922341288058,3.9221748586041,2.82190308277431,19.2855344331523,75.2860887825006,4.40523898954678,67.86384,58.81748,203.639598606025
"643","Garvin Alston",4.84129630792022,0,0,0.411349813336075,4.34503482235125,5.21207017129951,0.215511591469124,8.419892,9.4102,6.64224228937393
"644","Gavin Collyer",15.54568901043,0.494733176995181,0,2.02115840571232,16.4479276674305,28.8052832266497,1.29885160180827,28.67296,25.85814,40.9715702845414
"645","Gavin Hollowell",13.5658525760743,0.896421618534756,0,1.47963374526243,13.722754239196,28.7331874252202,1.4072894768548,28.55976,25.37866,49.8275027341299
"646","Gavin Stone",19.6752300776515,0.812084819223781,0,1.94749529772,13.213765494836,34.7145336388976,2.3267037474594,40.03308,39.50408,65.128054526685
"647","Gavin Williams",71.9738018825048,0,0,9.56404944206455,70.0851987579066,167.438134420488,9.4592176307909,164.0292,144.3202,300.963068275024
"648","Geison Urbaez",6.22576678345203,0,0,0.413304307662986,5.55303301577132,6.1761796936596,0.421665597580605,10.60817,11.41856,8.59428569081946
"649","Geoff Hartlieb",5.41947056148899,0,0,0.610614819254566,4.52899165814809,9.13914816611887,0.628162215512961,10.612174,10.59886,15.0439721775096
"650","George Kirby",64.1933289116902,0,0,8.41346983652786,31.7505860753721,161.987172162588,11.4992541534334,165.1476,150.0162,353.448096897646
"651","George Klassen",31.80808455291,0.566387838202642,0,4.10027612863685,27.6739308573815,59.3552453523701,3.41328713729895,63.39752,60.86254,97.153963082898
"652","George Soriano",24.7795326277684,3.854556547957,0.0101220163562851,2.06756427925439,20.8373734480131,47.0242469284709,2.3826195749518,50.51368,47.9082,88.6504819940112
"653","Gerald Ogando",5.23128912223414,0,0,0.410929491975449,4.54514106294114,8.15806038529491,0.215939856245217,9.474278,9.00366,12.179535806425
"654","Gerardo Carrillo",4.24067334362904,0,0,0.610761931730785,3.7251948354515,7.77458215023232,0.422115275595503,8.969348,8.6017,13.4970913152522
"655","Gerardo Gutierrez",4.25240269883924,0,0,0.411202700859856,3.53376984855528,5.41137287407849,0.421558531386582,7.731654,8.21136,8.37711128889818
"656","Germán Márquez",64.7206543522338,0.730770617574598,0,8.55757024627944,40.3895429653067,84.6049309013217,5.95028054182811,115.1476,123.576,132.887841057794
"657","Gerrit Cole",52.2237655034749,0,0,6.08188543876755,35.6517201580322,122.274275080655,7.91592966001013,120.7132,106.55678,241.425932358158
"658","Gerson Garabito",5.61144708978942,0,0,0.610719899594723,3.92052784429726,8.37693415942978,0.628055149318938,10.309614,10.39138,13.8056446350021
"659","Gerson Moreno",4.44287333580638,0,0,0.411328797268044,5.15744614244012,7.58127060313637,0.421451465192558,8.087506,7.39228,10.4285611249325
"660","Gil Luna",4.6523902596636,0,0,0.611770702996288,5.8166508632559,6.20832493096225,0.421066026894074,7.087642,6.59646,5.37195019617472
"661","Gordon Graceffo",31.9353528293752,10.8537515450048,0.00451025974259388,3.35092852521717,21.1370956691793,53.6953402830194,3.25704056575954,67.18632,67.45,124.338777424897
"662","Graham Ashcraft",27.3706340366973,15.7415080999217,1.9744075521512,3.01912064466639,21.4533283573355,57.9786718898491,4.14870463004987,64.06808,60.94962,156.652917390485
"663","Grant Anderson",26.1223180233522,9.33012072282909,0.0681414934766437,2.97038017873807,22.4632960698109,58.4436034915459,2.77624258354823,57.71492,51.93452,123.558585097692
"664","Grant Hartwig",4.24307791204832,0,0,0.811203837459029,3.93237342265729,7.9649080715726,0.627669711020454,8.771008,8.20328,13.2890545719415
"665","Grant Holman",9.24665195427452,0.981178213682582,0,1.20436690586291,7.36179159363713,16.4487951628297,1.22359315553491,19.05408,18.896,30.8607485873527
"666","Grant Holmes",56.6147139691002,0.80721850341638,0,6.08543932749982,45.8062104803294,120.199172525374,6.7916452390088,120.2962,114.6908,210.388182936695
"667","Grant Kipp",9.96933471954473,0,0,1.21519802698415,8.99191756941554,14.3827938558146,1.04049164097473,18.008482,17.60582,21.5224200752907
"668","Grant Rogers",14.1047535455481,0,0,1.81488449086244,7.3372497029453,15.7135426839753,1.65891083283156,26.864958,29.02464,31.4250725738721
"669","Grant Taylor",28.8085201457292,14.8263446682602,5.45049808197306,3.74737005621483,30.4174734488607,95.6155816977973,4.28084011017968,80.72886,65.271,242.468767811794
"670","Grant Wolfram",21.4932985266548,4.13039390483271,0,2.44257889741007,20.3990510848022,44.6865303488602,2.69615911292102,46.56692,43.95838,85.8112104514357
"671","Grayson Rodriguez",49.7212219379717,0,0,6.97537220611753,38.2580442126995,123.634979254909,7.0375181189895,115.7244,104.6424,228.58958299201
"672","Grayson Thurman",4.24839913290209,0,0,0.611308349499599,3.72685723201843,5.80567897854829,0.421537118147777,7.84534,8.2077,8.53080101802204
"673","Greg Weissert",29.6563254520341,16.5207848625897,1.04766227301524,3.21986545925497,22.5303839474867,56.4983144328541,3.80035303702874,63.17372,61.02796,142.589335827103
"674","Gregory Santos",20.6410509439147,6.08050785584224,4.76186395087074,1.97081538762581,20.575941410654,41.649008336432,2.25848607930615,47.72012,46.3002,113.196801887347
"675","Gregory Soto",24.4317807377788,14.723966283775,4.06313201346125,2.80102185191083,24.831167937436,62.8865387924399,3.08721806860359,59.16788,52.491,164.540434447688
"676","Griff McGarry",25.2027225817494,3.70663264044886,0,2.36687498554685,31.7873782403097,57.9210764764312,2.21590841505619,52.23324,44.23024,95.3090652125391
"677","Griffin Canning",51.9153426429326,0.852916009840386,0,6.10542818921672,39.5904921263283,90.9637922727453,5.876921495005,103.69224,100.99814,158.870013491809
"678","Griffin Jax",21.3694597405783,10.3944377001578,14.3762919020397,2.94579226323695,18.888603282825,83.5457541847951,4.2025054899085,65.5772,51.66354,262.17005278467
"679","Guillo Zuñiga",7.28420348209073,0.785477029331064,0.00113090277337612,0.801889846349384,6.48815576257344,12.5640265492034,0.556490466126238,14.34221,13.485528,22.1343756345312
"680","Gunnar Hoglund",30.5616732055996,0.790225666478063,0,3.120718617662,17.6752984546093,42.5735864712405,2.76886389656989,55.97554,58.41266,74.1656434962039
"681","Gunner Mayer",6.80245133806744,0,0,0.811161805322967,6.78379724434174,9.73051307253549,0.421794077013433,11.024582,10.98764,10.6491836954398
"682","Gus Varland",15.9405083625766,1.07844106175893,0,1.56709361329759,13.9796565262113,30.7930530160584,1.27713421955441,32.41456,31.67796,52.0750631007254
"683","Gustavo Rodriguez",5.03394279594016,0,0,0.41095050804348,4.95295563006333,8.15451744273152,0.421836903491043,9.337804,9.2032,11.965661011683
"684","Génesis Cabrera",12.9355927823281,0.906660326773046,0.00126009157858893,1.0901609423713,10.7133012800678,22.3326453294688,0.822366332526827,24.8132,23.73616,37.7356303764951
"685","Hagen Danner",5.61435851252623,0,0,1.01124643789468,3.31114575340297,8.1638724034326,0.627691124259258,10.270546,10.8035,12.8650369977063
"686","Hagen Smith",14.7725692593054,0,0,1.70835563088584,15.0415616663246,26.8735274740403,1.13620585521444,28.10936,25.08342,40.3871877377621
"687","Hancel Rincon",10.9582373115277,0,0,1.21561834834478,6.54038444749531,13.9733008683343,1.04010620267624,20.801138,22.01522,25.5536115064466
"688","Hans Crouse",4.23321961916457,0,0,0.810678435758247,4.74772784268933,10.7362369473591,0.8341235024752,9.41662,7.78232,18.0364999997745
"689","Harold Chirino",5.03460870756469,0,0,0.411202700859856,4.9516886157396,7.3640342416517,0.215640070901952,9.431612,9.00794,11.2388989508669
"690","Harrison Cohen",5.03013758665713,0,0,0.61116123702338,4.95068304881599,8.16632061655225,0.422115275595503,9.038202,8.39436,11.4975164715663
"691","Harry Gustin",5.61557209857603,0,0,0.611602574452037,5.14765192060424,9.52730915210244,0.628354934662203,11.188864,10.79474,15.9538697547665
"692","Hayden Birdsong",26.4482452605612,0.906456747017731,0,3.33971679816952,25.5548529305481,51.7877588506273,2.47716652304563,52.32332,47.74368,82.6505083427444
"693","Hayden Durke",7.35661965463712,0.304793964528344,0,0.922252319096553,9.78794307729784,14.2573698673714,0.931071522890119,14.74,13.036,21.5674138174431
"694","Hayden Harris",15.7482025231791,4.10249241784658,0,1.74482029330146,15.6463294908043,40.0184199813422,1.9589640694713,36.1057,31.25112,78.5749378322126
"695","Hayden Juenger",5.81930834279902,0,0,0.811897367704062,5.13984872127709,9.71233529319891,0.628119389035352,11.792782,11.20268,16.7419799289864
"696","Hayden Merda",7.20815599060901,0,0,0.811603142751624,5.96503074129571,9.52193502574225,0.421836903491043,11.71861,11.80028,11.7166098247074
"697","Hayden Mullins",9.57071743887176,0,0,1.01469307305181,9.40051647873815,16.159206822013,0.835044271743801,18.208944,17.40312,24.4816698629153
"698","Hayden Wesneski",15.4214182610663,0.626453956497086,0,1.81052935811606,10.5741705071621,30.1444845315604,1.8143486464452,32.32044,30.15512,56.7942239919181
"699","Helcris Olivárez",4.83984506586919,0,0,0.211097052220113,6.42696492024615,7.78580810307362,0.215661484140757,7.976594,6.98842,8.62964391493037
"700","Henry Baez",14.8202419431397,0.453590249363337,0,1.27291241632195,11.2062658801292,22.1693203654989,1.1417708580457,30.35116,30.54458,42.4763679812645
"701","Henry Williams",11.7538364425009,0,0,1.41585009339271,8.37418242852911,13.7788348792795,0.834059262758786,20.420126,21.4214,20.5723759044807
"702","Hobie Harris",4.24622817238907,0,0,0.611434445907787,4.13640821877547,6.3865438453358,0.421430051953754,8.14,8.61346,9.18421049387412
"703","Hoby Milner",25.6514808571019,13.2791232790728,0.03777957111319,2.4147568107403,17.6482029399015,50.095807390572,3.09846480632311,59.78008,58.07804,130.521403141344
"704","Hogan Harris",33.8952436887884,11.2698822988154,9.27791588761356,3.01469754897519,33.3744816354743,67.894114792095,3.06742301392929,70.13868,64.47374,181.706240744651
"705","Holden Powell",5.63158029018215,0,0,0.81202346411225,5.58147044837078,7.5633966569458,0.626813181468267,9.56597,9.60002,9.44623506292275
"706","Houston Harding",6.22457377703505,0,0,0.611728670860225,5.35087541865729,7.56085419353806,0.421130266610488,11.140936,12.00808,10.7943624123112
"707","Houston Roth",6.20784384291944,0,0,1.01103627721437,5.54905097075386,9.7283037094763,0.83384513037074,11.579824,11.58882,14.5598347591963
"708","Huascar Brazobán",24.504538347156,7.77354933537388,0.311665773497223,2.4945226277511,24.3662451223925,51.3686433634444,2.75466593357007,54.25048,48.9133,109.457175696612
"709","Hunter Barco",39.2780852188134,0.781254162884218,0,3.9041519775879,35.5351831778481,80.8831917616442,4.28355281454808,86.78076,81.00194,148.453488145858
"710","Hunter Bigge",21.5683901956366,6.3636170487302,0.00510446363653875,2.22879489582865,20.6248044756341,48.9861761064416,1.9876794032301,46.78832,42.0719,95.7881766699803
"711","Hunter Brown",67.8567115656131,0,0,8.50120861246529,59.0650245573725,192.62168627469,12.2268748117999,178.102,151.4132,388.187370984761
"712","Hunter Dobbins",41.6055935922879,0.779643969602946,0,4.75277955385757,28.0963075442808,62.3811943473459,4.16709771441349,84.16436,86.33206,117.622643878807
"713","Hunter Gaddis",29.9564980672023,16.0521067537348,3.81189300018088,3.08536438789215,22.0495052493651,66.7717859513522,3.29407130253217,68.90292,61.7455,181.353636905237
"714","Hunter Greene",36.8662855880789,0,0,4.61863715197441,29.630747019421,108.244336610719,5.66261601836189,91.04246,71.1094,208.986956147916
"715","Hunter Gregory",6.41455543695417,0,0,0.611518510179912,5.75490905414675,9.1262502628544,0.421772663774629,11.322918,11.40152,12.7299726419888
"716","Hunter Harvey",19.1557828310868,13.6178910870288,4.45529879281081,2.16784268134203,14.9080660123717,55.2867091070444,2.99807890661775,51.32232,43.4528,163.753986021162
"717","Hunter Hayes",6.61042218453225,0,0,0.811603142751624,5.14328776015581,8.1306125325145,0.42132298575973,12.069076,12.81058,12.3825680893104
"718","Hunter Hoopes",5.23201170718842,0,0,1.2115412311467,4.34105277733379,8.75361980137072,0.833416865594646,9.388096,8.59918,12.757402878556
"719","Hunter Owen",10.3695987324306,0,0,1.21507193057596,7.76579906003217,14.5710099349542,0.834658833445317,19.207032,19.41308,23.5132032157996
"720","Hunter Parks",7.82077143628422,0,0,0.81525993858907,7.80266314345141,8.5381999900816,0.420487869446348,11.316696,11.6124,6.64213783577631
"721","Hunter Parsons",4.04639952142636,0,0,0.611056156683224,3.73733523936236,7.0083621344602,0.421794077013433,7.330956,6.7894,10.0031716929055
"722","Hunter Patteson",11.1589192680868,0,0,1.01519745868456,6.74427161971794,12.9913917459,0.83448752753488,20.055844,21.6211,22.1142937277091
"723","Hunter Stratton",12.9040341904125,0.996482762106367,0.00666010652128253,1.09710019378746,9.92506546624486,25.1532734273326,1.37995908798273,27.43328,26.4244,47.8875634254725
"724","Hunter Strickland",15.7225094708141,0.879090522339221,0.00152235829622641,1.762876232824,12.8425768617092,22.52388250718,1.40962711937037,28.5814,28.36606,36.6737213130949
"725","Hurston Waldrep",34.9806531606484,0,0,4.76681586332037,31.5897879057212,63.6019935908465,4.94955567006392,72.2384,69.77056,109.361018977316
"726","Hyun-il Choi",11.9482904049303,0,0,1.61570354921607,5.72968943570281,12.2092483927644,1.03984924381059,20.030762,22.22214,19.30141553639
"727","Héctor Neris",11.4080907487813,1.02731342975608,0.00409469217186899,1.76211274441262,10.5021356044111,22.7589877361753,1.32665760627903,22.55504,20.6891,37.620880678306
"728","Ian Anderson",7.19518589428684,0,0,1.21099481337789,6.75917412152572,10.6999621834828,0.833973609803567,14.258452,14.79932,16.7724098662348
"729","Ian Bedell",8.19791559712543,0,0,0.81574330815379,6.14463668345633,11.450756466184,0.422158102073113,15.35834,15.8133,18.3848381763154
"730","Ian Gibaut",4.43799740540062,0,0,0.610951076343067,3.3133580006349,6.99231937206643,0.421901143207457,8.595069,8.79934,11.4107336943591
"731","Ian Hamilton",19.1800690771731,1.69399131394163,0.012638222870076,1.8006122936644,19.8628855496129,45.9025310012409,1.93600921525962,44.56032,39.82384,85.2585948827059
"732","Ian Mejia",11.750678928415,0,0,1.61517814751529,7.55873429633096,16.9003423108671,1.24636727498175,23.094626,24.22076,30.165746412639
"733","Ian Seymour",48.006863916056,0.782987510927774,0,5.80765294533562,32.1919866395013,102.018729577581,5.76522104168198,105.48948,96.51674,195.245826320516
"734","Ian Villers",5.82338072635086,0,0,0.811603142751624,4.53355693198124,6.37723396354857,0.42132298575973,10.572192,11.6142,9.51873126488181
"735","Ike Buxton",7.21804751069741,0,0,1.01513441048047,6.58036578837772,7.53919845472365,0.627541231587626,12.30207,13.21774,9.43602128716543
"736","Indigo Diaz",4.44559972777673,0,0,1.01128847003074,4.53870543463008,6.59118613670201,0.833588171505083,8.848718,8.80722,10.5448146494672
"737","Isaac Coffey",8.79190575778868,0,0,1.01532355509275,6.96207583816321,12.8374014790612,0.834102089236396,15.885818,15.60846,19.9780651936079
"738","Isaac Mattson",29.6910046482353,13.3511631335775,2.03620350417496,3.16448086668029,28.9080535088321,60.3136809002167,3.19746740640344,62.76408,56.74376,140.52141496239
"739","Isaiah Campbell",10.4300328884235,0.152979062338679,0,1.59995655935595,6.9083894337036,14.3754451294462,1.73535038810486,20.71547,22.41206,26.9180857010708
"740","Ivan Armstrong",5.62614369862139,0,0,1.01147761464302,4.74524730353102,6.38758413283487,0.421537118147777,9.53508,10.20708,7.60832843907059
"741","Ixan Henderson",11.5454469130962,0,0,1.61549338853576,9.58976259655314,17.6905919324569,1.24641010145936,23.21328,23.20854,30.7030689355586
"742","J.B. Wendelken",3.06002007421987,0,0,0.410929491975449,2.91933296717826,4.64871570504146,0.421858316729847,5.68875,5.40258,7.29487023893227
"743","J.C. Flowers",5.24163200491303,0,0,0.612821506397853,5.57595994162944,5.98951613991293,0.215318872319882,9.203648,9.8119,6.93433092030149
"744","J.P. Feyereisen",4.05274491031056,0,0,0.610719899594723,2.29279590456733,4.63376767209144,0.422136688834308,6.699964,7.21152,6.74668752538215
"745","J.P. France",11.4111198508942,0.16892257539911,0,1.27769533641252,10.0799592796378,20.8446052922918,1.48978107054868,23.88072,22.99602,37.3505629299362
"746","J.T. Ginn",37.2971862923871,0.942765635830005,0,4.24613977506432,28.5345340121701,76.5241768841047,4.26499380075829,80.49924,76.7798,140.036429610208
"747","JJ Goss",6.41258603874545,0,0,1.01120440575862,4.7394351267126,7.56159064789113,0.627733950736868,11.646508,12.20636,11.9632065336441
"748","JP Sears",32.8986811222151,0.799804676813287,0,4.2899880531115,18.8120270717628,56.2318870684289,3.59913149025714,65.29418,62.68184,105.041093980154
"749","JR Ritchie",21.3292931116512,0,0,2.52818567447772,16.3759707507691,35.9580309077953,2.48523174541386,42.87504,42.01742,63.4452660755961
"750","JT Brubaker",29.5387782322593,10.6172850719487,0.673909217422959,2.65049535476888,22.0096199214772,48.6085021224031,2.39551625278841,58.8118,60.0533,107.997583763458
"751","Jack Anderson",7.39978522518578,0,0,0.813557637078535,4.31100643765657,11.6453963222137,0.834144915714005,15.077488,16.01806,21.7903979914565
"752","Jack Choate",9.95845748832823,0,0,1.01452494450756,7.96807732517703,15.7565555990286,0.835087098221411,19.089962,19.202,25.5805736046228
"753","Jack Cushing",8.96982409466159,0,0,1.41297089207242,5.3185766090712,13.4042087300549,1.04040598801951,17.9716,18.81108,24.5045741235547
"754","Jack Dallas",5.23546473220802,0,0,0.412568745281891,3.31321037673934,7.55254888336688,0.216004095961632,9.90379,10.2101,12.876549743571
"755","Jack Dashwood",5.82211772071649,0,0,0.811687207023749,3.92105758362379,8.93070944852756,0.422136688834308,10.639454,11.00744,13.4972373870919
"756","Jack Dreyer",24.132187145087,11.6735879569559,0.318357914090235,2.05480756193031,20.3706549582786,54.3341350031486,2.76589664898891,54.74348,48.13952,128.151169413176
"757","Jack Flaherty",68.9242669032182,0,0,9.43895166009798,53.8746905141015,171.037020754993,10.1009463090978,155.7628,140.172,307.754185732455
"758","Jack Hartman",4.6391813257375,0,0,0.611497494111881,3.93267509273437,5.81011760883838,0.421344398998535,8.198894,8.6033,8.21215567440232
"759","Jack Jasiak",7.00821567787639,0,0,1.01187691993562,4.93340740906852,9.1087146875828,0.832967187579748,12.840368,13.81136,14.5108004580498
"760","Jack Kochanowicz",30.7258973134593,0.748867216509844,0,3.45236363630099,20.778473969579,34.6777532629821,2.48643185376236,55.39318,59.8055,58.3873955344269
"761","Jack Leftwich",5.23285371094467,0,0,0.811876351636031,4.32934797834306,7.75905689630286,0.62724144624436,10.425686,10.80614,13.0656496852871
"762","Jack Leiter",73.4152191401588,0,0,9.80189502647937,62.4987230818372,148.45995551765,9.30157597285358,153.9554,137.0128,262.983556048244
"763","Jack Little",6.01961787461979,0,0,1.01156167891515,3.91940845386908,8.33994693783251,0.833309799400623,11.299076,11.60354,14.3184869756948
"764","Jack Mahoney",12.1362554753537,0,0,1.63231886560546,8.10884228450369,11.3472088013518,0.841294888404832,20.171499,23.73032,14.1679846117394
"765","Jack Neely",8.57752795418328,0.733723999659926,0,0.664498195717838,9.0262031515488,17.8800897555183,0.842084964223308,17.48522,15.72932,30.2477922319337
"766","Jack O'Loughlin",7.79214330857186,0,0,0.811119773186904,6.3513462875913,10.8738618925965,0.627755363975672,14.935122,16.40672,16.970146169439
"767","Jack Perkins",15.9625107824997,0.861743637373106,0.0156712888144504,1.64593061903455,15.8184145277482,39.664211157789,1.99544672992531,37.42968,31.39234,75.3183510056413
"768","Jack Ralston",5.43049959626732,0,0,0.811750255227843,6.58729093333835,9.91800733092331,0.627091553572728,10.236088,9.59602,13.2126438017401
"769","Jack Sinclair",6.81093209705463,0,0,0.812632930085158,6.16785201257932,8.92163314623034,0.626984487378704,11.786928,12.00376,12.1176440541289
"770","Jack Snyder",4.25036043492085,0,0,0.411623022220482,3.73140239451311,5.61266599402791,0.421130266610488,7.506716,8.0063,7.91340521845312
"771","Jack Wenninger",12.5129124789443,0,0,1.61355991027688,8.56656591514573,19.4634964938649,1.45419151371999,24.531014,24.80032,34.3450908277168
"772","Jackson Baumeister",8.98449557247888,0,0,0.815827372425915,6.76215059961958,11.270581672413,0.422093862356699,15.612074,16.00602,16.5821749076972
"773","Jackson Ferris",13.9042788842778,0,0,1.61398023163751,11.4263158309576,20.6243211766824,1.45369900922749,24.668118,24.40546,30.667779132349
"774","Jackson Jobe",10.6960716632396,0,0,1.20443821942253,9.4912478458016,15.1911720574818,0.814410191889269,20.222698,19.748178,24.4476408301345
"775","Jackson Kelley",4.84052312177867,0,0,0.612001879744632,4.1413085408364,6.78981209764304,0.421194506326902,8.29328,8.1988,9.26688256641384
"776","Jackson Kent",12.5247280257518,0,0,1.81538887649519,8.16400040736473,17.8946716364449,1.2466028206086,22.765,23.4052,28.4334430658034
"777","Jackson Kowar",15.7262704626037,0.947456973904579,0,1.40717327759659,14.2571167712548,26.8527785335324,1.50807944486583,29.31336,28.90344,42.2764871194178
"778","Jackson Lancaster",4.63529313050733,0,0,0.811392982071311,3.73073872034353,6.59918761372719,0.421558531386582,8.506104,8.59726,9.73924573099953
"779","Jackson Nezuh",8.98473441008281,0,0,1.41509351494358,6.95525809442119,13.2146842461533,1.04064153364636,16.957806,17.20858,21.205891368972
"780","Jackson Rutledge",33.9448501297002,11.41497775722,2.08199200277017,3.19047444646385,26.1339967546771,55.6669869268107,2.90182029100094,65.471,65.18668,125.532217130098
"781","Jackson Stephens",4.2354573732448,0,0,0.610719899594723,2.899382519414,7.37715636137536,0.422158102073113,9.18735,9.2008,13.9909855004285
"782","Jackson Wolf",14.5254258789587,0.631092071943474,0,1.65480501118083,10.3408262440769,23.6136897285039,1.39552936137553,28.424586,28.08701,42.1523925707859
"783","Jacob Barnes",4.2442255469757,0,0,0.611119204887318,3.10806303471923,5.42072783477957,0.421729837297019,7.77368,8.20844,8.55803497092835
"784","Jacob Bosiokovic",3.84900664204008,0,0,0.611077172751255,3.73870281037846,6.41138952219337,0.421794077013433,7.17339,6.79702,9.31925723625911
"785","Jacob Latz",47.6665895816457,1.15749559422157,0.00132404925973059,3.9782225063408,47.3625339556696,96.2202687679429,4.40629133650807,99.8688,88.9567,167.352004744058
"786","Jacob Lopez",57.6695469107853,0,0,7.7190286560148,47.9734231617402,126.657691937946,7.40898707778205,121.0272,108.6158,217.19089179817
"787","Jacob Meador",8.21789901800383,0,0,0.815133842180882,6.9957422187654,8.71524982889502,0.627455578632407,12.514566,13.41614,9.03591104702501
"788","Jacob Miller",12.1391051299709,0,0,1.21591257329721,9.38893234777826,15.1398181442593,0.833952196564763,22.987764,24.21896,25.4530867830743
"789","Jacob Misiorowski",58.3599100869373,0.695807084435146,0,7.49593726706903,63.6715106105818,156.35978614468,8.59152179877904,134.6584,108.368,275.158438592514
"790","Jacob Waguespack",5.41551354864413,0,0,0.411938263240952,4.12845739555277,9.74472465113245,0.628740372960687,10.892994,10.98958,16.9082463777309
"791","Jacob Wallace",4.83627262204762,0,0,0.611518510179912,5.14968316578992,8.75158957585687,0.628076562557743,9.219192,8.59954,13.0205132707274
"792","Jacob Watters",6.42541968144093,0,0,1.01605911747385,5.76037249368489,7.74883669318766,0.627862430169696,10.57757,11.01198,9.08196146201261
"793","Jacob Webb",21.5132202270833,6.11739410412025,0.045336235645901,2.33225299289065,18.1690209889815,38.4842683923986,2.22840498289659,43.820608,39.8503,81.1541043157323
"794","Jacob Wosinski",6.42387415160262,0,0,1.21200358464339,4.74510652416172,7.16220370906626,0.627005900617509,10.683004,11.81618,8.63218551364755
"795","Jacob deGrom",62.5713954707786,0,0,7.85536821859462,39.5018835499391,178.274873872009,10.5639989119664,160.7146,132.9562,368.235060767256
"796","Jaden Hamm",10.3598274735889,0,0,1.01526050688866,7.35474656741597,13.4043533298273,0.628633306766664,18.742346,19.40822,21.3755154149895
"797","Jaden Hill",21.8092729160257,1.33681749556538,0.0309838460462077,2.52030011455932,17.1623914869495,43.4340208131192,2.3173050674265,43.63544,43.09216,72.8898076212143
"798","Jaden Woods",11.2644033704787,0.524600192661502,0,1.79184485884971,10.2982683555224,17.1464166143415,1.11088928209728,21.06756,21.23928,25.9700307496798
"799","Jagger Haynes",11.1504312553544,0,0,0.815280954657102,10.6284047859071,15.552714745101,0.628504827333836,19.83298,19.80358,21.9452551938385
"800","Jairo Iriarte",10.9493414341578,0.275642958024975,0,1.36044005902178,10.70347122753,16.6130042554703,0.699899293732324,19.519884,18.858742,22.9419645450958
"801","Jake Bennett",13.6037383458377,0.444051095123392,0,1.38525092249927,8.89199510075444,18.4482349151749,1.19473457255115,26.33566,27.94464,33.9181726130957
"802","Jake Bird",24.503306536282,9.5993155526496,0.00626119166578955,2.40633144247866,23.9013080078548,59.5435995760259,3.02152139881584,56.8268,49.36614,128.21025547191
"803","Jake Bloss",9.88319899022778,0.708553392221736,0,1.22494319033951,8.04454592936733,14.909183542335,0.964643398768975,19.128884,19.522658,25.8587408338146
"804","Jake Brooks",12.1576555252257,0,0,1.81751149936635,5.72142367559081,11.8105832746913,1.03860727595992,21.612454,25.24658,19.8068221018362
"805","Jake Cousins",3.63034996215841,0,0,0.410193929594354,3.73603484688793,8.79275140294163,0.422607780088011,7.7991176,6.37502,14.8431771327242
"806","Jake Eder",14.7213877790361,0.853149457067297,0,2.1266794793129,11.2185250583815,22.1893919328076,1.17200928941063,27.85596,28.1717,36.721229850684
"807","Jake Higginbotham",6.01042869901076,0,0,1.01101526114633,4.92954603208188,10.103456730196,0.833866543609544,11.94393,11.99974,16.630805865019
"808","Jake Irvin",67.6244741717766,0.739777749932767,0,8.16048154155365,41.0090526642484,91.8113071968719,5.62560797296515,124.2942,129.1202,155.725514551759
"809","Jake McSteen",4.23848939638628,0,0,0.610845996002911,2.90260033356953,6.19622319456596,0.42200820940148,8.50804,9.4046,10.558488495021
"810","Jake Miller",7.86460246732505,0.443438071227875,0,1.1718300896823,5.24997871853836,11.0215538691643,1.15681545151276,15.059266,15.7526,20.3244150820925
"811","Jake Palisch",9.17085132089686,0,0,1.01156167891515,4.92158194204696,9.28614270565861,0.833288386161818,16.964826,19.21872,17.3420695363113
"812","Jake Rice",5.43492618813008,0,0,0.411244732995919,6.18742034491261,8.5415187161858,0.421515704908972,10.23262,10.00242,12.2002279388391
"813","Jake Smith",6.23260603992403,0,0,0.812359721200751,7.61696346573375,7.36329778729864,0.420552109162762,9.675752,9.806,5.71876301764084
"814","Jake Walkinshaw",5.62498594345655,0,0,0.812969187173659,3.9204272876049,5.58380494505649,0.421515704908972,9.826668,11.0218,8.08870280600912
"815","Jake Woodford",9.95082682928726,0,0,1.21124700619427,6.32475909813127,13.8064618696052,0.833716650937911,19.265478,20.20694,24.4144824023867
"816","Jakob Junis",30.2983270330735,11.8246051529672,0.627254924201061,2.69607786876973,17.08248574952,55.6219522224131,2.94197826679661,64.842,62.87136,136.874738129739
"817","Jalen Beeks",22.9407378966059,6.08761973529712,0.0679376592401379,2.64858433588673,20.0108815653413,44.6960130335423,3.11574483597935,50.9068,48.83444,96.1388644419694
"818","James Gonzalez",9.96862748452559,0,0,1.01423071955512,7.36488268200588,13.7938028164012,0.835536776236309,18.36537,19.2097,22.0206872787065
"819","James Hicks",6.81580111287312,0,0,0.8146084404801,4.5158521095996,10.4788445085158,0.629104398020367,14.231814,14.41716,20.2386640882505
"820","James Karinchak",13.7386805505265,0.930534732460099,0,1.16064261458845,15.173039462647,31.6800025113373,1.6494294205264,27.85276,23.87996,51.5465650244333
"821","James McArthur",15.3432621639437,1.25502284859596,0.331091509707371,1.75187054557849,11.2797208057071,29.1884513240471,1.86952346182665,32.8988,32.46896,57.8504552686777
"822","Jameson Taillon",74.4245377342402,0,0,9.29902373516918,36.5733507871297,116.508275450661,9.26820637574688,150.6476,150.2418,232.725214476207
"823","Janser Lara",2.27034330620523,0,0,0.210655714791456,1.69755850690484,3.89204969168747,0.0101927016710251,4.145454,3.79384,5.89540054613131
"824","Janson Junk",36.3389841484279,0.732747542108248,0.000815097263638826,3.65469665284219,16.4321915059667,54.0925187365403,3.8120447428956,74.45492,78.65788,111.473505684359
"825","Jared Jones",41.4749952880966,0.744314064014395,0,5.79845975410122,32.1505641926983,95.0242106670082,5.68261252068015,94.5086,86.44216,178.264229559303
"826","Jared Karros",7.82168748735283,0,0,0.81509181004482,4.32250327873632,7.54491622257325,0.422800499237253,12.190994,13.62346,9.74397734751613
"827","Jared Kelley",6.02062180217531,0,0,0.611707654792194,6.38573667637848,8.14806849109929,0.421151679849293,10.536214,11.00326,9.94535826048437
"828","Jared Koenig",25.8411726557448,15.8935431976528,1.30562399219463,2.86120482833368,23.136949251926,66.5905913387431,3.98280005983981,65.46872,57.07368,171.662173594619
"829","Jared Kollar",12.3413889505402,0,0,1.81606139067219,7.35111325967878,11.4190836584318,1.03920684664645,20.531816,23.42936,15.9975714096212
"830","Jared Lyons",10.7640670887894,0,0,1.46458253169326,7.8311015982662,13.6998206842831,0.932631466677992,18.47873,19.351154,19.3617187784076
"831","Jared Shuster",8.37621647897413,0,0,1.01187691993562,6.14393963113607,11.2498561590982,0.833609584743888,16.917394,17.81068,20.9384508996304
"832","Jared Southard",6.21256999381087,0,0,0.611497494111881,4.74174793063689,9.512893261218,0.42136581223734,11.528346,11.60458,14.9461999792103
"833","Jarlin Susana",9.36013991412927,0,0,1.21437840033093,9.40353317950896,15.9793504949892,0.8354939497587,17.874676,16.78734,23.9344565860773
"834","Jarod Bayless",7.01232651833056,0,0,0.814335231595693,3.90594712390504,9.10324104036408,0.62756264482643,12.302746,12.21824,15.4890937062594
"835","Jarold Rosado",4.84133678887004,0,0,0.411665054356545,4.95947170372827,6.2054189218934,0.215168979648249,8.212418,8.40166,7.40587549100846
"836","Jaron DeBerry",9.76819532825266,0,0,0.815007745772695,6.33935308533571,15.7469418840953,0.834573180490099,19.504546,19.01114,29.4128270116891
"837","Jarret Whorff",7.00057692264545,0,0,1.21141513473852,5.3418052050064,11.273104231649,0.833545345027474,13.852878,14.20596,18.5270796019296
"838","Jason Adam",21.2362989453962,16.2721404977108,1.08303160165076,2.5335238258729,20.2256410706792,58.0158843147065,3.40162358616176,54.90808,44.36978,155.367743877488
"839","Jason Alexander",30.7518777934959,0.846266587239793,0.0295046931050198,2.89322303869242,20.4653286651755,45.4067488680666,2.8729305486321,59.58962,62.75132,81.2546762757834
"840","Jason Blanchard",4.82967827532202,0,0,0.611371397703693,4.53981155824605,7.96072819551467,0.422158102073113,9.218608,8.99876,12.0401974953634
"841","Jason Foley",13.6465761382954,0.949357066062307,0.0101570933521992,1.72296811416543,9.57303736091601,28.7860222081295,1.81698372658958,34.30924,33.34338,63.6417033943565
"842","Jason Ruffcorn",5.8154322918538,0,0,0.811014692846748,5.54335946196627,9.1289174218628,0.627841016930891,11.258246,10.99674,14.3663440243572
"843","Javier Assad",31.6001553802815,6.29611041335717,0,2.82594518372131,25.7027816042849,55.7198082105489,3.22269921593325,67.88744,65.11816,118.746604736839
"844","Jaxon Wiggins",7.59420191231553,0,0,0.813809829894911,7.77605584265291,13.2436102782102,0.835836561579574,15.423626,13.99242,22.6016620742956
"845","Jayden Murray",19.649349956644,1.48180066739866,0.00305336600023912,1.4296530545512,16.1245977406388,33.9520912260592,1.65250389907254,39.58984,38.03658,62.6863034259735
"846","Jaydenn Estanista",5.43818895268553,0,0,0.411454893676232,5.78197891573011,6.98881623784645,0.215383112036296,8.28191,8.1989,6.58514585346541
"847","Jaylen Nowlin",8.38867567288378,0,0,1.01147761464302,8.19356407491862,11.8617569001434,0.627455578632407,14.414206,14.6013,14.7641154074359
"848","Jayvien Sandridge",13.7499443656016,0.933017213673074,0,1.43301209119667,17.5533958611216,30.0853232420871,1.49384447043868,27.02284,23.54824,44.5400178355924
"849","Jean Cabrera",16.4457253281074,0,0,2.27122379813473,11.7843817715845,21.6232574563376,1.289394461667,29.13608,30.60096,31.7910463556028
"850","Jedixson Paez",17.0858042931813,0.733180608609844,0,1.64393472787824,9.00148197024633,27.8496137571367,1.56136555569043,35.74324,36.60056,56.6069060733719
"851","Jeff Brigham",3.64921121828202,0,0,0.610782947798817,3.73033649357409,7.80105469859921,0.627990909602524,7.086878,5.98322,12.0841256920685
"852","Jeff Criswell",12.8769256592423,0.819272138584556,0,1.33140380721159,10.4174809589059,22.3403199232342,1.10915663446099,24.41672,25.43728,35.1759175775116
"853","Jeff Hoffman",24.7058029459121,3.62956822510663,26.0474711845241,3.27675158392109,22.8912407979738,74.03515345145,4.146890355486,62.26904,49.72742,278.048776677615
"854","Jeffrey Springs",82.2854817961096,0,0,10.2871185145138,50.7928350831079,133.371506817674,8.95688028161659,158.0326,158.8198,230.625231676552
"855","Jefry Yan",4.0361861777869,0,0,0.610867012070942,4.96417775693073,8.18640392580202,0.422800499237253,7.622586,6.58002,11.0614587876301
"856","Jeisson Cabrera",4.25384179660533,0,0,0.411202700859856,4.56466917259748,7.38646624316259,0.421558531386582,7.847766,7.4008,10.4773231384079
"857","Jeremiah Estrada",24.4408895681702,16.5498503957362,1.29007385103176,2.77681298266799,27.6798795302363,92.1318398730212,4.0571112895552,68.0522,50.30758,211.52986786685
"858","Jeremy Wu-Yelland",4.23825460687733,0,0,0.210592666587362,3.93728058924447,8.18141324927464,0.422093862356699,8.0742,7.59316,12.8200658378142
"859","Jerming Rosario",9.97184453843354,0,0,1.21284422736464,9.61739557561372,13.42003254656,0.628333521423399,15.90989,16.00174,14.4178564821967
"860","Jesse Bergin",4.43788608278862,0,0,0.611287333431568,3.92615901906943,7.77052169920461,0.627476991871212,9.203236,8.99934,13.6113378314372
"861","Jesse Chavez",4.23764739263003,0,0,0.210634698723424,3.30673452575134,7.58312169110488,0.422072449117894,8.465996,8.6,13.0219558808824
"862","Jesse Hahn",3.63709004030336,0,0,0.410467138478761,3.53411174130931,5.82078624487196,0.21641094749892,7.268328,7.39708,9.03228604099625
"863","Jesse Scholtens",20.9905218650832,0.843528624274597,0.00408202026841341,1.86155476644794,14.0369199737254,36.6026922164545,1.81106896908694,42.23692,42.5849,66.317084267732
"864","Jesus Cruz",3.66902984946114,0,0,0.211475341444676,2.94297871468096,4.05198311978693,0.215286752461675,5.605734,6.21322,4.3825495282177
"865","Jesus Tinoco",4.23628925676359,0,0,0.410992540179543,3.52160933330596,7.58736127967793,0.215875616528803,9.092588,8.59448,13.8862235855433
"866","Jesús Broca",7.19643557403357,0,0,1.01141456643893,6.77452591730613,10.2886672794082,0.833459692072255,13.393346,13.2024,15.7429984653016
"867","Jesús Liranzo",4.83303212201457,0,0,0.611035140615192,4.12580269887446,8.74366771551851,0.627755363975672,9.504904,8.79952,14.7004332193359
"868","Jesús Luzardo",71.0684921210184,0,0,9.11533598603411,54.5091046154417,193.285452657624,11.9428598886317,173.9402,150.5176,373.59741160534
"869","Jhancarlos Lara",10.2874989409361,0.556231495631189,0,1.29687355755494,13.1057076252955,24.4950304863688,1.30220943529509,22.04504,18.97184,39.1007397259438
"870","Jhoan Duran",20.955134556627,2.79054339754333,30.4968081692521,2.83604580997342,21.0183941839899,79.2385039042304,5.34015417714445,67.957,54.37436,328.879824982676
"871","Jhonathan Díaz",11.4712242447781,0,0,1.4185854572189,7.10868319220896,18.8610835520929,1.45408424745185,25.336934,25.723586,39.1681654507936
"872","Jhony Brito",13.6531061025916,0.938847208025062,0,1.680763965499,9.68163199035748,22.4914155252169,1.74725272301294,29.15884,29.118,45.8727632607543
"873","Jhosmer Alvarez",4.44785249263418,0,0,0.81154009454753,4.55260236951426,5.41011891126111,0.421387225476144,8.024194,8.41046,6.84362781833572
"874","Jimmy Burnette",4.04460216725437,0,0,0.610867012070942,4.55982234002572,6.99872851535525,0.42200820940148,7.544878,6.79146,9.81515823548187
"875","Jimmy Endersby",6.62036346336312,0,0,1.01471408911984,5.12947127062552,8.71801650876194,0.628397761139813,12.817326,13.41496,14.6122036554501
"876","Jimmy Herget",36.8659298426196,13.5145269024006,1.97398351517523,3.18161678702211,23.1594318517018,66.6732465042325,2.93484290703948,72.35748,73.16008,150.099738588003
"877","Jimmy Kingsbury",6.20630759087379,0,0,0.611455461975818,4.11435934728387,8.52858100457792,0.628269281706985,12.189682,12.40292,16.2013601150088
"878","JoJo Romero",24.982072294344,11.4180863272746,12.1814301750502,2.94205924135939,24.0226772237533,58.13255407034,3.98671858187823,61.88364,56.07386,199.555434468736
"879","Joan Adon",8.97689729819775,0,0,1.21284422736464,7.5725576303875,12.0523216715441,0.628033736080133,15.767936,16.40326,16.2568964621921
"880","Joander Suarez",9.56143110898317,0,0,1.41353832590926,5.31928050591772,14.7746119388213,1.04205480740747,19.240174,19.80332,27.5067041779337
"881","Joe Barlow",6.01819092113865,0,0,0.611182253091411,4.1230140673531,9.71313146006709,0.627584058065235,11.386298,11.00346,16.7419731603843
"882","Joe Boyle",38.2793835417727,0.814934561994162,0,5.06013181828242,46.925672816375,95.4749953316138,4.75253148852574,85.32808,70.29182,158.697643896168
"883","Joe Jacques",4.80911074716352,0,0,0.409899704641915,3.71839720304796,8.54225517053886,0.422907565431276,10.361414,10.19596,16.1199341947426
"884","Joe Jiménez",9.60540120085674,0.826839186680632,0.000533518398399472,1.0174666724341,7.86522879718788,24.7508752836302,1.08698637331416,21.81016,18.9998,45.9009094518423
"885","Joe La Sorsa",6.92795419683599,0,0,0.737405169104536,4.73527024208398,10.0775476121547,0.529604819059523,14.615004,14.932884,19.9828962763087
"886","Joe Mantiply",3.82543137930999,0,0,0.409962752846009,2.080059743417,6.7928176275704,0.628761786199492,8.396661,8.7998,13.8896761922404
"887","Joe Miller",11.350161067148,0,0,1.21528209125627,6.33621571653407,11.8166938554045,0.834508940773684,19.585404,21.81966,18.9551617036093
"888","Joe Musgrove",57.5443420395653,0,0,7.59471926153937,34.6334264550447,123.524128029148,7.97547814282205,131.3266,123.3944,245.148935257538
"889","Joe Rock",15.4245703867098,0.718642064217629,0,1.86291799384605,10.7809429459149,25.9785262987143,1.5710142933962,32.83226,33.33514,50.3635593069154
"890","Joe Ross",9.8300767101449,0.205906583567607,0,0.736917914333756,7.38305097232895,15.1049408769772,0.720401097185908,19.3804,19.72464,26.8570760171979
"891","Joe Ryan",69.5775614969704,0,0,9.55856737663408,39.3888602740356,182.378312988979,10.7168330214125,166.47,143.8404,361.720461010559
"892","Joe Whitman",11.1398070300743,0,0,1.61490493863088,8.16416129807251,15.7445533834908,1.24696684566828,21.687334,22.6104,27.0165038393445
"893","Joel Cesar",3.65803606534267,0,0,0.811413998139342,2.91271633682096,4.83107995769997,0.421515704908972,6.261538,6.61032,5.99678890373293
"894","Joel Hurtado",13.3535790551718,0.404033439916835,0,1.99100358629992,9.63149306916204,13.4767074647388,0.914537802924439,22.353254,24.821862,18.0310915983159
"895","Joel Kuhnel",5.02046263965026,0,0,0.610425674642285,2.48515927984548,7.73843617441707,0.628376347901008,11.047724,11.61482,16.7766049617885
"896","Joel Payamps",23.7954403949612,9.3582116208768,0.0737044174097488,2.29335714585411,16.3986266580012,48.4234015736488,2.59608596994431,52.11968,49.93494,110.548397102708
"897","Joel Peguero",24.6889527418199,4.78539053948809,3.19191862035073,2.27953532339437,21.9355863219297,43.0032639762525,2.48625769138346,51.06752,50.83796,99.998191087391
"898","Joel Valdez",6.99858728396182,0,0,0.611119204887318,5.76331559362806,9.72097897428907,0.215832790051194,11.004458,10.8002,11.3830899830651
"899","Joey Cantillo",55.5154081071014,0.803912643838966,0.00147944681263318,6.60608207607739,56.1200860777272,137.466406027152,6.90566736633212,130.1022,113.504,249.332496837472
"900","Joey Danielson",5.82157122789393,0,0,0.811287901731155,5.15101051412907,8.74340896128635,0.627584058065235,10.486074,10.20156,12.8385103040376
"901","Joey Estes",26.0011538548193,0.79885034026595,0,3.05409345475229,12.8945792475649,34.3019630159977,2.13141478837382,47.06848,48.45858,61.9042794065692
"902","Joey Gerber",9.51905082269038,1.03856063223952,0,0.740504687486374,7.01034352825356,19.012354933676,0.777922774316267,20.00824,18.68902,36.4515671981805
"903","Joey Krehbiel",5.62321894999693,0,0,0.611182253091411,3.91942856520755,6.57492442841949,0.627584058065235,10.297736,11.0135,11.3215695731657
"904","Joey Lucchesi",21.7821849838224,1.10050781994345,0,1.92737583553083,17.281453154577,35.1997226696626,2.27037424682492,46.39332,46.70048,69.7203920099158
"905","Joey Mancini",12.3485410919285,0,0,1.01559676397716,8.37382042443661,12.5922688318777,0.833459692072255,21.51425,23.62698,20.0728620797744
"906","Joey Wentz",8.96069850696957,0,0,1.01269654658884,7.56653107337214,17.3292658623913,1.04104838518365,18.06,17.99654,28.0815014522696
"907","Johan Oviedo",46.7189780096414,0.809677227910887,0,4.94121866842178,41.4733333550909,93.152715854847,5.51852029959985,97.346,89.23592,163.817464198651
"908","Johan Simon",6.59318134800412,0,0,0.610635835322598,5.54772362241471,9.51803380808818,0.422222341789527,12.807916,13.19942,15.6314485025991
"909","John Brebbia",24.3788783672779,3.9957663850012,0.00132575413095208,2.11844601588483,15.6628848609793,40.7438197291045,2.016150988792,42.98996,45.61448,67.4721496200409
"910","John Curtiss",5.23396896111219,0,0,0.611119204887318,3.09601634297448,8.33246296927165,0.627648297781649,10.902058,11.21588,16.2918608898614
"911","John Gant",8.2032825286267,0,0,1.01479815339197,6.34987131535659,9.49946848645838,0.62820504199057,14.392632,15.81856,13.3291818910456
"912","John Holobetz",11.5459225642565,0,0,1.21467262528337,6.52731892201474,16.3204474779226,1.04091990575082,23.34,24.6207,31.7530779883297
"913","John King",22.1720109967049,6.24661071107004,0,2.11817728899177,14.4054361428203,31.7587942549414,2.36203750223871,49.10456,53.47052,79.8334379673453
"914","John Klein",22.2128817518363,0.729795387803473,0,2.92749869444629,16.096082398175,36.3802334617119,2.40356475743064,43.52202,43.5948,63.2413704614399
"915","John McMillon",4.82706725405866,0,0,0.610593803186535,5.76993222398536,8.58785562791371,0.422265168267136,8.421188,7.77806,10.2726356259722
"916","John Means",4.06379941526148,0,0,0.414859496697302,2.08636785917097,5.41707600832683,0.422864738953667,8.186652,8.41588,11.3631958031456
"917","John Michael Bertrand",13.1140851417082,0,0,1.81496855513457,8.3591592586905,13.9530331509687,1.4528424796753,25.28565,29.0265,25.4719014579433
"918","John Rooney",5.20574446129534,0,0,0.610635835322598,5.1484431073309,10.5190005858744,0.628162215512961,10.815534,9.78482,17.6559033163336
"919","John Schreiber",28.2302612476474,14.7850272537791,1.00216761597623,2.80319504960968,22.3826383227886,56.1134206769975,3.13299367553637,61.48944,57.77292,139.206149698207
"920","John Stankiewicz",5.82180399335539,0,0,1.01183488779956,4.7343268467407,7.74661678898759,0.833374039117037,10.940992,11.6074,12.2273362581711
"921","Johnathan Lavallee",4.05802362616703,0,0,0.411559974016388,4.36339647437622,6.01937239746958,0.421194506326902,7.244576,7.00052,8.29240573538033
"922","Jon Gray",24.856764002478,0,0,3.14316671751724,16.0700358608907,41.9875617136311,2.9001299691182,49.35376,48.56376,75.2154443509863
"923","Jonah Tong",19.6652642655867,0.810681648767528,0,2.92912172197139,19.7708252134213,53.3255771723488,3.38985568704146,47.08874,39.85606,98.1772146554292
"924","Jonatan Bernal",7.2146390147226,0,0,0.814019990575224,4.31609460628999,7.33700437647709,0.834059262758786,14.053646,16.02656,14.766088285109
"925","Jonathan Bowlan",28.162448378934,9.13679996753541,0.0352314347374025,2.86498091021235,21.1922698227374,57.53234226107,2.93411231889641,60.17868,57.44638,121.69285560659
"926","Jonathan Brand",5.42871641042777,0,0,0.611224285227474,4.13179587773913,8.14952149563371,0.627541231587626,9.969094,9.60444,13.4957686897594
"927","Jonathan Cannon",56.3825231765154,0.760817230936517,0.00508772755352094,6.93869142098899,36.4743912118184,77.5445450245345,4.66613059041782,104.56,108.58844,130.398618898184
"928","Jonathan Heasley",8.58201522759043,0,0,0.811329933867217,5.72842242137908,10.6736635020908,0.627519818348821,15.907062,16.61784,18.5169363944941
"929","Jonathan Hernández",5.02199686764842,0,0,0.410635267023011,4.95150761369335,8.56223895893011,0.422415060938769,9.638428,9.39054,13.1150411977714
"930","Jonathan Hughes",4.25266177691809,0,0,0.611518510179912,3.5285811232295,4.62972712523544,0.215425938513905,7.36278,8.21294,5.67903730483775
"931","Jonathan Loáisiga",20.6789187534713,9.65714091083926,1.85051661090696,1.91525087729912,15.2948504286837,40.3342718978046,2.37226870083192,48.27536,47.66658,110.321984485457
"932","Jonathan Pintaro",14.1750836853274,0.736813146461422,0,1.33020068713638,14.0127205733783,30.3760923892156,1.70583000199753,31.86576,29.1976,56.6377693678277
"933","Jonathan Santucci",11.3263530389564,0,0,1.21282321129661,8.36937581863429,18.6954452942959,1.24876555772787,22.1976,21.5931,32.7449480906113
"934","Jonny Cuevas",7.01850104478073,0,0,1.01311686794946,5.55190678081689,6.36632647745454,0.420958960700051,11.289474,12.61694,6.84458379257736
"935","Jordan Balazovic",6.98954181572465,0,0,1.01078408439799,5.94680986864004,10.505425940772,0.628183628751766,13.715334,13.9959,16.9644335293902
"936","Jordan Geber",6.42284306898492,0,0,0.613494020574854,4.32088110484634,7.35134065067471,0.628462000856227,11.65937,12.61416,12.5786593684213
"937","Jordan Hicks",26.9206559358063,8.43550732749321,0.387362472570325,3.18078144557655,26.1473664153177,53.1205387407646,2.90655271590071,58.15176,54.68876,111.157750012321
"938","Jordan Holloway",3.0647895725534,0,0,0.211685502124989,4.58568552130076,5.25265477740484,0.215061913454226,5.3888934,4.79214,5.91868313365576
"939","Jordan Leasure",27.8345850690286,11.223962041971,5.80464203499634,3.54982510264206,27.1765486149431,69.1601607387247,3.32070669375068,61.41964,51.47816,170.108099426865
"940","Jordan Marks",4.8345724221552,0,0,0.611140220955349,3.32012867717372,5.60880458471726,0.215811376812389,8.66858,9.2085,8.62611337494721
"941","Jordan Mikel",5.03773586093825,0,0,0.61261134571754,3.31560362601751,6.19066993066042,0.421751250535824,9.025472,9.4119,10.082390392403
"942","Jordan Montgomery",29.9967445793063,0.740153825975165,0.000250288850999458,3.31231056886252,19.6748835343088,47.903805265505,3.12499731594421,60.2397,61.28126,88.7802051629523
"943","Jordan Romano",26.126377314691,11.3675038858699,3.77708919350149,3.0193226196617,21.3210437841269,58.9548907042942,2.76756829996558,55.708,49.72126,143.90077739064
"944","Jordan Weems",5.42986809345013,0,0,0.61067786745866,5.14747091855799,8.74969867954495,0.628119389035352,10.420606,10.19998,13.8392126172401
"945","Jordan Wicks",15.7505899887887,0.739368213020288,0.0452090997724158,1.72577748115439,11.2447760030776,31.6090523427424,2.04876190496987,35.73868,34.429,64.0008871346211
"946","Jordany Ventura",6.81904566100115,0,0,0.811624158819655,7.19753781178694,9.52310937187281,0.62724144624436,11.494726,10.99904,11.803852812933
"947","Jorge Alcala",9.4389189113245,0.556877344827863,0,0.689826398845027,7.93560718866333,19.2271590381763,0.542565862562001,18.59072,16.91524,32.0898676439537
"948","Jorge Benitez",6.02482574881407,0,0,0.611539526247944,6.39734091867684,7.17528074987607,0.42132298575973,8.922292,8.59992,6.51481125259466
"949","Jorge Juan",4.655665168504,0,0,0.811897367704062,4.98672256735788,6.60131736009956,0.421023200416465,7.594498,7.20258,7.10243012115848
"950","Jorge López",15.4203277277017,0.244289850291178,0.0482111737423849,1.69581483135634,11.3055011835878,25.624279039797,1.87202298947689,30.76752,30.7873,46.0754342863413
"951","Jose A. Ferrer",23.9227632145564,16.6992912404937,3.12149568765615,2.60825048647752,20.0860827193605,65.5174367715916,3.80078629016094,68.31192,59.68422,194.228500149753
"952","Jose Acuna",9.3913993035799,0,0,1.61692248116189,6.7624924923736,11.6559109954441,0.833181319967795,15.370134,15.81402,14.8395195735225
"953","Jose Adames",4.04692374972652,0,0,0.611098188819286,4.3375936271166,6.60675119897487,0.421751250535824,6.82787,6.3988,7.88142619583831
"954","Jose Cabrera",12.4133681868294,0,0,1.42884555536358,9.4214930986023,15.3942592004698,1.2563988660175,23.233326,24.72224,25.7788743495165
"955","Jose Corniell",9.91234144331861,0.859899388220357,0.00984171301816994,1.08227805561605,6.70979326243501,19.4240936256894,1.04454991102237,20.66972,18.76656,37.8257685289614
"956","Jose Cuas",4.83969528635486,0,0,0.411139652655762,4.75299016884275,6.9872438082818,0.421622771102996,8.145264,8.00394,9.0076813036238
"957","Jose E. Hernandez",4.04012092610935,0,0,0.610867012070942,3.93987495190736,6.8161652209797,0.42200820940148,7.284886,6.7889,9.48408881151471
"958","Jose Espada",11.020386170976,0.915407857074784,0,1.34424107622973,10.7584628914733,23.0623834338423,1.21524600678308,22.42024,20.25534,38.8413537756733
"959","Jose Fleury",8.19863210993723,0,0,0.614839048928858,6.55613162551891,13.6079752378661,0.628654720005469,16.401706,16.2083,23.679028734626
"960","Jose Franco",16.5088449682154,0.511684332061476,0,2.0061300527208,13.5463616636892,25.7447649795176,1.43102825766363,28.86796,28.73582,36.9219384534061
"961","Jose Geraldo",4.84556907217367,0,0,0.611602574452037,4.35567372040296,6.77235613905825,0.421237332804512,8.646544,8.60652,9.6779257910129
"962","Jose Gonzalez",10.9805782408038,0,0,1.62942830063197,5.72108864100138,13.579700796647,1.04852237324348,18.99096,20.72491,20.983613819261
"963","Jose Quintana",79.4442728187049,0,0,9.69680154224755,53.0969104888637,90.9796257733285,6.70306496042711,134.311,151.9504,123.989296483414
"964","Joseph Montalvo",7.60624904298182,0,0,0.815428067133321,5.3362275197234,9.11390031336683,0.628290694945789,13.301486,14.2122,13.8831579633047
"965","Josh Ekness",11.1330539098692,0.529698525853225,0,1.42254015701556,10.5932485830182,19.8690643623957,0.894185186120366,22.26602,21.2497,32.5607550695552
"966","Josh Fleming",9.3041239358681,0,0.00119729896225511,1.10111431922752,5.81567390525058,9.60947169083997,0.982896740368118,19.032398,21.2023,20.8499952509457
"967","Josh Hader",19.5550263901996,2.58885613150638,26.980301889515,2.53419518041584,21.1467223599403,75.5362509448754,3.88927664377734,55.02304,38.53624,284.601740441847
"968","Josh Hartle",10.3451713457068,0,0,1.41433693649445,7.76185723769165,15.7405924533216,1.24743793692198,21.52563,21.4094,30.1220845250715
"969","Josh Maciejewski",6.40020494024315,0,0,0.810762500030372,5.13017516747204,10.6806299621874,0.834016436281177,13.028272,12.80438,19.0769887867306
"970","Josh Sborz",22.9740384909075,9.4129572182799,0,2.63760008095675,20.5221881431333,50.3863882824048,2.38993607505765,49.4904,45.16766,105.550249582218
"971","Josh Simpson",12.361212599906,0.961287292059358,0,1.53070104414529,13.7339640807154,27.0881448184957,1.71233406479185,26.64504,23.38114,47.4715761633801
"972","Josh Staumont",7.08369629661438,0.801959146306521,0,0.693379648438088,7.22901677012415,12.8260281054335,0.661328346501058,13.336198,12.463784,20.5142444308196
"973","Josh Stephan",11.1564074251505,0,0,1.41532469169192,5.92933311550784,13.9757291772822,1.04044881449712,20.459332,21.22076,25.1410654570838
"974","Josh Trentadue",7.99564273923841,0,0,0.614418727568232,6.76241204701971,12.4475088301393,0.4230146316253,14.388484,13.60442,18.8720351127569
"975","Josh Walker",4.43032019326736,0,0,0.410256977798448,3.7262004023751,7.98204556341011,0.422522127132792,8.764074,8.59152,13.120437073169
"976","Josh White",16.8593098319488,0.636178575136882,0,2.0563868582753,16.0178425650621,39.5932033553491,2.48778776292825,38.44254,34.14682,73.1727000859691
"977","Josh Winckowski",7.57048699030857,0,0,0.810005921581245,5.31682692262414,13.6263017094355,1.04070577336277,16.979484,16.99488,27.5734725097573
"978","Joshua Cornielly",5.81624595894517,0,0,0.811224853527061,4.32854352480418,8.94295051412579,0.62824786846818,10.64772,10.39198,14.1671411013135
"979","Josiah Gray",58.8567438351708,0,0,7.63899250763711,43.6919163378798,87.5971031241652,4.82931142993718,104.07908,103.66952,129.140056960544
"980","José Alvarado",21.8962246488861,12.431794636878,3.48553525640589,2.42911307667763,23.1317311328646,64.9018885337999,3.64661951512891,57.53108,48.48288,166.814346535851
"981","José Berríos",59.2662953695431,0.827264939825142,0,6.49180093887856,36.9290468794265,99.0306359580714,6.41701385931506,119.3398,118.9758,184.117554060082
"982","José Buttó",29.4683345537205,12.8868373725752,2.11598733730402,2.92445090331717,27.2882051798635,58.5616809051946,3.15542014013195,64.40032,59.42502,142.92829652319
"983","José Castillo",4.02181628304577,0,0,0.610173481825909,3.72433004789721,8.77183211848028,0.422714846282034,8.746948,8.18594,14.6838562334038
"984","José De León",7.80175551010651,0,0,0.815049777908757,6.76237182434277,12.8418149346091,0.834680246684122,14.669472,15.00288,19.5207290276041
"985","José Fermin",11.9066876496593,0.49511818219588,0,1.92188580068435,12.0503287222173,26.3275129195698,1.49726535750963,25.14,21.5873,44.4375043760762
"986","José Leclerc",16.7353093353072,0.310749376554974,0.00850607772039502,1.93783118374928,17.0846361982652,38.6298986283995,2.08297483423401,36.2974,31.46232,66.4588402022013
"987","José Quijada",3.43603970710089,0,0,0.610383642506222,3.53677328251387,8.20805966461644,0.422500713893987,7.445879,6.3726,13.3884781106763
"988","José Rodríguez",6.60068764197621,0,0,1.21109568972374,6.34951642859176,13.4313952916457,1.04044482442974,12.777686,11.5962,20.2760598485135
"989","José Ruiz",5.41460879941567,0,0,0.410509170614823,3.91757832206813,9.14951823957688,0.422286581505941,10.156472,9.99224,14.9034531404597
"990","José Soriano",71.154493752462,0.0544975122166106,0,9.74093831515476,71.7988260875499,152.40428423499,10.0901098481021,166.8226,154.0516,285.520008732844
"991","José Suarez",20.7803773391776,0.960916230180692,0.0076420956713038,2.30078784266777,15.7325475002694,43.0543331158372,2.15682680438718,45.40064,43.80556,79.8295117993692
"992","José Ureña",8.58390079740722,0,0,0.812801058629408,6.75119676467857,9.89396836207479,0.422115275595503,15.019816,16.61264,13.640406436514
"993","José Urquidy",49.1406170894037,0.756424855844852,0,5.44399372484433,28.8968448012598,66.9645776529775,4.46914185112867,90.77404,94.15268,117.519084637169
"994","Jovani Morán",21.3562513923358,6.94357812186753,0.00535431689085692,1.99824471879086,22.3023829343952,54.2381605494984,2.78081896215413,50.36308,44.3817,111.409891145348
"995","Juan Burgos",14.5486707954678,1.20948439963953,0,1.23666798382119,12.9214978673387,24.3646668607898,1.47961596076756,29.14684,28.83382,43.8573921556874
"996","Juan Mejia",29.4471392921799,12.0858861922307,2.60275056504414,3.0813977821246,27.0056098748459,60.5512717030715,2.61638878773691,58.45756,55.77479,130.504780464773
"997","Juan Mercedes",8.90396540125879,0,0,1.21743496832456,5.86964247437681,10.059455351725,0.629588969491305,15.799863,17.51768,15.0880990771641
"998","Juan Morillo",15.2900098415898,1.08110108424089,0.00475750775360293,1.32157511603465,16.970656169719,30.9550849179973,1.67607605978999,33.14776,31.56926,54.1734206598591
"999","Juan Nuñez",6.42691747658425,0,0,0.41401885397605,5.75713456819089,8.36035925497043,0.216560840170553,10.296388,10.60554,9.63809770600004
"1000","Juaron Watts-Brown",11.5503754687367,0,0,1.21484075382762,9.59344297149352,20.0529453292274,1.04096273222843,22.29773,21.60756,32.2966253770621
"1001","Julian Aguiar",25.05015624819,0.836986855083046,0,2.38704143614549,14.1643062785925,32.314985396846,1.57958234213252,44.94394,46.89794,56.0433021440135
"1002","Julian Fernández",19.632824644267,1.65082446158118,0.0302420811712341,2.02059844404298,16.1638086285546,42.7211309714445,2.17091262017991,43.49336,39.647,81.8782407356483
"1003","Julian Garcia",3.75980518422321,0,0,0.400169265143424,2.83135912817533,5.47425356210536,0.20591846048463,5.926666,6,6.51478045616602
"1004","Julian Merryweather",5.8292054200231,0.721207895114084,0,0.556605284661699,5.49378141841465,11.6383466807728,0.328262405725835,11.477723,10.928782,18.9762714546684
"1005","Junior Fernández",4.03357515652354,0,0,0.610257546098034,4.53997244895382,8.37738668480854,0.83444470105727,9.097066,8.78886,14.7209762327261
"1006","Junior Santos",7.80076254523323,0,0,1.41202516901101,6.77484769872169,8.52201262791546,0.833010014057357,13.795246,15.01258,11.36076752882
"1007","Jurrangelo Cijntje",10.5498872289154,0,0,1.21479872169156,9.18645296924868,17.6991255515476,1.04087707927321,20.486154,19.00264,29.5208768396315
"1008","Justin Anderson",4.63258293091692,0,0,0.810972660710685,4.34449181621251,7.78600714479066,0.421986796162675,8.359182,8.19152,10.2844037376483
"1009","Justin Bruihl",22.4879740945674,9.69042343682495,0.0338275212229821,2.57473848911536,19.3779869109723,45.2181813300815,2.55561680187687,50.61764,48.35108,103.877827335262
"1010","Justin Dunn",6.63272027329553,0,0,1.41656463970577,5.96236920009114,8.14267973113782,0.627519818348821,10.894966,11.0133,9.00837834174173
"1011","Justin Garza",5.4224519834432,0,0,0.810846564302497,3.51406758137894,6.98334259062773,0.422115275595503,9.09628,9.60096,9.5347884649484
"1012","Justin Hagenman",17.1671549109951,0.906122713516544,0.0306493328053163,1.59603891817765,9.02125421691297,32.4443851430977,1.38093021181963,36.7616,35.67052,65.2383757825381
"1013","Justin Jarvis",9.98122195045923,0,0,1.21511396271202,7.56852851816684,11.6400274664239,0.83448752753488,16.250908,17.41976,14.6807661769843
"1014","Justin Kelly",4.44654495795501,0,0,0.811477046343436,3.32055101528163,4.81792330020335,0.421451465192558,7.778828,8.41512,6.74559520670994
"1015","Justin King",3.65353255967525,0,0,0.411349813336075,3.9582567152708,6.22566146451681,0.215490178230319,6.607754,6.38994,8.001942359684
"1016","Justin Lawrence",25.0439157546369,11.8678439775702,1.02207823112043,2.95259534154241,26.56812964303,55.757895473555,2.9543468673715,56.09848,51.2688,124.978156483652
"1017","Justin Martinez",11.015781421648,1.30770342820996,0.815682287832576,1.45992314733955,16.1585395515899,36.6913458365883,2.01071637608174,30.16652,23.32448,73.4717281947695
"1018","Justin Meis",6.81373337878214,0,0,1.01179285566349,5.96054591281644,10.4870344861171,0.627134380050337,13.579266,14.0049,16.8626028645101
"1019","Justin Slaten",25.5823316987624,13.0025303283592,0.746839254437651,2.93277313300082,19.7089688010874,54.3675266889709,3.59054900329982,57.28264,53.57972,132.816903159863
"1020","Justin Steele",34.6342809289187,0.0374922349446348,0,4.26752167141799,23.4114696464078,81.6019756466585,5.90593541952596,87.42546,79.64488,174.905256108519
"1021","Justin Sterner",30.1373434006812,10.5276466857785,9.02050570888009,2.97337803580873,23.3853082693554,64.7497287727172,3.13729546859228,63.664,57.57784,180.989550483524
"1022","Justin Topa",27.0556465896699,12.4172620291889,3.17235871847324,2.70101611574156,19.3518156607828,48.9149409913072,3.03113052702489,59.165,60.16572,134.137658624495
"1023","Justin Verlander",66.6006975660111,0,0,8.31622182459084,44.4464730540791,111.453324801926,7.57674912774314,134.724,130.6652,205.83331122213
"1024","Justin Wilson",15.6887353529788,1.47470080275828,0.0150495527092147,1.85914623618743,13.8522834283969,38.4053643153524,1.99694034131968,36.61496,33.81295,72.507777760325
"1025","Justin Wrobleski",27.980721583093,1.19602282316997,0.0149321083408394,2.80282787360477,20.0782649012763,54.0033358209049,3.29036719197023,59.1636,56.4833,102.412912578218
"1026","Justin Yeager",5.23017184801912,0,0,0.811287901731155,4.94220290850705,8.14942197477519,0.421665597580605,9.766022,9.40148,11.8642167619288
"1027","K.C. Hunt",11.3759177277178,0.298031284051599,0,1.46200137878944,7.85774967673318,20.2101846302527,1.50472675729903,23.26,22.34176,37.7203528232062
"1028","Kade Bragg",6.20715364272502,0,0,1.01135151823484,5.96370339295655,11.4811395952358,0.83352393178867,12.116232,10.99372,18.1024497439369
"1029","Kade Morris",14.6955821440304,0,0,2.014864043094,9.1701828964248,19.0346712850891,1.65901789902559,28.577674,29.81988,35.6747738124666
"1030","Kade Strowd",23.9485265428108,5.80466687874249,0.515485629059973,2.36902761475704,23.3040817384336,48.7334866351504,2.63566781701285,52.08692,49.6129,98.9002541183918
"1031","Kai-Wei Teng",23.1542327132776,0.658609810292273,0,2.83505294888174,20.6135644726041,46.1303269859387,2.3782987698646,47.27582,43.66824,77.7712283493297
"1032","Kaleb Bowman",4.83968314206991,0,0,0.611455461975818,3.72122605724626,6.97717229739936,0.421387225476144,8.943448,8.80488,11.2219074830139
"1033","Kaleb Ort",12.5204605886211,1.00782184228586,0.00645416724818294,1.17690598935986,11.709613798124,23.5505482451754,1.13933420648895,23.8042,21.66384,38.52154422488
"1034","Karl Kauffmann",11.749275081901,0,0,1.41391661513383,9.19005289883517,11.4160781285044,0.627005900617509,19.93995,23.4305,13.5430036368346
"1035","Karson Milbrandt",12.2598002191888,0.301374843952113,0,1.30712188671319,12.0783213118682,18.6653793992479,0.90469041268276,22.8,22.53262,27.7327243888454
"1036","Keagan Gillies",4.83922165924197,0,0,0.611056156683224,3.71976477406405,7.37231437708075,0.421815490252238,9.18263,9.2087,11.9348149516708
"1037","Keaton Winn",16.9405342768244,0.820736220042649,0,1.79189141211942,11.4764236362013,32.3585416250044,2.0062780199109,36.88122,36.8987,62.8162550908225
"1038","Keegan Akin",29.1647751447776,15.9113986890352,2.61418931759147,2.84363376471825,23.3184818198624,65.3003265894813,3.56322314037132,65.18124,59.40334,166.125597197398
"1039","Keegan Thompson",26.6894033769372,7.76347460297455,0.04558779793983,2.91672299859114,21.8546656553359,47.5141826271556,2.2745982874721,49.72268,49.55834,86.3610489913554
"1040","Keider Montero",28.7944122228527,0.66192472646722,0,3.3530719871099,20.0850083097526,47.4463646794705,3.18921299151216,57.73474,57.56612,86.4067633857515
"1041","Kelly Austin",4.83923987566939,0,0,0.411034572315606,3.73009515751243,6.78804062636134,0.627669711020454,9.363994,9.40122,12.5034979949198
"1042","Kelvin Bautista",5.82658681757656,0,0,0.811582126683593,6.60124820223794,6.97145980012019,0.627262859483165,9.301134,9.6051,6.64670142832826
"1043","Kelvin Cáceres",5.02594780835081,0,0,0.41078237949923,5.15909527219483,8.17617318154594,0.421986796162675,8.888912,8.39076,11.2635671259764
"1044","Kelvin Ramirez",5.63573768372861,0,0,0.811182821390998,5.37872962244106,7.95766295307219,0.421772663774629,9.580714,9.60296,9.66781964794117
"1045","Ken Waldichuk",12.6807961625948,0.818701678017403,0,1.1963427076155,11.8380564416932,23.286651776827,1.12691938933007,24.55628,23.13956,38.1148397294082
"1046","Kendall Graveman",17.6531042745025,0.299202165244195,0.0589514455988447,1.8886807727903,16.5452593792728,29.0991572297972,1.74760582467434,34.3328,34.30762,46.54948096377
"1047","Kendry Rojas",21.8024580032369,0.52059607395554,0,2.15847680003065,18.0133293281188,42.2744492708299,2.16796202059314,46.38772,45.08326,75.7962665252733
"1048","Kenley Jansen",24.9244794068635,3.60317573844068,22.5110215399831,2.74494140235703,20.2429237621036,56.8374535150384,3.16613221509572,56.18972,47.74318,228.175391741482
"1049","Kenny Serwa",12.3414164447602,0,0,1.81618748708038,8.57115130031736,10.4487242261565,1.03967793790015,20.534074,22.82464,14.4193029379582
"1050","Kenta Maeda",11.3304456629832,0,0,1.21097379730986,7.3398106874575,15.5738131671077,1.039913483527,20.472256,21.39946,25.2482985261181
"1051","Kenyon Yovan",5.63032538073774,0,0,0.612674393921634,4.53613118330566,8.33596610349163,0.627005900617509,10.37983,10.61082,13.0965171721022
"1052","Keone Kela",2.46134221956752,0,0,0.410509170614823,2.71371621984704,4.68125902577821,0.216368121021311,4.6375,4.38484,6.18423626760911
"1053","Kervin Castro",15.3654257595223,1.00991905003555,0,1.73508595910267,14.658027873428,31.1626374817912,1.86627616908666,32.81984,29.67964,56.8358566093578
"1054","Kevin Abel",12.5234209943595,0,0,1.41635447902546,10.0099392145497,14.364884193741,0.833609584743888,19.06,20.41534,14.9072732019091
"1055","Kevin Gausman",78.6956968414174,0.0406807974206613,0,9.86120937401984,52.4603161027206,172.00818769455,11.3082658400984,176.865,164.3174,331.409552435993
"1056","Kevin Ginkel",25.1047089583102,10.9574522334568,13.4905472699167,2.82505885280001,21.5187193939428,58.9028868336908,3.3576249341329,58.36948,53.17058,199.54538250229
"1057","Kevin Gowdy",4.23501208279678,0,0,0.410509170614823,3.92742603339317,5.60892400974748,0.422265168267136,8.031278,8.20466,9.12415980606537
"1058","Kevin Herget",6.8689753200442,0.0947457563333164,0.00480759095097752,0.454389454520652,4.03722760041957,11.212083594114,0.514963013927162,14.268976,14.459726,22.1187839398406
"1059","Kevin Kelly",19.7643707994245,4.24083872153814,0.00965697000463338,2.38264567112999,11.5499282552719,41.9053028659988,2.59166776992873,47.21744,44.49128,96.9356795025747
"1060","Kevin Kopps",6.4136284232033,0,0,0.811855335568,6.36992916433946,8.32288906268182,0.421579944625387,11.27122,11.41042,10.7483922700505
"1061","Keyshawn Askew",6.40982118987278,0,0,0.811561110615562,6.99444182629097,8.15183037955143,0.42136581223734,10.5962,10.1994,9.14655557675846
"1062","Khal Stephen",9.17686476599255,0,0,1.01528152295669,5.92533095915191,14.9721431703186,1.04040598801951,19.07,18.81002,29.1433116093072
"1063","Kirby Yates",24.0430599305277,9.90179149904818,7.28710166537061,3.00917910259665,25.3272336852306,63.0272273418646,2.76602470099536,53.3826,43.60336,161.911096317325
"1064","Kodai Senga",54.8124763858312,0.735607024679918,0,6.57149143066201,54.9556163236517,123.9538583119,7.84220924566578,123.854,108.5324,226.415538895954
"1065","Kodi Whitley",3.64964638849258,0,0,0.411139652655762,2.29697906296951,6.79946562091968,0.421622771102996,7.718958,7.39762,12.9834140178595
"1066","Kody Funderburk",27.1865105952832,14.7808195691154,2.75857345142286,2.90547835896573,26.2025905577144,60.9036798502608,3.49549321861079,63.87708,59.31152,157.182324216615
"1067","Kohl Drake",15.7044505291164,0,0,2.27717031675472,12.226283565396,29.4166509347207,2.18650973184552,32.81136,32.38186,51.6523651412734
"1068","Kolby Allard",15.4839933940975,1.05834647636416,0,1.3022374803667,10.0660961488873,24.9660171140674,1.31726661292668,32.67888,33.87724,50.2380853948334
"1069","Konner Eaton",14.3116189671921,0,0,1.81635561562463,9.78844093211151,19.8304290916706,1.03974217761656,26.142678,27.4287,30.8648573491588
"1070","Konnor Pilkington",13.8839050721521,1.11256077006185,0.0622826139036223,1.53445500142869,15.0835996036539,27.1937191451907,1.12845540608981,27.8864,25.33056,44.3954848161966
"1071","Koyo Aoyagi",5.04369263270419,0,0,0.414586287812895,6.36081872801163,3.82738103781978,0.215832790051194,5.948696,6.42596,-1.59820195112362
"1072","Kris Bubic",58.2132840841605,0.759727127357422,0.0025381322414804,7.3099635256048,44.8838552317365,130.328638855008,8.6061045012567,135.4216,127.5428,251.864642322177
"1073","Kumar Rocker",43.7370534118729,0.78485465982546,0,5.56054894768378,29.7831549936355,83.4769991850354,5.23165216968906,93.68412,90.53874,157.645273131316
"1074","Kutter Crawford",33.7921791785136,3.03273848827956,0,3.64434387726549,20.6058442778068,65.1917065609495,3.99152460171481,69.80488,66.08636,127.089622351573
"1075","Ky Bush",13.0980226140614,0,0,1.86766427818454,10.9244457186946,15.6017086942181,0.978360031365509,22.891292,24.36882,21.0076652537626
"1076","Kyle Amendt",3.44478072576962,0,0,0.210151329158704,4.54654885663418,8.39325030965698,0.422564953610402,7.870986,6.7813,14.213625250387
"1077","Kyle Backhus",21.9376433233643,7.6786244455788,0.0313016857299208,2.89085046000752,18.6941824760193,44.9406875891543,2.5724353526516,46.87336,43.75916,94.1090655715018
"1078","Kyle Bischoff",5.03367764571884,0,0,0.811350949935248,5.15967850101052,7.38001729153036,0.421601357864191,8.669374,8.40008,8.98152631494005
"1079","Kyle Bradish",52.5968762943909,0,0,6.83950651737503,42.0258066274745,139.603405128281,8.32048615925926,130.57,114.3754,272.680405195793
"1080","Kyle Brnovich",8.78993231148498,0,0,1.0151554265485,7.36733626529947,12.8256925555286,0.628547653811445,15.27165,15.40814,17.512086121785
"1081","Kyle Carr",13.1180704912179,0,0,1.61450563333829,10.6084543381428,14.7568375134893,1.04143382348213,22.455014,23.4097,20.7214405731983
"1082","Kyle Finnegan",26.5730922427232,13.223569440556,4.78550101524658,3.26061300538978,21.6854212353506,57.5745029629986,3.48038906597736,60.875,56.29866,159.883433320722
"1083","Kyle Freeland",90.8404926263839,0,0,11.6274333961852,41.8142978417563,113.860474090853,7.22565562577677,156.0762,181.7218,168.068435455512
"1084","Kyle Funkhouser",6.01484432819128,0,0,0.61099310847913,5.74506776510767,9.9252828947363,0.422222341789527,10.777738,10.39582,13.7103789398669
"1085","Kyle Gibson",13.5052417833294,0,0,1.61416937624979,9.97899428692718,20.8299534060633,1.24769489578764,25.25232,26.80646,32.058026591553
"1086","Kyle Harrison",44.0490168488974,1.17675380741136,0,4.5329596487837,37.0446255084348,95.9826216003712,4.99285137472998,94.72528,86.2483,172.040793460857
"1087","Kyle Hart",25.2901685537377,0.938828523217116,0,2.59145812814598,18.2976060654361,44.7451945100704,2.59362045262435,51.051,49.90234,80.99989303255
"1088","Kyle Hendricks",14.5005958571109,0,0,1.8153258282911,7.53979626001655,17.2916826937529,1.04074859984038,25.620382,28.42064,27.6420462626131
"1089","Kyle Hurt",19.2068779520373,0.814458024498736,0,1.91511470580645,19.0788391133383,43.0389490058112,2.33569453475223,40.80252,36.72544,73.6985496952874
"1090","Kyle Leahy",53.4139169267994,1.06923560387999,0.00275445080392353,5.62925031938966,39.9818370954486,93.2827055126833,5.24538906054607,111.262,111.3104,170.333155507728
"1091","Kyle Luckham",13.9160073970432,0,0,1.41656463970577,7.3457366877805,12.9702933238933,1.03929249960167,25.075528,28.82958,23.4350015618181
"1092","Kyle Nelson",4.03769088751748,0,0,0.61067786745866,3.31635459006723,6.6068905281768,0.422179515311917,7.9615372,7.99986,10.7229090587811
"1093","Kyle Nicolas",22.3019146646664,1.14929991650302,0.0216722896204712,2.22503809901979,23.2479737122103,47.0528753259327,2.16178465175095,46.78828,42.84508,79.0012866709602
"1094","Kyle Robinson",12.7405073525461,0,0,2.01608297503981,9.18914788860393,12.7901185301223,1.24576770429522,22.488706,24.82676,19.218683394937
"1095","Kyle Tyler",10.5577425572279,0,0,1.21511396271202,7.76129412021443,12.9912974956119,0.834466114296075,19.628458,21.82344,20.4151565641099
"1096","Kyle Virbitsky",7.20197336796887,0,0,1.01147761464302,4.52808664791685,9.70603094133904,0.627455578632407,13.751984,14.80764,16.4542654854632
"1097","Kyle Wright",12.0940547698323,0,0,1.42392706900519,9.51537703503167,20.1297409151409,1.37625335697703,24.0603,23.26246,35.2493469163884
"1098","LJ McDonough",5.03525842680929,0,0,0.611056156683224,5.16086506998037,7.37577770295732,0.627733950736868,8.993954,9.00452,10.1550933674657
"1099","Lael Lockhart",10.54829430354,0,0,1.4145681132428,9.59382508692449,15.7497881806491,1.04111262490006,19.686928,20.0029,23.3703475099591
"1100","Lake Bachar",25.1905908524519,4.65735832132481,0.311015296347801,2.57947532421191,22.4844646752616,52.8190687745778,2.76844001043639,52.4392,48.05284,100.46590489125
"1101","Lance McCullers Jr.",45.5043829536911,0.725505038562524,0,5.16625167344601,44.3141248136046,86.8038704492864,5.14993285700323,90.99948,85.38404,140.513752172539
"1102","Landen Roupp",53.7633814738721,0.702552007061466,0,7.18284342261394,47.0051307369704,110.76824571801,6.93216542530855,118.9348,113.3084,200.636100052808
"1103","Landon Harper",9.57060611625976,0,0,1.21404214324243,4.91007825644095,13.1998105593196,1.04104838518365,18.752346,19.62006,25.4395105542416
"1104","Landon Knack",21.0307673097713,0.650858283763313,0.00078092897659101,2.28971726105971,14.7678279185533,32.297180241764,1.84624179183613,37.56746,37.28958,51.2992879776306
"1105","Landon Sims",5.42874879518762,0,0,0.611077172751255,5.76247091741223,8.54808709284826,0.421794077013433,10.187,10.20252,11.9080323935851
"1106","Landon Tomkins",5.62508107368863,0,0,1.21162529541883,4.74237138212952,6.57251602364325,0.627391338915993,10.047346,10.61352,8.94003258113081
"1107","Lane Ramsey",3.06298935188913,0,0,0.411013556247574,2.92253751452157,5.83678919892232,0.421751250535824,6.162602,5.99382,9.303734369199
"1108","Larson Kindreich",6.41093441599281,0,0,1.21137310260245,6.58111675242744,10.3115570768683,0.627648297781649,10.989412,9.99392,12.7154378828137
"1109","Lazaro Estrada",17.5072963475742,0.823912418159387,0,1.6990471814568,11.1298428357904,30.7844811415342,1.5766229518984,34.9398,34.27984,56.5825819877975
"1110","Leandro Lopez",9.17395823379551,0,0,0.814398279799787,8.18161793986624,16.5407490818498,0.629318530408414,18.407246,17.20212,27.6606731756098
"1111","Lenny Torres Jr.",5.63043265525476,0,0,0.41126574906395,6.18150761140183,8.35437746231823,0.421494291670168,9.557614,9.19632,10.4089836256193
"1112","Leon Hunter Jr.",3.45354485140554,0,0,0.411223716927887,3.32358782739091,6.80499898065351,0.422029622640285,7.164216,6.79712,11.2914612618763
"1113","Leonardo Pestana",4.83552574852345,0,0,0.411623022220482,4.95740023586565,7.3842369759317,0.421836903491043,8.331128,8.19578,9.57381700556027
"1114","Leonardo Taveras",5.83850238515594,0,0,0.814041006643255,6.38471099811641,8.14311235234488,0.42100178717766,9.847942,10.00892,8.83022414498542
"1115","Levi Stoudt",8.00363856927256,0,0,1.21498786630384,5.95608119567565,9.10087771450169,0.833352625878232,13.627126,15.0174,12.2382268994297
"1116","Levi Wells",9.7729639841414,0,0,1.01479815339197,7.36102130501924,13.792807607816,0.62889026563232,18.44687,19.01658,22.4380725589947
"1117","Liam Hendriks",12.7245003209515,0.776857341079068,3.6511999204854,1.3311766369825,10.0604548469192,27.5243858060777,1.54708508541739,26.92696,25.04536,67.9919814987103
"1118","Livan Reinoso",6.03237544595541,0,0,0.612170008288883,7.009525330145,6.96375688567057,0.214740714872156,9.552496,9.61074,6.1413700767813
"1119","Logan Allen",49.9167333235817,0.485691054752649,0,6.12795781323841,37.6106067970108,78.7555720035754,4.96286745002286,99.766175,100.85885,138.392374942475
"1120","Logan Boyer",5.62802403874051,0,0,0.811456030275405,5.76757919738413,7.96150445821114,0.833309799400623,9.880908,9.80166,10.8226487215964
"1121","Logan Clayton",7.42556872372852,0,0,1.01639537456235,5.95259508959374,6.74326151059681,0.62728427272197,12.68402,14.63614,8.57722676986528
"1122","Logan Evans",11.3368558213871,0,0,1.41437896863052,7.95858477341823,17.6927960249456,1.24724521777274,23.583262,23.60758,33.8684381070376
"1123","Logan Gilbert",60.9070731005608,0,0,7.59001022036206,38.262665762973,183.54286406872,10.7995513208712,163.864,135.6362,385.840934305644
"1124","Logan Gillaspie",16.012192167637,0.771244947867454,0,1.37696635013009,10.8359330922953,23.5944331325409,1.14254409900485,31.15824,32.41748,42.865001098456
"1125","Logan Henderson",43.6624040797882,0.702001331829425,0,5.58367683171206,29.2878376311415,99.4807296454874,6.09806077491393,96.8765,86.02394,189.906414404832
"1126","Logan VanWey",7.0758410537682,0.166365792991765,0,0.607956064171673,7.9265905437753,13.122318896902,0.676142058279949,13.874844,12.651344,20.4863378197904
"1127","Logan Webb",71.6332554796324,0.0411472169390194,0,9.18009206518633,45.4105304417256,188.828516386334,13.6734368753242,198.0456,186.0228,417.334459039497
"1128","Logan Whitaker",3.8511096273832,0,0,0.4110976205197,2.71003584490666,5.03715007885846,0.421665597580605,7.310934,8.00738,8.57145293330721
"1129","Logan Workman",13.5149187543838,0,0,1.61564050101198,7.74884520170024,19.4536041205278,1.24623879554892,25.947018,26.60758,35.1695919991338
"1130","Lou Trivino",12.4135559408005,0.969817313232343,0.0248108783398383,1.33296190920208,10.1927215386568,21.3610832565938,1.12704306010684,24.24688,24.1401,36.5936411563094
"1131","Louis Varland",30.0322686858683,13.5491575214018,2.82157783845846,3.16473282373186,21.6994382117627,74.2130447068722,4.34521611004042,74.49072,67.66368,191.824719931086
"1132","Luarbert Arias",5.63250730393302,0,0,0.811624158819655,4.73937479269719,6.97695335151061,0.421301572520926,9.824206,10.20704,9.45749677834993
"1133","Lucas Braun",12.9187932236176,0,0,1.21385299863015,7.74924742846968,22.3792721752129,1.24780196198166,27.309932,27.2106,43.5795322262111
"1134","Lucas Erceg",25.7574631766286,14.2170365862095,3.59557021890885,3.44902552441995,23.2034845037854,56.8296804889361,3.81957286475336,60.37628,55.34444,155.048688579523
"1135","Lucas Gilbreath",4.65258052012775,0,0,0.211664486056958,4.34930527063357,6.01539156312869,0.00918627944720541,7.7276458,8.4144,6.7245062390201
"1136","Lucas Giolito",64.6911814851603,0.0474596457435585,0,8.23824658245919,48.1340394341987,110.257658097622,6.93918064999071,123.8546,122.342,179.459843119653
"1137","Lucas Gordon",11.1555310125869,0,0,1.6161238705767,9.40049636739968,14.9641615974651,1.03987065704939,19.645648,20.20654,20.830500777837
"1138","Lucas Sims",10.9549219182943,0.939800874734381,0.00387824855774701,1.24458475072235,11.7339851378434,16.5911567302405,0.647275558557734,17.35836,15.52598,20.2008023637368
"1139","Lucas Wepf",4.64040587446954,0,0,0.610593803186535,3.93824593349113,7.78469346945817,0.422286581505941,8.003604,7.59436,10.6054733436668
"1140","Luinder Avila",21.6041177691273,0.917743380358309,0,2.27627985759243,19.595414609867,40.0982860239032,2.22552396593829,45.57404,43.2095,72.5412308531899
"1141","Luis Angel Rodriguez",6.43036645350887,0,0,0.814902665432538,6.16653793105238,7.35788912316547,0.422093862356699,10.913162,11.61076,8.67372667894367
"1142","Luis Castillo",75.0647275492489,0,0,9.53126436203036,49.3349929965919,160.844510023294,10.9220052201024,173.1578,158.2424,325.392543644348
"1143","Luis Contreras",5.6254899312818,0,0,0.611245301295505,5.34912573221022,9.72085427868841,0.421622771102996,10.576298,9.7987,14.6716976235296
"1144","Luis Curvelo",17.4510642931327,1.15164024253142,0.00247781564838757,1.69534022771522,14.2878932787104,32.3962787717571,1.86856803902535,35.19576,32.5145,58.9411620927064
"1145","Luis De León",9.56386199001983,0,0,0.813620685282629,8.79335990188801,14.7720443006715,0.835922214534793,18.38333,18.21088,23.8346734772481
"1146","Luis F. Castillo",3.26628755940928,0,0,0.214186414220714,2.48509210130381,4.04562314903055,0.217524435916763,5.6425,6.22044,5.74169197230029
"1147","Luis Frías",4.43590858838994,0,0,0.210718762995549,4.33699713148869,7.97290954859778,0.421986796162675,8.684544,8.5946,12.6456633066635
"1148","Luis Garcia",15.8837747037958,2.21474064868119,0.310264986274774,2.26530850104821,11.5326429404005,34.7877813361833,2.14063423510494,35.59747,32.07672,71.9347366850408
"1149","Luis García",24.5866734206533,12.6674776507846,0.0124039385497731,2.35229136513426,21.5130654976669,50.25981297294,2.88789129865456,56.095,53.37644,120.950135495325
"1150","Luis Gastelum",9.78506330117261,0.306588530576643,0,1.06213526791288,7.60326046103679,21.5017368892075,1.45842174231795,22.4,20.96576,41.9683398357889
"1151","Luis Gil",47.899617193451,0.720763238903851,0,4.98656487536894,47.8992966443505,97.4773142079643,5.55637800487242,98.3628,84.22506,167.223275913527
"1152","Luis Guerrero",13.6408116101246,0.932949911023532,0,1.34905990724764,14.4164928866648,23.3394676605397,1.28337763993941,26.17244,23.6037,38.2895068410564
"1153","Luis Medina",30.2768045456482,0.80943404903867,0,2.99615343154546,27.3159304757995,52.5190381053124,3.16864854006049,58.87756,56.94364,86.3023968533239
"1154","Luis Mey",18.7860925449542,1.1676951099261,0.0574147688853914,2.47789221686393,22.0054914760462,34.6051094578613,1.89956685988966,35.936,33.09564,51.2056062422373
"1155","Luis Morales",59.3368030998579,0.696897386387569,0,7.0762490719562,47.3026963458411,106.904146118233,6.66846396247449,118.3462,111.7812,184.763468126488
"1156","Luis Moreno",9.85889129270726,0,0,1.41390667446613,8.48837318667315,12.8975245239569,1.04007018416383,17.736598,18.312,18.8414897712646
"1157","Luis Ortiz",9.70345518838406,0,0,1.42753922832532,8.90480345458093,20.5169563176095,1.46361875946633,22.075676,19.89986,38.6045695485425
"1158","Luis Pacheco",4.05028366856154,0,0,0.411181684791825,3.32226047905176,5.22604289983602,0.421601357864191,7.221202,7.40554,8.08212042980593
"1159","Luis Palacios",10.7596138112669,0,0,1.61475782615467,5.93407939138724,11.2272251158703,1.03950663198971,20.180498,22.6215,20.5434097136194
"1160","Luis Patiño",4.05260525103369,0,0,0.411707086492607,3.52998891692254,6.01677022154673,0.215682897379561,7.823906,7.60132,9.85992042433072
"1161","Luis Perales",10.349506790544,0.48417615504822,0,1.43278560615121,10.8336270446579,22.4037459952328,1.16459289982743,22.05866,19.77798,37.7010722669357
"1162","Luis Peralta",21.1247653917344,0.925847480388739,0,2.521011285149,21.4285280949657,34.026544153456,1.53323531446365,35.6656,36.46418,40.7572482944282
"1163","Luis Severino",83.8439383485465,0,0,10.3804860529502,53.3237104670474,130.339296511393,8.73705970845632,163.227,165.9238,229.798056658265
"1164","Luis Vargas",8.18886608079328,0,0,0.810951644642654,6.7601193544339,11.6769895132791,0.627905256647305,14.66245,15.40158,16.7588152212679
"1165","Luke Albright",7.20873284414394,0,0,0.811224853527061,7.99518740943733,10.8934874058971,0.627648297781649,13.529582,13.6003,15.102127196681
"1166","Luke Fox",10.5650554408128,0,0,0.814377263731756,8.99889620386534,13.8054865651917,0.629339943647218,16.875154,16.80716,17.1247068395318
"1167","Luke Jackson",19.6101426781519,0.624329501513803,0.420273364987425,2.41978879304409,19.2304006542019,37.3111151510121,2.22427172160052,41.24912,38.63394,66.9328408255839
"1168","Luke Little",10.7446595740963,0.921662458469138,0,0.972863429389398,14.9350263516082,29.6594035046298,1.19063610121644,26.5582,20.39494,54.7935882654213
"1169","Luke Murphy",5.42901192136145,0,0,0.412484681009765,4.33135911219027,8.14719270754429,0.421344398998535,10.03882,10.0074,13.0845891886087
"1170","Luke Russo",7.20806490847192,0,0,0.812738010425314,5.54496152451778,10.3037452785294,0.628097975796547,12.844658,13.20256,15.3047878678102
"1171","Luke Weaver",29.9299744579528,15.3576851030053,4.35638638251168,3.16885054305814,22.4114224906096,71.8933534838587,3.67911655319507,67.5216,60.1625,185.542116216186
"1172","Luke Young",8.593257968958,0,0,1.01215012882002,5.34134264422155,7.93359880948153,0.420851894506028,13.255458,15.01328,8.97623775871599
"1173","Lyon Richardson",15.9710228549211,0.879808931494347,0,1.50724413918317,14.9642817930527,26.5546322401637,1.43651798254442,30.76248,29.8943,43.6596102869799
"1174","MacKenzie Gore",68.1495503146408,0,0,9.30910928218529,59.7737826566297,179.310137373934,10.1361281161839,158.2744,137.6144,322.10009175602
"1175","Magnus Ellerts",4.43577904935052,0,0,0.411055588383637,4.96287051993005,9.16227681363942,0.421729837297019,9.255458,8.38454,14.7310306928351
"1176","Manuel Castro",5.61655376160915,0,0,0.810930628574623,5.34820061064051,11.1016872734279,0.833866543609544,11.075618,10.1904,17.602704969639
"1177","Manuel Mercedes",10.9550057501294,0,0,2.0158728143595,8.78507403043753,8.48917074460315,1.03948521875091,17.9948,20.63088,9.19483002268967
"1178","Manuel Rodríguez",8.35335948223178,1.18473937610413,0.00474166787428346,1.15504986677839,6.72167363436186,18.0578913667495,1.18665989624753,19.76656,18.17032,38.215265918442
"1179","Manuel Urias",10.3699983122311,0,0,1.21559733227674,6.95264362041983,12.0178277419803,0.833930783325958,18.646942,20.42404,19.0786403991968
"1180","Marc Church",11.1500791918689,1.09126719871085,0.00344277692814041,1.32759250528834,11.2458814281018,20.279258151143,1.07764276849978,21.33476,20.20344,32.2339071477887
"1181","Marcelo Perez",9.57986326703869,0,0,1.41534570775996,5.11629149940009,9.47786718958864,0.834637420206512,17.151778,19.02082,16.4749465810043
"1182","Marco Raya",18.2289932276902,0.565200914605012,0,1.73097712503027,16.5468911182888,30.6382407714947,1.60428076407748,35.84324,35.14706,50.8930323051298
"1183","Marcus Stroman",32.6157438929792,0,0.000246270523719466,4.37780982544448,24.2755482393288,43.0126156871006,3.56267602610163,61.60514,63.86998,72.8219834157464
"1184","Mark Leiter Jr.",28.143964332843,13.6205809982137,6.06847329240506,3.37088769863418,23.5785733760767,63.9893892729113,3.79603386595528,60.39324,56.31542,167.421008024244
"1185","Mark Manfredi",6.40353449836581,0,0,0.610951076343067,6.37628434729662,10.7142282040244,0.627819603692086,11.647256,10.78664,15.7197399146942
"1186","Mark McLaughlin",6.41612407375967,0,0,0.811834319499968,5.35519935642878,7.94434706220192,0.421087440132879,10.952858,11.8098,10.0241797995196
"1187","Marlin Willis",4.64799605256069,0,0,0.611560542315975,5.58326035749479,5.62510610134318,0.215361698797491,6.607482,6.39922,3.37668195169003
"1188","Marques Johnson",5.21997064866461,0,0,0.610930060275036,5.76315470292028,9.73219965655993,0.421943969685066,10.273022,9.5914,14.3787974751305
"1189","Marquis Grissom Jr.",5.23273226809521,0,0,0.611686638724163,4.13209754781621,6.39455059293142,0.215254632603468,8.706078,9.00164,8.12071849668341
"1190","Martín Pérez",28.7128127310048,0.0198101238608163,0,3.57330674475531,20.9205996823234,41.4336539091795,2.90561040725961,55.27006,57.87272,69.7291163375767
"1191","Mason Albright",14.5282929229774,0,0,1.81820502961139,8.16522719901153,12.1993162110838,0.831960765355928,22.461124,26.64638,13.7420066376066
"1192","Mason Barnett",22.4632843201224,0.645880086082715,0,1.9577872665936,18.6091473066207,36.4978238370938,1.79809253611625,43.18718,42.29976,61.1962586014391
"1193","Mason Black",29.4255943377865,0.658612539424813,0,3.05868066524272,22.3117379954016,42.6989088955909,2.55012882126248,53.27766,54.88322,66.7858636155055
"1194","Mason Englert",28.179660346781,11.1059379138004,0.654102608451091,2.44074071770489,18.3071118498667,58.9004333712357,2.77151044001033,62.88808,59.5857,139.456469142274
"1195","Mason Erla",5.43136993668844,0,0,0.813410524602316,3.7198987089071,5.98757080165634,0.42132298575973,9.740152,11.01998,8.82123314168719
"1196","Mason Fluharty",19.7415442618165,1.15780853479817,0.0126509989832639,1.93104889049142,18.3932921196331,46.7438581921139,2.51997885802237,45.32908,39.25952,89.1519295484223
"1197","Mason Green",9.39431798006188,0,0,1.21534513946037,8.59526479514533,11.2565439607909,0.832367616893217,15.739946,17.4276,12.8989261603875
"1198","Mason Hickman",4.45194106856595,0,0,0.813032235377752,4.75385495639705,7.76263964720966,0.421472878431363,8.706554,8.6041,10.8373458397879
"1199","Mason Miller",16.4566558517231,1.36447812402195,23.1797947721662,1.64302788391634,19.5303946121578,74.0545741068428,2.57054009890263,51.540299,31.11729,265.597429330086
"1200","Mason Montgomery",26.75435685418,12.0143100284214,1.95108082638999,2.82437943146238,26.6691877358409,70.0418777952133,2.98776459191727,64.33152,56.46966,160.499670860715
"1201","Mason Thompson",3.44686633713012,0,0,0.410845427703324,3.52982802621477,5.63163466966224,0.421922556446261,6.788441,6.7984,8.79715122667311
"1202","Mason Vinyard",5.23236996359432,0,0,0.811603142751624,4.75248738538095,7.76976534067985,0.421879729968652,9.12334,8.79772,10.3453912025443
"1203","Matt Bowman",8.21712655190122,0.242792730054485,0,0.828949922090466,5.65789082160678,12.6859398250682,0.799864866718672,15.87288,16.26354,22.3763112490243
"1204","Matt Brash",21.3119270898206,13.8584682845127,3.46290937977374,2.68927614290871,24.6956886147962,72.0016040511784,3.38604385325948,60.88616,49.18414,184.581420145337
"1205","Matt Cronin",3.25466632116089,0,0,0.410803395567261,3.32707393347282,6.21353982394881,0.216068335678046,7.041416,6.59634,10.5155711283758
"1206","Matt Festa",26.2035692820554,12.1273511737523,0.407633766548882,3.04735901617764,21.3980870504985,56.5617854396822,3.09820098012629,57.25252,51.67078,129.237894933219
"1207","Matt Foster",3.26272607826995,0,0,0.212168871689709,2.30150411412572,6.40995642183065,0.42200820940148,7.157794,7.00102,12.4750408265886
"1208","Matt Gage",24.667175293176,9.10522959849866,0.0695700004879023,2.29375122582155,19.7675759318447,46.2498546001085,2.38738635260564,54.22364,54.0103,104.554127534917
"1209","Matt Jachec",4.43050640563652,0,0,0.410824411635293,3.51377917811408,7.38051489582297,0.6278838434085,9.66695,10.0005,14.4401917699823
"1210","Matt Krook",6.40077572163561,0,0,0.810594371486122,7.39278395299284,10.9009860080592,0.628290694945789,11.765406,10.98894,14.6493212587145
"1211","Matt Manning",8.58804807071623,0,0,0.614860064996889,7.56955419642891,12.0487441912077,0.628868852393515,15.022178,15.0072,17.3904454281396
"1212","Matt Merrill",3.8562689244377,0,0,0.612464233241321,4.76517763995681,5.82944455956338,0.215789963573585,6.27853,5.99612,5.39785053139571
"1213","Matt Pushard",19.8234145976972,4.15642919879097,0,2.5128970012596,15.8913967657653,36.1323770000761,2.42739818519355,41.70044,40.39818,73.4391518043663
"1214","Matt Sauer",10.741707905559,0,0,1.01145659857499,6.53844049218978,15.5678220114247,1.03999913648222,19.505538,20.2008,25.9188647839313
"1215","Matt Seelinger",5.41914671389043,0,0,0.811014692846748,4.73066658313879,9.14639328461929,0.627862430169696,10.413322,10.3916,14.0594947483455
"1216","Matt Strahm",25.7250622167536,17.3104366965274,1.78716493127502,2.57544259914688,19.2515911372521,67.9577259283914,3.56051894895316,63.22856,53.5026,178.965941106674
"1217","Matt Svanson",27.0213788255576,13.0242719196856,7.20279702044767,2.72679687939296,24.1761174903088,61.8521017284008,3.18679601772425,65.99056,60.21814,184.369293805249
"1218","Matt Turner",6.00552645598762,0,0,0.411307781200012,5.35141842479604,8.53964772404558,0.217246063812303,10.749622,10.59674,12.4411789524989
"1219","Matt Waldron",17.15105233208,0.00754999370284866,0,2.51833784093609,10.0190105814036,24.7761482551627,1.49507493484623,31.42792,32.11428,40.593087184825
"1220","Matthew Boyd",69.9739278616112,0,0,8.75675988672595,46.2679554681769,144.653596302205,10.3153203821859,160.0688,146.884,294.877306101725
"1221","Matthew Liberatore",71.6798184852869,0,0,10.0035367273732,46.3344782741237,121.938803535932,8.06458069196731,147.8554,147.5912,224.341776220422
"1222","Max Alba",9.76991779266748,0,0,0.815112826112851,5.12090384043643,11.2385306853984,0.422500713893988,17.63809,19.21904,19.4877970351893
"1223","Max Fried",66.7867313229373,0.0410463189761097,0,8.40301948662067,54.3493290899253,171.060634634534,13.4194343871246,181.4504,158.389,379.214965337694
"1224","Max Kranick",4.23827687139973,0,0,0.210634698723424,2.4902003812757,6.39906883990833,0.422051035879089,8.577622,8.60132,12.9866933901445
"1225","Max Lazar",20.4069607892271,1.1078233047233,0.0143718142938061,1.85654519740975,12.6095835758566,33.1341708827948,1.94450146536192,41.26008,41.5611,64.393223945304
"1226","Max Meyer",57.6576892928544,0.69519567227919,0,7.59471653433187,40.3886812960087,111.253218296554,6.64099787829594,121.9096,119.2788,201.482112447323
"1227","Max Rajcic",13.1275005284784,0,0,1.41614431834514,8.57014573339375,15.5255455507244,1.03976359085537,23.815822,25.22008,26.1750233053944
"1228","Max Scherzer",47.7350557716649,0.717965586582496,0,5.96108880946436,27.6301952784737,93.7340308206928,5.58005491965082,97.13588,91.09674,171.618487392427
"1229","McCade Brown",24.1080379573936,0.749035478394427,0,3.10844410834761,17.8311548564333,38.490507541486,1.66372196250307,41.45792,42.71416,52.7115034353653
"1230","Merrill Kelly",73.0064564573818,0,0,8.68046954044566,47.9460379804406,139.716685328321,9.67270358898675,158.1312,153.0342,269.101602530199
"1231","Micah Ashman",4.82442384803545,0,0,0.810447259009903,3.71898043186364,10.7095852614469,0.834359048102052,11.064248,9.79498,20.7873447116966
"1232","Micah Dallas",5.23417338990878,0,0,0.811666190955718,2.90758794551059,6.77408780199654,0.627733950736868,9.697154,10.61244,11.5093105962307
"1233","Michael Arias",5.62115037346115,0,0,0.61147647804385,6.17796801583075,9.14665730942188,0.628119389035352,9.849202,9.19062,12.1166603686518
"1234","Michael Cuevas",8.97926948185717,0,0,1.21156224721473,7.36941457768834,9.11037200440471,0.833374039117037,15.169626,16.811,11.7239200468066
"1235","Michael Darrell-Hicks",9.1647413167999,0.771882096778481,0,1.02898988714664,6.42826157907492,14.2925290043474,0.819545707770855,18.045966,18.588706,26.208852626478
"1236","Michael Dominguez",7.813082079866,0,0,0.814881649364507,7.78959077344459,11.077608496236,0.421258746043316,13.44363,13.20588,13.999617756417
"1237","Michael Flynn",3.65487450316177,0,0,0.411602006152451,3.12217434980034,5.8299620680277,0.215918443006413,6.559264,6.19508,8.48938358561175
"1238","Michael Forret",9.37150089269612,0,0,0.815112826112851,7.36102130501925,15.9562364810699,0.834551767251294,18.907438,17.80312,28.8102852729354
"1239","Michael Fulmer",9.67833979895847,0.850171332240765,0,0.78679671675217,8.8441107901246,22.3251038194474,0.984314565626258,21.94384,20.00406,42.0471517936356
"1240","Michael Gomez",5.23366130589357,0,0,0.612947602806041,4.94444853388966,6.57785034166004,0.421515704908972,9.349006,9.4094,9.4208334001891
"1241","Michael Grove",6.19557406702915,0,0,0.409605479689477,4.10713937677241,11.5194258585643,0.629382770124828,12.288884,12.18206,20.1452849286043
"1242","Michael Hobbs",5.03230938961494,0,0,0.411076604451668,5.36978007682101,8.55137128117949,0.42168701081941,9.698906,9.19242,13.0424912378641
"1243","Michael Kelly",29.5356218598475,11.05450789296,3.06308190012114,3.10909314757951,24.7302315662568,48.5732997904547,2.98102164308933,56.14624,55.60482,114.774006782048
"1244","Michael King",63.6602121769271,0,0,8.42329376066554,53.7632695930742,157.962252950979,9.65381026956578,151.781,133.7384,300.944192021851
"1245","Michael Knorr",5.22857082645376,0,0,0.81137196600328,4.73915356797399,9.92696947876074,0.627948083124915,10.647428,10.19674,16.1093704921225
"1246","Michael Kopech",23.8377946614656,1.23158108856474,0.0800247376776822,2.79476868768084,27.4869313232756,52.5346792427721,2.90111306860183,48.68208,40.32666,86.1677132239251
"1247","Michael Lorenzen",82.3130323860226,0.0153294134912673,0,10.4643630924422,52.861070590591,110.296403765598,6.30298527101717,140.5194,153.2462,152.829171587094
"1248","Michael Mariot",9.17995143841629,0,0,1.01158269498318,5.31236220548334,9.68453443589826,0.833288386161818,16.207808,18.21588,16.0632247359396
"1249","Michael Martinez",5.04326151058861,0,0,0.811708223091781,4.35565360906449,6.79042912696587,0.421237332804512,8.247048,8.00234,8.30611471614963
"1250","Michael McGreevy",64.4934953606645,0.712699572572945,0,8.34882738682946,32.9187877951235,96.5518476168959,8.20382231261426,140.4186,145.9692,211.068058097159
"1251","Michael Mercado",7.40077093631389,0,0,0.811350949935248,6.36498177507534,10.8855204666448,0.627519818348821,12.705262,12.60008,14.8670405557689
"1252","Michael Morales",11.9381458789055,0,0,1.21481973775959,7.55008642078798,13.3903606971191,1.04098414546724,21.844362,23.21244,23.9369573339354
"1253","Michael Petersen",15.2710140878661,1.02686876389257,0,1.05139858008474,12.8518372569869,29.8842609996489,1.15892036363283,31.23932,29.8751,52.6020366618111
"1254","Michael Plassmeyer",9.76417759398307,0,0,1.41431592042642,5.52005042067719,14.578832274434,1.04154088967616,18.695342,19.00758,25.8633226042902
"1255","Michael Prosecky",13.1455671763828,0,0,2.01793238902657,10.2072765127164,15.5403144461291,1.03830749061665,21.177668,23.03186,17.5837977838272
"1256","Michael Soroka",44.1366335325779,0.994171879419348,1.63913450709059,5.18474223203248,35.915881415766,96.6667790797093,5.36399474325696,96.98648,87.1553,186.824291915528
"1257","Michael Stryffeler",3.65328967397633,0,0,0.411034572315606,3.73958770927123,6.02271629831592,0.215811376812389,7.054692,6.99696,8.7532188500856
"1258","Michael Tonkin",17.5391068508614,0.177093441914002,0.00510331732948273,1.70234626955832,12.5086889505384,32.2413468001951,1.8795658081352,35.23336,34.08518,57.0034866955631
"1259","Michael Wacha",79.9619858433169,0,0,10.3847140895405,48.0082990385659,123.438611896497,9.46673157147168,161.2758,162.2494,235.24837613516
"1260","Michael Watson",6.20717388319993,0,0,0.811161805322967,5.96657931435805,10.1125131283215,0.421794077013433,11.357998,10.59212,14.4347245909445
"1261","Michel Otañez",10.3387735406977,1.04515552204577,0.00824030121897148,1.21022861779757,13.2510303154342,27.476356618392,1.32765938619495,22.90424,18.43122,46.1956533085436
"1262","Mick Abel",61.8198376559593,0.732393509930807,0,7.53631414703426,55.3678393989646,112.799707063528,6.59751072866086,121.9674,117.2622,182.019372535759
"1263","Miguel Castro",7.26812680261045,0.175350616452816,0.0169465449932931,0.960184032544562,6.13340425786024,11.9320058933988,0.800316114035188,13.82921,13.2025,19.663176151171
"1264","Miguel Cienfuegos",8.77599876855711,0,0,1.01288569120112,6.34376431298734,10.0684306585666,0.834401874579661,16.179922,17.61752,16.7379471752222
"1265","Miguel Díaz",5.22207768210271,0,0,0.610824979934879,4.53247776423,8.55391901515766,0.627969496363719,10.694158,10.39614,15.2979089195799
"1266","Miguel Gomez",4.4784182357205,0,0,0.615190813094834,4.18765650005361,4.80086549344184,0.214217011175664,6.564404,7.02398,3.5236569181089
"1267","Miguel Mendez",10.3665068303091,0,0,1.61595574203245,9.20350738427296,13.4173507539503,1.04004196295983,17.626184,17.20276,18.0047941509138
"1268","Miguel Ullola",12.8749018914171,0.346677926634607,0,1.4932211286621,15.127459197677,28.4555833639746,1.61292739732537,27.03268,23.04448,46.5646487740591
"1269","Mike Burrows",59.657910537953,0.707194393895403,0,7.1794656270772,44.9730884614558,128.248240448405,6.91241905143267,129.7362,118.4302,235.618026547544
"1270","Mike Clevinger",21.4089891026705,0.609637596848745,0,2.52100524348118,15.1458336323285,30.5586956654778,1.80145065737354,39.77954,41.30118,50.4124898492906
"1271","Mike Paredes",8.9772685413334,0,0,1.01259146624868,5.73318880859695,12.4209314903435,0.833374039117037,17.969964,19.01664,23.2680227448164
"1272","Mike Vasil",39.3476708946463,13.5972198288723,0.943401555400057,3.66138704915033,33.1282109551425,66.4967414232077,3.62881932120463,81.83156,78.81716,153.197020657626
"1273","Miles Mikolas",76.3807989921995,0,0,10.2206715438857,32.6368559783638,90.8135591297523,6.62765617082454,139.7298,153.2298,164.188674420867
"1274","Misael Tamarez",8.58049314387721,0,0,0.811413998139342,7.57133083874071,12.2410950674914,0.627434165393602,15.645184,15.60356,18.4728102755048
"1275","Mitch Bratt",13.8223695833951,0,0,1.61381489675311,7.64513750783815,26.4106216698676,1.60298996331867,31.04592,31.04114,53.1957151283705
"1276","Mitch Farris",20.2306434720842,0.0119290353611602,0,2.77857094929523,16.0352474203623,33.2953431253072,1.57492751069117,37.1051,36.97176,48.7589199542908
"1277","Mitch Keller",83.3009750789033,0,0,10.8909445331444,52.2404685179526,151.07673008438,9.76394784805347,173.282,173.4588,276.367518038439
"1278","Mitch Myers",9.17930779131416,0,0,1.01286467513309,4.51115290092339,10.6530029718616,0.833973609803568,17.5103,19.4224,20.5339523576509
"1279","Mitch Neunborn",9.5847724246491,0,0,1.41547180416814,6.55635969476836,11.4436055979717,0.833545345027474,15.972472,17.21542,15.2558441356238
"1280","Mitch Spence",20.234624331494,1.05115524469548,0.000491897031292916,2.02073884901452,12.2092978521752,31.699163733742,1.8177792156535,40.59264,42.09368,60.4037079264042
"1281","Mitchell Parker",30.8044275326303,0.661157762177339,0.0294104875069619,3.94039475465498,20.9034558969662,44.3922860137181,3.13617456921924,59.66308,61.67946,79.0506826425094
"1282","Mitchell Tyranski",5.03459656327974,0,0,0.811329933867217,4.96055771600576,8.35194915337029,0.627519818348821,9.51938,8.99602,12.5166980797682
"1283","Moisés Chace",7.60665790057499,0,0,0.814965713636632,7.79294936696941,13.4348266167068,0.628826025915906,14.18494,13.19484,19.4162620731459
"1284","Morgan McSweeney",5.84003779475679,0,0,0.61567969165011,4.73279838501683,6.76051842746455,0.422051035879089,10.761738,11.61952,10.6260811413921
"1285","Nabil Crismatt",11.5432658323457,0,0,1.41465217751492,5.72112200551373,13.7743312659039,0.834187742191615,21.593796,23.02446,25.5626767250521
"1286","Natanael Garabitos",4.85287588361609,0,0,0.812002448044219,5.38253066541228,5.01893776174891,0.215019086976616,7.281934,7.6112,2.97129060696925
"1287","Nate Ackenhausen",4.63923192692477,0,0,0.411602006152451,4.5472527534807,6.98913470459372,0.216111162155655,8.416562,8.00122,10.0209024092699
"1288","Nate Garkow",4.4316115355666,0,0,0.410404090274667,4.34004721041019,9.36751623015675,0.422393647699964,9.341136,8.17956,16.032073063464
"1289","Nate Lavender",3.6424185149023,0,0,0.411686070424576,3.92965839196357,7.99379429528616,0.629746795184507,7.492308,6.38296,13.3093843230379
"1290","Nate Pearson",23.5653454871433,3.83057021924117,0.00806764653438925,2.19556671994584,21.6173208935693,48.4068613646444,2.2555562752192,48.32748,44.04842,88.4143272784896
"1291","Nate Peterson",9.18792416148324,0,0,1.41492538639933,6.56046240781666,9.88542947241359,0.833202733206599,14.25475,16.02038,10.529543435245
"1292","Nate Savino",7.40143482389093,0,0,0.611266317363537,7.79661647509758,8.13377729581551,0.421579944625386,12.808394,13.41364,10.1664604274598
"1293","Nate Webb",4.64727549165391,0,0,0.411454893676232,4.35275757632451,5.61284513157325,0.215383112036296,8.054286,8.60714,7.12911100866106
"1294","Nathan Eovaldi",62.955762237803,0.0397710808337786,0,8.06874772485883,39.5477097691951,146.241916833998,9.66666062961652,151.9918,137.5654,302.46805056038
"1295","Nathan Wiles",9.55960541814631,0,0,1.01093119687421,4.9041454115917,14.9757856337405,1.24578911753402,20.222934,21.40488,30.6860672271758
"1296","Nathanael Heredia",4.64679984049353,0,0,0.411454893676232,5.18318865568433,6.20139827920911,0.215383112036296,8.101348,8.00202,7.63449037925785
"1297","Nelson L. Alvarez",4.44023397787815,0,0,0.611077172751255,3.93263487005743,7.18517312321317,0.627691124259258,8.24881,7.99846,11.1532682004155
"1298","Nestor Cortes",12.5398553400893,0,0,1.60840705523435,8.39860197605503,23.9906778990395,1.6625352686692,26.66586,24.79936,45.8188416696756
"1299","Nestor German",11.1477473683814,0,0,1.21456754494321,7.5558985976064,18.2899928536717,1.04119827785528,21.630894,21.41162,31.5729229851266
"1300","Nic Enright",3.64507204116297,0,0,0.410446122410729,2.70547741559976,7.01437319431494,0.422350821222355,7.89979,7.38796,13.3539710940125
"1301","Nic Swanson",8.20110549597121,0,0,1.01528152295669,7.36576758089865,11.0598937834191,0.628333521423399,14.871504,15.41458,15.7179512075114
"1302","Nicholas Padilla",4.83370410578157,0,0,0.611098188819286,5.15845170936372,7.1830433768408,0.627669711020454,8.437398,8.19892,9.50360050031627
"1303","Nicholas Regalado",5.82829308961146,0,0,0.812801058629408,5.56298812831498,6.77729237364095,0.421515704908972,9.578494,10.00868,7.50194935866218
"1304","Nick Anderson",17.6381845854851,0.878534272913799,0.00806920968037473,1.53667779332886,13.4655955304249,30.5085640455435,1.57767327199333,33.86304,34.11736,51.1177648957068
"1305","Nick Burdi",6.2799022153743,0.856741335275714,0,0.352420315307386,6.91742574676557,14.5977331082804,0.65247172564911,13.550718,11.6743,26.4119424220011
"1306","Nick Davila",6.60356791728301,0,0,0.810762500030372,4.11128231249765,8.14560564437837,0.628097975796547,12.64566,13.4029,14.9959384488471
"1307","Nick Dean",7.01064976456324,0,0,0.814545392276006,4.72030239929944,11.0675369853536,0.835172751176629,14.180864,14.21,20.6997817747289
"1308","Nick Dombkowski",8.1982799256738,0,0,1.01463002484772,5.74429026743351,11.2450393495457,0.833673824460302,16.26868,17.2174,20.3309168299898
"1309","Nick Frasso",8.38544815958047,0,0,0.812464801540907,6.3533574214385,12.238567237685,0.628826025915906,15.405944,15.60774,19.3571279458355
"1310","Nick Fraze",6.42309691736608,0,0,0.61536445062964,4.73348217052488,8.51652434709547,0.422051035879089,11.910838,12.21944,14.0632955123373
"1311","Nick Garcia",7.19823697630054,0,0,0.811224853527061,5.95292371553554,8.73742307617376,0.627626884542844,12.855062,13.59914,12.9868754700687
"1312","Nick Hernandez",7.99558195221624,0,0.0106086341225365,0.897387202147067,6.73666474061295,16.056932430865,0.942249112684203,15.377528,14.174406,25.4300487775065
"1313","Nick Hull",7.00308674153426,0,0,0.612043911880695,5.95517618544441,9.70545372035961,0.421965382923871,12.970628,13.2039,15.071930993933
"1314","Nick Jones",5.82038108796924,0,0,0.612821506397853,4.73840944845053,8.14806849109929,0.421579944625387,10.141082,10.40674,11.4029197431654
"1315","Nick Krauth",9.18815287884972,0,0,1.21200358464339,5.9443494408202,8.11895395846614,0.627005900617509,14.79053,16.02444,10.9754533918947
"1316","Nick Lodolo",66.9353541677417,0,0,8.65934733058462,40.8023069148443,151.71320998445,8.87680623850017,149.1628,137.7382,287.225312549954
"1317","Nick Margevicius",6.60405368868085,0,0,0.812843090765471,3.28692485735639,9.11907539800998,0.629040158303953,13.955078,15.21106,18.9106112983689
"1318","Nick Martinez",69.6213323699112,0.803511838216325,0,8.30136684728202,38.9190632229856,110.508918942314,8.09758803449026,142.5144,144.3766,216.713257030355
"1319","Nick Mears",27.5876409403647,12.5818457090257,0.0456130166950623,3.08201175202513,23.137462837652,54.8085319604803,2.92658160883473,57.76668,53.95614,120.920583457245
"1320","Nick Merkel",5.22215661995486,0,0,0.610972092411098,4.32938820102001,9.33198728366435,0.627819603692086,10.507826,9.99748,16.1179788652966
"1321","Nick Mikolajchak",3.66273995171169,0,0,0.411454893676232,3.53545920098694,5.02228166259525,0.42132298575973,6.888938,7.0092,7.83869274235192
"1322","Nick Morreale",5.8247854153096,0,0,0.611350381635662,4.12294688881143,6.97086267496905,0.627412752154798,10.807626,11.81008,11.8432676965767
"1323","Nick Nastrini",10.5801629312854,0,0,1.01570184431731,10.637434776881,14.1959312603509,0.833673824460302,16.686458,16.20806,15.885428581185
"1324","Nick Pivetta",73.2917953410811,0,0,9.28385816785016,50.8073189939919,181.408791090994,10.2140555817709,167.847,144.4576,344.961676242681
"1325","Nick Raquet",17.0415332152744,0.934908183953451,0,2.45299911714365,12.8783967174146,28.4704650972497,2.60909322255598,35.76512,36.01278,54.9735865280179
"1326","Nick Richmond",3.66020989234798,0,0,0.611455461975818,3.12804686063418,4.24059610540879,0.215490178230319,6.090174,6.41096,4.85976089258766
"1327","Nick Robertson",5.61948458237608,0,0,0.210193361294767,4.94121060839567,8.94804598208212,0.422522127132792,9.97389,9.99658,13.1176137406103
"1328","Nick Sandlin",18.3371643390706,1.63814683154941,0.00849517738238964,2.23315634293915,16.9759918857775,38.006960798724,1.9271924382724,37.80072,33.13722,67.3284219754827
"1329","Nick Sinacola",7.99415506433254,0,0,1.01339007683387,5.32593735895197,9.69490450935627,0.627819603692086,15.054864,16.4144,16.3597080754556
"1330","Nick Vespi",4.44209205347487,0,0,0.410866443771355,3.72898903389646,6.1919238934778,0.216004095961632,8.035786,8.4121,8.88428405701215
"1331","Nick Zwack",7.40587676568882,0,0,0.615154289949327,4.92475953352554,9.49713442779853,0.62856906705025,14.030988,15.21592,16.6644949170972
"1332","Nico Tellache",8.1797781075588,0,0,1.2133486129974,5.12048150232852,10.8658206072279,0.835729495385551,16.166956,17.20562,19.9257926545581
"1333","Nigel Belgrave",6.00755455157358,0,0,0.811266885663123,5.75848887239477,12.4655765474765,0.833695237699107,12.576694,10.9894,21.4775172760066
"1334","Noah Cameron",69.8658235024344,0,0,8.82483459332776,46.9912223101699,122.196322311489,8.44950248276841,144.8844,143.285,226.090988775332
"1335","Noah Davis",7.98071015929479,0,0,0.811098757118873,6.3467407910812,13.2309406838653,0.627776777214477,15.378868,15.60106,21.0916796143858
"1336","Noah Murdock",5.22550439450494,0,0,0.611140220955349,5.57567838289084,8.34960046110916,0.215811376812389,9.749118,9.5999,11.1797096009225
"1337","Noah Schultz",16.9146925164859,0,0,2.06167661425649,15.1789062362093,27.7560966399139,1.5249284501027,32.80868,32.16904,43.9313090424252
"1338","Noah Song",8.09863820042926,0.3084208769628,0,0.735114006271985,7.19679431153128,10.9117563418203,0.490433795728572,13.94,14.7181,14.7470669622693
"1339","Nolan Clenney",4.64014072424822,0,0,0.411139652655762,3.92457022333014,6.3904304293886,0.421622771102996,8.740778,9.00838,10.4204989944565
"1340","Nolan Hoffman",11.5695423908589,0.948133593610727,0,1.33384846169075,10.0469481970993,21.4399650953217,1.26453774482677,22.86648,21.88888,36.722137869998
"1341","Nolan McLean",62.2695316473723,0,0,8.03522572035039,57.1076890910736,143.629943434126,10.2282972503997,148.2076,132.3998,278.592334108407
"1342","Oddanier Mosqueda",6.01106020182795,0,0,1.01116237362255,5.75804642294838,10.8858588375638,0.833716650937912,12.302608,11.39682,18.2618045655903
"1343","Omar Cruz",8.36871940706756,0,0,0.810699451826278,8.79123494453622,14.8086228976938,0.834080675997591,16.238022,14.9838,23.056977587365
"1344","Orion Kerkering",23.9439251760928,13.6099507982012,1.36427227908681,3.07584869051532,22.2753157182423,68.1240578508314,4.43354816545444,62.92312,53.17804,170.308873722118
"1345","Orlando Ortiz-Mayr",11.1652828733984,0,0,1.41694292893033,9.8056361265051,12.0140857576999,0.832924361102139,18.475104,20.02044,14.1147187487416
"1346","Orlando Ribalta",21.1748034849759,3.71348331810355,0,1.58976794579696,20.4750930792056,37.434223611464,1.60063190279498,40.37492,38.43484,64.7481381125098
"1347","Oscar Rayo",8.38717787774046,0,0,0.812359721200751,5.334545011818,9.48552502512441,0.422179515311917,15.505564,16.4156,16.6973558460478
"1348","Osvaldo Berrios",6.41886058596747,0,0,0.812843090765471,4.53146535278015,8.72824198244758,0.833523931788669,12.225268,13.01368,15.0625411397789
"1349","Osvaldo Bido",16.1624008966856,0.727555867272609,0.000285203279731006,1.86297640792867,13.5173240034293,28.1755434477741,1.5101917770845,31.52764,30.18552,47.4817861402292
"1350","Owen White",9.76165360676183,0,0,1.01124643789468,7.76521583121648,11.6500738025642,0.627712537498063,17.137092,18.4082,16.5975589570309
"1351","Owen Wild",11.7446330985594,0,0,1.41578704518861,7.15039683440849,14.5770010906372,1.04012761591505,20.40738,21.6091,22.7990592005627
"1352","PJ Poulin",26.8420044354167,14.2148720802756,2.15022019874415,3.03287489110446,25.1462070033884,57.5525212499164,3.11507198798942,59.3694,54.8345,141.341244723736
"1353","Pablo López",11.5052579294022,0,0,1.41280276352817,7.53553950078673,27.6660981982563,2.07261070557683,28.46,26.38986,57.4297987227624
"1354","Parker Dunshee",6.60763911923216,0,0,1.01130948609877,5.34542524593137,8.35405899557095,0.421708424058215,11.157008,11.79808,10.2870973870942
"1355","Parker Messick",54.9613768843172,0.0480923600526382,0,7.65154715560502,40.7807772021327,110.946683430447,6.93300815459752,120.9474,116.3992,205.34525917777
"1356","Parker Mushinski",5.03566930844996,0,0,1.01156167891515,4.94805530800241,8.74547899514361,0.627369925677188,9.549968,9.41186,12.1957455637654
"1357","Pat Gallagher",7.39329123838994,0,0,0.811077741050842,5.33018085136957,11.0739607622436,0.834251981908028,14.423996,14.6033,19.6722339158086
"1358","Patrick Copen",12.3342906159893,0,0,1.21439941639896,13.4661862755812,18.4888377605014,0.835472536519895,20.714482,19.8023,21.9373624931834
"1359","Patrick Corbin",53.1412066606423,0.038176566035666,0,7.05744702129854,33.3801164333458,77.8116933497424,5.2732011730084,97.03234,104.68734,121.066705030603
"1360","Patrick Halligan",6.01968466818699,0,0,0.611203269159443,4.74223060276021,8.93393392434368,0.62756264482643,11.385866,11.80402,14.5386307365435
"1361","Patrick Monteverde",9.76158799479733,0,0,1.21128903833033,6.73697120385259,14.1942792140994,1.03957087170613,19.484974,20.80204,25.2435776874037
"1362","Patrick Murphy",3.06061654743235,0,0,0.411262852497642,2.71857497505365,5.04090188607669,0.422058216227336,6.059975,5.90273,8.49987954361774
"1363","Patrick Sandoval",38.5318775486157,0.784540322220706,0,4.31454814946403,35.890966416507,78.9164820796919,4.82566595520467,85.63788,82.42878,143.037936821876
"1364","Patrick Weigel",4.05848510899497,0,0,0.811750255227843,3.52450536604593,6.80318770102841,0.627091553572728,7.413024,7.01366,10.0178067136823
"1365","Paul Blackburn",34.2913210216345,10.773075314424,0.0021562869401488,3.69275927428239,22.2023136071693,55.9811581825317,3.11738603175521,67.59124,68.22664,120.149468110588
"1366","Paul Gervase",14.7904932105668,0.722585057387155,0,1.72464167493524,14.7473283222693,31.1473591310767,1.55577664204869,29.23124,25.67566,49.9445444366751
"1367","Paul Sewald",25.2593922204892,9.34407283327486,9.72217482201848,2.35963603998057,17.3178462413898,51.3330112101135,2.37600951473429,51.38064,46.86672,158.103347253895
"1368","Paul Skenes",57.9586135798677,0,0,7.59396614305097,48.024970221239,221.638451364686,13.3212466813762,186.6064,147.6458,481.324215060362
"1369","Paxton Schultz",24.6756770146922,0.995774800202763,0,2.85117616741981,19.7713533419072,45.2573670844986,2.19159844289609,49.74972,48.42932,77.6268938645651
"1370","Payton Tolle",20.9305004684561,0.713463878001486,0,2.04412358756352,15.2801754396563,48.6136977167315,2.58868032094875,46.7331,42.7237,91.4641625629363
"1371","Pedro Avila",21.7048449361401,1.03401652081716,0.000336905896346546,2.60332277119828,19.3757249047855,38.6874622998978,2.37058325058472,45.15582,44.19974,68.7740060527211
"1372","Pedro Santos",4.84472909246491,0,0,0.411770134696701,6.19838102437986,6.99504624358993,0.215383112036296,7.80938,7.59612,6.54645298895943
"1373","Penn Murfee",4.24660059712741,0,0,0.611497494111881,3.52535004226175,6.39502829305233,0.21544735175271,7.7622974,7.60898,9.26228897181741
"1374","Pete Fairbanks",23.0887460574934,3.89631107028441,26.4186881990065,2.86393286350025,21.2342719122772,61.3881684116638,3.50855646746455,59.576,50.98066,262.89905472793
"1375","Pete Hansen",15.6208894847399,0,0,1.94615411858888,9.30143816583634,20.3432754992443,1.24220857392241,30.230362,32.803666,36.2795872745953
"1376","Peter Heubeck",9.38341646027549,0,0,1.01446189630347,9.0064781784693,13.0342108898067,0.629404183363632,15.71139,14.99822,16.6267343649067
"1377","Peter Solomon",7.5949487858397,0,0,0.811077741050842,6.75344239006119,11.4788412524589,0.833716650937911,14.257964,14.4006,17.9540711104925
"1378","Peter Strzelecki",4.24717458417005,0,0,0.411286765131981,3.51937697473556,6.40318900345114,0.421472878431363,7.878666,7.80196,10.2438730869742
"1379","Peter Van Loon",6.01754524998903,0,0,1.01154066284712,4.73114925526212,9.52963794019186,0.833952196564763,11.554294,11.60156,15.469543252387
"1380","Peyton Alford",5.02243406190647,0,0,0.810720467894309,5.14467544251038,9.34474058715645,0.628140802274157,10.116774,9.18456,14.9557996895928
"1381","Peyton Gray",13.0525755080569,0.403137679281601,0,1.94014023477138,10.4371353933897,27.4740483422098,2.12951533073178,28.22476,26.257342,50.5337254831903
"1382","Peyton Pallette",23.4343560920073,2.49078795397425,0,2.15179233595041,21.1055138806335,47.1577364701298,2.05188658417784,48.24072,44.10384,84.5835948098851
"1383","Phil Bickford",5.02893732649498,0,0,0.611098188819286,3.71684862998561,9.33709738522195,0.627691124259258,9.973698,9.19272,16.3239339731263
"1384","Phil Maton",25.3214692195849,15.2807832879827,4.67198479194577,2.81604182706051,24.1182103049121,68.0938632868295,3.52371619643348,62.56556,51.98878,184.377453817188
"1385","Philip Abner",12.6929680096669,0.78122040584486,0.00353385623422737,1.28938742996515,11.0769988909463,25.4424941373318,1.31148810529547,27.79192,26.71164,47.267990670573
"1386","Pierce Johnson",27.6667046606861,12.1592768176687,1.09321858535919,2.90221960790399,23.5962091478313,62.6478676945154,3.0712356964831,57.77832,53.12962,134.046267964603
"1387","Pierson Ohl",17.8515388541291,0.566511698925145,0,2.06320828737366,7.25648244416303,29.9196753487456,1.8264560669812,36.79644,39.59948,58.4094741533899
"1388","Po-Yu Chen",12.1492091750458,0,0,1.61654419193733,8.98477804425797,14.3529522318592,1.24527519980271,22.411206,24.2245,23.3363358532403
"1389","Porter Hodge",15.9909310660275,1.8033915386494,0.091376929082589,2.00669567508191,18.8967145628773,41.1855806469378,2.13059514372442,36.73584,29.98716,74.8388306120022
"1390","Prelander Berroa",16.9154950596341,0.935972824706394,0,2.0080144042601,20.1064397916145,36.5789931992089,1.51098826997103,34.93148,30.93392,57.3799766691609
"1391","Preston Johnson",5.43600095734779,0,0,1.01296975547325,5.57314435424336,8.3581645255125,0.627369925677188,9.797358,9.59982,10.9340725969815
"1392","Quinn Mathews",22.1537304057889,0,0,2.90795697852286,24.6217967675283,42.0973709161626,2.32206724869415,45.5867,42.867,65.8894338773989
"1393","Quinn Priester",62.3020725153108,0,0,7.70988965333843,44.557324384558,114.835637346791,8.62633842463542,137.8456,132.9788,228.065065474206
"1394","R.J. Gordon",12.7207405047492,0,0,1.41376950265761,8.77091564815322,19.4697862121235,1.24778054874286,23.846154,23.79826,32.6656136466423
"1395","RJ Petit",12.1443851259582,0.910362132037817,0,2.23177140939251,8.98124935870957,20.039784981685,1.43015234278065,22.97448,23.8367,32.0739915019111
"1396","Rafael Montero",16.0170460974395,1.22860604223839,0.023227098827356,1.32613975923663,16.0895610885423,29.7899784748682,1.3852638802947,32.22572,29.63666,51.3984210121766
"1397","Rafael Sanchez",10.1689430884888,0,0,1.01458799271166,5.92832070405799,11.2359431430768,0.834937205549778,18.275112,20.62306,18.8127106877174
"1398","Railin Perez",6.61191997967557,0,0,1.0113935503709,7.19404528341906,10.3008486324914,0.833459692072255,11.842206,11.1991,13.8546136731239
"1399","Raisel Iglesias",25.8551233351196,4.19171997676327,25.9621168567222,2.80230789812431,17.1268826546843,66.5860492170917,3.7479074735697,62.99764,55.50838,271.318683280197
"1400","Randel Clemente",5.03281540148769,0,0,0.611413429839756,6.60114764554558,9.14456210082248,0.421430051953754,9.454974,8.3902,12.0725388965295
"1401","Randy Dobnak",13.3311480384467,0.788669095208581,0,1.53313970219033,10.8480156613635,20.4316063198412,1.2865686339682,28.31868,28.5921,40.3694306355572
"1402","Randy Labaut",4.84304710899991,0,0,0.812927155037596,5.15627968480874,7.3649100252067,0.627584058065235,9.598936,9.80424,11.1444179284534
"1403","Randy Rodríguez",4.41056026005776,0,0,0.610005353281659,4.93023666211619,10.5501904229353,0.628804612677102,10.45428,8.96958,19.2296917594945
"1404","Randy Vásquez",70.847988172673,0.702026376150296,0,8.25347055071745,47.3979215601091,89.7443463155081,6.7364226928212,132.0028,136.5936,158.435205446561
"1405","Randy Wynne",8.59024416224394,0,0,1.01164574318727,3.4849998527606,7.1356966229264,0.421387225476144,14.132762,16.82706,10.8609174102557
"1406","Ranger Suarez",68.7685765494305,0,0,8.75572108277962,47.5159886910538,146.578498923578,11.1885659609669,165.206,159.8728,302.136246890038
"1407","Raul Brito",6.20977073613085,0,0,1.01116237362255,5.55265090034036,9.92846229163857,0.627776777214477,11.571024,11.3971,14.5054707262204
"1408","Ray Gaither",4.2492047038035,0,0,0.411623022220482,4.13911640494295,6.19598434450551,0.215640070901952,8.028238,8.00718,9.2440266293185
"1409","Raymond Burgos",4.03755848198578,0,0,0.610698883526692,2.90784939291073,6.00299126415683,0.422179515311917,8.429514,8.80436,11.127168170845
"1410","Raúl Alcantara",8.97199994571439,0,0,1.21299133984086,7.79839953969534,13.7939368750327,1.03976359085537,17.95482,18.00506,23.5644819459376
"1411","Reed Garrett",3.42553085252775,0,0,0.609648080125127,4.13260033127801,8.4086561385562,0.835172751176629,8.070206,7.36838,14.7182814443257
"1412","Reese Olson",9.55211239433472,0,0,1.2133486129974,7.75294791474854,20.6542570509258,1.24833729295178,22.556284,20.19332,41.3425937074166
"1413","Reggie Crawford",2.25570016505282,0,0,0.211244164696332,2.11187588087976,3.90106101089914,0.0108779253127747,4,3.78434,5.09271232114663
"1414","Reid Detmers",61.9098481360789,0.731061065625502,0.00715160130300851,8.0895915673684,49.7228775041706,149.452756673741,7.67784404600155,136.0514,121.8102,262.928567992445
"1415","Reid VanScoter",9.75263242709455,0,0,1.01345312503797,6.33426491670229,12.0261131479798,1.04222611331791,19.070608,20.61008,22.8458733536483
"1416","Reidis Sena",4.83973171920969,0,0,0.812569881881064,5.367266159512,7.57529935162504,0.627798190453282,8.786456,8.60358,9.91481437083808
"1417","Reiss Knehr",5.61531302049718,0,0,0.611833751200382,5.13132151376495,9.73835531618704,0.422736259520839,10.742598,9.99358,15.2324267780686
"1418","Reiver Sanmartin",13.2976358335743,1.05091833965412,0,1.60250597987018,9.50926560878739,21.3454798652877,1.68993978234797,29.23224,30.63128,44.5830868736156
"1419","Reynaldo López",59.1624936622557,0.754042007121569,0,7.02095358227048,47.240448617475,132.843643841163,8.30165767419856,132.1882,121.133,246.779300097275
"1420","Rhett Kouba",8.59507758765239,0,0,1.01332702862978,7.36826823139543,10.0745014309365,0.627455578632407,15.750058,16.61892,15.3755891242416
"1421","Rhett Lowder",57.8777089186753,0.845770349738476,0,6.5698105886306,36.6960395974518,89.303620735344,5.72879142767832,113.1902,115.661,160.771265678114
"1422","Ricardo Velez",6.21971892954899,0,0,1.01212911275199,4.94424742050494,8.33461261981573,0.627476991871212,11.13674,11.01124,12.5806030984512
"1423","Rich Hill",10.1697871162926,0,0,1.61530424392348,7.76479349310857,13.608930638108,0.83476589963934,17.094708,18.00926,17.218350223846
"1424","Richard Fitts",58.1198747727554,0.790538847556302,0,7.09292103020854,36.6031588072913,90.1673757406859,5.85201749067487,116.685,118.432,168.046738003929
"1425","Richard Guasch",4.44446828522927,0,0,0.811098757118873,4.13581814543353,7.77824451782593,0.627776777214477,8.487694,8.00046,11.8494678421251
"1426","Richard Lovelady",10.6744052884755,1.33738447268195,0.00988443900843956,0.958625072009154,8.02565874050128,20.7806077314704,0.828013485228906,23.40776,22.1206,41.9717863808637
"1427","Ricky Castro",8.98765511061229,0,0,0.81509181004482,5.5329820113147,12.4276046584349,0.628012322841328,17.176156,18.41814,21.6554814514886
"1428","Ricky DeVito",4.84838249818612,0,0,0.411644038288513,6.00672154594824,6.60358643567387,0.215190392887054,7.666808,6.99712,6.51049660255047
"1429","Ricky Tiedemann",9.74506113668695,0.50972153712018,0,0.920815474743147,10.3953779707047,21.5708491794122,1.02745650564791,20.6107,17.99118,36.7589940713835
"1430","Ricky Vanasco",4.62777784217334,0,0,0.610782947798817,4.95243273526306,8.7642884374043,0.628012322841329,9.243364,8.58642,13.7344307678796
"1431","Rico Garcia",26.408287339716,10.6519415299271,0.0370140464192371,2.32818430995225,23.9659037482338,55.8320854983387,2.30661036125216,54.14036,49.73692,113.179572465223
"1432","Riley Cornelio",15.3128137252796,0.0401130128191948,0,2.11743991960324,12.1796855197383,18.9120224680551,1.13217194839762,26.50639,28.60084,25.1347295809849
"1433","Riley Gowens",12.5328019511933,0,0,1.61595574203245,8.77656693426386,20.047113406918,0.8341235024752,23.226122,23.20512,31.1145240911531
"1434","Riley Martin",10.4181308279139,0.567816177520248,0,1.38433339871449,12.8225701941279,23.4379033499839,1.41941071373551,22.75428,19.8109,39.4367984851108
"1435","Riley O'Brien",25.5881884957257,11.2850941654832,13.7592817061246,2.6085416704455,27.7466475170678,63.7956706973522,2.9291340102389,61.42224,53.74622,207.400927730009
"1436","River Ryan",24.8722583715378,0.81962787619168,0,2.335132057296,20.2886234479352,42.3157367496362,2.49066112496934,49.1594,48.01328,73.6978304463554
"1437","Roansy Contreras",10.5482538225902,0,0,1.21122599012623,6.94555116246545,13.2219041899115,0.627798190453282,19.172436,20.40392,21.1263777829198
"1438","Rob Zastryzny",21.0630031396332,3.97171265857222,0.00786695943180086,1.83585130104308,16.5149655721204,41.8179900675978,2.47166144722346,45.3158,42.45132,85.9274786228752
"1439","Robbie Ray",79.0077836830765,0,0,10.0572986222464,65.6403897317786,173.534845300736,9.41036302077898,167.8324,152.0892,299.99301699987
"1440","Robby Ahlstrom",6.60938182412189,0,0,0.611203269159443,5.96915356568247,10.3007889199762,0.627584058065235,12.053038,11.5992,15.7055472838616
"1441","Robby Snelling",34.4982434814669,0.0377626975396567,0,4.77968369947559,26.9839589998758,66.7917021020847,4.60110898649483,76.13988,74.66856,124.280712108393
"1442","Robert Dugger",9.77186897444878,0,0,1.01280162692899,7.56695983376602,11.8466549043901,0.627391338915993,17.044982,18.01468,17.0854025457006
"1443","Robert Garcia",24.7119988825077,6.67013252843957,19.0250488693625,3.18469308988979,21.9363372786335,66.4424674704855,3.92080145505044,61.52808,53.2517,236.352398560849
"1444","Robert Gasser",33.1968734618137,1.00813275810048,0,3.777478461209,23.7611618052301,70.6647950570946,4.27032882393124,75.21226,69.55206,139.596572569882
"1445","Robert Kwiatkowski",5.03492445897328,0,0,0.811350949935248,4.12475690927391,6.19112772660962,0.627498405110016,9.218262,9.6101,9.67350280973868
"1446","Robert Stephenson",21.9940052647516,9.16448965115051,10.5289600649616,2.42767989619109,16.4856692334243,54.2880020085264,2.22873185773664,48.81092,42.41644,168.406525795799
"1447","Robert Stock",7.97106270650801,0,0,1.01002750594886,6.74805255135068,13.4580003431412,0.628933092109929,15.04616,14.9806,20.1635135510966
"1448","Robert Suarez",26.2319871391645,11.7739529642441,9.35369415428146,3.2482881515564,20.3768513500799,67.0134377239975,3.90662847088102,64.17052,56.40882,201.908409434133
"1449","Robinson Martínez",3.65236670832045,0,0,0.210676730859487,3.74511832735104,6.02653789928317,0.21608974891685,6.646666,6.3907,8.53681019140597
"1450","Robinson Ortiz",13.8541571718241,0.621968628474934,0,1.62963341684004,15.2857357187058,28.3554756743491,1.64952009890482,29.90894,26.63534,49.7366162330746
"1451","Robinson Piña",8.57079508990316,0,0,1.21082668483364,5.71983487985152,13.0305684263848,1.04004196295983,17.411936,17.80276,24.2606219229793
"1452","Roddery Muñoz",30.3305547143343,9.10915667894275,0,3.24029471593984,28.0142124867614,59.2026611409533,2.77031387767923,58.75268,54.03158,110.032150906888
"1453","Rodney Boone",7.40666614421031,0,0,1.01551269970503,5.33166224589024,11.4562898259178,0.834294808385638,15.269292,15.61074,21.1459955089682
"1454","Rodolfo Martinez",3.65390093631861,0,0,0.811224853527061,3.53503686287902,5.43808427250584,0.627626884542844,6.8784,6.99826,7.86498959902117
"1455","Roel Garcia III",7.00820876328912,0,0,0.811561110615562,3.91258386560081,8.34449035955156,0.627305685960774,12.484594,13.40538,14.0953801180629
"1456","Roki Sasaki",49.7798435117764,0.979291662133227,0.0555150254643786,5.20824698943538,40.713198125746,104.063775736024,6.44143734520555,106.534,98.1615,189.933929749854
"1457","Rolddy Muñoz",12.8262161868344,0.889790173132322,0,1.02639908111954,13.0290602426144,23.5858909874592,1.21574909867744,26.0686,25.32436,39.9441187525564
"1458","Roman Angelo",12.5427420484215,0,0,1.41585009339271,11.826219797534,17.2972359576585,1.04006337619863,23.03454,23.61426,25.1233186288933
"1459","Roman Phansalkar",5.24077178472936,0,0,0.411938263240952,4.75560464284412,5.9961243249188,0.214890607543788,8.134404,8.41038,6.35771280122164
"1460","Ron Marinaccio",21.1575635615961,1.08318034260682,0,1.94089246215421,20.3651518047598,43.7610983091053,2.18903131136185,44.957,39.82996,78.7844977647823
"1461","Ronan Kopp",11.0005320001106,0.535881978243704,0,0.939699268843066,14.2917387948431,25.3691369000497,1.26673869948921,22.56108,19.057424,39.4279929227651
"1462","Ronel Blanco",15.3262759184791,0.632288054218201,0,1.85181959971641,13.8791984278259,31.5709263319353,2.05404290876193,32.77798,29.58048,57.4616587936788
"1463","Ronny Henriquez",5.79411586612364,0,0,0.610467706778347,5.53592511125787,16.5731425322437,0.834230568669224,15.395658,12.9801,33.1033854125203
"1464","Roque Gutierrez",10.3684701563754,0,0,1.01376836605843,7.36564691286781,13.7946387916128,0.628676133244273,17.575394,18.4143,19.2337491003659
"1465","Rorik Maltrud",7.40630383970942,0,0,0.815449083201352,6.55251158459395,11.4625596400047,0.834294808385638,14.499732,14.80886,18.8254678263605
"1466","Ross Carver",7.00782908480561,0,0,0.81233870513272,6.15787678869718,10.10443730518,0.421215919565707,12.815876,12.80328,14.7930047757375
"1467","Ryan Anderson",5.02530820934366,0,0,0.810930628574623,3.72554999501775,6.19666108634346,0.42200820940148,8.799626,8.80478,9.23674783429211
"1468","Ryan Bergert",36.4583843593036,0.862804439553968,0,3.38111940499057,28.384147877889,58.2372226505162,2.80833165690242,69.47832,69.04182,96.9094794369516
"1469","Ryan Borucki",9.57922799729086,0.833378748355357,0,1.07754698917996,9.20352473741232,20.2351972773262,1.02330679475411,21.43832,19.46058,38.2858736531912
"1470","Ryan Bourassa",4.63539635692937,0,0,0.610719899594723,4.75150192979582,8.77019997640051,0.422158102073113,9.001246,7.98832,13.3861997377027
"1471","Ryan Boyer",5.03330724502799,0,0,0.210991971879956,3.51229093906715,8.15660738076049,0.00987150308895499,9.944714,9.60068,14.4089230140554
"1472","Ryan Brady",5.23306218783624,0,0,0.811308917799186,3.51619253873073,6.96174656432842,0.421644184341801,9.942764,10.61682,11.4115721830105
"1473","Ryan Brasier",19.1878774478055,1.47371494830281,0,1.62496142796687,12.8811964411441,36.6931745381219,1.81649537381208,42.44092,39.6047,76.4847809896628
"1474","Ryan Burr",2.83928064946998,0,0,0.40981564036979,2.7017769293209,8.39788798166411,0.42297180514769,7.665978,6.77872,16.263076082959
"1475","Ryan Cardona",12.5556372549865,0,0,1.4175944270393,10.214375815197,11.0434476670208,0.626427743169783,18.002288,19.62352,8.51880797411172
"1476","Ryan Costeiu",11.9522595620601,0,0,1.6167963847537,8.38343364422624,14.9647985309597,0.832945774340943,19.619446,20.6136,19.3538825417877
"1477","Ryan Cusick",7.00841808262549,0,0,0.812969187173659,6.57540513230138,9.51381412368684,0.421858316729847,11.671254,11.8036,11.3495130852469
"1478","Ryan Feltner",59.2611960303262,0.728473547929884,0,6.48909357298599,41.521167261688,80.875268124838,4.36266855125122,100.9638,109.7638,111.163405854888
"1479","Ryan Fernandez",21.5015778921608,1.86949892141463,0.0661037763699798,2.44786889479361,20.7847226136595,49.2107997428369,2.7885362816193,48.2014,43.39946,91.3785128431864
"1480","Ryan Gallagher",12.3370323578948,0,0,1.6154513563997,7.14359920200494,17.1164095967916,1.04053446745234,22.004166,23.41344,26.7479699011024
"1481","Ryan Garcia",8.98806194415797,0,0,1.21437840033093,8.18819434754659,11.6641115141863,0.627584058065235,14.58714,14.60456,13.4830645937924
"1482","Ryan Gusto",26.4716988702365,0.746663052826213,0,3.0512815012035,18.9564231897088,44.8619897659762,2.92734516007208,52.82302,53.41618,79.260502259184
"1483","Ryan Harbin",13.1316309583415,0.655448034228253,0,1.27382699821927,15.6958002475726,24.5127544128272,1.16422509343882,25.6118,24.19378,36.2870045074672
"1484","Ryan Helsley",23.9800656277862,2.78376129232814,27.1680252991949,2.82255308989994,23.1577780161674,70.6205041049502,3.84375220772726,62.16112,51.5131,277.922902149496
"1485","Ryan Hendrix",4.04013104634681,0,0,0.610782947798817,4.54584495978766,7.59657691117708,0.833909370087154,8.38109,7.78936,12.7706327032725
"1486","Ryan Jennings",5.61595464355182,0,0,0.810741483962341,5.14789325666591,11.1032198946492,0.628119389035352,11.339104,10.5893,17.7861851610256
"1487","Ryan Jensen",4.82963577032471,0,0,0.811582126683593,5.98111981207333,8.95716209272275,0.62824786846818,9.211482,7.9867,12.5978482235692
"1488","Ryan Johnson",13.5459220297101,0.84680363736008,0.067517902438172,1.79323404648761,9.53790924909374,26.8244808312233,1.65939775545982,29.28682,28.89606,50.9226517275649
"1489","Ryan Lambert",7.99741018835013,0.551300756704346,0,0.874127333164681,8.74615538494139,18.8460894778386,0.59120684328649,16.90348,14.22624,31.1260742498493
"1490","Ryan Lobus",6.99553299629794,0,0,1.01187691993562,5.13138184778037,13.2432812703221,1.04021326887027,13.911892,12.59252,23.3206621278152
"1491","Ryan Long",10.5812943738329,0,0,1.01637435849432,6.14255194878149,9.66821301510063,0.626856007945876,16.985342,19.23358,13.3064816175565
"1492","Ryan Loutos",13.4405596989996,0.91642740378142,0,1.29062804995822,11.3947233796967,23.3805952529177,1.34905097841508,27.61764,26.994,42.9133731396982
"1493","Ryan Middendorf",5.03670562076534,0,0,0.611392413771724,4.13111209223108,6.37472603791381,0.421472878431363,8.882106,9.01468,9.42200163347133
"1494","Ryan Miller",5.63801068906098,0,0,0.611854767268413,3.71204202009079,7.16538837653897,0.420980373938856,10.153058,11.02726,11.2274901916671
"1495","Ryan Murphy",6.22466081107716,0,0,0.614103486547762,4.72752921433716,7.16463728858464,0.421965382923871,11.139056,11.80996,11.2107182448454
"1496","Ryan Och",5.02516855006678,0,0,0.410740347363167,5.35704959956821,8.75013657132245,0.422029622640285,9.723032,8.99298,13.5414444221749
"1497","Ryan Pepiot",74.2154906001723,0,0,10.1197786659416,58.3829184978112,167.626856437432,10.0227676262187,163.8736,142.9264,309.31333465983
"1498","Ryan Pressly",3.82831564698463,0,0,0.610362626438191,3.10371898560927,7.00380407913988,0.422522127132792,8.5910034,8.39506,13.2457230009506
"1499","Ryan Ramsey",11.1602713318108,0,0,1.61547237246773,8.98773441101336,14.5674868965625,1.04019185563146,19.56094,20.01312,20.7783487882551
"1500","Ryan Rolison",19.1512382317935,1.00450155449881,0,1.73191977114516,14.3596681831332,28.8835081685128,1.53880731553702,38.23884,38.75858,53.802081719574
"1501","Ryan Shreve",6.81469884943533,0,0,1.01236028950034,5.13944649450765,6.74990423337565,0.833117080251381,12.226172,13.62288,10.6782096214994
"1502","Ryan Sublette",6.42484974249327,0,0,1.21189850430324,6.79570315671719,8.93025165257836,0.627712537498063,10.122152,9.80364,8.67929307726429
"1503","Ryan Thompson",26.1959397949241,16.7641738745151,3.01438816574444,2.64658479944865,18.577423006528,49.5617000089898,3.42833385782044,59.81596,59.00978,149.19428410711
"1504","Ryan Walker",24.1306279648474,5.75659829754987,23.6287909228455,3.14582503198709,20.15101084671,66.0981876025728,4.15529185546975,62.58136,55.83404,261.272045682461
"1505","Ryan Watson",16.3345318947291,0.59828003255775,0.00474867076829838,2.48769036679136,10.7458829260759,24.8712806062972,2.23798597277213,32.196135,33.05138,45.7142535216815
"1506","Ryan Weathers",52.1706264025748,0.725221434079825,0,6.02920897467156,40.8416224459329,110.822885143181,6.98319836616629,115.607,105.5952,210.224231543248
"1507","Ryan Webb",13.4683397925338,0,0,1.96789822994868,11.9780529290059,21.9329514990961,1.22788563956219,26.588566,26.513884,34.7900078042496
"1508","Ryan Weiss",45.7889141602342,0.488750151271964,0,5.80334360916777,36.8889287330265,97.087140034426,5.29798088202499,96.94996,90.38534,169.051697829189
"1509","Ryan Yarbrough",30.932914148622,6.1866221374139,0.0363198011822219,2.75998376511738,19.2542767950112,51.5661646078095,2.8530112344512,63.78884,61.27118,113.282297734961
"1510","Ryan Zeferjahn",27.3439247138265,10.4070726899193,0.965838123896328,3.02605862976848,29.8608853888319,64.5839673900146,3.10892059783361,57.0946,48.74018,128.38791250898
"1511","Ryder Ryan",9.54919323621162,0.85087191135909,0,1.06752842620256,8.01858672969542,13.8598135446935,0.926825547881219,18.670684,19.48404,24.6911904086503
"1512","Ryne Nelson",73.1426227850906,0.718655982420846,0.00786929372980583,8.06043094720343,43.6071141759611,130.787562880989,8.74271557488031,156.4238,154.3088,258.699030823691
"1513","Ryne Stanek",26.3512403843992,11.9710672374814,4.0431134514213,3.24556624058247,26.2947136911418,56.1890935874338,3.30870937355009,56.19816,50.27318,139.797187125498
"1514","Sam Aldegheri",31.8662302621762,0.0204280071035886,0,4.28676804022896,24.5628450677554,39.7396443069271,2.5848889430305,53.61186,56.42424,52.4927765346296
"1515","Sam Armstrong",12.5374694047075,0,0,1.41585009339271,7.55668293980681,13.3815179743119,1.04004196295983,21.76908,24.22424,21.0812799642243
"1516","Sam Bachman",22.2619732524582,3.82988171449185,0.0143931147631015,2.66327683865913,21.4736743445107,38.7489044508945,2.35613733244122,45.51432,44.20286,72.2088335918308
"1517","Sam Benschoter",11.1308047148956,0,0,1.51987008068852,7.00511552098122,13.5347485117254,0.937452456777357,18.40581,19.488144,18.8324743131307
"1518","Sam Carlson",5.42302074078816,0,0,0.610867012070942,5.5545614774952,11.4837271375574,0.62792666988611,11.509406,10.39376,19.2517014941162
"1519","Sam Hentges",17.1718518632209,1.60185625115607,0.00570083509291681,1.83586463752737,14.8956219845335,43.902960699851,2.13653372109136,44.07984,40.32614,90.4105698337805
"1520","Sam Long",5.81755146957685,0,0,0.810993676778717,5.34860968193621,8.74657372458736,0.6278838434085,10.871616,10.8008,13.210689436757
"1521","Sam McWilliams",4.04217735836018,0,0,0.61099310847913,4.54498017223336,7.99719790864762,0.421858316729847,7.897576,6.98638,11.6959414361953
"1522","Sam Moll",23.0059147508735,8.94760234454017,0,2.13637485355772,21.0862977579768,47.470153588494,2.35034244177431,48.543,44.41184,99.9123261942837
"1523","Sam Ryan",7.2028882374348,0,0,1.01231825736427,6.36057739194996,9.50318002542624,0.627519818348821,12.982272,13.81404,13.1000052805758
"1524","Sam Thoresen",3.06672979165245,0,0,0.411139652655762,3.9706251884311,4.66760476398897,0.215704310618366,5.187734,4.78902,4.94683130817817
"1525","Sam Weatherly",5.44806225634651,0,0,0.211958711009396,5.17554634706495,8.16351412834192,0.21480495458857,9.110514,9.41256,10.0165177557423
"1526","Sam Whiting",7.61453144531489,0,0,0.615154289949327,6.56954588827976,7.34720058296019,0.421451465192558,11.724558,12.6156,7.71926015453712
"1527","Sammy Peralta",11.163723060337,0.903047062609817,0,1.20840294536372,7.60283410890614,21.6461139609325,1.39633065120296,24.87512,23.33742,45.1857232682506
"1528","Samuel Vasquez",5.83250310839269,0,0,0.812107528384375,6.17945625487768,6.37980160169844,0.420809068028418,9.386594,10.21024,5.70228420932347
"1529","Samy Natera Jr.",13.135971824079,0.587144324229925,0,1.50415385519926,14.2280564698103,24.509103991894,0.988364202703375,23.97618,22.10112,33.9792332173939
"1530","Sandy Alcantara",80.7394335758952,0,0,10.503783584648,52.6753954373657,146.879734396397,10.2619007760109,177.1806,171.0838,292.699706189966
"1531","Santiago Suarez",9.37328610258316,0,0,1.01538660329684,4.50634629102858,12.2323225983402,0.834423287818466,17.493764,18.41492,22.6838494711886
"1532","Saul Garcia",6.00720236731015,0,0,1.0106579879898,6.17175361224289,10.5220710988874,0.628312108184594,10.874372,9.98108,14.2132569924137
"1533","Sauryn Lao",7.88644283202355,0.00361698176622394,8.36395648739571e-05,0.663154546286172,5.07587936911865,13.5760259030392,0.658648341351212,16.400934,16.634026,25.2946766213604
"1534","Sawyer Gipson-Long",15.7814361885035,1.11216460250448,0,1.73356193525269,9.13209462714791,29.5735170569527,1.5475219704883,33.8757,32.98712,59.370779328278
"1535","Scott Alexander",14.3726475716951,0.423115140341697,0,1.70983783362776,10.746415497993,21.4752644918203,1.69013305411192,30.60752,31.92314,42.6897945720887
"1536","Scott Barlow",26.6665906306642,9.31902829459039,2.86098325887288,2.92780261353849,28.5970126068895,59.0820897753806,3.05225168770186,55.76696,48.7752,128.869446939035
"1537","Scott Blewett",15.5184965989613,0.82449498259711,0,1.57338961538119,11.3463102142348,22.4605035060988,1.32960471811261,30.71872,31.74282,41.6519602645984
"1538","Scott Effross",9.32897949569291,0.845802438215316,0.00750866552998373,1.22584166517276,5.79818286394388,12.4791540270087,1.17363364796414,18.65256,19.96904,25.6363843413423
"1539","Scott McGough",16.4616544247524,0.207384084755956,0.0364135899413504,1.60572327912309,12.7438178402737,26.4577289449981,1.38268029211989,29.74676,30.08942,40.0922124004318
"1540","Sean Boyle",11.7363151058163,0,0,1.61503103503907,7.75741263188933,17.8796984287528,1.45258552080964,23.555994,23.61142,33.3813265567719
"1541","Sean Burke",73.529019763743,0,0,9.65897395099528,60.871846023353,129.904085361476,6.83523390550296,138.4796,132.5074,199.258119719653
"1542","Sean Guenther",8.9410715767847,1.0749342380601,0,1.17149953340015,5.97246647426293,15.1771410119303,1.17222187789955,20.18532,20.45564,33.5741645492169
"1543","Sean Harney",4.25241484312419,0,0,0.211874646737271,3.7258717764333,5.40894456513055,0.215832790051194,8.109132,8.61412,8.89943538907673
"1544","Sean Hjelle",8.16928021566791,0,0,1.01145659857499,5.11887259525076,13.8034311649357,0.834616006967708,17.545642,18.20756,26.4216829551346
"1545","Sean Hunley",7.79764871774732,0,0,1.01175082352743,4.31116732836434,7.73738125331674,0.627177206527946,13.950718,15.21602,13.6979032554588
"1546","Sean Manaea",58.1568008054604,0.747580249611871,0,6.61407722989513,41.7213575836119,132.966668491,7.49128095510875,128.2586,114.2882,248.668877246118
"1547","Sean Newcomb",31.7359909333357,9.08242478818583,1.49551609970893,3.21879056396988,30.0435554295231,68.1457179554085,3.0819294009362,71.42174,66.05104,148.213068408063
"1548","Sean Poppen",4.04765847896574,0,0,0.811245869595092,3.72544943832539,6.19948747872548,0.421708424058215,7.60413,7.4074,9.00463619139486
"1549","Sean Reid-Foley",3.44277168905587,0,0,0.410425106342698,4.56066701624155,8.58590501908667,0.628269281706985,8.2400742,7.38484,14.9107655754619
"1550","Sean Reynolds",6.01927176249883,0,0,0.411602006152451,6.78255034135648,9.9179675225799,0.215747137095975,10.988532,10.19624,13.4745199181128
"1551","Sean Sullivan",11.4428203996895,0,0,1.79178827887335,6.85099200930973,14.8527979945997,1.02359200788221,20.930633,22.438438,23.9332336439287
"1552","Sem Robberse",8.97404946337795,0,0,1.01471408911984,6.54211402260391,13.6015262862339,0.835087098221411,18.361264,18.80794,25.0279113550772
"1553","Seranthony Domínguez",25.6668559428414,5.75547966550643,20.4582273310252,3.26134877546072,27.7572524882228,67.3964816660348,3.28842719000243,60.1324,49.52502,233.033950107352
"1554","Seth Halvorsen",23.5613265160388,1.73091279356556,2.42717823592503,2.55287744098164,20.8858916960174,42.8414193678703,2.28675513925912,46.31636,46.27304,82.5743868030864
"1555","Seth Johnson",15.5598148896857,0.865647173331041,0,2.03162319856476,13.8103822584762,26.5280296091811,1.74737083180353,29.21476,28.90616,41.4989271844732
"1556","Seth Lonsway",11.539320121341,0,0,1.4149043703313,10.6032052788016,14.3630887258272,1.24690260595187,21.649444,23.4171,21.8764716755848
"1557","Seth Lugo",77.3395008846674,0,0,9.53236491938404,49.906383132502,126.292679352138,8.45071546299388,151.9932,154.6852,220.838395537521
"1558","Seth Martinez",11.1425858555665,0.795710100410971,0.00549570865572967,1.21894619689028,8.93314644548731,18.8106197850166,0.99525572657811,22.42824,22.04946,33.9990794318726
"1559","Seth Shuman",9.37308369783406,0,0,0.814944697568601,4.09961773618387,11.8298903212446,0.833973609803568,18.04213,19.81778,23.3307730138625
"1560","Shane Baz",70.6655679313874,0,0,9.15589182297169,54.4094991174709,150.0785439108,9.4916754391549,152.194,139.186,272.405476162921
"1561","Shane Bieber",46.8686530445915,0.694361302264106,0,5.93325557762585,27.2636354611668,102.155716474222,6.91899827076076,110.558,104.83324,211.355742914671
"1562","Shane Drohan",21.4167215697165,0.54615385557275,0,2.41405494635266,19.7754402723455,44.1302326393318,2.6545490319765,45.72024,41.57714,78.6782251099465
"1563","Shane McClanahan",50.699627112582,0,0,6.68028263930276,37.4819735977942,129.952309967757,7.86415598293911,124.8466,109.497,258.481628832071
"1564","Shane Murphy",16.3547163881525,0.544973209369317,0,2.15721193326046,7.37896567872072,20.0987011187869,1.35481188253418,31.06682,33.96392,38.7319889810473
"1565","Shane Panzini",10.3761870070137,0,0,1.01540761936488,8.9905097757225,13.7891651443941,0.833823717131935,18.211138,19.01754,19.2989875501783
"1566","Shane Rademacher",11.9489603646498,0,0,1.41612330227711,5.72610961745479,10.2515114614065,0.833566758266279,20.361818,23.6274,16.9204220266304
"1567","Shane Smith",73.8890029946704,0,0,9.90225105869542,58.7267040469324,149.802295844695,8.09768481127907,157.6338,143.6784,268.911453313589
"1568","Shaun Anderson",12.5214155024539,0,0,1.41187805653479,6.32053571705214,14.3711698195392,0.833138493490185,21.731982,25.2197,21.8265699714901
"1569","Shawn Armstrong",28.0696829108238,16.207038060591,2.95916832088186,2.68409878270713,20.7406858419695,64.9849687342362,3.13481683889546,65.50884,59.04374,173.699050908587
"1570","Shawn Dubin",6.97047585451429,0.566037571923509,0.0113895401729863,0.521578705948802,6.7093262065811,14.090633735029,0.595127214969755,15.070916,14.826,25.1632236821732
"1571","Shawn Rapp",3.85439870455604,0,0,0.411223716927887,3.74145806374913,4.44531274289137,0.215618657663147,6.448896,6.404,5.54653515150069
"1572","Shay Schanaman",4.25133804985899,0,0,0.811266885663123,3.73339341702184,5.8102171296969,0.627584058065235,7.653836,7.81076,8.35752995776131
"1573","Shelby Miller",3.83080320135104,0,0,0.610320594302128,3.3091145082173,9.94999333485232,0.834380461340856,9.543542,7.5804,20.4776181580104
"1574","Shinnosuke Ogasawara",9.62160673418111,0.219445595405455,0,0.564917247818421,6.42558772990011,13.5482052212724,0.573453237517602,17.64128,18.27102,22.9881871932193
"1575","Shintaro Fujinami",4.82201404991849,0,0,0.611602574452037,5.97007868725219,10.5210905239034,0.834251981908028,10.47367,8.98542,17.7878725517262
"1576","Shohei Ohtani",40.3985729061052,0,0,5.07332327331199,36.1400343239069,128.501310656041,8.02843535230859,107.572,84.88374,255.306614677917
"1577","Shohei Tomioka",5.03125890896713,0,0,0.811014692846748,4.95221151053987,7.17289224927154,0.421943969685066,9.307562,9.60562,9.69708747447405
"1578","Shota Imanaga",68.021627639169,0,0,8.23084861999181,33.2519613881141,135.394289318653,9.16816770241846,148.4436,138.4766,274.827910817055
"1579","Simeon Woods Richardson",66.5467140231326,0.69421040421236,0,7.96235158152405,49.4603377997192,119.512517016222,7.06014814777566,133.5728,127.9468,209.314365111165
"1580","Simon Miller",5.81775792242093,0,0,1.01126745396271,4.54017356233854,8.75234593438164,0.627669711020454,10.114758,9.79776,12.3559750413167
"1581","Skylar Hales",5.22570072711156,0,0,1.01137253430287,3.72213791200375,8.35103356147188,0.833502518549865,10.366704,10.1982,14.723666163739
"1582","Slade Cecconi",73.5434018559634,0,0,9.71693198762512,37.4466223622066,121.533889869825,7.43603091653853,146.6184,148.2664,224.027461653518
"1583","Sonny Gray",70.8957685722037,0,0,8.9657162673023,45.314126809387,176.947745104723,11.3412464137446,169.1026,157.832,344.068941443813
"1584","Spencer Arrighetti",45.3876063037505,0.770211711415303,0,5.66121645724753,39.511467690231,89.4890294691324,5.00850554119688,89.95862,82.7268,146.58641076213
"1585","Spencer Bivens",32.5009805944165,12.8300817622361,0.100199950282999,3.11138295231129,23.342872744884,52.6466721632714,3.11055622032254,69.37376,70.51436,128.068268041464
"1586","Spencer Giesting",12.9254381715304,0,0,1.61484189042679,11.0068769101986,20.8121590765596,1.65886800635395,26.431508,26.61342,36.7235620551544
"1587","Spencer Miles",3.99672674063566,0.073227630822124,0,0.496487272558788,3.45417180035184,7.77035172007121,0.476210220489661,8.27674,7.938704,13.320143595954
"1588","Spencer Schwellenbach",32.1212487701557,0,0,3.96029657501382,17.355302778714,79.634645801789,5.5016644623346,81.94344,74.48236,172.467541257405
"1589","Spencer Strider",66.5153546575173,0,0,8.84845645448407,53.5272572970471,178.617436270425,10.5517275971601,152.8856,132.2154,321.907411943695
"1590","Spencer Turnbull",20.6593413910401,0,0,2.86335809883785,15.7812109496843,27.881128785429,1.9925603990143,37.60578,39.16512,42.6918596540173
"1591","Stefan Raeth",5.22501255096463,0,0,0.611560542315975,3.92209652869808,7.95340346032744,0.628076562557742,9.906172,9.80004,13.5327898701836
"1592","Stephen Jones",6.01722949858044,0,0,0.61181273513235,4.73772566294248,8.14098260597251,0.421387225476144,10.785802,11.00962,12.3357329265567
"1593","Stephen Kolek",39.8797136579662,0.968161999000255,0,4.19039745167671,26.4187657095253,58.1209558690525,4.35766135799329,82.55686,86.42466,115.459534654228
"1594","Stephen Nogosek",5.23089240892591,0,0,0.611224285227474,4.94340274428912,8.15925463559718,0.4216441843418,9.940904,9.80116,12.3964588716849
"1595","Steven Cruz",20.9652443205243,1.69680878327794,0,2.09270223249704,19.332544381582,40.9335707302872,2.13937860625707,44.78372,41.0489,76.4597680217325
"1596","Steven Matz",54.6512577709393,0.757019598404183,0.0375838652358086,6.45670808466431,33.0950496699267,98.8993842633073,5.79818453055312,116.914,116.9776,190.651130466267
"1597","Steven Okert",26.5503130759195,13.3554507496888,0.310445685950694,2.52898395722685,22.7231392175906,69.7270414847355,3.27042543130075,61.4868,50.92372,157.185968992585
"1598","Steven Pérez",5.62244778790287,0,0,0.611371397703693,4.94422730916647,9.13200256847698,0.421472878431363,11.078126,11.00032,14.7971406449601
"1599","Steven Wilson",23.6272576991296,1.69296615224196,0.011795624658066,2.04257875430946,20.0690457957547,44.3253347732394,1.9194034028045,45.59632,40.66818,76.3211133039899
"1600","Steven Zobac",8.59984944919131,0,0,1.01530253902472,4.51501427791003,11.4445662687839,0.834508940773684,15.768802,16.8198,19.8548718959892
"1601","Stevie Emanuels",6.21907325839937,0,0,1.0113305021668,6.98549228067092,10.1197980551653,0.627626884542844,11.103216,10.595,12.6434000224478
"1602","Stiven Cruz",7.81089206048077,0,0,0.812716994357283,5.96080736021658,9.49772628237922,0.420894720983637,13.134582,13.61172,12.9235162544538
"1603","T.J. McFarland",12.2905540318186,0.274993660948843,0,1.34288760889523,8.70552501512313,16.7255906166052,1.03385671526529,24.80364,26.8244,30.9574030724828
"1604","T.J. Sikkema",8.19340399526805,0,0,1.21473567348746,5.53738639444008,9.87521863232922,0.834723073161731,15.144056,15.82116,16.8020070467016
"1605","TJ Nichols",11.3351535974472,0,0,1.81501058727063,6.33229400553203,17.7079284660114,1.24692401919067,22.334526,22.40552,32.1672121294251
"1606","TJ Shook",7.60154397501009,0,0,1.21238187386796,5.53121221352917,10.690084443747,0.833095667012576,13.859092,14.6181,16.1563878664869
"1607","Taijuan Walker",65.1844164096099,0.960967721068804,0.00493756132918307,6.51570300352402,42.7108915537045,80.5816980518008,5.48426356368741,115.6692,122.6626,131.730718047987
"1608","Taj Bradley",63.9245130157254,0.694676356610519,0,7.90719093096358,47.4267366888995,128.296858444627,7.42319209565027,134.7828,126.7128,231.078050766871
"1609","Tanner Andrews",4.04148513411827,0,0,0.610698883526692,3.51981257965569,6.79837089147594,0.628076562557742,8.104456,8.19764,11.3460714016458
"1610","Tanner Banks",26.8747586101777,11.7743246117224,0.0709172239079162,2.5515569934931,17.5619992207637,57.21156771395,3.09757679122088,60.84184,57.68056,135.740286211271
"1611","Tanner Bibee",76.5180486101123,0,0,10.1148881396546,51.8918236563509,163.002277441736,10.4764436613347,175.2248,161.6898,322.78206760852
"1612","Tanner Burns",6.02453833407035,0,0,0.611749686928256,5.96086769423199,8.53622420651242,0.627005900617509,11.503442,11.80654,13.2605782715182
"1613","Tanner Dodson",5.42682797411869,0,0,0.611770702996288,5.76440160590555,6.17775212322425,0.421751250535824,9.207324,9.61274,7.1888876641604
"1614","Tanner Gordon",43.0817342869741,0.795766183067983,0,5.19765202507908,17.3703509105743,51.8626435243672,3.42293057505392,71.623,83.69132,77.5485935059303
"1615","Tanner Houck",14.0932305273296,0,0,1.56298751076447,9.88571862922776,23.114713632692,1.66534198495169,29.681944,29.34154,44.9515348971796
"1616","Tanner Kiest",4.24757332152578,0,0,0.810741483962341,3.5318190487235,5.42799285745169,0.422200928550722,6.724726,7.00244,5.7956840548534
"1617","Tanner Kohlhepp",4.43582965053779,0,0,0.611035140615192,4.54196347146255,6.59982454722173,0.421815490252238,7.915778,7.79756,8.75753647395768
"1618","Tanner McDougal",20.8237404958166,0.394007902207044,0,2.01095800237521,19.0743816579419,33.5781492554739,1.53901490024396,39.12658,38.5235,51.5566562060503
"1619","Tanner Rainey",9.01416668931006,0.812354997070845,0.00160496743526675,0.656132680080491,9.33366456310896,17.9993849061553,0.618118902473749,18.13208,16.228602,30.3617322405308
"1620","Tanner Scott",24.6389011282183,15.8130168368622,4.37255455205557,2.74517067750608,25.6569417882707,70.5775383325185,4.00369330096584,62.82684,51.80736,188.321805968733
"1621","Tarik Skubal",57.3022238984826,0,0,7.04758614969164,39.7391147509744,234.230645804839,14.1157666178821,192.3994,147.8332,523.388444193281
"1622","Tate Kuehner",12.5766608134596,0.453642802269804,0,1.62830209587177,13.2511865711494,23.4120964592525,1.66414970577829,25.76598,23.89648,39.3880290855365
"1623","Tayler Saucedo",13.0215476404024,0.952269572660685,0.00775259967150358,1.24234127636631,11.8502503380253,24.0434329505399,0.998256618321931,26.85132,26.08204,42.0771401592999
"1624","Tayler Scott",10.1655461291768,0.887398517715202,0,1.35869590584124,9.55381263314026,18.0597349935914,1.15133294091755,19.65176,19.58366,28.9065212076806
"1625","Taylor Clarke",27.4903438714021,11.063284914634,0.625897667908212,2.32514324129956,16.2624706053699,46.1939378646022,2.35255798242118,56.36612,57.17214,112.18788716748
"1626","Taylor Floyd",6.8069690120673,0,0,1.21158326328277,4.73255704895517,8.73160578746562,0.627455578632407,11.210076,11.8075,11.0395833450752
"1627","Taylor Rashi",10.0657215480925,0,0.0351645320892243,0.715739463773639,10.2429927108574,21.9618261261447,1.11861390842635,22.952992,21.47678,39.9511578688538
"1628","Taylor Rogers",25.7197608624509,6.09328357813607,17.0129360067964,2.77247617838574,24.2607606749715,58.8738393324633,2.99363498876204,56.46356,51.51622,198.741581743597
"1629","Tejay Antone",9.96566447692236,0.753573434769127,0,0.856526774558798,8.22249230125593,14.9669425980558,0.77310826593663,17.9668,18.73106,23.322771195249
"1630","Tekoah Roby",7.78911735757285,0,0,1.21442043246699,4.71351161142215,14.1960360517798,1.04136958376572,16.965412,16.60612,27.8483040278094
"1631","Thaddeus Ward",10.9410337502992,0,0,1.41131062269795,11.2313379816781,17.5240860340764,1.03963511142254,21.083056,20.99242,25.9240775292491
"1632","Thomas Farr",11.1676429127729,0,0,1.21223476139174,6.34224911807569,8.11546545784743,0.626770354990657,16.053682,18.4268,8.00124770142381
"1633","Thomas Harrington",17.4489998089592,0.730178539682863,0.0127581057461886,2.30954080046753,10.668549223854,26.4522277889982,1.91352455946569,34.1328,35.48866,48.5275340733187
"1634","Thomas Hatch",12.8885884986024,0.102746824655997,0.000136518917787362,1.33790570923483,9.22479475441117,18.0340783124568,1.39743269410675,26.111394,28.34036,33.3511587744857
"1635","Thomas Schultz",6.61923893540293,0,0,0.413619548683456,5.14801392469674,8.33409511135141,0.214997673737812,11.341178,11.6084,11.9654935659575
"1636","Thomas White",16.8609365935573,0,0,2.06505899567035,17.9782889798544,37.0356070091837,1.59650677853742,36.30372,32.732,60.5775004079488
"1637","Tim Herrin",22.4946604454818,10.5963864536912,0.0374846575705972,2.693632078636,24.947879061619,54.6036259223655,3.26257759570148,53.56608,46.33064,121.552113199149
"1638","Tim Hill",27.9330421414494,14.0501813659179,0.333079414561964,2.80945582821629,18.6132728246555,36.5790352385551,3.35354720148704,62.044,64.62622,114.459400682188
"1639","Tim Mayza",13.3933060981521,1.04390024113821,0,1.20099109454959,9.91261207733496,24.2932164237718,1.53751803160585,29.3184,29.5278,48.7822465065216
"1640","Tim Naughton",4.23884158064971,0,0,0.611014124547161,3.72565055171011,7.18941271178621,0.421858316729847,8.09984,7.99564,10.9116473831421
"1641","Tink Hence",9.80277527356002,0.0375917315469486,0,1.30821923756921,8.78909508053992,18.228168771712,0.871857483461424,20.564672,19.430868,31.2991310989304
"1642","Tobias Myers",30.3226509583871,7.50157024059995,0,3.15745460416417,19.8749962780479,54.4811715451446,3.40860637574599,65.17224,64.28936,120.693677374686
"1643","Todd Peterson",4.6513579954432,0,0,0.612106960084789,3.73968826596359,4.42178601193674,0.21480495458857,7.242968,8.21554,4.0981417440943
"1644","Tom Cosgrove",9.65486980618889,0.810061502002555,0,0.904771006973008,9.05435519636637,17.3732366623448,1.13230352327513,19.14416,17.345878,31.17093189021
"1645","Tommy Henry",10.5448404360756,0,0,1.2105324598812,7.95295359864606,15.3893443428189,1.0403631615419,20.987408,21.79656,27.1720352753431
"1646","Tommy Kahnle",22.9853022691532,1.41073569835531,0.451288265533877,2.7123174355804,22.276319122772,41.7174992513677,2.09798478549053,47.18368,44.27354,74.5973230144896
"1647","Tommy Mace",11.9588255721208,0,0,1.61711162577417,11.2208398629957,12.401365689558,1.03830749061665,20.432918,22.42476,14.9792604120057
"1648","Tommy McCollum",5.03352584215702,0,0,0.4114338776082,4.34012765576407,8.35385995385391,0.421344398998535,9.964792,9.79842,14.0624576565565
"1649","Tommy Nance",23.2300539847325,10.961757276203,0,2.4840565294031,17.6635060062815,52.5845218744179,2.87804289468753,54.889,51.6771,124.162295181646
"1650","Tommy Romero",8.20636194730527,0,0,0.815070793976789,7.1708098429576,9.88525033486825,0.627262859483165,14.187764,14.41762,14.0717727283129
"1651","Tommy Vail",8.59199698737112,0,0,1.01500831407228,8.60767349098257,12.6359385845973,0.627348512438384,15.340146,15.00136,17.0880295156046
"1652","Tomoyuki Sugano",72.7382206289134,0,0,9.06546413473631,30.580085034287,74.7987138015678,5.68443838535724,118.9422,141.9602,106.846536010696
"1653","Tony Gonsolin",11.4264076834025,0,0,1.46208177946712,8.34098678429299,19.6699558568707,1.33894940746558,22.041116,19.46176,34.8914769617697
"1654","Tony Santillan",31.8513605265717,14.620534937307,4.44296691695262,2.96237897819111,30.2646602821416,70.9740449834896,3.06852502436221,67.2086,59.8557,170.444960199924
"1655","Touki Toussaint",8.18298824687949,0,0,0.810993676778716,8.19525342735028,13.0472879306165,0.421943969685066,14.423234,13.99438,16.9832805953199
"1656","Trace Bright",9.98140209068593,0,0,1.21584952509312,9.6129509698114,13.6002524192448,0.833588171505083,17.24285,17.61674,17.3717845608855
"1657","Travis Adams",35.511427675889,4.41155909234441,0.00424733858783715,3.75112887290456,24.5095485167234,55.3234303449643,3.46258103429183,69.74842,71.53884,105.764705676865
"1658","Travis Kuhn",5.6224396917129,0,0,1.21162529541883,5.14117606961625,6.9670211698301,1.03972076437776,10.25733,10.20846,10.8006866547059
"1659","Travis MacGregor",6.79687103913482,0,0,0.81072046789431,5.94391383590007,9.70534892893065,0.628162215512961,12.370292,12.20128,14.7121725099983
"1660","Trent Baker",9.77266442511274,0,0,1.21473567348746,6.75047275649358,13.597346410176,0.833930783325958,18.500202,19.8151,22.2254410231339
"1661","Trent Harris",5.21545499871224,0,0,0.810762500030372,3.71233684564162,9.91470323842037,0.834016436281177,11.790024,11.59726,19.5907762678559
"1662","Trent Sellers",9.37538908792628,0,0,0.814545392276006,8.79012197639401,15.1739936070758,0.629254290692,17.230358,16.20152,22.7520652516612
"1663","Trent Thornton",12.9908838543258,1.08492797470242,0.000222804576185529,1.20536192133245,8.96707660122925,23.2275897265129,1.25225943146527,27.49044,26.10506,46.9097704091835
"1664","Trenton Denholm",11.5485619221848,0,0,1.61566151708001,6.32564399702404,15.3336471998195,1.45179323097387,23.52332,25.42142,30.7316827862136
"1665","Trenton Wallace",7.39924193801341,0,0,0.613115731350291,7.37208254117887,13.6281978763178,0.423271590490956,14.927384,13.79276,22.0673351773935
"1666","Trevin Michael",5.81266744298113,0,0,0.610930060275036,4.7304453584156,9.91474304676378,0.627841016930891,11.306048,10.9939,16.5170287156976
"1667","Trevor Gott",3.25025474007536,0,0,0.611371397703693,2.29643605683076,5.22831197541033,0.421494291670168,6.7149694,7.0024,9.1941204263618
"1668","Trevor Kuncl",4.83130358545727,0,0,0.410929491975449,2.91401030700942,7.58240514092352,0.421858316729847,9.212766,9.19944,13.4665033125083
"1669","Trevor Martin",8.77453740626862,0,0,1.01137253430287,5.53167477431402,12.8443029560722,0.833502518549865,16.281762,16.99714,21.2559593377149
"1670","Trevor McDonald",37.4305968074978,0.814962380827161,0,4.29855360212218,27.3178138002424,64.0945865528788,4.16725715517934,80.26736,80.22396,123.861031005409
"1671","Trevor Megill",23.0911368476036,8.70872884938672,14.300564213456,2.65195266269651,22.2399789387718,74.415542415739,4.08170613648678,60.62312,49.05378,230.588655495394
"1672","Trevor Richards",6.01733474904997,0,0,0.410908475907418,4.94277929279648,10.7106202783755,0.215939856245217,10.992328,10.59252,15.7276982481547
"1673","Trevor Rogers",65.8585427802341,0,0,8.0329739234481,46.7887531133631,124.019531880855,8.80946695596734,142.859,138.1182,237.525479272062
"1674","Trevor Stephan",9.42316793494163,0.820114941489452,0,1.46400076984089,7.47739751049616,18.3617920755709,1.19807421863614,19.59248,18.73746,33.1864154757609
"1675","Trevor Williams",15.6351786598171,0.621250982925851,0,1.87435303422698,9.00137225463521,23.0940685800499,1.28838107133756,29.49764,32.13986,39.2459570458533
"1676","Trey Dombroski",11.1521913342268,0,0,1.61461071367845,8.37384053577508,16.9115085511933,1.45275682672008,21.445144,21.80854,28.4364695730479
"1677","Trey Gibson",12.6627012064017,0,0,1.84319939875567,9.53346547780035,23.3415944001874,1.16664254324695,25.754108,24.6925,39.6994367985662
"1678","Trey McGough",5.02845560319212,0,0,0.612191024356914,4.74438251597672,7.37446929819526,0.422928978670081,9.216464,9.19886,10.6451834844606
"1679","Trey McLoughlin",3.45654651383466,0,0,0.210907907607831,3.12442681970921,6.60993586644758,0.421943969685066,7.31158,6.99514,11.9340881432235
"1680","Trey Supak",11.345281931092,0,0,1.21511396271202,6.12976113751328,15.3451120027213,1.04068436012397,20.391906,20.81644,26.5352057978478
"1681","Trey Yesavage",51.6635312568323,0.710912305142889,0,6.01722322036479,51.2807247560385,141.446497674581,7.38456261808123,124.802,102.1316,263.269613810597
"1682","Tristan Beck",16.095784070994,0.882750396935935,0.0269154980946806,1.32987891267271,11.3287080468116,29.679901981802,1.43787422002822,35.15872,34.13768,59.6141746920587
"1683","Tristan Garnett",3.84571756486725,0,0,0.210592666587362,3.74167928847232,7.19536405912584,0.422093862356699,7.297848,6.98976,11.0890360324577
"1684","Triston McKenzie",13.1530313116021,0.631092071943474,0,1.64234508862561,12.7664979833411,22.1452014017772,1.17893254276933,23.756838,22.619344,32.0591698474062
"1685","Troy Melton",24.3506017193702,1.16554943440789,0,2.38383140763663,16.799321391295,48.7845205206286,2.82304324615066,54.18936,51.54762,97.5139782364371
"1686","Troy Taylor",13.4909212136793,0.937343703299795,0.000916728847225054,1.46581467750642,12.9261183672487,26.1377854214729,1.546205667474,28.06544,26.03354,46.4326576576365
"1687","Troy Watson",8.9744409469885,0,0,1.21454652887518,7.16124369037117,11.8374937148357,0.834059262758786,16.624304,17.41116,18.4281455982547
"1688","Trystan Vrieling",9.97249746332833,0,0,1.01534457116078,6.3366983886574,13.3944609564902,0.834359048102052,19.063826,20.41628,23.5259945950587
"1689","Tucker Davidson",11.0132009345836,0.779673700768387,0,1.19216761929859,7.99438917783513,16.9314620042587,1.21445956634559,21.40221,22.118126,30.6031062528871
"1690","Ty Adcock",12.4235279042591,0.870953622751392,0,1.26115336990189,9.84925376480316,23.6917939630658,1.16999799789382,25.897,24.47778,43.7683008912311
"1691","Ty Blach",9.17367689119427,0,0,0.813935926303098,3.89721880300817,9.67726941322614,0.628826025915906,16.179898,18.62484,16.9773310270551
"1692","Ty Cummings",12.3350548634961,0,0,1.21551326800462,7.96188303292764,13.5809401021211,0.833973609803568,22.616738,24.4189,23.6171820257991
"1693","Ty Johnson",11.4565211704045,0,0,1.45516003377704,9.03635539896234,24.7077527143664,1.65883550070825,24.80468,22.21598,45.3637659084575
"1694","Ty Madden",15.7371407879051,0.614203960532613,0,1.53214652696694,12.7452903155165,27.0285379172181,1.25570388786103,31.22602,30.90556,46.2569886687447
"1695","Tyler Alexander",38.644701831078,10.4795347198318,1.4806515282253,4.39548816891057,20.1544565436423,62.1491653423523,3.88038230332157,75.58668,76.36406,142.433400486166
"1696","Tyler Anderson",54.506249715688,0.0352063822525112,0,6.83512245112767,40.2499257587998,76.5472958937041,4.79409110473478,99.2968,100.45536,120.708260775248
"1697","Tyler Baum",4.63750946250995,0,0,0.611833751200382,4.74846511768655,6.98497473270749,0.421408638714949,8.03025,7.99856,8.67283046503017
"1698","Tyler Bradt",6.42113561534733,0,0,0.813137315717909,6.58743171270766,8.72897843680064,0.421108853371684,11.126728,11.20412,10.6912825687059
"1699","Tyler Bryant",3.45244376957045,0,0,0.2108868915398,3.53403129595542,6.23306581639086,0.421815490252238,6.635244,5.98988,10.1318561787194
"1700","Tyler Cleveland",7.39575855228144,0,0,1.0110572932824,4.52084656606692,9.90378111872507,0.627905256647305,13.53294,13.59842,16.8255133748251
"1701","Tyler Davis",5.24052941824539,0,0,1.01236186533717,5.16889622215524,8.73026320568041,0.627073204942583,9.771029,9.50599,12.1168278262452
"1702","Tyler Ferguson",25.5926910537836,6.60102580764226,0.936494003124749,2.67799565153888,26.3895546091652,51.8087579798513,2.612057271971,52.23876,46.91368,101.789066134891
"1703","Tyler Gilbert",19.4017811776329,1.19541605424198,0.00765395473884693,2.18452413483935,14.8680265412774,34.0682356185822,1.67490070594256,38.25616,37.44668,59.1283017464235
"1704","Tyler Glasnow",52.0267215439348,0,0,5.92068912572496,46.8171520139636,147.496295377858,8.57962509719543,127.1868,103.7876,279.716372218966
"1705","Tyler Guilfoil",9.18611871112129,0,0,1.01170879139137,8.79736205824394,12.8295885026122,0.62724144624436,15.645326,15.4027,16.4243323318316
"1706","Tyler Holton",29.2507780330135,14.1086294677633,1.01795784747812,3.36180871750205,18.4601569463422,59.6106111918625,3.83334406388671,71.80856,65.403,166.92169704518
"1707","Tyler Ivey",11.7535510518047,0,0,1.21605968577343,9.99464090825842,14.7526576374313,1.03978500409417,20.843704,22.4199,21.0095772622051
"1708","Tyler Jay",4.03875671810043,0,0,0.41078237949923,3.1104562839974,5.613064077462,0.421986796162675,7.51743,7.80216,9.19763319059062
"1709","Tyler Kinley",27.4074230810252,13.1030677856367,0.765098883742636,2.75104562277488,25.54980804654,65.055772956496,3.37860962447181,60.5296,52.2436,145.323076741286
"1710","Tyler LaPorte",5.0292470057611,0,0,0.610761931730786,4.13258021993954,6.79166318561155,0.628012322841329,9.209474,9.60464,10.6588717363709
"1711","Tyler Mahle",58.8895912629088,0,0,7.85802957654668,39.5515436183011,103.585800325941,7.27988820072395,126.203,123.629,200.078791430177
"1712","Tyler Mattison",7.19081723682812,0.467760102830536,0,0.860717263685676,7.066883361567,12.3739342509829,1.03134208106933,13.668526,13.191298,20.016466256188
"1713","Tyler Matzek",2.46214863291372,0,0,0.0106761625599002,2.52550262482038,4.2811010948273,0.216025509200436,4.9907978,4.9906,7.22379329746056
"1714","Tyler Myrick",5.81945407421837,0,0,0.811435014207374,4.12157931779533,6.37522364220642,0.421494291670168,10.665408,11.81394,10.0171387308999
"1715","Tyler Owens",5.22637473492605,0,0,0.611182253091411,4.5360306266133,6.5835031264241,0.421665597580605,9.423618,9.80606,9.68048371893708
"1716","Tyler Phillips",35.6237791387507,14.5064560610213,2.66761766373979,3.33534382078822,25.1381264645306,53.9663397530286,3.01080395991847,73.40896,76.27368,143.235775729999
"1717","Tyler Rogers",28.882706963126,19.0164967548744,2.35617332257843,3.13243971319653,15.2935709340948,48.2221980164551,4.12749540045879,69.58088,69.13116,166.578664653274
"1718","Tyler Samaniego",13.76018073756,0.988029382785566,0,1.51477562442728,11.6004358077841,22.8389636450032,1.74002246356355,27.74944,28.08068,41.3123588059428
"1719","Tyler Santana",7.20180739607461,0,0,1.01193996813971,5.13844092758405,8.12099881758126,0.833566758266279,13.307406,14.41484,13.7295746781011
"1720","Tyler Schlaffer",9.58332236420076,0,0,1.01536558722881,7.97915867267512,12.4218523528123,0.628526240572641,16.76844,16.81228,17.9954102584233
"1721","Tyler Schweitzer",10.9451263743259,0,0,1.41376950265761,7.76497449515481,13.9809042619254,0.833738064176716,20.335284,21.61186,22.5596061411569
"1722","Tyler Stuart",8.39161981953835,0,0,0.815112826112851,6.34206811602944,12.4282415919294,0.834508940773684,16.718984,17.41008,22.088598066145
"1723","Tyler Thornton",4.25357057424154,0,0,0.611770702996288,4.56483006330526,7.20511710326101,0.215168979648249,7.439254,6.58802,9.06968444477661
"1724","Tyler Uberstine",12.6849329390284,0.167407471034768,0,1.31649366897075,9.13101990183079,22.0373556941927,1.24621217936708,25.80364,25.89148,39.2501618771672
"1725","Tyler Vogel",5.81655968630627,0,0,1.0113935503709,5.34886428481009,8.14896417882599,0.83348110531106,10.964678,11.60512,12.1000696312837
"1726","Tyler Wells",28.7518011802302,5.12137841917201,0.0600806622587512,3.09156299360143,15.3730025475522,51.6155302943574,3.07190902594073,58.0503,55.27632,108.117357600661
"1727","Tyler Zuber",4.64003547377869,0,0,0.4114338776082,4.33222389974456,7.77183537453711,0.421344398998535,8.777106,8.79904,11.7116395700158
"1728","Tylor Megill",9.3531144452881,0,0,1.21236085779992,8.77648648890997,21.652467689986,1.24927947545918,20.32585,18.37792,36.8432195458184
"1729","Tyson Guerrero",9.58189743476712,0,0,1.01509237834441,7.56724139250463,13.7961714128341,0.834723073161731,17.280378,17.41282,21.1327105404298
"1730","Tyson Hardin",8.77471957054281,0,0,1.01429376775922,5.31630402782386,14.7736963469229,1.04141241024333,18.089706,17.60964,28.6216684629817
"1731","Tyson Miller",10.3467152514264,0.733011667551413,8.89061163282163e-05,1.0480091305495,8.66555493897967,14.8392959650186,0.807185004461098,18.198478,18.119522,22.9410421366937
"1732","Tyson Neighbors",8.75359997555171,0.575671784645332,0,1.10823063181589,7.42518224662037,17.9605109080074,0.843015672641724,17.96904,16.17598,31.3801823612259
"1733","Valente Bellozo",16.0394450497655,0.846116602160924,0,1.44913693089158,9.46783339386547,20.8176659256813,0.849910830305253,29.5584,31.94222,36.497703435434
"1734","Valentin Linarez",6.21857939081157,0,0,1.01244435377246,5.96579497215764,9.12266751194761,0.627027313856313,11.782896,12.00266,13.2949076783345
"1735","Victor González",4.63575663738277,0,0,0.410971524111512,4.35058555176953,6.19739754069652,0.215875616528803,8.347968,8.20364,9.02537089899603
"1736","Victor Juarez",9.38621166986053,0,0,1.21276016309252,5.32688259186015,10.8672138992472,0.832774468430506,16.945656,18.82926,18.015644578342
"1737","Victor Lizarraga",11.3532607263015,0,0,1.61614488664473,10.0059233691412,13.9849647129531,1.03976359085537,18.876606,19.41202,17.3375552996302
"1738","Victor Mederos",21.2619792757208,0.796815941069625,0,2.81020414605258,16.3888747358753,29.2257808554074,1.72884751164345,38.41656,39.68594,45.3076061814116
"1739","Victor Vodnik",30.3492576211706,4.80450384250125,20.5842082741405,3.31326755142359,30.1825204588053,59.2926733374483,3.1632961847672,62.16292,61.54254,205.587963958694
"1740","Vince Velasquez",8.89696613940627,0.817691078212364,0,1.18995893800324,8.18241286057154,17.1507446129676,0.767321205144026,18.0312,17.321142,28.7369641642898
"1741","Vinny Nittoli",6.96518840297633,0,0,0.443579972712773,4.80079717715246,11.2202109205503,0.456682094530682,12.86588,12.9237,18.189181181081
"1742","Wade Miley",19.4892895204741,0.01472019532818,0,2.71195608207535,12.656103721698,21.7876494817173,1.61333353274976,33.9876,36.36564,33.5823220110764
"1743","Walbert Urena",17.873817294101,0.483408372553274,0,2.08434122668434,16.1328914194239,22.1075148076569,1.48615293603928,30.84086,32.1043,30.4157089638475
"1744","Walker Buehler",32.5082753017094,0.724939556134774,0,3.73303898566267,23.564462505617,48.376669321385,2.83567254543328,59.49262,60.6818,77.2468624441599
"1745","Walker Powell",6.81860560025082,0,0,0.81444031193585,3.29424538456021,7.73766518229104,0.629361356886023,13.20815,14.01758,16.0429206871295
"1746","Walter Pennington",5.41012148612818,0,0,0.810699451826278,5.14230230457068,9.33630121835377,0.628547653811445,11.0148,10.79264,15.2612123454971
"1747","Wander Guante",8.39322573164349,0,0,0.811582126683593,5.95018857350334,9.2985084668575,0.627262859483165,14.104682,15.21544,13.2918358956663
"1748","Wander Suero",4.83943620827601,0,0,0.410992540179543,3.72296247688111,8.94744885693099,0.627712537498063,9.61111,9.39682,15.4155639581349
"1749","Wandy Peralta",24.7364614805668,9.74170436014295,0.0763821906925982,2.60429730747338,24.2955819739526,48.7718104364391,2.94650351097228,57.43836,52.65366,115.2144575821
"1750","Welinton Herrera",13.5094110271018,0.492626581463943,0,1.97518662526176,12.1614930011404,27.9780917490042,1.8189187469852,27.90444,27.2026,45.981214100035
"1751","Wes Benjamin",11.3334736380297,0,0,1.41200415294298,8.76409790441119,16.7220385092363,1.24598183668326,22.631428,23.81016,29.0430726962463
"1752","Wikelman González",26.3806339285601,3.1618384404721,0.0050302037812555,2.64689861773079,29.8789885063148,49.488781070481,1.94977606991249,50.55876,45.94656,77.5328275112599
"1753","Wil Crowe",5.43128610829651,0,0,1.01128847003074,4.53361726599666,6.59342067450334,0.627648297781649,9.52864,10.20764,8.80823084741548
"1754","Wil Jensen",6.99752263498157,0,0,0.610951076343067,5.94409483794632,12.2587301636216,0.833738064176716,14.483822,13.79756,22.4190700313794
"1755","Wilber Dotel",16.5508800062338,0.487506177686222,0,2.36160113766662,12.7571587457312,25.3966318016781,1.79836613181642,32.54408,32.81838,44.2001153871513
"1756","Wilian Bormie",6.6087280567823,0,0,1.0113305021668,6.57616936316331,11.2907592319508,0.833523931788669,12.123354,11.59474,15.9168426144666
"1757","Wilkel Hernandez",11.5479373339549,0,0,1.01528152295669,7.96292882252819,12.9947157425747,0.833866543609544,20.29186,22.0179,20.4307622934425
"1758","Wilkin Ramos",5.4152747110402,0,0,0.811245869595092,5.34894473016397,9.32334360257419,0.833952196564763,11.6189,11.19994,16.8460221042692
"1759","Wilking Rodríguez",1.86418931512066,0,0,0.21023539343083,2.12307105188243,3.90480826575001,0.216560840170553,4.040793,3.7813,6.4070884771057
"1760","Will Bednar",5.42409955810085,0,0,0.611224285227474,5.97840478137961,10.7248172233712,0.421622771102996,10.44226,9.38332,15.4624702975409
"1761","Will Brian",4.0399529301676,0,0,0.410908475907418,3.93480689461241,6.99890765290059,0.422522127132792,8.027,7.39324,11.6951822004037
"1762","Will Childers",6.01774158259566,0,0,0.811413998139342,5.7552308355623,9.90473124839645,0.627434165393602,11.561492,11.202,15.2285335821514
"1763","Will Dion",9.36778069340771,0,0,1.01418868741906,6.94913098071348,16.1382822669812,1.04047022773592,20.476352,20.608,31.327208980086
"1764","Will Johnston",7.38884524849706,0,0,0.81202346411225,6.97117300767883,14.020090305441,0.834851552594559,15.031296,14.19244,23.2183309777326
"1765","Will Klein",24.0530756987293,7.65391804491867,0,2.59313570256565,29.6288401359179,57.4016651478294,2.77260236995182,51.22788,44.21026,104.806823039063
"1766","Will Sanders",11.3430069017122,0,0,1.61490493863088,8.16458363618042,18.2781446009371,1.24685977947426,22.759744,22.20952,32.761168843019
"1767","Will Schomberg",9.57798781745935,0,0,1.21580749295706,8.79213311024121,15.3677430459492,0.833395452355841,17.61929,16.80394,22.7087402195869
"1768","Will Vest",24.953417040433,12.5389079111685,6.10313688573832,3.10518450525757,21.1519318234861,66.7137266099676,4.01440317097502,66.02148,58.4262,192.705138288079
"1769","Will Warren",60.5732556059574,0.75706525158231,0,7.23813492006429,46.8837467634307,128.166764874759,7.55375318935744,130.1424,121.6848,231.024273941164
"1770","Will Watson",11.7278930442064,0,0,1.21355877367771,10.4038230463967,18.2956204636936,1.04196915445225,21.652356,20.99506,28.0548400904332
"1771","William Fleming",9.18761650626461,0,0,1.01484018552803,5.53032731463639,9.47255277574356,0.627455578632407,16.258074,18.22766,15.3387852347867
"1772","William Kempner",13.0441838775111,0.566467892290439,0,2.01725277353473,13.6320116326929,23.7175276068184,1.15818736349605,24.86344,23.36726,34.6350131836068
"1773","Wilmy Sanchez",6.0201319826825,0,0,0.4110976205197,6.99800153320052,11.6764269259009,0.62760547130404,12.383272,11.79644,18.4245531289041
"1774","Winston Santos",9.57086924243359,0,0,1.41494640246736,5.93455521898432,13.6168776731885,1.04094131898963,17.79028,17.40852,23.7548938023815
"1775","Woo-Suk Go",5.03445487995538,0,0,0.612422201105258,4.54266736830907,6.7775312237014,0.42168701081941,8.789276,9.20798,8.94433171490988
"1776","Wyatt Crowell",9.96611445998659,0,0,1.21372690222196,9.01245124599549,15.1740931279343,0.835836561579574,17.48999,16.20252,21.7410822806808
"1777","Wyatt Mills",5.03780670260043,0,0,0.610761931730786,4.33397358619163,7.17663423355197,0.422115275595503,9.265,9.4042,10.7805539298889
"1778","Wyatt Olds",8.19537625996905,0,0,1.21189850430324,8.6120847186342,12.0577754145911,0.833052840534967,14.10974,13.40366,15.2228068484823
"1779","Xzavion Curry",9.38370387501921,0,0,1.2119405364393,6.54322699074612,10.6630545785723,0.832988600818553,16.421522,18.01924,15.8398419665463
"1780","Yaqui Rivera",5.04111197215319,0,0,0.611287333431568,5.1670995849067,7.77420397096993,0.421579944625386,8.743594,8.20096,10.1752876641445
"1781","Yaramil Hiraldo",15.4984326108707,1.11807895402202,0,1.14403490089652,12.1273956257437,34.3360240813622,1.16895604617293,33.34768,30.34726,63.1935434324738
"1782","Yariel Rodríguez",20.0984868260061,1.75932855701159,0.0312437451187259,1.83725603984833,20.5100495650396,42.7534159122391,2.01381911918776,43.66948,37.93876,79.144074693483
"1783","Yency Almonte",3.0513782338782,0,0,0.410151897458291,3.12000916977162,6.03694778108459,0.216710732842186,6.471184,5.59078,10.2500718143244
"1784","Yennier Cano",24.7802159015884,13.6836673727954,1.33234425600875,2.8440201348092,21.1158567547158,53.3198863343051,3.56998942141993,58.36848,55.31392,137.916112375269
"1785","Yerry De los Santos",19.0000725636416,1.1847364487816,0.0117554205433196,1.73650256202952,16.3034307423298,34.3595265239165,1.86050480906077,42.5426,40.67084,69.6891651486459
"1786","Yilber Díaz",17.5375943365492,1.05785251195378,0.0934223577094479,1.66205573855693,19.6596429442006,33.9761563381239,1.72810006418214,35.72024,33.16856,55.9483901845301
"1787","Yimi García",21.1462655807666,10.4864962690795,4.02410836290912,2.52182135308081,18.2493343940402,56.4422480657808,2.76525857552106,51.51964,43.07994,148.959771307793
"1788","Yoendrys Gómez",26.2968555901805,0.705500805228936,0.00105926066656987,2.5835219125334,22.9712204306421,54.4847288267238,2.89219030929634,55.11574,49.83514,96.4655119230374
"1789","Yohan Ramírez",24.296183062861,9.20833952963986,0.038693073627101,2.75796314462703,22.9011923381578,55.1701473523556,2.83098398675936,53.97416,49.30694,115.048315000156
"1790","Yondrei Rojas",4.23849546852875,0,0,0.610719899594723,3.52083825791777,7.96636107610702,0.422158102073113,8.903842,8.39766,13.9052742860885
"1791","Yoniel Curet",12.6726575581427,0,0,2.00467385340107,11.0794193928445,19.022294221037,1.03518486519995,21.422164,20.789436,24.1356377355048
"1792","Yordanny Monegro",7.59344491855391,0,0,0.813746781690817,5.94101095863384,14.410545541741,0.83581514834077,16.168658,15.6024,26.2303554792992
"1793","Yorlin Calderon",6.61248873702053,0,0,0.811855335568,4.7414462605598,8.91297483153891,0.833374039117037,12.459234,12.61154,15.7557505040361
"1794","Yorman Gómez",10.9503403206627,0,0,1.41519859528374,8.98212334757966,18.0836188993672,1.24578911753402,22.766944,22.60886,32.5539679549627
"1795","Yosber Sanchez",4.83248765323949,0,0,0.811266885663123,4.74872656508668,7.17655461686515,0.627584058065235,9.134362,9.2009,10.5976730901037
"1796","Yoshinobu Yamamoto",58.4044289981055,0,0,6.80177390700801,47.4223100586462,172.783553696937,12.4213359734448,159.7732,130.816,368.295109774954
"1797","Yosver Zulueta",15.0614629209762,0.825302763228086,0,1.42021802297674,17.3443867133508,37.6172939907203,1.73714425453225,35.8542,30.45032,69.5467194249843
"1798","Yovanny Cruz",5.62652826764467,0,0,0.611119204887318,5.16699902821434,8.75344066382539,0.421751250535824,9.718288,8.99316,12.1163531916187
"1799","Yu Darvish",9.36209311995807,0,0,1.2136218218818,6.1226549905064,16.7654003363494,1.24795185465329,19.215766,18.59298,31.0415371714698
"1800","Yu-Min Lin",10.9541224229785,0,0,1.21450449673912,9.39046080950214,15.7355566978804,1.0412839308105,21.930626,22.81704,27.065247910564
"1801","Yuki Matsui",22.8157374122887,4.2644079027847,0.0423654245956414,1.98154668739,22.5638365255507,49.965576597946,2.31292139495053,49.7296,43.46628,96.8961775914866
"1802","Yunior Marte",8.22113521155247,0.506866267413145,0,1.16473613320001,6.65421539511233,11.6043985443616,0.609215161710435,14.396036,14.781496,16.8172153179915
"1803","Yunior Tur",11.5522627234431,0,0,1.21568139654887,9.80093007330264,16.12974337732,0.834102089236396,20.481282,21.01244,22.8925352425062
"1804","Yusei Kikuchi",78.819599768661,0,0,10.190811140246,59.4787403138113,166.0411957651,8.70979371142869,164.9352,159.1284,281.638421056332
"1805","Zac Gallen",83.1867485549669,0,0,10.5460022116078,58.7157547633838,165.155193181942,11.4959849563643,178.399,170.7886,306.374306798138
"1806","Zac Leigh",4.64407749661817,0,0,0.611308349499599,4.96904470084096,7.57575714757424,0.421537118147777,8.777758,8.19422,11.0780689907933
"1807","Zach Agnos",31.2369153077904,9.90252535061989,3.89687299857192,3.09981838824543,22.168482775452,44.1775315680613,2.45360059470108,55.22244,57.84666,105.352858284039
"1808","Zach Barnes",4.6495201603214,0,0,0.6116446065881,4.55055101299011,5.01207082251088,0.421194506326902,7.920248,8.6152,5.92712328835557
"1809","Zach Bryant",4.83841001619809,0,0,0.411160668723793,4.13119253758497,6.00727066107328,0.421601357864191,8.239232,8.80522,8.13261546937293
"1810","Zach Brzykcy",9.95381487778413,0.625229474684083,0,0.915802603792412,9.54823614642339,18.1538091031235,0.817429786361457,18.971408,18.212084,28.4537965156381
"1811","Zach Eflin",66.5738620971274,0.704617298270129,0,7.95793799726624,26.8998471754022,102.689398739924,8.16812389630212,134.9648,141.3788,207.987033764879
"1812","Zach Franklin",5.02221951287243,0,0,0.811077741050842,4.33733217971646,9.54919847040688,0.421879729968652,9.843636,8.98536,14.9345792427812
"1813","Zach Fruit",7.81276430440992,0,0,0.815659243881665,7.1745505519134,9.69333735036205,0.422158102073113,13.591036,14.22122,12.6581439060117
"1814","Zach Jacobs",7.01340938373823,0,0,0.813452556738378,5.55671339071171,9.31189870384414,0.626898834423485,12.918544,13.00744,15.1034511010262
"1815","Zach Maxwell",17.376092039598,0.862919290296768,0,1.72908058965846,18.8244801277777,36.249498842948,1.40360637561973,34.5872,30.9435,56.5658247884904
"1816","Zach McCambley",22.0761887705866,2.33571534974692,0,2.05842761651752,20.2109873529767,45.325958032747,2.27016577319671,45.72328,42.33214,80.8952001514494
"1817","Zach Messinger",10.5579753226893,0,0,1.01353718931009,8.17431752400089,13.9906573060606,0.83416632895281,18.18615,18.40714,20.4929574159664
"1818","Zach Peek",6.20856237977874,0,0,1.21097379730986,5.55279167970966,9.71462427294492,1.039913483527,11.671002,11.79778,14.6178132061121
"1819","Zach Penrod",4.63188868262751,0,0,0.611245301295505,4.75856100959951,7.78549490689678,0.421622771102996,9.450672,9.38904,12.3468874716572
"1820","Zach Plesac",9.39144096613241,0,0,1.21608070184146,6.3404390976132,9.47742929781114,0.833823717131935,16.185822,18.22782,13.919240298514
"1821","Zach Pop",13.5365713207913,1.15340255810717,0.000376340943268085,1.46762919284023,9.52376789039793,20.7956499271904,1.21959391678991,27.01516,27.8285,39.22833566404
"1822","Zach Thompson",7.40061626625978,0,0,0.81120383745903,5.32818982886084,9.31128694509174,0.833566758266279,13.890918,15.01102,15.8883244253258
"1823","Zach Thornton",7.58679794659354,0,0,1.01290670726915,4.71258648985243,11.0734684285215,0.836821570564589,15.030142,15.20166,20.7238817720728
"1824","Zach Willeman",6.43372957799408,0,0,1.01557574790913,5.13406992260936,5.19288782034688,0.422307994744745,10.425312,11.8248,5.4559592354206
"1825","Zack Kelly",27.5541071210195,11.2117099386101,0.0051935421157643,2.76248119779291,26.6329816675605,54.8997511531129,2.83545886833704,56.93836,52.483,114.085978172401
"1826","Zack Littell",75.5764168290056,0.0550951925107911,0,9.67168394295106,31.3743689495047,108.457290849026,7.28537704506038,147.0226,154.4662,207.86926483075
"1827","Zack Thompson",9.51187867319539,0.501465278956178,0,1.29602540279266,9.70150023516471,18.3842912625008,1.12193647649506,19.4,18.3765,30.1372863862624
"1828","Zack Weiss",5.62182235722816,0,0,0.410992540179543,5.1466061310037,9.53391206653788,0.421772663774629,10.488142,10.19628,14.433367468268
"1829","Zack Wheeler",51.0342919529012,0,0,6.10649851838317,38.0475371676887,159.949379279825,10.0528417602143,140.2254,115.0988,333.303344689996
"1830","Zak Kent",15.2042211412815,0.839516550167914,0,1.53436621965419,14.3443994518622,30.7602315441412,1.39897882209391,32.1522,29.70456,54.1676881149314
"1831","Zane Mills",7.79398198613846,0,0,1.01225520916018,5.33870805888171,10.6686078424779,1.03948521875091,15.236886,15.61138,19.8956738305007
"1832","Zane Morehouse",4.83805580788717,0,0,0.811624158819656,4.55065156968247,7.96124570397898,0.627220033005556,9.368778,9.20162,12.270388266894
"1833","Zane Russell",4.84114248031091,0,0,1.01137253430287,4.75103936901097,7.76638163149009,0.833502518549865,9.479548,9.40526,12.0107012703513
"1834","Zebby Matthews",53.2544354953913,0.700426139135777,0,6.83120581485906,29.8481778112498,117.178275823052,6.83365318918731,118.6534,115.414,222.773174047947
