POS,PLAYER
SS,Zach Neto
CF,Mike Trout
1B,Nolan Schanuel
3B,Yoán Moncada
DH,Jorge Soler
RF,Jo Adell
LF,Josh Lowe
C,Logan O'Hoppe
2B,Adam Frazier
C,Travis d'Arnaud
INF,Vaughn Grissom
INF,Oswald Peraza
OF,Bryce Teodosio
SP,Yusei Kikuchi
SP,José Soriano
SP,Reid Detmers
SP,Grayson Rodriguez
SP,Alek Manoah
RP,Kirby Yates
RP,Drew Pomeranz
RP,Jordan Romano
RP,Ryan Zeferjahn
RP,Brent Suter
RP,Sam Bachman
RP,Hunter Strickland
RP,Chase Silseth
3B,Anthony Rendon
RP,Ben Joyce
RP,Robert Stephenson
C,Sebastián Rivero
C/1B/2B,Zach Humphreys
C,Omar Martinez
C,Josh Crouch
C,J.J. D'Orazio
C,Juan Flores
C,Alberto Rios
C,Marlon Quintero
C,Dario Laverde
C,Jonathan Linares
C,Gabriel Davalillo
1B/3B,Jeimer Candelario
1B/LF/RF,Trey Mancini
1B/LF/RF,Niko Kavadas
1B,Ryan Nicholson
1B/3B,Matt Coutney
1B/LF/C,Kevin Bruggeman
1B/3B,Athanael Duarte
1B/LF,Anthony Santa Cruz de Oviedo
2B,Christian Moore
2B/LF/CF,Chris Taylor
2B/3B,Nick Madrigal
2B/SS/LF,Donovan Walton
2B/SS/LF,Yolmer Sánchez
2B,Adrian Placencia
2B/SS/3B,Mac McCroskey
2B/SS,Johan Macias
2B/SS/3B,Nick Rodriguez
2B/3B,Anyelo Marquez
2B/SS,Felix Morrobel
3B/1B/2B,Ben Gobbel
3B/2B/LF,Luke Ritter
3B/1B,Rubel Cespedes
3B,Cole Fontenelle
3B/1B,Caleb Bartolero
3B/2B/SS,Harold Coll
3B,Slate Alford
3B,Jake Munroe
3B,Greylin De La Paz
SS/3B,Denzer Guzman
SS/2B/CF,David Mershon
SS/3B/2B,Arol Vera
SS/2B,Capri Ortiz
SS/2B,John Wimmer
SS/3B/LF,Edgar Alfonso
SS,Joswa Lugo
SS/2B/3B,Luis Rodriguez
SS/2B,Yilver De Paula
SS,Jeyson Horton
SS/2B,Cesar Paredes
CF/2B/SS,Kyren Paris
CF/LF/RF,Matthew Lugo
CF,Nelson Rada
CF,Jose Siri
CF/LF/2B,Wade Meckler
LF/RF,Gustavo Campero
RF/LF/CF,Tucker Flint
RF/LF/CF,Elijah Dunham
CF/LF/RF,Anthony Scull
LF/RF/2B,Caleb Ketchup
LF/CF/RF,David Calabrese
LF/CF/RF,Joe Redfield
LF/RF,Rio Foster
RF/CF/LF,Raudi Rodriguez
CF,Hayden Alvarez
LF/RF/CF,Jorge Ruiz
RF/LF,Randy De Jesus
LF/RF/CF,Bryan Martinez
CF/LF/RF,Kevyn Castillo
RF/CF/LF,Lucas Ramirez
CF/RF/LF,Edwardo Espinal
CF/LF/RF,Junior Suriel
CF,Carlos Castillo
CF/RF/LF,Byron Castillo
RF/LF,Yojancel Cabrera
SP,Sam Aldegheri
SP,Walbert Urena
SP,Caden Dana
SP,Mitch Farris
SP,Jack Kochanowicz
SP,Victor Mederos
SP,George Klassen
SP,Joel Hurtado
SP/RP,Huascar Ynoa
SP/RP,Shaun Anderson
SP,Brett Kerry
SP/RP,Efrain Contreras
SP/RP,Ryan Johnson
SP,Chris Cortez
SP,Jose Gonzalez
SP/RP,Keythel Key
SP,Ryan Costeiu
SP,Bryce Osmond
SP,Austin Gordon
SP,Trey Gregory-Alford
SP,Dylan Jordan
SP,Peyton Olejnik
SP,Yeferson Vargas
SP,Francis Texido
SP,Derek Clark
SP,Barrett Kent
SP,Tyler Bremner
SP,Johnny Slawinski
SP,CJ Gray
SP,Talon Haley
SP,Ubaldo Soto
SP,Jhon Almonte
SP,Kendri Fana
SP,Luke LaCourse
SP,Xavier Mitchell
SP,Freddy Hernandez
SP,Wilner Berroteran
RP,José Fermin
RP,Jayvien Sandridge
RP,Samy Natera Jr.
RP,Nick Sandlin
RP,Tayler Saucedo
RP,Kaleb Ort
RP,Angel Perdomo
RP,Jared Southard
RP,Camden Minacci
RP,Aneurys Zabala
RP,Dylan Phillips
RP,Brady Choban
RP,Kenyon Yovan
RP,Luke Murphy
RP,Hayden Seig
RP,Mason Erla
RP,Najer Victor
RP,Carlos Espinosa
RP,Leonard Garcia
RP,Houston Harding
RP,Lucas Knowles
RP,Roman Phansalkar
RP,Nick Jones
RP,Max Gieg
RP,Benny Thompson
RP,Victor Garcia
RP,Bridger Holmes
RP,Kyle Roche
RP,Jaren Warwick
RP,Alex Martinez
RP/SP,Chase Shores
RP/SP,Nate Snead
RP,Fulton Lockhart
RP,Zachary Redner
RP,Lucas Mahlstedt
RP,Yokelvin Reyes
RP,Eybersson Polanco
2B,Jose Altuve
DH,Yordan Alvarez
3B,Isaac Paredes
SS,Carlos Correa
1B,Christian Walker
LF,Joey Loperfido
C,Yainer Diaz
RF,Cam Smith
CF,Jake Meyers
C,César Salazar
INF,Nick Allen
INF/OF,Brice Matthews
OF,Zach Cole
SP,Hunter Brown
SP,Tatsuya Imai
SP,Mike Burrows
SP,Cristian Javier
SP,Lance McCullers Jr.
SP,Ryan Weiss
RP,Bryan Abreu
RP,Bryan King
RP,Enyel De Los Santos
RP,Steven Okert
RP,Bennett Sousa
RP,Roddery Muñoz
RP,Kai-Wei Teng
SS,Jeremy Peña
SP,Ronel Blanco
SP,Brandon Walter
SP,Hayden Wesneski
RP,Josh Hader
RP,Nate Pearson
C,Christian Vázquez
C/1B,Carlos Pérez
C/1B,Collin Price
C,Walker Janek
C/1B,Will Bush
C,Freuddy Batista
C,John Garcia
C/1B,Jason Schiavone
C/1B,Yosweld Vasquez
C/1B,Carlos Cauro
C/1B/2B,Andrews Sosa
C,Jase Mitchell
C/1B,Luis De Leon
1B/LF/RF,CJ Alexander
1B/C,Garret Guillemette
1B/3B/2B,Zach Daudet
1B/C,Arturo Flores
1B/RF/CF,Edwin Sanchez
2B/RF/1B,Cavan Biggio
2B/LF/SS,Jax Biggers
2B/3B/LF,Riley Unroe
2B/3B/SS,Alejandro Nunez
2B/SS/3B,Pascanel Ferreras
2B/3B/SS,Narbe Cruz
2B/SS/3B,Jack Blomgren
2B/SS,Kyle Walker
2B/SS/LF,Alberto Hernandez
2B/3B/SS,Hector Salas
2B/3B/SS,Darwin De Leon
2B/3B/SS,Sami Manzueta
3B/2B/LF,Shay Whitcomb
3B/2B/SS,Jack Winkler
3B/1B/SS,Wilton Lara
3B,Xavier Neyens
3B/SS,Camilo Diaz
3B/2B/1B,Juan Rojas
SS/3B/1B,Edwin Díaz
SS/LF/2B,Tommy Sacco Jr.
SS/2B/CF,Ryan Johnson
SS/2B/3B,Jeron Williams
SS/3B/2B,Caden Powell
SS/2B,Max Holy
SS/3B/2B,Nick Monistere
SS/3B/2B,German Ramirez
SS,Albert Fermín
SS,Randy Arias
SS/2B/3B,Anderson Areinamo
SS/3B/2B,Santiago Martinez
LF/RF/1B,Zach Dezenzo
RF/LF/CF,Kellen Strahm
CF/LF/RF,Taylor Trammell
LF/3B/RF,James Nelson
CF/LF/RF,Joseph Sullivan
CF/RF/LF,Lucas Spence
RF/LF/1B,Luis Baez
RF/LF/1B,Tyler Whitaker
RF/CF/2B,Yamal Encarnacion
CF/RF/LF,Ethan Frey
LF/RF/CF,Cesar Hernandez
RF/LF/CF,Drew Brutcher
CF/RF/LF,Kenni Gomez
LF/RF,Chase Call
CF/LF/RF,Anthony Huezo
LF/RF/CF,Luis Rives
LF/RF/CF,Karniel Pratt
RF/1B/LF,Juan Sierra
CF/LF/RF,Kevin Alvarez
CF/LF/RF,Ariel Lebron
CF/RF/LF,Yensi De La Cruz
RF/LF/1B,Luis Quesada
SP,Spencer Arrighetti
SP,AJ Blubaugh
SP,Miguel Ullola
SP,Jason Alexander
SP,Colton Gordon
SP/RP,J.P. France
SP/RP,Peter Lambert
SP,Ethan Pecko
SP,Jose Fleury
SP,Trey Dombroski
SP,Joey Mancini
SP,Bryce Mayer
SP,Jackson Nezuh
SP,Alonzo Tredwell
SP,James Hicks
SP,Alex Santos II
SP/RP,Brett Gillis
SP/RP,Ramsey David
SP/RP,Manuel Urias
SP,Nic Swanson
SP,Juan Bello
SP,Andrew Taylor
SP,Dylan Howard
SP/RP,Anthony Cruz
SP,Luis Rodriguez
SP,Nolan DeVos
SP/RP,Luis Aguilar
SP,Jose Guedez
SP,Yeriel Santos
SP,Parker Smith
SP,Cole Hertzler
SP,Joan Ogando
SP/RP,Jesus Carrera
SP,Raimy Rodriguez
SP/RP,Rafael Gonzalez
SP/RP,Eurys Martich
SP/RP,Javier Perez
SP,Sandy Mejia
SP,Ryan Forcucci
SP,Gabel Pentecost
SP/RP,Adrian Ardines
SP,Engel Daniel Peralta
RP,Jayden Murray
RP,Alimber Santa
RP,Michael Knorr
RP,Hudson Leach
RP,Logan VanWey
RP,Anthony Maldonado
RP,Tom Cosgrove
RP,Cody Bolton
RP,Christian Roa
RP,Amos Willingham
RP,Sam Carlson
RP,Rhett Kouba
RP,Tyler Guilfoil
RP,Trey McLoughlin
RP,Wilmy Sanchez
RP,Colby Langford
RP,Railin Perez
RP,Amilcar Chirinos
RP,Alejandro Torres
RP,Nico Zeglin
RP,Julio Rodriguez
RP,Nate Wohlgemuth
RP,Dawil Almonte
RP,Ryan Smith
RP,Francisco Frias
RP,Nick Potter
RP,Kellan Oakes
RP,Juan Nunez
1B,Nick Kurtz
C,Shea Langeliers
LF,Tyler Soderstrom
DH,Brent Rooker
2B,Jeff McNeil
SS,Jacob Wilson
RF,Lawrence Butler
3B,Max Muncy
CF,Denzel Clarke
C,Austin Wynns
INF,Andy Ibáñez
OF,Carlos Cortes
OF,Colby Thomas
SP,Luis Severino
SP,Jeffrey Springs
SP,Aaron Civale
SP,Jacob Lopez
SP,Luis Morales
RP,Hogan Harris
RP,Justin Sterner
RP,Mark Leiter Jr.
RP,Michael Kelly
RP,Scott Barlow
RP,Elvis Alvarado
RP,Tyler Ferguson
RP,Luis Medina
2B,Zack Gelof
SP,Gunnar Hoglund
C/1B,Shane McGuire
C,Bryan Lavastida
C,Chad Wallach
C,Brian Serven
C,Cole Conn
C,CJ Rodriguez
C/2B/3B,Davis Diaz
C,Nick Schwartz
C/1B,Dylan Fien
C,Logan Sauve
C/1B,Bryan Arendt
C,Ramon Landaeta
1B/RF,Joey Meneses
1B/LF/RF,Brennan Milone
1B/LF/RF,C.J. Pittaro
1B,Cesar Gonzalez
1B/LF,German Ortiz
2B/SS/3B,Euribiel Angeles
2B/3B/SS,Michael Stefanic
2B/LF/1B,Cooper Bowman
2B/3B/1B,Colby Halter
2B/3B/LF,Justin Riemer
2B/SS,Casey Yamauchi
2B/3B/1B,Jared Sprague-Lott
2B/LF,Max Durrington
3B/1B/2B,Brett Harris
3B/1B/2B,Luke Mann
3B/1B,Tommy White
3B/2B/1B,Myles Naylor
3B/LF,Daniel Bucciero
3B/1B/SS,Bryan Andrade
3B,Ayden Johnson
SS/3B/2B,Darell Hernaiz
SS/2B/3B,Joshua Kuroda-Grauer
SS/3B/2B,Drew Swift
SS,Leo De Vries
SS/3B,Jeremy Eierman
SS/3B/2B,Bobby Boser
SS/3B/2B,Ali Camarillo
SS/2B/SP,Shotaro Morii
SS/3B,Edgar Montero
SS,Johenssy Colome
SS,Ricky Duran
CF/RF/LF,Junior Perez
RF/CF/LF,Henry Bolte
LF/RF/CF,Clark Elliott
RF/CF/LF,Cade Marlowe
CF/RF/LF,Ryan Lasko
RF/LF/CF,Nate Nankil
RF/LF/1B,Jared Dickey
CF/RF/LF,Brayan Buelvas
LF/RF,Devin Taylor
RF/CF/LF,Carlos Pacheco
LF/RF/CF,Cameron Leary
CF/LF,Rodney Green Jr.
CF/RF/LF,Pedro Pineda
RF/LF,Gavin Turley
CF/RF/LF,Bobby Blandford
RF/LF,Darling Fernandez
RF/LF/1B,Darwing Ozuna
LF/RF,Breyson Guedez
CF/LF/RF,Jose Ramos
SP,Mason Barnett
SP,Braden Nett
SP,Henry Baez
SP,Chen Zhong-Ao Zhuang
SP/RP,Jack Perkins
SP,J.T. Ginn
SP,Joey Estes
SP,Gage Jump
SP,Kade Morris
SP,Yunior Tur
SP/RP,Domingo Robles
SP,Blake Beers
SP,Wei-En Lin
SP,Steven Echavarria
SP/RP,Corey Avant
SP,James Gonzalez
SP,Kyle Robinson
SP/RP,Jorge Marcheco
SP,Kenya Huggins
SP,Cole Miller
SP,Nathan Dettmer
SP,Tzu-Chen Sha
SP,Donny Troconis
SP,Jake Garland
SP,Jose Dicochea
SP,Ryan Magdic
SP/RP,Jackson Finley
SP,Jamie Arnold
SS/2B/SP,Shotaro Morii
SP,Sam Stuhr
SP,Zane Taylor
SP,Jefferson Jean
SP,Samuel Dutton
SP,Grant Richardson
SP,Corey Braun
SP,Franco Zabaleta
SP/RP,Erick Matos
SP,Alvin Nova
SP,Diomer Gonzalez
SP,Luis Burgos
SP,Jose Parra
RP,Eduarniel Núñez
RP,Brady Basso
RP,A.J. Causey
RP,Nick Anderson
RP,Gustavo Rodriguez
RP,Joel Kuhnel
RP,Geoff Hartlieb
RP,Wander Suero
RP,Brooks Kriske
RP,Nick Hernandez
RP,Ben Bowden
RP,Matt Krook
RP,Will Johnston
RP,Stevie Emanuels
RP,Shohei Tomioka
RP,Micah Dallas
RP,JJ Goss
RP,Jared Johnson
RP,Mark Adamiak
RP,Blaze Pontes
RP,Colton Johnson
RP,Chase Cohen
RP,Mitch Myers
RP,CD Pelham
RP,Edgar Sanchez
RP,Diego Barrera
RP,Tucker Novotny
RP,Alejandro Manzano
RP,Ryan Brown
RP,Brayan Restituyo
RP,Wilfred Alvarado
RP,Abel Mercedes
RP,Felix Castro
RP,Richard Fernandez
RP,Riley Huge
RP,Griffin Kirn
RP,Jay Dill
DH,George Springer
CF,Daulton Varsho
1B,Vladimir Guerrero Jr.
RF,Addison Barger
C,Alejandro Kirk
LF,Jesús Sánchez
3B,Kazuma Okamoto
SS,Andrés Giménez
2B,Ernie Clement
C,Tyler Heineman
INF/OF,Davis Schneider
OF,Nathan Lukes
OF,Myles Straw
SP,Kevin Gausman
SP,Dylan Cease
SP,Cody Ponce
SP,Max Scherzer
SP,Trey Yesavage
RP,Jeff Hoffman
RP,Tyler Rogers
RP,Louis Varland
RP,Brendon Little
RP,Braydon Fisher
RP,Tommy Nance
RP,Mason Fluharty
RP,Eric Lauer
OF,Anthony Santander
SP,José Berríos
SP,Shane Bieber
SP,Bowden Francis
RP,Yimi García
C/1B,Brandon Valenzuela
C,C.J. Stubbs
C,Aaron Parker
C,Robert Brooks
C,Jacob Sharp
C/1B,William Simoneit
C,Edward Duran
C/1B,Geovanny Planchart
C,Nicolas Deschamps
C/1B,Brock Tibbitts
C,Jaxson West
C,Will Cresswell
C,Juan Caricote
C,Franklin Rojas
1B/LF,Juan Yepez
1B/LF,Jackson Hornung
1B/3B/LF,Damiano Palmegiani
1B/LF/RF,Carter Cunningham
1B,Peyton Williams
1B/LF/RF,Brennan Orf
1B/3B,Kendry Chirinos
1B/LF/RF,David Beckles
2B/SS,Leo Jiménez
2B/3B/LF,Rafael Lantigua
2B/LF/3B,Ryan McCarty
2B/CF,Adrian Pinto
2B/SS/3B,Nick Goodwin
2B/LF/CF,J.R. Freethy
2B/CF/LF,Sam Shaw
2B/SS/3B,Elaineiker Coronado
2B/SS,Angel Guzman
3B/1B,Charles McAdoo
3B/2B/LF,Carlos Mendoza
3B/1B/RF,Riley Tirotta
3B/1B,Sean Keys
3B/2B/SS,Cutter Coffey
3B/1B/2B,Tucker Toman
3B/1B,Aldo Gaxiola
3B,Tim Piasentin
SS/3B,Josh Kasevich
SS/3B/2B,Josh Rivera
SS/CF/2B,Jay Harry
SS/3B/2B,Cade Doughty
SS,Arjun Nimmala
SS/3B/2B,Manuel Beltre
SS,JoJo Parker
SS/2B/3B,Eric Snow
SS/2B,Dariel Ramon
SS/2B,Cristopher Polanco
SS/2B/3B,Kennew Blanco
SS/3B,Juan Sanchez
CF/LF/RF,Jonatan Clase
LF/RF,Yohendrick Pinango
RF/CF/LF,RJ Schreck
LF/RF/1B,Eloy Jiménez
RF/LF/CF,Jace Bohrofen
CF/LF/RF,Ismael Munguia
CF/LF/RF,Victor Arias
RF/LF,Eddie Micheletti Jr.
RF/LF/CF,Je'Von Ward
RF/LF,Jorge Burgos
RF/LF,Hedbert Perez
RF/LF/CF,Alexis Hernandez
CF/LF/RF,Austin Smith
RF/LF/CF,Jake Casey
RF/LF,Yeuni Munoz
CF/LF/RF,Braden Barry
CF/RF/LF,Jean Joseph
CF,Blaine Bullard
CF,Jake Cook
CF/RF/LF,Yhoangel Aponte
RF/LF,Yorman Licourt
LF/CF/RF,Andres Arias
LF/2B/SS,Rafael Flores
CF,Pascual Archila
SP,Jake Bloss
SP,Ricky Tiedemann
SP,Angel Bastardo
SP,Adam Macko
SP,Spencer Miles
SP,Lazaro Estrada
RP,Yariel Rodríguez
SP/RP,Connor Seabold
SP/RP,Michael Plassmeyer
SP,CJ Van Eyk
SP,Chad Dallas
SP,Grant Rogers
SP/RP,Alex Amalfi
SP/RP,Devereaux Harrison
SP/RP,Trenton Wallace
SP/RP,Josh Winckowski
SP,Gage Stanifer
SP,Fernando Perez
SP,Jackson Wentworth
SP,Ryan Watson
SP,Rafael Sanchez
SP,Richard Gallardo
SP/RP,Carson Pierce
SP,Johnny King
SP,Silvano Hechavarria
SP,Brandon Barriera
SP,Austin Cates
SP,Daniel Guerra
SP/RP,Juanmi Vasquez
SP,Chris McElvain
SP,Colby Holcombe
SP,Connor O'Halloran
SP,Nolan Perry
SP,Micah Bucknam
SP,Landen Maroudis
SP/RP,Dahian Santos
SP,Jared Spencer
SP/RP,Gilberto Batista
SP,Karson Ligon
SP/RP,Troy Guthrie
SP,Carson Messina
SP,Seojun Moon
SP,Luis  Fonseca
SP/RP,Sann Omosako
SP/RP,Eduar Gonzalez
SP,Angel Rivero
RP,Chase Lee
RP,Jorge Alcala
RP,Josh Fleming
RP,Jesse Hahn
RP,Ryan Jennings
RP,Nate Garkow
RP,Tanner Andrews
RP,Joe Mantiply
RP,Hunter Gregory
RP,Hayden Juenger
RP,Jimmy Burnette
RP,Jack Cushing
RP,Travis Kuhn
RP,Caleb Freeman
RP,T.J. Brock
RP,Connor Cooke
RP,Nic Enright
RP,Javen Coleman
RP,Yondrei Rojas
RP,Kai Peterson
RP,Brendan Cellucci
RP,Bo Bonds
RP,Pat Gallagher
RP,Conor Larkin
RP,Geison Urbaez
RP,Aaron Munson
RP,Chay Yeager
RP,Danny Thompson Jr.
RP,Irv Carter
RP,Eliander Alcalde
RP,Jack Eshleman
RP,Dylan Watts
RF,Ronald Acuña Jr.
C,Drake Baldwin
1B,Matt Olson
3B,Austin Riley
LF,Mike Yastrzemski
2B,Ozzie Albies
CF,Michael Harris II
DH,Dominic Smith
SS,Mauricio Dubón
C,Jonah Heim
INF/OF,Jorge Mateo
INF/OF,Brett Wisely
OF,Eli White
SP,Chris Sale
SP,Spencer Strider
SP,Reynaldo López
SP,Grant Holmes
SP,Bryce Elder
RP,Raisel Iglesias
RP,Robert Suarez
RP,Dylan Lee
RP,Tyler Kinley
RP,Aaron Bummer
RP,Joel Payamps
RP,Dylan Dodd
RP,José Suarez
C,Sean Murphy
SS,Ha-Seong Kim
SP,Spencer Schwellenbach
SP,AJ Smith-Shawver
SP,Hurston Waldrep
SP,Joey Wentz
RP,Joe Jiménez
RP,Danny Young
OF,Jurickson Profar
C,Chadwick Tromp
C,Sandy León
C/1B,Jair Camargo
C,Adam Zebrowski
C,Tyler Tolve
C,Austin Machado
C,Nick Montgomery
C/1B,Luis Parababire
1B/RF/3B,Tristin English
1B/3B/2B,Will Verdung
1B,Drew Compton
1B/3B,Mason Guerra
1B/3B/2B,Joe Olsavsky
1B/RF/LF,Carlos Monteverde
2B/3B/SS,Kyle Farmer
2B/3B/SS,Dixon Williams
2B/SS,Ambioris Tavarez
2B/3B/SS,Colby Jones
2B/SS,Mario Baez
3B/2B/SS,Nacho Alvarez Jr.
3B/SS/2B,Aaron Schunk
3B/1B,David McCabe
3B/1B/2B,Jordan Groshans
3B/2B/1B,E.J. Exito
3B/2B,Keshawn Ogans
3B/2B,Luis Sanchez
3B/SS/2B,Juan Mateo
SS/2B/3B,Jim Jarvis
SS/3B/2B,Luke Williams
SS/2B/3B,Luke Waddell
SS/2B/3B,Cal Conley
SS/CF,Lizandro Espinoza
SS/2B,Alex Lodise
SS/3B,John Gil
SS/3B/2B,Cody Miller
SS/2B,Tate Southisene
SS,Edelson Cabral
SS,Angel Carmona
SS,Jose Perdomo
SS,Jose Manon
SS/2B,Manuel Cam
RF/LF/CF,Ben Gamel
RF/LF/CF,Brewer Hicklen
CF/RF/LF,DaShawn Keirsey Jr.
CF/LF/RF,José Azocar
CF/RF/LF,Patrick Clohisy
RF/LF,Ethan Workinger
CF/RF/LF,Kevin Kilpatrick Jr.
LF/CF/RF,Logan Braunschweig
CF/LF/2B,Eric Hartman
CF/RF/LF,Isaiah Drake
CF/LF/RF,Owen Carey
CF/RF/LF,Luis Guanipa
RF/LF,Douglas Glod
CF/RF/LF,Diego Tornes
SP/RF/LF,Conor Essenburg
CF,Starlyn De La Cruz
CF/RF/LF,Junior Garcia
LF/RF,Michael Martinez
RF/CF/LF,Juan Espinal
LF/RF/CF,Gabriel Cesa
SP,Didier Fuentes
SP/RP,Jhancarlos Lara
SP,JR Ritchie
SP,Martín Pérez
SP,Carlos Carrasco
SP/RP,Elieser Hernández
SP/RP,Blake Burkhalter
SP,Lucas Braun
SP,Brett Sears
SP,Ian Mejia
SP/RP,Landon Harper
SP/RP,Anthony Molina
SP,Darius Vines
SP,Blayne Enlow
SP,Owen Murphy
SP,Garrett Baumann
SP,Drue Hackenberg
SP,Herick Hernandez
SP,Cade Kuehler
SP/RP,Riley Frey
SP,Cam Caminiti
SP,Luke Sinnard
SP/RP,Logan Samuels
SP/RP,Jacob Kroeger
SP,Rayven Antonio
SP,Owen Hackman
SP,Cedric De Grandpre
SP/RP,David Rodriguez
SP,Adam Maier
SP,Landon Beidelschies
SP,Ethan Bagwell
SP,Davis Polo
SP,Luis Arestigueta
SP,Jeremy Reyes
SP,Kendy Richard
SP,Jacob Shafer
SP/RP,Logan Forsythe
SP,Zach Royse
SP,Briggs McKenzie
SP/RF/LF,Conor Essenburg
SP,Raudy Reyes
SP,Carter Holton
SP,Dayner Matos
RP,Rolddy Muñoz
RP,Hayden Harris
RP,Daysbel Hernández
RP,Ian Hamilton
RP,Hunter Stratton
RP,James Karinchak
RP,Tayler Scott
RP,Austin Pope
RP,Javy Guerra
RP,Connor Thomas
RP,Ryan Bourassa
RP,Ray Kerr
RP,Elison Joseph
RP,Cory Wall
RP,Sean Reid-Foley
RP,Jacob Wallace
RP,Trent Buchanan
RP,LJ McDonough
RP,Luis Vargas
RP,Isaac Gallegos
RP,Jack Dashwood
RP,Peyton Glavine
RP,Samuel Strickland
RP,Tyler LaPorte
RP,Justin Long
RP,Kade Woods
RP,Carter Lovasz
LF,Jackson Chourio
2B,Brice Turang
C,William Contreras
DH,Christian Yelich
RF,Sal Frelick
1B,Andrew Vaughn
3B,Luis Rengifo
CF,Garrett Mitchell
SS,Joey Ortiz
C,Gary Sánchez
1B/OF,Jake Bauers
INF,David Hamilton
OF,Blake Perkins
SP,Brandon Woodruff
SP,Jacob Misiorowski
SP,Chad Patrick
SP,Kyle Harrison
SP,Brandon Sproat
RP,Abner Uribe
RP,Trevor Megill
RP,Jared Koenig
RP,Aaron Ashby
RP,Angel Zerpa
RP,Grant Anderson
RP,Rob Zastryzny
RP,DL Hall
OF,Akil Baddoo
SP,Quinn Priester
C,Jeferson Quero
C,Reese McGuire
C,Ramón Rodríguez
C,Matthew Wood
C,Darrien Miller
C,Andrick Nava
C,Marco Dinges
C/1B,Blayberg Diaz
C,Edgardo Ordonez
C,Kevin Garcia
C,Yoneiker Lugo
C,Luis Corobo
1B/3B,Luke Adams
1B,Blake Burke
1B,Mike Boeve
1B,Eric Bitonti
1B/LF,Tayden Hall
SP/DH,Quinton Low
1B/C,Jonathan Rangel
2B/3B/SS,Ethan Murray
2B/CF,Dylan O'Rae
2B/LF/SS,Eric Brown Jr.
2B/LF,Josh Adamczewski
2B/3B/CF,Daniel Guilarte
2B/SS/3B,Daniel Dickinson
2B/SS/3B,Juan Ortuno
2B/LF/1B,Roderick Flores
2B/3B/SS,Moises Polanco
2B/3B,Juan Martinez
3B,Brock Wilken
3B/2B/LF,Eddys Leonard
3B/1B,Andrew Fischer
3B/SS/2B,Filippo Di Turi
3B/2B,Juan Baez
3B/1B/RF,Gery Holguin
3B/1B,Frederi Montero
SS,Cooper Pratt
SS/2B/CF,Jett Williams
SS/2B/3B,Freddy Zamora
SS/2B/3B,Jesús Made
SS/CF/3B,Eduardo Garcia
SS/2B/3B,Luis Peña
SS/3B,Brady Ebel
SS,Ricki Moneys
SS,Diego Frontado
SS,José Rodríguez
SS,Cristopher Acosta
LF/1B,Tyler Black
CF/RF/LF,Brandon Lockridge
CF/LF/RF,Steward Berroa
CF/SS/2B,Greg Jones
LF/RF/CF,Jacob Hurtubise
CF,Luis Lara
CF/LF/RF,Jordyn Adams
CF/LF/RF,Dasan Brown
CF,Braylon Payne
LF/RF/2B,Luiyin Alastre
RF/CF/LF,Kay-Lan Nicasia
CF/LF/RF,Josiah Ragsdale
CF/RF/LF,Handelfry Encarnacion
CF/RF,José Anderson
LF/RF/CF,Tyler Rodriguez
LF/2B/CF,Demetrio Nadal
RF/LF/CF,Pedro Ibarguen
LF/2B,Jadyn Fielder
CF,Kenny Fenelon
CF,Brailyn Antunez
RF/LF,Alexander Frias
RF/LF/CF,Frandy Lafond
LF/RF/1B,Angel Gonzalez
SP,Logan Henderson
SP,Robert Gasser
SP,Coleman Crow
SP,Carlos Rodriguez
SP,Shane Drohan
SP,Tate Kuehner
SP,Drew Rom
SP,Brett Wichrowski
SP,K.C. Hunt
SP/RP,Garrett Stallings
SP/RP,Gerson Garabito
SP,Bishop Letson
SP,Tyson Hardin
SP,Jaron DeBerry
SP,Ryan Birchard
SP/RP,Anthony Flores
SP,Manuel Rodriguez
SP,Tanner Gillis
SP,Will Rudy
SP,Bryce Meccage
SP,Jack Hostetler
SP,Edwin Jimenez
SP,Sam Garcia
SP,Travis Smith
SP,Daniel Corniel
SP,Chandler Welch
SP,Cameron Wagoner
SP,Jason Woodward
SP,Cole Phillips
SP,J.D. Thompson
SP,Jacob Morrison
SP,Melvin Hernandez
SP,Ethan Dorchies
SP,Wande Torres
SP,Enderson Mercado
SP/RP,Griffin Tobias
SP,Miqueas Mercedes
SP/RP,Jesus Flores
SP,Yorman Galindez
SP,Jayden Dubanewicz
SP,Tyler Renz
SP,Carlos Carra
SP/DH,Quinton Low
SP,Josh Knoth
SP,Frank Cairone
SP,Joshua Flores
SP,Sean Episcope
SP,Hayden Vucinovich
SP,Andrew Healy
SP,Braylon Owens
SP,Wenderlyn King
SP/RP,Eric Prado
RP,Craig Yoho
RP,Easton McGee
RP/SP,Sammy Peralta
RP,Jacob Waguespack
RP,Peter Strzelecki
RP,Will Childers
RP,Mark Manfredi
RP,J.B. Bukauskas
RP,Blake Holub
RP,Brian Fitzpatrick
RP,Kaleb Bowman
RP,Jesús Broca
RP,Stiven Cruz
RP,Nick Merkel
RP,Tyler Bryant
RP,Chase Costello
RP,Russell Smith
RP,Joe Corbett
RP,Yerlin Rodriguez
RP,Michael Fowler
RP,Bjorn Johnson
RP,Patricio Aquino
RP,Josh Timmerman
RP,Bryan Rivera
RP,Joshua Quezada
2B,JJ Wetherholt
SS,Masyn Winn
1B,Alec Burleson
DH,Iván Herrera
3B,Nolan Gorman
RF,Jordan Walker
LF,Nathan Church
C,Pedro Pagés
CF,Victor Scott II
C/1B,Yohel Pozo
INF,Ramón Urías
INF/OF,José Fermín
INF/OF,Thomas Saggese
SP,Matthew Liberatore
SP,Dustin May
SP,Andre Pallante
SP,Michael McGreevy
SP,Kyle Leahy
RP,Riley O'Brien
RP,JoJo Romero
RP,Matt Svanson
RP,Ryne Stanek
RP,Justin Bruihl
RP,Matt Pushard
RP,George Soriano
RP,Gordon Graceffo
OF,Lars Nootbaar
C,Jimmy Crooks
C,Leonardo Bernal
C/1B,Carlos Linarez
C/1B,Andy Yerzy
C,Graysen Tarlow
C,Ryan Cam
C/1B,Chase Adkison
C,Rainiel Rodriguez
C/1B,Sammy Hernandez
C/1B,Heriberto Caraballo
C,Chase Heath
C,Juan Rujano
C/1B,J.P. Cabrera
1B/3B,Blaze Jordan
1B/RF/LF,Bligh Madris
1B/3B,Trey Paige
1B/C,Josh Kross
1B/3B/2B,Johnfrank Salazar
1B,Jack Gurevitch
2B/RF/LF,Bryan Torres
2B/RF/LF,Noah Mendlinger
2B/SS,Tre Richardson III
2B/3B/LF,Christian Martin
2B/SS,Jonathan Mejía
2B/3B,Bracewell Taveras
2B/3B/SS,Yeferson Portolatin
3B/SS/2B,César Prieto
3B/2B/LF,Ramon Mendoza
3B/2B/1B,Dakota Harris
3B/1B,Deniel Ortiz
3B/2B/SS,Cade McGee
3B/1B,Michael Dattalo
3B,Edward Guribe
SS/2B/3B,Brody Moore
SS/2B,Jeremy Rivas
SS/2B/3B,Jon Jon Gazdar
SS/3B/2B,Jesús  Baéz
SS/3B/2B,Anyelo Encarnación
SS/2B/CF,Ryan Mitchell
SS/3B,Jalin Flores
SS/2B,Ryan Weingartner
SS,Yairo Padilla
SS,Carlos Carrión
SS/2B,Sebastian Dos Santos
SS/3B/1B,Yancel Guerrero
SS,Miguel Hernandez
RF/CF/LF,Joshua Báez
CF/RF/LF,Chase Davis
RF/LF/CF,Matt Koperniak
LF/RF/CF,Mike Antico
RF/LF,Nelson Velázquez
RF/CF/LF,Colton Ledbetter
CF/LF/RF,Travis Honeyman
CF/RF/LF,Miguel Ugueto
CF/LF/RF,Zach Levenson
LF/RF/CF,Ian Petrutz
CF/LF,Tai Peete
CF/RF/LF,Won-Bin Cho
RF/LF/CF,Jose Cordoba
CF/RF/LF,Yordalin Peña
RF/LF,José Suárez
CF/LF/RF,Matthew Miura
LF/RF/CF,Luis Pino
CF/RF/LF,Emanuel Luna
CF/LF/RF,Royelny Strop
RF/LF,Yaxson Lucena
CF/RF/LF,Kenly Hunter
CF/LF/RF,Facundo Velasquez
CF/LF/RF,Andru Arthur
CF/LF/2B,Cristofer Lebron
SP,Tink Hence
SP,Brycen Mautz
SP,Richard Fitts
SP,Hunter Dobbins
SP,Quinn Mathews
SP,Ixan Henderson
SP,Pete Hansen
SP/RP,Zack Thompson
SP/RP,Bruce Zimmermann
SP/RP,Alex Cornwell
SP,Ian Bedell
SP,Tekoah Roby
SP,Cooper Hjerpe
SP,Sem Robberse
SP,Jurrangelo Cijntje
SP,Hancel Rincon
SP,Max Rajcic
SP/RP,Darlin Saladin
SP/RP,Ryan Murphy
SP,Brandt Thompson
SP,Liam Doyle
SP,Chen-Wei Lin
SP,Leonel Sequera
SP,Nate Dohm
SP,Blake Aita
SP,Braden Davis
SP,José Davila
SP,Mason Molina
SP/RP,Frank Elissalt
SP,Jason Savacool
SP,Gerardo Salas
SP,Brandon Clarke
SP,Cade Crossland
SP/RP,Tanner Franklin
SP,Yhoiker Fajardo
SP,Jacob Odle
SP,Nelfy Ynfante
SP,Andrew Dutkanych IV
SP,Tyler Van Dyke
SP,Nolan Sparks
SP/RP,Yadiel Batista
SP/RP,Hunter Kublick
SP/RP,Keiverson Ramirez
SP,Bernard Mack
SP,Payton Graham
SP,Jack Martinez
SP/RP,Branneli Franco
SP/RP,Reiner Lopez
SP,Brian Holiday
SP,Juan Garcia
RP,Ryan Fernandez
RP,Chris Roycroft
RP,Nick Raquet
RP,Luis Gastelum
RP,Austin Love
RP,Scott Blewett
RP,Skylar Hales
RP,Jared Shuster
RP,Packy Naughton
RP,Gerson Moreno
RP,Randel Clemente
RP,Tyler Bradt
RP,Michael Watson
RP,Jack Findlay
RP,Hunter Hayes
RP,Mason Burns
RP,Jawilme Ramírez
RP,Edwin Núñez
RP,D.J. Carpenter
RP,Zack Showalter
RP,Christian Worley
RP,Joseph King
RP,Charles Harrison
RP,Alan Reyes
RP,Ethan Young
RP,Yordy Herrera
RP,Sam Brodersen
1B,Michael Busch
3B,Alex Bregman
LF,Ian Happ
RF,Seiya Suzuki
CF,Pete Crow-Armstrong
2B,Nico Hoerner
SS,Dansby Swanson
DH,Moisés Ballesteros
C,Carson Kelly
C,Miguel Amaya
INF/OF,Matt Shaw
OF,Dylan Carlson
OF,Michael Conforto
SP,Matthew Boyd
SP,Edward Cabrera
SP,Cade Horton
SP,Shota Imanaga
SP,Jameson Taillon
RP,Daniel Palencia
RP,Phil Maton
RP,Hunter Harvey
RP,Caleb Thielbar
RP,Jacob Webb
RP,Hoby Milner
RP,Javier Assad
RP,Colin Rea
1B/OF,Tyler Austin
SP,Justin Steele
SP,Jordan Wicks
RP,Porter Hodge
C,Christian Bethancourt
C,Casey Opitz
C,Eric Yang
C,Ariel Armas
C/1B,Ethan Hearn
C/1B,Owen Ayers
C,Logan Poteet
C,Michael Carico
C,Justin Stransky
C/1B,Jairo Diaz
C/1B,Daniel Cam
C/1B,Ivan Cespedes
1B/3B/LF,Jonathon Long
1B/3B,BJ Murray
1B,Haydn McGeary
1B/LF,Cameron Sisneros
1B/3B,Matt Halbach
1B,Brian Kalmer
1B/3B,Cole Mathis
2B/CF/LF,James Triantos
2B/RF/LF,Karson Simas
2B/SS/RF,Hayden Cantrelle
2B/SS/3B,Alexis Hernandez
2B,Ty Southisene
2B/3B,Juan Cabada
2B/3B,Ezequiel Pena
3B/2B/LF,Pedro Ramirez
3B/1B,Devin Ortiz
3B/CF/LF,Christian Olivo
3B/2B/LF,Reginald Preciado
3B/2B/1B,Drew Bowser
3B/2B,Christopher Paciolla
SS/2B/3B,Ben Cowles
SS/2B/CF,Scott Kingery
SS/3B/2B,Owen Miller
SS/2B/3B,Jefferson Rojas
SS/2B,Ed Howard
SS/CF/2B,Angel Cepeda
SS/3B/2B,Yahil Melendez
SS/3B/2B,Eriandys Ramon
SS,Juan Tomas
SS/2B,Fernando Cruz
SS/2B/CF,Derniche Valdez
SS,Yadier Munoz
CF/LF/RF,Kevin Alcántara
CF/RF/LF,Justin Dean
CF/LF/RF,Chas McCormick
CF/RF/LF,Brett Bateman
LF/RF/CF,Jordan Nwogu
RF/LF/CF,Parker Chavers
LF/1B/3B,Edgar Alvarez
CF/LF/1B,Carter Trice
RF/CF/SS,Jaylen Palmer
LF/RF/CF,Andy Garriola
CF/RF/LF,Kane Kepley
CF/RF/LF,Leonel Espinoza
LF/2B/CF,Jose Escobar
LF/RF/CF,Kade Snell
LF/RF/CF,Alexander Ramirez
CF/RF/1B,Ethan Conrad
RF/LF/CF,Eli Lovich
RF/CF/LF,Alexey Lumpuy
LF/RF/CF,Derik Alcantara
CF/RF/LF,Darlyn De Leon
RF/LF,Josiah Hartshorn
RF/LF,Geuri Lubo
CF/RF/LF,Luis Sanchez
CF/RF/LF,Freiker Betencourt
SP/RP,Ben Brown
SP,Jaxon Wiggins
SP,Connor Noland
SP,Kyle Wright
SP,Vince Velasquez
SP,Grant Kipp
SP/RP,Connor Schultz
SP,Will Sanders
SP,Charlie Barnes
SP/RP,Tyler Beede
SP,Brandon Birdsell
SP,Brody McCullough
SP,Kohl Franklin
SP,Nick Dean
SP,Tyler Schlaffer
SP,Evan Aschenbeck
SP,Yenrri Rojas
SP,Erian Rodriguez
SP,Walker Powell
SP,Nazier Mulé
SP,JP Wheat
SP,Ethan Flanagan
SP,Drew Gray
SP,Kenten Egbert
SP,Brooks Caple
SP,Dominick Reid
SP,Jostin Florentino
SP,Kevin Camacho
SP,Pierce Coppola
SP,Jake Knapp
SP,Alfredo Romero
SP/RP,Noah Edders
SP,Kaleb Wing
SP,Colton Book
SP,Mason McGwire
SP,Luis Ghisays
RP,Jack Neely
RP,Riley Martin
RP,Luke Little
RP,Ethan Roberts
RP,Gavin Hollowell
RP,Ryan Rolison
RP,Trent Thornton
RP,Collin Snider
RP,Corbin Martin
RP,Jeff Brigham
RP,Zac Leigh
RP,Yacksel Ríos
RP,Ben Heller
RP,Frankie Scalzo Jr.
RP,Chase Watkins
RP,Tyler Santana
RP,Nick Hull
RP,Zane Mills
RP,Sam Thoresen
RP,Gabe Klobosits
RP,Koen Moreno
RP,Evan Taylor
RP,Johzan Oquendo
RP,Luis Rujano
RP,Jose Romero
RP,Jace Beck
RP,Luis Martinez-Gomez
RP,Thomas Mangus
RP,Adam Stone
RP,Jackson Kirkpatrick
RP,Brayden Risedorph
RP,Grayson Moore
RP,Connor Spencer
SS,Geraldo Perdomo
2B,Ketel Marte
RF,Corbin Carroll
C,Gabriel Moreno
DH,Pavin Smith
3B,Nolan Arenado
1B,Carlos Santana
CF,Jordan Lawlar
LF,Alek Thomas
C,James McCann
INF/OF,Tim Tawa
INF/OF,Ildemaro Vargas
OF,Jorge Barrosa
SP,Zac Gallen
SP,Ryne Nelson
SP,Eduardo Rodriguez
SP,Brandon Pfaadt
SP,Michael Soroka
RP,Kevin Ginkel
RP,Paul Sewald
RP,Ryan Thompson
RP,Taylor Clarke
RP,Brandyn Garcia
RP,Jonathan Loáisiga
RP,Philip Abner
RP,Andrew Hoffmann
C,Adrian Del Castillo
1B,Tyler Locklear
OF,Lourdes Gurriel Jr.
SP,Corbin Burnes
SP,Merrill Kelly
SP,Cristian Mena
SP,Blake Walston
RP,Justin Martinez
RP,A.J. Puk
RP,Andrew Saalfrank
C,Aramis Garcia
C,Matt O'Neill
C,Christian Cerda
C,Gavin Logan
C,Juan Centeno
C,Jeremiah Boyd
C,Kenny Castillo
C,David Martin
C,Adrian De Leon
C,Carlos Virahonda
C,Alberto Barriga
C,Ivan Luciano
C,Jose Rodriguez
C,Johan Fernandez
1B,Ivan Melendez
1B,Luken Baker
1B/3B,Ben McLaughlin
1B/3B/2B,Manuel Pena
1B/3B,Ruben Santana
1B/LF,Modeifi Marte
1B,Pedro Blanco
1B/3B,Enyervert Perez
1B/3B,Feliz Genao
2B/CF/SS,Tommy Troy
2B/SS/1B,Jean Walters
2B/3B/SS,Jansel Luis
2B/3B,Demetrio Crisantes
2B,JD Dix
2B/SS,Yerald Nin
2B/3B/CF,Jorge Lara
2B/SS,Kyle Sinzza
3B,LuJames Groover
3B/1B/2B,Jesus Valdez
3B/2B/SS,Danny Serretti
3B,Wallace Clark
3B/2B/LF,Brady Counsell
3B,Yassel Soler
3B/2B/RF,Anderdson Rojas
3B/2B/LF,José Mejía
3B/1B/LF,Alfredo Guanchez
3B,Victor Santana
SS/3B/1B,Jose Fernandez
SS/2B,Jacob Amaya
SS/2B,Cristofer Torin
SS/2B/3B,Adrian Rodriguez
SS/2B,Kayson Cunningham
SS/2B,Tytus Cissell
SS,Ruben Gallego
SS,Alam Bruno
SS/2B,Eybert Sanchez
LF/RF/CF,Ryan Waldschmidt
CF/RF/LF,Kristian Robinson
LF/RF,A.J. Vukovich
RF/CF/LF,Óscar Mercado
RF/CF/LF,Gavin Conticello
LF/RF/1B,Caleb Roberts
CF/LF/RF,Jack Hurley
RF/LF,Angel Ortiz
LF/RF,Junior Franco
CF/RF,Druw Jones
CF/LF/RF,Slade Caldwell
LF/CF/RF,Avery Owusu-Asiedu
LF/2B/CF,Trent Youngblood
LF/RF/CF,Alexander Benua
RF/LF/CF,Gian Zapata
RF/LF,Abdias De La Cruz
CF/RF/LF,Jose Alpuria
CF/RF/LF,Jakey Josepha
CF/RF/LF,Nathan Hall
RF/LF,Adriel Radney
RF/LF,Elian De La Cruz
CF/RF/LF,Pedro Catuy
CF/RF,Belfi Rivera
LF/RF/CF,Bo Walker
CF/RF/LF,Erick De La Cruz
CF/LF/RF,Alfredo Benzan
RF/LF/CF,Mayki De La Rosa
SP/RP,Yilber Díaz
SP,Kohl Drake
SP,Mitch Bratt
SP,Dylan Ray
SP,Yu-Min Lin
SP,Spencer Giesting
SP/RP,Bryce Jarvis
SP/RP,Joe Ross
SP/RP,Thomas Hatch
SP,Roman Angelo
SP,Avery Short
SP,Jose Cabrera
SP,Tommy Henry
SP,Daniel Eagen
SP,Ashton Izzi
SP,David Hagaman
SP,Yordin Chalas
SP,Josh Grosz
SP,Billy Corcoran
SP/RP,Casey Anderson
SP/RP,Alec Baker
SP,Jonatan Bernal
SP,Wellington Aracena
SP,Mason Marriott
SP,Caden Grice
SP,Jacob Steinmetz
SP/RP,Grayson Hitt
SP,Junior Sanchez
SP,John West
SP,Wilkin Paredes
SP/RP,Daniel Nunez
SP,Lorenzo Encarnacion
SP,Patrick Forbes
SP,Junior Ciprian
SP/RP,Brian Curley
SP,Daury Vasquez
SP/RP,Sandro Santana
SP,Chung-Hsiang Huang
SP/RP,Sawyer Hawks
SP,Connor Foley
SP/RP,Logan Mercado
SP,Mervin Fell
SP,Adonys Perez
SP,Erick Reynoso
SP,Dean Livingston
SP,Samuel Gonzalez
SP/RP,Joe Ariola
SP,Naimer Rosario
SP,Anderson Cardenas
RP,Drey Jameson
RP,Kade Strowd
RP,Juan Morillo
RP,Juan Burgos
RP,Grant Holman
RP,Hayden Durke
RP,Landon Sims
RP,Isaiah Campbell
RP,Taylor Rashi
RP,Gerardo Carrillo
RP,John Curtiss
RP,Shawn Dubin
RP,Junior Fernández
RP,Alfred Morillo
RP,Luke Albright
RP,Antonio Menendez
RP,Derek Law
RP,Kyle Amendt
RP,Hunter Cranton
RP,Nate Savino
RP,Zane Russell
RP,Eli Saul
RP,Indigo Diaz
RP,Carlos Rey
RP,Will Mabrey
RP,Sean Harney
RP,Sam Knowlton
RP,Ricardo Yan
RP,Ryan Bruno
RP,Luke Craig
RP,Rocco Reid
RP,Jake Fitzgibbons
RP,Rio Britton
RP,Teofilo Mendez
RP,Walvin Mena
DH,Shohei Ohtani
RF,Kyle Tucker
SS,Mookie Betts
1B,Freddie Freeman
C,Will Smith
3B,Max Muncy
LF,Teoscar Hernández
CF,Andy Pages
2B,Hyeseong Kim
C,Dalton Rushing
INF,Miguel Rojas
INF/OF,Santiago Espinal
OF,Alex Call
SP,Yoshinobu Yamamoto
SP,Tyler Glasnow
SP,Shohei Ohtani
SP,Emmet Sheehan
SP,Roki Sasaki
RP,Edwin Díaz
RP,Tanner Scott
RP,Alex Vesia
RP,Blake Treinen
RP,Jack Dreyer
RP,Will Klein
RP,Justin Wrobleski
RP,Edgardo Henriquez
RP,Ben Casparius
INF/OF,Tommy Edman
INF/OF,Enrique Hernández
SP,Blake Snell
SP,Gavin Stone
RP,Brusdar Graterol
RP,Evan Phillips
RP,Brock Stewart
C,Seby Zavala
C,Eliezer Alfonzo
C,Chuckie Robinson
C/1B,Griffin Lockwood-Powell
C,Nelson Quiroz
C/2B/3B,Yeiner Fernandez
C,Frank Rodriguez
C,Jesus Galiz
C/1B,Victor Rodrigues
C/1B,Angel Diaz
C/1B,Francisco Espinoza
C,Gio Cueto
C,Eduardo Rojas
C/2B,Bryan Gonzalez Garcia
C/2B/CF,Jhon GIl
C/1B,Jose Rivas
C/1B,Euri Rosa
1B,Keston Hiura
1B,Joe Vetrano
1B/LF/RF,Cameron Decker
1B/RF/LF,Jose Meza
1B/RF/CF,Jose Gonzalez
2B/3B,Austin Gauthier
2B/3B/SS,Taylor Young
2B/SS,Nico Perez
2B/3B/LF,Sam Mongelli
2B/3B/1B,Oswaldo Osorio
2B/LF/RF,Javier Herrera
2B/3B/SS,Raynerd Ortega
2B/SS/3B,Reyli Mariano
3B/LF/RF,Nick Senzel
3B/1B/LF,Kyle Nevin
3B/2B,Logan Wagner
3B/2B,Jake Gelof
3B/CF/SS,Mairoshendrick Martinus
3B/1B,Chase Harlan
3B/2B/RF,Moises Bolivar
3B/2B/1B,Harold Gonzalez
SS/3B/2B,Alex Freeland
SS/2B,Noah Miller
SS/2B/3B,Ryan Fitzgerald
SS/3B/2B,Sean McLain
SS/2B/3B,Elijah Hainline
SS/2B/LF,Jordan Thompson
SS/LF/3B,Jose D. Hernandez
SS/3B/2B,Emil Morales
SS/3B/2B,Joendry Vargas
SS,Kellon Lindsey
SS,Aidan West
SS/3B/2B,Daniel Mielcarek
LF/1B/RF,Ryan Ward
CF/LF/RF,Michael Siani
RF/LF/1B,James Tibbs III
CF/RF/LF,Chris Newell
CF/LF/RF,Jack Suwinski
LF/RF/1B,Matt Gorski
LF/CF/RF,Kole Myers
RF/LF,Damon Keith
LF/RF,Josue De Paula
RF/LF/CF,Zyhir Hope
RF/LF/CF,Zach Ehrhard
CF/LF,Kendall George
CF/RF/LF,Mike Sirota
CF/RF/LF,Eduardo Quintero
CF/LF/2B,Charles Davalan
RF/LF/CF,Landyn Vidourek
LF/CF/RF,Samuel Munoz
RF/CF/LF,Jaron Elkins
LF/CF/RF,Ching-Hsien Ko
CF/LF/RF,Brendan Tunink
RF/LF/2B,Elias Medina
CF/RF/LF,Rubel Arias
CF/RF/LF,Agustin Acosta
RF/LF/CF,Erny Orellana
SP,River Ryan
SP,Kyle Hurt
SP,Landon Knack
SP/RP,Cole Irvin
SP/RP,Garrett McDaniels
SP,Chris Cam
SP,Nick Frasso
SP/RP,Nick Nastrini
SP,Adam Serwinowski
SP,Jackson Ferris
SP,Patrick Copen
SP,Luke Fox
SP,Peter Heubeck
SP,Wyatt Crowell
SP/RP,Roque Gutierrez
SP,Jared Karros
SP,Christian Zazueta
SP,Brooks Auger
SP,Sterling Patick
SP,Aidan Foeller
SP/RP,Logan Tabeling
SP,Payton Martin
SP,Tyler Gough
SP,Maddux Bruns
SP,Christian Romero
SP,Marlon Nieves
SP,Luis Carias
SP,Oliver Gonzalez
SP,Hyun-Seok Jang
SP,Brady Smith
SP,Jakob Wright
SP,Isaac Ayon
SP,Dylan Tate
SP,Samuel Sanchez
SP,Jesus Tillero
SP/RP,Edgar Leon
SP,Zachary Root
SP,Cam Leiter
SP,Jose Vasquez
SP,Davion Hickson
SP/RP,Javier Bartolozzi
SP,Adriano Marrero
RP,Paul Gervase
RP,Ronan Kopp
RP,Bobby Miller
RP,Ryder Ryan
RP,Wyatt Mills
RP,Jordan Weems
RP,José Rodríguez
RP,Carlos Duran
RP,Lucas Wepf
RP,Antoine Kelly
RP,Yency Almonte
RP,Keynan Middleton
RP,Nick Robertson
RP,Antonio Knowles
RP,Ryan Sublette
RP,Carson Hobbs
RP,Jerming Rosario
RP,Cam Day
RP,Christian Suarez
RP,Kelvin Ramirez
RP,Evan Shaw
RP,Reynaldo Yean
RP,Alex Makarewich
RP,Justin Chambers
RP,Ryan Brown
RP,Nicolas Cruz
RP,Seamus Barrett
RP,Cody Morse
RP,Myles Caba
2B,Luis Arraez
1B,Rafael Devers
SS,Willy Adames
3B,Matt Chapman
RF,Jung Hoo Lee
LF,Heliot Ramos
CF,Harrison Bader
DH,Bryce Eldridge
C,Patrick Bailey
C,Daniel Susac
1B/OF,Jerar Encarnacion
INF,Casey Schmitt
OF,Luis Matos
SP,Logan Webb
SP,Robbie Ray
SP,Tyler Mahle
SP,Adrian Houser
SP,Landen Roupp
RP,Ryan Walker
RP,Erik Miller
RP,José Buttó
RP,Spencer Bivens
RP,Matt Gage
RP,Trevor McDonald
RP,Keaton Winn
RP,JT Brubaker
SP,Hayden Birdsong
RP,Jason Foley
RP,Sam Hentges
RP,Joel Peguero
RP,Randy Rodríguez
RP,Reiver Sanmartin
RP,Rowan Wick
C/2B/3B,Jesus Rodriguez
C,Eric Haase
C/1B,Logan Porter
C,Diego Cartaya
C/1B,Zach Morgan
C,Drew Cavanaugh
C,Adrián Sugastey
C,Onil Perez
C/LF/2B,Jancel Villarroel
C,Luke Shliger
C,Ty Hanchey
C,Fernando Gonzalez
C,Rod Barajas Jr.
C,Juan Perez
C,Yohendry Sanchez
C,Santiago Camacho
1B/RF,Victor Bericoto
1B,Jake Holton
1B/3B,Charlie Szykowny
1B/RF/LF,Jack Payton
1B/RF/LF,Jakob Christian
1B/3B,Robert Hipwell
1B/LF/RF,Angel Guzman
1B,Jeremiah Jenkins
1B/LF/2B,Franco Willias
1B/RF/LF,Evan Estevez
2B/3B/SS,Christian Koss
2B/RF/SS,Tyler Fitzgerald
2B/3B,Nate Furman
2B/SS,Diego Velasquez
2B/SS/3B,Jean Carlos Sio
2B/3B/1B,Zander Darby
2B/LF/CF,Quinn McDaniel
2B/SS/RF,Jose Ramos
2B/RF/LF,Ryan Reckley
2B/3B/SS,Dario Reynoso
2B/SS/3B,Yulian Barreto
2B/3B,Yosneiker Rivas
3B/2B/1B,Buddy Kennedy
3B/2B,Dayson Croes
3B/1B/2B,Devin Mann
3B/LF/2B,Thomas Gavello
3B/1B/LF,Parks Harber
3B/1B,Sabin Ceballos
3B/SS/2B,Cole Foster
3B/SS,Walker Martin
3B/SS/2B,Isaiah Barkett
SS/2B/3B,Osleivis Basabe
SS/2B,Maui Ahuna
SS,Aeverson Arteaga
SS/2B,Gavin Kilen
SS,Lorenzo Meola
SS,Josuar Gonzalez
SS/2B,Jhonny Level
SS,Luis Hernandez
SS,Anthony Marquez
CF/RF/LF,Drew Gilbert
RF/LF/CF,Will Brennan
CF/RF/LF,Grant McCray
RF/CF/LF,Jared Oliva
CF/LF/RF,Turner Hill
CF,Bo Davidson
CF/LF/RF,Jonah Cox
LF/RF,Scott Bandura
CF,Dakota Jordan
LF/CF/RF,Lisbel Diaz
RF/LF,Carlos Gutierrez
CF/RF/LF,Trevor Cohen
LF/RF,Damian Bravo
LF/RF/CF,Rayner Arias
LF/2B/CF,Jose Astudillo
RF/LF,Cam Maldonado
RF/CF/LF,Jose Ortiz
CF,Djean Macares
RF/LF/CF,Oliver Tejada
RF/LF,Carlos Concepcion
SP,Carson Whisenhunt
SP,Blade Tidwell
SP/RP,Carson Seymour
SP/RP,Nick Margevicius
SP/RP,Caleb Kilian
SP,Joe Whitman
SP,Jack Choate
SP,Seth Lonsway
SP,John Michael Bertrand
SP,Nick Zwack
SP,Hayden Wynja
SP,Logan Martin
SP,Josh Bostick
SP,Cesar Perdomo
SP,Shane Rademacher
SP,Manuel Mercedes
SP,Trystan Vrieling
SP/RP,Nick Sinacola
SP,Dylan Carmouche
SP,Yunior Marte
SP,Hunter Dryden
SP,Gerelmi Maldonado
SP,Jacob Bresnahan
SP,Luis De La Torre
SP,Niko Mazza
SP,Greg Farone
SP,Charlie McDaniel
SP,Keyner Martinez
SP,Argenis Cayama
SP,Drake George
SP,Cale Lansville
SP/RP,Ricardo Estrada
SP/RP,Tyler Switalski
SP,Jordan Gottesman
SP,Reid Worley
SP,Brayan Narvaez
SP,Carlos De La Rosa
RP,Alberto Laroche
SP/RP,Randry De Leon
RP,Tristan Beck
RP,Gregory Santos
RP,Michael Fulmer
RP,Joey Lucchesi
RP,Trent Harris
RP,Juan Sanchez
RP,Wilkin Ramos
RP,Reggie Crawford
RP,Marques Johnson
RP,Braxton Roxby
RP,Brent Honeywell
RP,Tyler Myrick
RP,Brad Deppermann
RP,Will Bednar
RP,Tyler Vogel
RP,R.J. Dabovich
RP,Cole Hillier
RP,Ian Villers
RP,Austin Strickland
RP,Liam Simon
RP,Evan Gray
RP,Darien Smith
RP,Cade Vernon
RP,Ubert Mejias
RP,Ryan Vanderhei
RP,Brayan Palencia
RP,Ryan Slater
RP,Jose T. Perez
RP,Ben Bybee
RP,Fernando Vasquez
RP,Alix Hernandez
CF,Steven Kwan
LF,George Valera
3B,José Ramírez
DH,Kyle Manzardo
1B,Rhys Hoskins
RF,Chase DeLauter
SS,Gabriel Arias
C,Bo Naylor
2B,Brayan Rocchio
C,Austin Hedges
UTL,David Fry
INF/OF,Angel Martínez
OF,Johnathan Rodríguez
SP,Gavin Williams
SP,Tanner Bibee
SP,Slade Cecconi
SP,Logan Allen
SP,Joey Cantillo
RP,Cade Smith
RP,Hunter Gaddis
RP,Shawn Armstrong
RP,Erik Sabrowski
RP,Matt Festa
RP,Tim Herrin
RP,Connor Brogdon
RP,Peyton Pallette
RP,Andrew Walters
SP,Luis Ortiz
RP,Emmanuel Clase
C,Cooper Ingle
C,Dom Nuñez
C,Kody Huff
C,Cameron Barstad
C,Johnny Tincher
C,Jacob Cozart
C,Bennett Thompson
C,Tyler Howard
C,Logun Clark
C,Cannon Peebles
C/1B,Pedro Dalmagro
C/1B,Victor Izturis
C/1B,David Leon
C/1B,Gustavo Baptista
C,Reiner Herrera
1B/RF/LF,CJ Kayfus
1B/2B/3B,Carter Kieboom
1B/LF,Ralphy Velazquez
1B/3B,Maick Collado
1B/RF/LF,Nolan Schubart
1B,Riley Nelson
1B,Anthony Martinez
1B/RF/LF,Luis Merejo
1B/3B,Luis De La Cruz
1B/3B/RF,Randy Martinez
2B/1B/RF,Juan Brito
2B/3B/CF,Daniel Schneemann
2B,Travis Bazzana
2B/3B/SS,Christian Knapczyk
2B/SS/3B,Garrett Howe
2B/SS,Bryce Arnold
2B/3B/SS,Jonathan Martinez
2B/3B/LF,Ricardo Romero
3B/1B/SS,Dayan Frias
3B/2B,Juan Benjamin
3B/2B/1B,Tyresse Turner
3B/2B/SS,Luke Hill
3B/2B/1B,Jeffrey Mercedes
3B/SS,Rodny Rosario
SS/2B/3B,Milan Tolentino
SS,Angel Genao
SS/2B,Jose Devers
SS/3B/2B,Alex Mooney
SS/3B/2B,Dean Curley
SS/3B/2B,Dauri Fernandez
SS,Welbyn Francisca
SS/3B/2B,Gabriel Rodriguez
SS/2B/3B,Johan Rodriguez
CF/LF/RF,Kahlil Watson
CF/LF/RF,Petey Halpin
RF/CF/LF,Nolan Jones
LF/RF/CF,Stuart Fairchild
LF/RF/CF,Joe Lampe
RF/CF/LF,Guy Lipscomb
CF/RF/LF,Alfonsin Rosario
RF/LF,Wuilfredo Antunez
CF/LF/RF,Jake Fox
LF/CF/1B,Jonah Advincula
LF/CF/RF,Esteban González
CF/RF/LF,Jaison Chourio
CF/LF/RF,Nick Mitchell
RF/CF/LF,Ryan Cesarini
LF/CF/2B,Tommy Hawke
CF/RF/LF,Jace LaViolette
RF/CF/LF,Juneiker Caceres
CF/RF,Aaron Walton
SP/RP,Will McCausland
RF/LF/CF,Jose Pirela
CF/LF/RF,Robert Arias
LF/RF/CF,Yeiferth Castillo
LF/CF/SS,Angel Abreu
LF/RF/3B,Alejandro Blasco
CF/RF/2B,Carlos  Garces
SP,Parker Messick
SP,Daniel Espino
SP,Doug Nikhazy
SP/RP,Pedro Avila
SP/RP,Kolby Allard
SP,Trenton Denholm
SP,Ryan Webb
SP/RP,Will Dion
SP,Tommy Mace
SP,Aaron Davenport
SP,Rodney Boone
SP,Austin Peterson
SP,Ben Lively
SP,Yorman Gómez
SP,Khal Stephen
SP,Matt Wilkinson
SP,Caden Favors
SP,Josh Hartle
SP,Dylan DeLucia
SP,Rorik Maltrud
SP/RP,Reid Johnston
SP,Braylon Doughty
SP,Jogly Garcia
SP,Jackson Humphries
SP,Justin Campbell
SP,Michael Kennedy
SP/RP,Sean Matson
SP,Melkis Hernandez
SP,Rafe Schlesinger
SP,Jervis Alfaro
SP,Franklin Gomez
SP,Jacob Zibin
SP,Joey Oakie
SP,Will Hynes
SP/RP,Aidan Major
SP,Chase Mobley
SP,Evelio Hernandez
SP,Cam Walty
SP,Ryan Prager
SP,Alexander Garcia
SP,Nelson Keljo
SP,Harrison Bodendorf
SP,Ryan DeSanto
SP,Cameron Sullivan
RP,Franco Aleman
RP,Colin Holderman
RP,Trevor Stephan
RP,Carlos Hernández
RP,Codi Heuer
RP,Jake Miller
RP,Tanner Burns
RP,Jack Leftwich
RP,Davis Sharpe
RP,Alaska Abney
RP,Ross Carver
RP,Steven Pérez
RP,Matt Jachec
RP,Zane Morehouse
RP,Jack Jasiak
RP,Hunter Stanley
RP,Tyler Thornton
RP,Adam Tulloch
RP,Zach Jacobs
RP,Jack Carey
RP,Carter Spivey
RP,Magnus Ellerts
RP,Kyle Scott
RP,Logan McGuire
RP,Luis Flores
RP,Xavier Martinez
RP,Izaak Martinez
RP,Jay Driver
RP,Raudy Rivera
RP,Cam Schuelke
RP,Kendeglys Virguez
RP,Angel Perez
3B,Brendan Donovan
C,Cal Raleigh
CF,Julio Rodríguez
1B,Josh Naylor
LF,Randy Arozarena
RF,Luke Raley
DH,Dominic Canzone
SS,J.P. Crawford
2B,Cole Young
C,Andrew Knizner
INF,Leo Rivas
OF/1B,Rob Refsnyder
OF,Victor Robles
SP,Bryan Woo
SP,Logan Gilbert
SP,Luis Castillo
SP,George Kirby
SP,Emerson Hancock
RP,Andrés Muñoz
RP,Matt Brash
RP,Jose A. Ferrer
RP,Eduard Bazardo
RP,Gabe Speier
RP,Carlos Vargas
RP,Casey Legumina
RP,Cooper Criswell
SP,Logan Evans
SP,Bryce Miller
C,Jhonny Pereda
C/1B,Mitch Garver
C,Brian O'Keefe
C,Jakson Reetz
C,Nick Rao
C,Connor Charping
C,Aaron McKeithan
C,Luke Stevenson
C,Josh Caron
C,Matthew Ellis
C/LF,Grant Jay
C,Connor Dykstra
C,Sebastian De Andrade
C,Gabriel Guanchez
C,Manuel Almeida
C/RP,Grant Knipp
1B/3B/RF,Patrick Wisdom
1B/RF/LF,Connor Joe
1B/C,Carson Taylor
1B,Hunter Fitz-Gerald
1B/2B,Hogan Windish
1B/LF/CF,Dalton Davis
2B/SS/3B,Ryan Bliss
2B/LF/3B,Blake Rambusch
2B/SS/3B,J.T. Arruda
2B/SS,Michael Arroyo
2B/1B/LF,Charlie Pagliarini
2B/SS/LF,Dervy Ventura
2B/SS,Kendry Martínez
2B/3B/LF,Diego Contreras
3B/2B/RF,Miles Mastrobuoni
3B/1B/2B,Caleb Cali
3B/SS/1B,Luis Suisbel
3B/1B/2B,Carter Dorighi
3B/1B,Brandon Eike
3B/SS,Dawel Joseph
SS/3B/2B,Colt Emerson
SS/2B/3B,Brock Rodden
SS/3B/2B,Will Wilson
SS/3B/LF,Josh Hood
SS/2B,Axel Sanchez
SS,Felnin Celesten
SS/3B/2B,Austin St. Laurent
SS,Nick Becker
SS/2B/3B,Leandro Romero
RF/CF/LF,Rhylan Thomas
LF/1B/RF,Spencer Packard
LF/RF/CF,Victor Labrada
LF/RF,Brennen Davis
CF/RF/LF,Bill Knight
CF/RF/LF,Sammy Siani
RF/LF,Lazaro Montes
RF/LF/CF,Jared Sundstrom
RF/LF,Anthony Donofrio
LF/CF/RF,Colin Davis
CF/LF/RF,Jonny Farmelo
CF/LF/RF,Carlos Jimenez
LF/3B/RF,Ricardo Cova
LF/CF/RF,Curtis Washington Jr.
RF/1B/LF,Cesar Quintas
CF/RF/LF,Korbyn Dickerson
LF/RF/CF,Aiden Taurek
CF/RF/LF,George Feliz
LF/3B/SS,Dustin Crenshaw
RF/LF/CF,Kelvin Alcantara
CF/RF/LF,Yorger Bautista
CF/RF/LF,Juan Rijo
CF,Gregory Pio
SP,Blas Castaño
SP,Randy Dobnak
SP/RP,Dane Dunning
SP,Jhonathan Díaz
SP/RP,Casey Lawrence
SP,Gabe Mosser
SP,Taylor Dollard
SP,Adam Leverett
SP,Michael Morales
SP,Marcelo Perez
SP,Reid VanScoter
SP/RP,Danny Wirchansky
SP/RP,Jimmy Joyce
SP,Ryan Hawks
SP/RP,Abdiel Mendoza
SP,Ryan Sloan
SP,Teddy McGraw
SP,Christian Little
SP,Matt Tiberia
SP,Walter Ford
SP,Evan Truitt
SP,Brandon Schaeffer
SP,Kade Anderson
SP,Griffin Hugus
SP/RP,Mason Peters
SP,Chia-Shi Shen
SP,Aiden Butler
SP,Jose Romero
SP,Colton Shaw
SP,Will Riley
SP,Danny Macchiarola
SP,Jackson Steensma
SP,Ruddy Navarro
SP,Francisco Pazos
RP,Robinson Ortiz
RP,Troy Taylor
RP,Alex Hoppe
RP,Ryan Loutos
RP,Yosver Zulueta
RP,Cole Wilcox
RP,Domingo Gonzalez
RP,Josh Simpson
RP,Guillo Zuñiga
RP,Austin Kitchen
RP,Michael Rucker
RP,Nick Davila
RP,Peyton Alford
RP,Jimmy Kingsbury
RP,Jason Ruffcorn
RP,Houston Roth
RP,Brendan White
RP,Tyler Cleveland
RP,Charlie Beilenson
RP,Stefan Raeth
RP,Michael Hobbs
RP,Ben Hernandez
RP,Nick Garcia
RP,Gabriel Sosa
RP,Gunner Mayer
RP,Brock Moore
RP,Pedro Da Costa Lemos
RP,Lucas Kelly
RP,Sean Hermann
RP,Jose Geraldo
RP,Aneury Lora
RP,Gleiner Diaz
RP,Jack White
RP,Jose Zerpa
C/RP,Grant Knipp
CF,Jakob Marsee
2B,Xavier Edwards
LF,Kyle Stowers
C,Agustín Ramírez
DH,Griffin Conine
SS,Otto Lopez
1B,Christopher Morel
3B,Connor Norby
RF,Owen Caissie
C/1B,Liam Hicks
INF/OF,Javier Sanoja
OF,Heriberto Hernández
OF,Esteury Ruiz
SP,Sandy Alcantara
SP,Eury Pérez
SP,Chris Paddack
SP,Max Meyer
SP,Braxton Garrett
RP,Pete Fairbanks
RP,Calvin Faucher
RP,Tyler Phillips
RP,Anthony Bender
RP,Cade Gibson
RP,Andrew Nardi
RP,John King
RP,Janson Junk
INF,Graham Pauley
SP,Adam Mazur
RP,Ronny Henriquez
C,Joe Mack
C,Brian Navarreto
C/3B/RF,Bennett Hostetler
C,Spencer Bramwell
C,Ryan Ignoffo
C,Sam Praytor
C/1B/3B,Garret Forrester
C,Victor Ortega
C,Connor Caskenette
C,Wilson Weber
C,Carlos Sanchez
C,Almen Tolentino
C,Nixon Chirinos
C,Jeremy Almonte
C/1B,Adrian Bello
C,Alexander Requena
1B/3B,Deyvison De Los Santos
1B,Nathan Martorella
1B/3B,Tony Bullard
1B/SS/3B,Cam Clayton
1B,Chris Arroyo
1B/3B,Edgardo De Leon
1B,Julio Henriquez
1B,Juan Alva
2B/RF/3B,Jacob Berry
2B/3B,Cody Morissette
2B/3B,Yiddi Cappe
2B/3B,Gage Miller
2B/3B/SS,Drew Faurot
2B/SS,Yoffry Solano
2B/SS/3B,Steven Herrera
2B/3B/SS,Joseph Tailor
3B/SS/2B,Jesús Bastidas
3B/2B/1B,Dylan Jasso
3B/1B/2B,Jay Beshears
3B/1B/2B,Dub Gleed
3B/SS/2B,Juan Matheus
3B/2B/LF,Jesus Hernandez
3B/SS/1B,Echedry Vargas
3B/2B,Abrahan Ramirez
3B/2B/SS,Emilio Barreras
3B/SS/1B,Anthony Abreu
SS/2B/CF,Jared Serna
SS/2B/3B,Maximo Acosta
SS/2B/3B,Johnny Olmstead
SS/2B,Cristian Hernandez
SS/2B/3B,Payton Green
SS,Aiva Arquette
SS/2B,Chase Jaworsky
SS/3B/2B,Wilfredo Lara
SS/2B,Starlyn Caba
SS/CF/2B,Andrew Salas
SS/2B,Carter Johnson
SS/3B/2B,Johan Machado
SS/2B/3B,Angel Brachi
SS,Santiago Solarte
SS,Ronny Muñoz
SS/3B/2B,Luis Arana
SS/3B/1B,Diwarys Encarnacion
RF/LF,Kemp Alderman
CF/RF/LF,Andrew Pintar
CF/LF/RF,Brendan Jones
LF/CF/RF,Matthew Etzel
RF/CF/LF,Daniel Johnson
CF/LF/RF,Mark Coley II
CF/RF/LF,Fenwick Trimble
CF/LF/RF,Dillon Lewis
LF/1B/3B,Michael Snyder
CF/LF/RF,Emaarion Boyd
CF/LF/RF,Ethan O'Donnell
CF/LF/RF,Colby Shade
RF/LF,Eric Rataczak
CF,Cam Cannarella
RF/CF/LF,Andres Valor
LF/RF,Brandon Compton
CF/LF/RF,Dillon Head
RF/3B/2B,Ian Lewis Jr.
RF/LF/CF,Jacob Jenkins-Cowart
LF/CF/RF,Micah McDowell
LF/CF/RF,PJ Morlando
CF/RF/LF,Esmil Valencia
CF/LF/RF,Max Williams
LF/2B/RF,Jake McCutcheon
RF/LF/CF,John Cruz
CF/LF/RF,Luis Cova
RF/LF/CF,José Castro
LF/RF/CF,Robert Perez
RF/LF,David Shirley
CF/RF/LF,Sandy Presbot
SP,Dax Fulton
SP,Ryan Gusto
SP,Bradley Blalock
SP,Thomas White
SP,Robby Snelling
SP/RP,Patrick Monteverde
SP/RP,Evan McKendry
SP/RP,Luis Palacios
SP/RP,Alex Williams
SP,Karson Milbrandt
SP,Noble Meyer
SP,Jacob Miller
SP,Will Schomberg
SP,Brandon White
SP,Orlando Ortiz-Mayr
SP/RP,Tristan Stevens
SP/RP,Joey Volini
SP,Aiden May
SP,Liomar Martinez
SP,Eliazar Dishmey
SP,Julio Mendez
SP/RP,Luke Lashutka
SP,Dameivi Tineo
SP/RP,Brayan Mendoza
SP,Nick Brink
SP,Emmett Olson
SP,Keyner Benitez
SP,Nate Payne
SP,Grant Shepardson
SP/RP,Manuel Genao
SP/RP,Michael Perez
SP/RP,Jake Clemente
SP,Juan De La Cruz
SP,Kevin Defrank
SP,Adrian Pena
SP,Yohanfer Santana
SP,Eiver Mosquera
SP,Kifraidy Encarnacion
SP/RP,Janero Miller
SP,Pedro Montero
SP,Jose Paulino
SP,Jhoniel Serrano
SP,Elier Morillo
SP,Diego Godoy
SP,Hamlet Garcia
RP,Josh White
RP,William Kempner
RP,Lake Bachar
RP,Michael Petersen
RP,Garrett Acton
RP,Josh Ekness
RP,Dale Stanavich
RP,Nigel Belgrave
RP,Zach Brzykcy
RP,Tyler Zuber
RP,Jack Ralston
RP,Stephen Jones
RP,Kade Bragg
RP,Luis Moreno
RP,Jake Walkinshaw
RP,Jesus Tinoco
RP,Justin King
RP,Samuel Vasquez
RP,Xavier Meachem
RP,Jack Sellinger
RP,Jesse Bergin
RP,Colby Martin
RP,Riskiel Tineo
RP,Gabe Bierman
RP,Jake Smith
RP,Chase Centala
RP,Hayden Cuthbertson
RP,Peyton Fosher
RP,Juan Reynoso
RP,Justin Storm
RP,Holt Jones
RP,Nick Maldonado
RP,Carson Laws
RP,RJ Shunck
RP,Darwin Rodriguez
RP,Samuel Carpio
RP,Jake Faherty
RP,Kaiden Wilson
SS,Francisco Lindor
LF,Juan Soto
3B,Bo Bichette
1B,Jorge Polanco
2B,Marcus Semien
DH,Brett Baty
C,Francisco Alvarez
CF,Luis Robert Jr.
RF,Carson Benge
C,Luis Torrens
1B/3B,Mark Vientos
INF,Ronny Mauricio
OF,Tyrone Taylor
SP,Freddy Peralta
SP,Nolan McLean
SP,David Peterson
SP,Clay Holmes
SP,Sean Manaea
SP,Kodai Senga
RP,Devin Williams
RP,Luke Weaver
RP,Brooks Raley
RP,Luis García
RP,Huascar Brazobán
RP,Bryan Hudson
RP,Tobias Myers
SP,Tylor Megill
RP,Reed Garrett
RP,A.J. Minter
RP,Dedniel Núñez
C,Ben Rortvedt
C,Hayden Senger
C,Austin Barnes
C,Kevin Parada
C/LF/1B,Chris Suero
C/1B,Ronald Hernandez
C,Daiverson Gutierrez
C/1B/LF,Vincent Perozo
C,Yovanny Rodriguez
C,Julio Zayas
C,Cesar Acosta
C/1B,Josmir Reyes
C,Yeider Mindiola
1B/LF/RF,Ryan Clifford
1B/LF/3B,JT Schwartz
1B,Trace Willhoite
1B/RF/LF,Estarling Mercado
1B,Corey Collins
1B/LF/RF,Randy Guzman
1B/LF/RF,AJ Salgado
1B/3B/LF,Roybert Herrera
1B/3B/CF,Yunior Amparo
2B/SS/3B,Wyatt Young
2B/SS,Marco Vargas
2B/LF/RF,Nick Roselli
2B/SS/3B,Mitch Voit
2B/3B/SS,Trey Snyder
2B/SS/3B,Yorber Semprun
3B/1B,Jacob Reimer
3B/1B/2B,Christian Arroyo
3B/1B,Nick Lorusso
SS/3B/RF,Vidal Bruján
SS/3B/1B,Grae Kessinger
SS/2B/3B,Jackson Cluff
SS/3B/2B,Boston Baro
SS/3B/2B,Colin Houck
SS/3B,Antonio Jimenez
SS/2B/3B,Jeremy Rodriguez
SS,Wandy Asigen
SS/2B,Elian Peña
SS,Anthony Frobose
SS/2B/3B,Giomar Ubiera
CF/RF/LF,Nick Morabito
LF/RF,MJ Melendez
LF/1B/RF,Jared Young
CF/2B/RF,A.J. Ewing
RF/LF/CF,Mike Tauchman
LF/RF/3B,Jose Rojas
RF/CF/LF,Jose Ramos
CF/RF/LF,Cristian Pache
CF/LF/RF,Ji Hwan Bae
CF/RF/LF,Eli Serrano III
RF/LF/2B,D'Andre Smith
RF/LF/CF,Matt Rudick
CF/RF/3B,Yonatan Henriquez
RF/LF/1B,Yohairo Cuevas
RF/LF/CF,John Bay
CF/RF/LF,Edward Lantigua
RF/CF/LF,Simon Juan
CF/LF/RF,Heriberto Rincon
CF/LF/RF,Cleiner Ramirez
RF/LF/CF,Adolfo Miranda
CF/LF/RF,Justin Ramirez
SP,Jonah Tong
SP/RP,Jonathan Pintaro
SP/RP,Justin Hagenman
SP,Christian Scott
SP,Jack Wenninger
SP/RP,Robert Stock
SP/RP,Brandon Waddell
SP/RP,Felipe De La Cruz
SP,Joander Suarez
SP/RP,Jordan Geber
SP,Justin Armbruester
SP,Bryce Conley
SP,Aaron Rozek
SP,Jonathan Santucci
SP,Will Watson
SP,Zach Thornton
SP,R.J. Gordon
SP,Joel Díaz
SP,Calvin Ziegler
SP,Noah Hall
SP,Brendan Girton
SP,Jose Chirinos
SP,Daviel Hurtado
SP/RP,Irving Cota
SP/RP,Ernesto Mercedes
SP,Nathan Hall
SP,Luis R. Rodriguez
SP,Edgar Moreta
SP,Wyatt Hudepohl
SP/RP,Nicolas Carreno
SP,Jonathan Jimenez
SP/RP,Cam Tilly
SP/RP,Ethan Lanthier
SP,Jace Hampson
SP,Yordan Rodriguez
SP,Peter Kussow
SP,Camden Lohman
SP,Jun-Seok Shim
SP,Osiris Calvo
SP,Abner Meza
RP,Dylan Ross
RP,Austin Warren
RP,Joey Gerber
RP,Alex Carrillo
RP,Ryan Lambert
RP,Adbert Alzolay
RP,Craig Kimbrel
RP,Carl Edwards Jr.
RP,Nick Burdi
RP,Joe Jacques
RP,Anderson Severino
RP,Kevin Herget
RP,Mike Baumann
RP,Daniel Duarte
RP,Nate Lavender
RP,Matt Turner
RP,Douglas Orellana
RP,Joshua Cornielly
RP,Robinson Martínez
RP,Brian Metoyer
RP,Tyler Burch
RP,Trey McGough
RP,Ofreidy Gómez
RP,Ben Simon
RP,Saul Garcia
RP,Hoss Brewer
RP,Dakota Hawkins
RP,Brett Banks
RP,Zach Peek
RP,Danis Correa
RP,Ryan Ammons
RP,Gabriel Rodriguez
RP,Cristofer Gomez
RP,Austin Troesser
RP,Bryce Jenkins
RP,Hunter Hodges
RP,Gregori Louis
RP,Juan Arnaud
RP,Josh Blum
RP,Luis Alvarez
RP,Christian Rodriguez
RP,Tyler McLoughlin
RP,Peyton Prescott
SS,CJ Abrams
DH,James Wood
RF,Dylan Crews
1B,Luis García Jr.
LF,Daylen Lile
3B,Brady House
C,Keibert Ruiz
2B,Nasim Nuñez
CF,Jacob Young
C,Drew Millas
1B/3B,Andrés Chaparro
INF,José Tena
OF,Joey Wiemer
SP,Cade Cavalli
SP,Miles Mikolas
SP,Foster Griffin
SP,Jake Irvin
SP,Zack Littell
RP,Clayton Beeter
RP,Cole Henry
RP,PJ Poulin
RP,Jackson Rutledge
RP,Cionel Pérez
RP,Orlando Ribalta
RP,Griff McGarry
RP,Brad Lord
SP,DJ Herz
SP,Trevor Williams
C,Harry Ford
C,Riley Adams
C,Tres Barrera
C,Caleb Lomavita
C,Maxwell Romero Jr.
C,Kevin Bazzell
C/1B,Nate Rombach
C,Matt Suggs
C,Sir Jamison Jones
C,Boston Smith
C,Nick Hollifield
C,Daniel Hernandez
1B/RF,Abimelec Ortiz
1B/3B,Yohandy Morales
1B,Matt Mervis
1B/3B,Warming Bernabel
1B/RF/LF,Sam Brown
1B,Branden Boissiere
1B/3B/RF,Jackson Ross
1B/LF,Carlos Tavares
1B,Hunter Hines
2B/3B,Orelvis Martinez
3B/SS/2B,Kervin Pichardo
2B/SS,Kevin Made
2B/SS,Armando Cruz
2B/3B/SS,Marcus Brown
2B/SS/3B,Randal Diaz
2B/3B/LF,Everett Cooper III
2B/3B/SS,Rafael Ramirez Jr.
2B/SS,Marconi German
3B/2B/LF,Trey Lipscomb
3B/1B/2B,Murphy Stehly
3B/2B,Cayden Wallace
3B/2B/LF,Gavin Dugas
3B,Jorgelys Mota
3B,Luis Arias
SS/2B/3B,Sergio Alcántara
SS/3B/2B,Levi Jordan
SS,Seaver King
SS/2B,Cortland Lawson
SS/2B,Luke Dickerson
SS/3B/2B,Devin Fitz-Gerald
SS,Eli Willits
SS/3B,Gavin Fien
SS/2B,Angel Feliz
SS/3B/2B,Ronny Cruz
SS/3B,Coy James
SS/2B,Brayan Cortesia
CF/RF/LF,Robert Hassell III
CF/LF/RF,Christian Franklin
LF/2B/RF,Phillip Glasser
CF/LF/RF,Andrew Pinckney
RF/1B/LF,Jack Rogers
CF/LF/RF,Sam Petersen
RF/CF/LF,Jared McKenzie
RF/LF/1B,Leandro Pineda
CF/RF/LF,Elijah Nunez
CF/RF/LF,Yeremy Cabrera
CF/RF/LF,Cristhian Vaquero
RF/1B/LF,Ethan Petry
RF/CF/LF,Brenner Cox
LF/RF,T.J. White
CF/RF/LF,Teo Banks
LF/RF,Nathaniel Ochoa Leyva
CF/RF,Elijah Green
RF/LF,Enmanuel Ramirez
LF/RF,Victor Hurtado
RF/LF/CF,Dashyll Tejeda
CF,Samil Serrano
CF,Isaias Suarez
CF/RF/LF,Juan Duran
CF/RF/LF,Angel Ramirez
CF/LF/RF,Andy Acevedo
CF/LF/RF,Browm Martinez
CF/LF/RF,Nauris De La Cruz
SP,Luis Perales
SP/RP,Jake Eder
SP,Riley Cornelio
SP,Andrew Alvarez
SP,Josiah Gray
SP,Mitchell Parker
SP,Ken Waldichuk
SP/RP,Shinnosuke Ogasawara
SP/RP,Andry Lara
SP,Kyle Luckham
SP,Seth Shuman
SP/RP,Dustin Saenz
SP,Jarlin Susana
SP,Travis Sykora
SP,Alejandro Rosario
SP,Tyler Stuart
SP,Alex Clemmey
SP,Eriq Swan
SP,Sean Paul Liñan
SP,Jackson Kent
SP/RP,Erik Tolman
SP,Travis Sthele
SP,Yoel Tejeda Jr.
SP,Josh Randall
SP,R.J. Sales
SP,Liam Sullivan
SP,Alexander Meckley
SP,Davian Garcia
SP,Mikey Tepper
SP,Bryan Polanco
SP,Jose Feliz
SP,Riley Maddox
SP/RP,Luke Johnson
SP,Isaac Lyon
SP,Brayan Romero
SP,Marlon De La Cruz
SP,Landon Harmon
SP,Miguel Sime Jr.
SP,Juan Reyes
RP,Andre Granillo
RP,Paxton Schultz
RP,Julian Fernández
RP,Gus Varland
RP,Drew Smith
RP,Bryce Montes de Oca
RP,Trevor Gott
RP,Zach Penrod
RP,Eddy Yean
RP,Tyler Baum
RP,Marquis Grissom Jr.
RP,Jack Sinclair
RP,Connor Van Scoyoc
RP,Tyler Schoff
RP,Holden Powell
RP,Thomas Schultz
RP,Luke Young
RP,Chance Huff
RP,Valentin Linarez
RP,Richard Lovelady
RP,Pablo Aldonis
RP,Austin Amaral
RP,Jared Simpson
RP,Adam Bloebaum
RP,Robert Cranz
RP,Sandy Gaston
RP,Erick Mejia
RP,Anthony Arguelles
RP,Brendan Collins
RP,Merritt Beeker
RP,Merrick Baldo
RP,Johan Otanez
RP,Jared Beck
RP,Brady Hill
RP,Julian Tonghini
RP,Dylan Tebrake
SS,Gunnar Henderson
LF,Taylor Ward
1B,Pete Alonso
C,Adley Rutschman
RF,Tyler O'Neill
DH,Samuel Basallo
3B,Coby Mayo
CF,Colton Cowser
2B,Blaze Alexander
1B,Ryan Mountcastle
INF/OF,Jeremiah Jackson
OF,Dylan Beavers
OF,Leody Taveras
SP,Trevor Rogers
SP,Kyle Bradish
SP,Chris Bassitt
SP,Shane Baz
SP,Zach Eflin
SP,Dean Kremer
RP,Ryan Helsley
RP,Keegan Akin
RP,Yennier Cano
RP,Dietrich Enns
RP,Rico Garcia
RP,Grant Wolfram
RP,Tyler Wells
2B,Jackson Holliday
INF,Jordan Westburg
RP,Félix Bautista
RP,Andrew Kittredge
RP,Colin Selby
C/1B,Creed Willems
C,Maverick Handley
C,Sam Huff
C/1B,Ethan Anderson
C/1B,Silas Ardoin
C,Connor Pavolony
C/1B/2B,Ryan Stafford
C/1B,Yasmil Bucce
C/1B/LF,Colin Tuft
C/RF/1B,Ike Irish
C/1B/LF,Andrew Tess
C/1B,Miguel Rodríguez
C/1B/LF,Andrés Nolaya
C/1B,Adriander Mejía
C/1B,Juan Ortega
1B/RF/LF,Ryan Noda
1B/LF/RF,TT Bowens
1B/C,Adam Retzbach
1B/RF,Victor Figueroa
2B/SS,Thairo Estrada
2B/LF/SS,Aron Estrada
2B/SS,Frederick Bencosme
2B/SS/LF,Brandon Butterworth
2B/3B/SS,Edwin Amparo
2B/SS/3B,Alfredo Velásquez
2B/LF/3B,Fernando Peguero
2B/3B/SS,Edrei Cam
2B/LF/3B,Félix Amparo
2B/1B/LF,Hector Campusano
3B,Bryan Ramos
3B/2B,Max Wagner
3B/1B,Anderson De Los Santos
3B/2B/1B,Luis Almeyda
3B/SS/1B,Joshua Liranzo
3B/SS/2B,Jose Perez
SS/2B/LF,Payton Eeles
SS/CF/3B,José Barrero
SS/3B/2B,Luis Vázquez
SS/3B/2B,Carter Young
SS/RF/3B,Willy Vasquez
SS/2B,Griff O'Ferrall
SS/3B,Wehiwa Aloy
SS/3B/2B,Leandro Arias
SS/2B,Cobb Hightower
SS/3B/2B,Elvin Garcia
SS/3B,Colin Yeaman
SS/3B,Wilfri De La Cruz
SS/3B/2B,Emilio Sanchez
SS/3B/2B,José Peña
SS,Jaiden Lo Re
SS,Jose Luis Acevedo
SS/3B/2B,Jemone Nuel
SS/2B/3B,DJ Layton
RF/CF/LF,Reed Trimble
LF/RF,Heston Kjerstad
CF/LF,Enrique Bradfield Jr.
CF/RF/LF,Jud Fabian
RF/1B/LF,Jhonkensy Noel
RF/LF/CF,Will Robertson
LF/1B/2B,Weston Wilson
RF/CF/2B,Tavian Josenberger
RF/LF/CF,Thomas Sosa
CF/LF/RF,Douglas Hodo III
CF/LF/RF,Vance Honeycutt
CF/RF/LF,Nate George
RF/LF/1B,Elis Cuevas
RF/CF/LF,Jordan Sanchez
CF/RF/LF,Stiven Martinez
CF/2B/1B,RJ Austin
RF/CF/LF,Raylin Ramos
CF/LF/RF,Cam Lee
CF/LF/RF,Braylin Tavera
CF,Ariel Roque
RF/LF/1B,Gabriel Rosario
RF/LF,Starlin Mieses
CF/RF/LF,Lisandro Sanchez
RF/LF,Angel Garcia
SP,Cade Povich
SP,Brandon Young
SP,Trey Gibson
SP,Nestor German
SP,Cameron Weston
SP,Levi Wells
SP/RP,Albert Suárez
SP/RP,Ryan Long
SP,Luis De León
SP,Zach Fruit
SP/RP,Juan Nuñez
SP,Trace Bright
SP,Juaron Watts-Brown
SP/RP,Alex Pham
SP,Blake Money
SP,Eccel Correa
SP/RP,Cohen Achen
SP/RP,Juan Rojas
SP,Braxton Bragg
SP,Patrick Reilly
SP,Chase Allsup
SP,Boston Bateman
SP/RP,Carson Dorsey
SP,Yeiber Cartaya
SP,Evan Yates
SP,Michael Caldon
SP/RP,Jack Crowder
SP/RP,Jacob Cravey
SP,Sebastian Gongora
SP,Esteban Mejia
SP,Joseph Dzierwa
SP,Kiefer Lord
SP/RP,JT Quinn
SP,Twine Palmer
SP/RP,Sayer Diederich
SP,Brandon Downer
SP,Adrian Heredia
SP,Caden Hunter
SP,Hunter Allen
SP,Kailen Hamson
SP,Dalton Neuschwander
SP,Christian Rodriguez
SP,Keeler Morfe
SP,Kevin Velasco
SP,Jesús  Palacios
SP/RP,Andrés Parra
SP,Francisco Morao
RP,Chayce McDermott
RP,Anthony Nunez
RP,Cameron Foster
RP,Jose Espada
RP,Yaramil Hiraldo
RP,Jackson Kowar
RP,Eric Torres
RP,Hans Crouse
RP,Enoli Paredes
RP,Andrew Magno
RP,Josh Walker
RP,Richard Guasch
RP,Jeisson Cabrera
RP,Jean Henriquez
RP,Tyson Neighbors
RP,Gerald Ogando
RP,Carlos Tavera
RP,Keagan Gillies
RP,Micah Ashman
RP,Yaqui Rivera
RP,Edgar Portes
RP,Zane Barnhart
RP,Juan De Los Santos
RP,Dylan Heid
RP,Daniel Lloyd
RP,Carter Rustad
RP,Riley Cooper
RP,Ben Vespi
RP,Christian Herberholz
RP,Bradley Brehmer
RP,Raimon Gomez
RP,Tanner Smith
RP,Andy Fabian
RP,Chandler Marsh
RP,Joe Glassey
RP,Trent Turzenski
RP,Teddy Sharkey
RP,Deivy Cruz
RP,Luis Beltrán
SS,Xander Bogaerts
CF,Jackson Merrill
3B,Manny Machado
RF,Fernando Tatis Jr.
2B,Jake Cronenworth
LF,Ramón Laureano
1B,Gavin Sheets
DH,Miguel Andujar
C,Freddy Fermin
C,Luis Campusano
1B/OF,Nick Castellanos
INF,Ty France
OF,Bryce Johnson
SP,Michael King
SP,Nick Pivetta
SP,Randy Vásquez
SP,Germán Márquez
SP,Walker Buehler
RP,Mason Miller
RP,Adrian Morejon
RP,Jeremiah Estrada
RP,David Morgan
RP,Wandy Peralta
RP,Bradgley Rodriguez
RP,Kyle Hart
RP,Ron Marinaccio
INF,Will Wagner
INF/OF,Sung-Mun Song
SP,Griffin Canning
SP,Yu Darvish
SP,Joe Musgrove
RP,Jason Adam
RP,Jhony Brito
RP,Bryan Hoeing
RP,Yuki Matsui
C,Rodolfo Durán
C,Blake Hunt
C,Ethan Salas
C/2B/SS,Anthony Vilar
C/1B,Brendan Durfee
C,Oswaldo Linares
C/1B,Lamar King Jr.
C/1B,Carlos Rodriguez
C,Victor Duarte
C,Ty Harvey
C,Truitt Madonna
C/1B,Yoiber Ocopio
C/1B,Jesus Castro
C,Alcides Hernandez
C/1B,Isaac Ponce
1B/LF,Leandro Cedeño
1B,Romeo Sanabria
1B/LF/RF,Jack Costello
1B,Luke Cantwell
1B/3B,Kale Fountain
2B/CF/LF,Samad Taylor
2B/SS/CF,Clay Dungan
2B/3B/1B,Marcos Castañon
2B/3B/SS,Pablo Reyes
2B/1B/3B,Nate Mondou
2B/SS/3B,Dylan Grego
2B/3B/SS,Carson Tucker
2B/LF,Luis De Leon
2B/RF/CF,Darian Castillo
2B/3B/1B,Abraham Bastidas
3B/1B,Jose Miranda
3B/1B/SS,Luis Verdugo
3B/2B/1B,Zach Evans
3B/2B,Rosman Verdugo
3B/1B,Kerrington Cross
3B/2B/SS,Justin DeCriscio
3B/SS,Deivid Coronil
3B/LF/2B,Eduarlin Tejeda
SS/2B/3B,Mason McCoy
SS/2B/3B,Francisco Acuna
SS/3B/2B,Ryan Jackson
SS/3B,Jorge Quintana
SS/2B,Yimy Tovar
SS/2B/3B,Jhoan De La Cruz
SS,Joniel Hernandez
SS/2B,Jose Verdugo
LF/RF/2B,Nick Solak
LF/RF/CF,Carlos Rodríguez
RF/CF/LF,Nick Schnell
CF/LF/RF,Jase Bowen
LF/RF/CF,Tirso Ornelas
LF/RF,Alex Verdugo
RF/CF/LF,Braedon Karpathios
LF/1B,Kaden Hollow
LF/RF/1B,Albert Fabian
LF/CF/RF,Kai Murphy
CF/RF/LF,Tyler Robertson
RF/CF/1B,Kavares Tears
CF/LF/RF,Kasen Wells
LF/RF/CF,Alex McCoy
RF/LF/RP,Sean Barnett
CF/LF/RF,Kai Roberts
CF,Ryan Wideman
CF/RF/LF,Donte Grant
LF/RF/CF,Jake Cunningham
CF,Moises Valdez
RF/CF/LF,Fabian Alcantara
LF/RF/CF,Santiago Contreras
LF/RF/CF,Eddson Martinez
SP,JP Sears
SP,Matt Waldron
SP/RP,Logan Gillaspie
SP,Marco Gonzales
SP/RP,Triston McKenzie
SP/RP,Omar Cruz
SP,Jagger Haynes
SP,Evan Fitterer
SP,Jackson Wolf
SP/RP,Sean Boyle
SP,Victor Lizarraga
SP/RP,Miguel Cienfuegos
SP,Jared Kollar
SP,Miguel Mendez
SP,Luis Gutierrez
SP,Eric Yost
SP,Enmanuel Pinales
SP/RP,Sam Whiting
SP/RP,Andrew Thurman
SP,Kash Mayfield
SP,Isaiah Lowe
SP/RP,Tucker Musgrove
SP/RP,Maikel Miralles
SP,Clark Candiotti
SP,Jose Luis Reyes
SP,Kruz Schoolcraft
SP,Bryan Balzer
SP,Kannon Kemp
SP,Carson Montgomery
SP/RP,Kleiber Olmedo
SP,Jaxon Dalena
SP,Abraham Parra
SP,Humberto Cruz
SP,Michael Salina
SP,Matthew Watson
SP,Carlos Alvarez
SP/RP,Luis Maracara
SP/RP,Manuel Davila
SP,Lan-Hong Su
SP,Diego Serna
SP,Jeronimo Palmeros
SP,Jesus Castro
RP,Garrett Hawkins
RP,Ty Adcock
RP,Alek Jacob
RP,Francis Peña
RP,Manuel Castro
RP,Daison Acosta
RP,Justin Yeager
RP,Ethan Routzahn
RP,Ryan Och
RP,Andrew Moore
RP,Misael Tamarez
RP,Carter Loewen
RP,Jason Blanchard
RP,Kevin Kopps
RP,Michael Flynn
RP,D.J. Snelten
RP,Riley Pint
RP,Josh Mallitz
RP,Cole Paplham
RP,Harry Gustin
RP,Johan Moreno
RP,Andrew Dalquist
RP,Fernando Sanchez
RP,Eli Villalobos
RP,Sadrac Franco
RP,Jackson Smeltz
RP,Vicarte Domingo
RP,Braian Salazar
RP,Bernard Jose
RP,Luis Germán
RF/LF/RP,Sean Barnett
RP,Javier Chacon
RP,Carson Swilling
RP,Adam Conrad
RP,Tyler Morgan
RP,Will Koger
RP,Jamie Hitt
RP,Zack Qin
SS,Trea Turner
DH,Kyle Schwarber
1B,Bryce Harper
3B,Alec Bohm
LF,Brandon Marsh
RF,Adolis García
2B,Bryson Stott
C,J.T. Realmuto
CF,Justin Crawford
C,Rafael Marchán
INF,Edmundo Sosa
INF/OF,Otto Kemp
INF/OF,Dylan Moore
SP,Cristopher Sánchez
SP,Jesús Luzardo
SP,Aaron Nola
SP,Taijuan Walker
SP,Andrew Painter
RP,Jhoan Duran
RP,José Alvarado
RP,Brad Keller
RP,Orion Kerkering
RP,Tanner Banks
RP,Jonathan Bowlan
RP,Kyle Backhus
RP,Zach McCambley
SP,Zack Wheeler
C,Garrett Stubbs
C,Mark Kolozsvary
C,René Pinto
C,Paul McIntosh
C/1B,Kehden Hettiger
C,Caleb Ricketts
C,Jordan Dissin
C/1B,Kodey Shojinaga
C,Luis Caicuto
C/1B,Alirio Ferrebus
C,Will Vierling
C/1B,Anderson Araujo
1B/3B,Felix Reyes
1B/LF,Keaton Anthony
1B/3B,Alex Binelas
1B,Brock Vradenburg
1B/3B/SS,Raider Tello
2B/3B/LF,Christian Cairo
2B/SS/CF,José Rodríguez
2B/3B/SS,Robert Moore
2B/3B/SS,Trent Farquhar
2B/3B,Aroon Escobar
2B/3B/SS,Nikau Pouaka-Grego
2B/SS,Matthew Ferrara
3B/SS/2B,Erick Brito
3B/SS,Carson DeMartini
3B/RF/1B,Bryson Ware
3B/2B,Brady Day
SS,Aidan Miller
SS/3B/1B,Liover Peguero
SS,Bryan Rincon
SS/2B,Robert Phelps
SS,Logan Dawson
SS/2B,Juan Villavicencio
SS/3B,Nolan Beltran
SS/3B,Romeli Espinosa
RF/LF,Gabriel Rincones Jr.
CF/LF,Johan Rojas
CF/RF/LF,Pedro León
RF/LF,Bryan De La Cruz
LF/RF/1B,Austin Murr
CF/RF/LF,Cade Fergus
CF/LF,Dante Nori
CF/RF/2B,Dylan Campbell
RF/CF/LF,John Spikerman
RF/CF/LF,Raylin Heredia
LF/RF,Joel Dragoo
RF/LF,Jonathan Hogart
CF/2B/RF,Devin Saltiban
RF/CF,Griffin Burkholder
LF/RF/CF,TJayy Walton
LF/RF/CF,Manolfi Jimenez
RF/LF/CF,Carter Mathison
CF,Francisco Renteria
CF/RF/LF,Dayber Cruceta
LF/CF/RF,Eduardo Guillen
SP,Jean Cabrera
SP,Yoniel Curet
SP/RP,Alan Rangel
SP/RP,Bryse Wilson
SP/RP,Tucker Davidson
SP/RP,Connor Gillispie
SP,Adam Seminaris
SP,Chuck King
SP,Kyle Brnovich
SP/RP,Mitch Neunborn
SP,Moisés Chace
SP,Christian McGowan
SP,Alex McFarlane
SP,Mavis Graves
SP,Braydon Tucker
SP,Estibenzon Jimenez
SP/RP,Gabriel Barbosa
SP,Braeden Fausnaught
SP/RP,Luke Russo
SP,Gage Wood
SP/RP,Ryan Dromboski
SP,Casey Steward
SP,Micah Ottenbreit
SP,Sam Highfill
SP,Aaron Combs
SP,Luke Gabrysh
SP,Ryan Degges
SP/RP,Cole Gilley
SP,Cade Obermueller
SP,Cody Bowker
SP,Ramon Marquez
SP,Juan Amarante
SP/RP,Camron Hill
SP,Giussepe Velasquez
SP,Luis Gonzalez
SP,Marcus Morgan
SP,Zuher Yousuf
SP,Angel Liranzo
SP,Matthew Fisher
SP,Brad Pacheco
SP/RP,Sean Youngerman
SP/RP,Brian Walters
SP,Deiry Gonzalez
RP,Seth Johnson
RP,Chase Shugart
RP,Max Lazar
RP,Zach Pop
RP,Nolan Hoffman
RP,Michael Mercado
RP,Tim Mayza
RP,Lou Trivino
RP,Génesis Cabrera
RP,Trevor Richards
RP,Jonathan Hernández
RP,Daniel Robert
RP,Andrew Bechtold
RP,Andrew Walling
RP,Daniel Harper
RP,Jack Dallas
RP,Lenny Torres Jr.
RP,Levi Stoudt
RP,Tristan Garnett
RP,Colin Peluse
RP,Wen-Hui Pan
RP,Cristhian Tortosa
RP,Jaydenn Estanista
RP,Andrew Baker
RP,Saul Teran
RP,Brandon Beckel
RP,Evan Gates
RP,Gabe Craig
RP,Titan Kennedy-Hayes
RP,Jose Pena Jr.
RP,Kevin Warunek
RP,Nathan Karaffa
RP,Danyony Pulido
RP,Orlando Gonzalez
RP,James Tallon
CF,Oneil Cruz
2B,Brandon Lowe
LF,Bryan Reynolds
RF,Ryan O'Hearn
DH,Marcell Ozuna
1B,Spencer Horwitz
SS,Nick Gonzales
3B,Jared Triolo
C,Joey Bart
C,Henry Davis
INF/OF,Nick Yorke
OF,Jhostynxon Garcia
OF,Jake Mangum
SP,Paul Skenes
SP,Mitch Keller
SP,Braxton Ashcraft
SP,Bubba Chandler
SP,José Urquidy
RP,Dennis Santana
RP,Gregory Soto
RP,Isaac Mattson
RP,Justin Lawrence
RP,Mason Montgomery
RP,Carmen Mlodzinski
RP,Evan Sisk
RP,Yohan Ramírez
SP,Jared Jones
C/1B,Rafael Flores Jr.
C/1B,Endy Rodríguez
C/1B,Omar Alfonzo
C/3B,Shawn Ross
C/1B,Derek Berg
C/LF/RF,Wyatt Hendrie
C,Easton Carmichael
C/1B,Axiel Plaz
C/1B,Richard Ramirez
C,Edgleen Perez
C/1B,Victor Marquez
1B/2B,Enmanuel Valdez
1B,Nick Cimillo
1B,Callan Moss
1B,Jared Jones
1B,Tony Blanco Jr.
1B/LF/RF,Raymond Mola
1B/C,Javier Acevedo
2B/LF/1B,Tyler Callihan
2B,Termarr Johnson
2B/LF/3B,Mike Jarvis
2B/LF/3B,Hunter Stovall
2B/3B/SS,Keiner Delgado
2B/SS/RF,Carlos Caro
2B/3B/SS,Dylan Palmer
2B/SS,Johan De Los Santos
2B/3B/LF,Antonio Pimentel
2B/3B/SS,Fredderick Ovalle
3B/2B/SS,Corey Joyce
3B/2B/1B,Duce Gourson
3B/2B/LF,Jhonny Severino
3B/LF,Brent Iredale
3B,Murf Gray
3B,Eddie Rynders
3B/1B,Yoander Santana
3B/SS,Hyun Seung Lee
3B/2B,Francisco Loreto
SS/CF,Konnor Griffin
SS/3B/1B,Davis Wendzel
SS/3B/2B,Alika Williams
SS/3B/2B,Jack Brannigan
SS/3B,Javier Rivas
SS/3B/2B,William Lugo
SS/2B/3B,Yordany De Los Santos
SS/2B,Sammy Stafura
SS/3B/2B,Matt King
SS/2B,Wyatt Sanford
SS,Gustavo Melendez
SS,Wilton Guerrero Jr.
SS,Darell Morel
SS/2B,Adbiel Feliz
SS/2B/3B,Kendrick Herrera
CF/1B/LF,Billy Cook
CF/RF/LF,Dominic Fletcher
LF/2B/RF,Ronny Simon
RF/LF/1B,Esmerlyn Valdez
CF/2B,Mitch Jebb
CF/RF/LF,Will Taylor
LF/RF,Tres Gonzalez
CF/LF/RF,Lonnie White Jr.
CF/1B/RF,Edward Florentino
LF/RF/CF,Titus Dumitru
RF/LF,Ivan Brethowr
LF/RF/CF,Shalin Polanco
LF/CF/RF,Estuar Suero
CF/RF/LF,Brian Sanchez
CF/LF/RF,Josh Tate
CF/LF/RF,Canon Reeder
CF/RF/LF,Jeancer Custodio
CF/RF/LF,Bralyn Brazoban
RF/CF/LF,Edgar Walker
CF/RF/LF,Gabriel Rodriguez
SP,Hunter Barco
SP,Thomas Harrington
SP,Wilber Dotel
SP/RP,Mike Clevinger
SP/RP,Carson Fulmer
SP/RP,Nick Dombkowski
SP,Po-Yu Chen
SP/RP,Sean Sullivan
SP/RP,Jarod Bayless
SP,Antwone Kelly
SP,Khristian Curtis
SP,Anthony Solometo
SP,Dominic Perachi
SP,Connor Wietgrefe
SP,Garrett McMillan
SP,Alessandro Ercolani
SP,Hung-Leng Chang
SP,Carlson Reed
SP,Carlos Castillo
SP/RP,Connor Oliver
SP,Peyton Stumbo
SP,Owen Kellington
SP,Clevari Tejada
SP,Victor Cabreja
SP,Jeter Martinez
SP,Levi Sterling
SP,Zander Mueth
SP,Jesus Travieso
SP,Matt Ager
SP,Jack Anker
SP,Bryan Mena
SP/RP,Cameron Keshock
SP,Seth Hernandez
SP/RP,Gavin Adams
SP,Reinold Navarro
SP,Keuri Almonte
RP,Brandan Bidois
RP,Cam Sanders
RP,Chris Devenski
RP,Noah Davis
RP,Joe La Sorsa
RP,Noah Murdock
RP,Beau Burrows
RP,Michael Darrell-Hicks
RP,Cy Nielson
RP,Jaden Woods
RP,Justin Meis
RP,Ryan Harbin
RP,Oddanier Mosqueda
RP,Derek Diamond
RP,Joshua Loeschorn
RP,Michael Walsh
RP,Emmanuel Chapman
RP,Landon Tomkins
RP,Julian Bosnic
RP,Brandon Neeck
RP,Jaycob Deese
RP,Dominic Pipkin
RP,Inmer Lobo
RP,J.P. Massey
RP,Alexis Torres
RP,Hunter Furtado
RP,Adolfo Oviedo
RP,Tyrone Yulie
RP,Jake Shirk
RP,Jose Garces
RP,Junior Flores
RP,David Matoma
RP,Cesar Aquino
RP,Greiber Mendez
RP,Ronaldys Jimenez
RP,Kyle Larsen
RP,Jaiker Garcia
RF,Brandon Nimmo
LF,Wyatt Langford
SS,Corey Seager
1B,Jake Burger
DH,Joc Pederson
CF,Evan Carter
3B,Josh Jung
2B,Josh Smith
C,Danny Jansen
C,Kyle Higashioka
INF/OF,Ezequiel Duran
OF/INF,Sam Haggerty
OF,Andrew McCutchen
SP,Jacob deGrom
SP,Nathan Eovaldi
SP,MacKenzie Gore
SP,Jack Leiter
SP,Jacob Latz
RP,Robert Garcia
RP,Chris Martin
RP,Cole Winn
RP,Josh Sborz
RP,Tyler Alexander
RP,Carter Baumler
RP,Jalen Beeks
RP,Jakob Junis
INF/OF,Cody Freeman
SP,Cody Bradford
SP,Jordan Montgomery
C,Willie MacIver
C,Jose Herrera
C,Cooper Johnson
C,Julian Brock
C/1B,Tucker Mitchell
C,Ian Moller
C,Malcolm Moore
C,Ben Hartl
C,Josh Springer
C,Jesus Lopez
C,Juan Sulbaran
C,Jhocsuanth Vargas
C/1B,Francisco Perez
C/1B,Jose Marcano
1B/LF/RF,Nick Pratto
1B,Pablo Guerrero
1B/RF,Kleimir Lemos
1B/C,Javier Sanchez
1B/3B/2B,Yeisy Celesten
2B/1B,Justin Foscue
2B/LF/CF,Tyler Wade
2B/3B/1B,Frainyer Chavez
2B/1B/RF,Antonis Macias
2B/SS/3B,Luis Marquez
2B/3B/SS,Daniel Flames
2B/SS/3B,Santiago Almao
2B/LF,Jayln Pinder
3B/1B/2B,Jonah Bride
3B/2B/SS,Keyber Rodriguez
3B,Gleider Figuereo
3B/2B/SS,Esteban Mejia
3B/1B,Rafe Perich
3B,Jack Wheeler
3B/1B/C,Beycker Barroso
3B/2B/SS,Angel Arredondo
3B/LF,Jhon Simon
SS/CF/2B,Cameron Cauley
SS/2B/LF,Andrew Velazquez
SS/2B/CF,Richie Martin
SS/3B,Sebastian Walcott
SS/2B/CF,Chandler Pollard
SS/3B,Yolfran Castillo
SS/2B/SP,Josh Owens
SS/SP,Seong-Jun Kim
SS/3B/2B,Daniel Rodriguez
SS/2B,Raul Pereira
LF/CF/RF,Alejandro Osuna
CF/SS/2B,Michael Helman
LF/CF/RF,Dairon Blanco
LF/RF/1B,Mark Canha
LF/RF,Trevor Hauver
LF/CF/RF,Aaron Zavala
LF/RF/CF,Orlando Martinez
CF/LF/RF,Dylan Dreiling
LF/RF/1B,Maxton Martin
RF/LF,Keith Jones II
CF/RF/1B,Anthony Gutierrez
LF/RF/CF,Jake Snider
CF/RF/LF,Marcus Lee Sang
RF/LF/CF,Hector Osorio
2B/SS/LF,Casey Cook
RF/1B/CF,Marcos Torres
CF/RF/LF,Paxton Kling
RF/LF/CF,Wady Mendez
LF/1B/RF,Quincy Scott
LF/CF/RF,Paulino Santana
RF/LF,Braylin Morel
RF/LF/1B,Deward Tovar
CF/LF/2B,Elorky Rodriguez
RF/LF/3B,Elian Rosario
CF/LF/RF,Rashawn Pinder
CF/LF/RF,Marco Argudin
LF/CF/RF,Joaquin Arias Jr.
RF/LF/CF,Manni Ramirez
LF/RF/1B,Oliver Guerrero
SP,Kumar Rocker
SP,Jose Corniell
SP,David Davalillo
SP,Winston Santos
SP,Leandro Lopez
SP,Austin Gomber
SP,Cal Quantrill
SP,Trey Supak
SP,Josh Stephan
SP,Ben Anderson
SP/RP,Austin Bergner
SP/RP,Daniel Missaki
SP/RP,Nabil Crismatt
SP/RP,Dalton Pence
SP/RP,Josh Trentadue
SP/RP,Thomas Ireland
SP/RP,Blake Townsend
SP/RP,Dylan MacLean
SP,Caden Scarborough
SP,Izack Tiger
SP,Kolton Curtis
SP,Ismael Agreda
SP/RP,Paul Bonzagni
SP,Aidan Curry
SP,D.J. McCarty
SP,Brooks Fowler
SP,J'Briell Easley
SS/2B/SP,Josh Owens
SP/RP,AJ Russell
SP,Enrique Segura
SP,Enyel Lopez
SP/RP,Owen Proksch
SP,Kamdyn Perry
SP/RP,Jormy Nivar
SP,Evan Siary
SP,Aidan Deakins
SP,Mason McConnaughey
SP/RP,Ben Abeldt
SS/SP,Seong-Jun Kim
SP,Jacob Johnson
SP/RP,Alejandro Chiquillo
SP,Gilberto Lopez
SP,Anthony Astudillo
RP,Emiliano Teodo
RP,Marc Church
RP,Luis Curvelo
RP,Michel Otañez
RP,Gavin Collyer
RP,Robby Ahlstrom
RP,Ryan Lobus
RP,Ryan Brasier
RP,Peyton Gray
RP,Patrick Murphy
RP,Eric Loomis
RP,Mason Thompson
RP,Nick Krauth
RP,Dane Acker
RP,Anthony Hoopii-Tuionetoa
RP,Larson Kindreich
RP,Aidan Anderson
RP,Austin Roberts
RP,Alexis Díaz
RP,Declan Cronin
RP,Wilian Bormie
RP,Adrian Rodriguez
RP,Joey Danielson
RP,Ricardo Velez
RP,Jonathan Brand
RP,Joe Adametz
RP,Josh Mollerus
RP,Josh Hejka
RP,Brock Porter
RP,Jesus Gamez
RP,Anthony Susac
RP,Luke Savage
RP,Kai Wynyard
RP,William Privette
RP,Michael Trausch
RP,Michael Valverde
RP,Maicol Reyes
RP,Jake Jekielek
RP,Alberto Mota
RP,J.D. McReynolds
2B,Gavin Lux
DH,Yandy Díaz
1B,Jonathan Aranda
3B,Junior Caminero
CF,Cedric Mullins
RF,Jake Fraley
SS,Taylor Walls
LF,Chandler Simpson
C,Nick Fortes
C,Hunter Feduccia
INF,Ben Williamson
OF,Jonny DeLuca
OF/INF,Ryan Vilade
SP,Drew Rasmussen
SP,Ryan Pepiot
SP,Shane McClanahan
SP,Nick Martinez
SP,Steven Matz
RP,Griffin Jax
RP,Garrett Cleavinger
RP,Bryan Baker
RP,Mason Englert
RP,Hunter Bigge
RP,Kevin Kelly
RP,Cole Sulser
RP,Yoendrys Gómez
RP,Manuel Rodríguez
RP,Edwin Uceta
RP,Steven Wilson
SS,Wander Franco
C,Dom Keegan
C/1B,Blake Sabol
C,Logan Driscoll
C,Tatem Levins
C,Kenny Piper
C,Daniel Vellojin
C,Nathan Flewelling
C/1B,Bryan Broecker
C,Caden Bodine
C,Taitn Gray
C,J.D. Gonzalez
C/1B,Yirer Garcia
C,Deinys Gonzalez
C/1B,Ivan Torres
1B/LF,Tre' Morgan
1B/2B/3B,Logan Davidson
1B,Xavier Isaac
1B/RF/LF,Will Simpson
1B/LF,Blake Robertson
1B/C,Larry Martinez
2B/3B/1B,Cooper Kinney
2B/3B/SS,Raynel Delgado
2B/SS,Émilien Pitre
2B/3B/SS,Narciso Polanco
2B/3B,Felix Cotes
2B/3B,Kleiver Chauran
2B/SS/3B,Emmanuel Cedeno
3B/2B/SS,Brayden Taylor
3B/2B/SS,Jalen Battles
3B/SS/LF,Carlos Colmenarez
3B/1B/2B,Hunter Haas
3B/2B/LF,Tony Santa Maria
3B/2B/SS,Jose Monzon
3B/2B,Warel Solano
3B/2B,Aaron Pinero
SS/3B,Carson Williams
SS/2B/3B,Jadher Areinamo
SS,Gregory Barrios
SS/2B,Adrian Santana
SS,Daniel Pierce
SS,Cooper Flemming
SS/2B/3B,Alberth Palma
SS,Victor Valdez
SS/3B,Raymer Medina
SS/2B,Eliomar Garces
SS,Fabricio Blanco
SS,Andreimi Antunez
CF/LF/RF,Jacob Melton
RF/LF/2B,Richie Palacios
RF/1B/LF,Justyn-Henry Malloy
CF/LF/RF,Victor Mesa Jr.
RF/LF/CF,Edward Olivares
CF/LF/RF,Homer Bush Jr.
LF/RF/CF,Brock Jones
CF/RF/LF,Aidan Smith
CF/RF/LF,Austin Overn
RF/2B/3B,Mac Horvath
LF/RF/CF,Noah Myers
LF/1B/3B,Kamren James
LF/3B/2B,Ryan Spikes
CF/RF/LF,Theo Gillen
CF/RF/LF,Brendan Summerhill
CF/RF/LF,Marshall Toole
RF/LF/CF,Angel Mateo
RF/CF/LF,Connor Hujsak
RF/LF/CF,Ryan Cermak
RF/CF/LF,Brailer Guerrero
CF,Slater de Brun
CF/LF/RF,Dean Moss
CF/RF/LF,James Quinn-Irons
LF/3B/2B,Jose Perez
LF/RF/3B,Nicandro Aybar
CF/RF/LF,Derek Datil
CF/RF/LF,Maykel Coret
CF/RF/LF,Leonardo Pineda
CF,Jean Paredes
SP,Ian Seymour
SP,Joe Boyle
SP/RP,Joe Rock
SP/RP,Jesse Scholtens
SP,Brody Hopkins
SP,Ty Johnson
SP,Logan Workman
SP/RP,Jake Woodford
SP,Chase Solesky
SP/RP,Ty Cummings
SP/RP,Roel Garcia III
SP/RP,Brian Van Belle
SP,TJ Nichols
SP,Gary Gill Hill
SP,Jackson Baumeister
SP,Owen Wild
SP,Michael Forret
SP,Marcus Johnson
SP,Garrett Edwards
SP,Chris Clark
SP/RP,Hayden Snelsire
SP,Jacob Watters
SP,Anderson Brito
SP,Santiago Suarez
SP,Jose Urbina
SP,Trevor Harrison
SP,Andrew Lindsey
SP,Ryan Andrade
SP,Andres Galan
SP,Chandler Murphy
SP/RP,Dominic Niman
SP/RP,Trey Pooser
SP,Yereny Teus
SP/RP,Mason Nichols
SP,Dominic Fritton
SP,Jacob Kmatz
SP/RP,Janzen Keisel
SP,Jayden Voelker
SP,Jeremy Pilon
SP,Alvaro Mejias
SP,Aidan Haugh
SP,Jacob Kuhn
SP,Aidan Cremarosa
SP,Nate Knowles
SP,Efrailin Ramos
SP,Starlin Savinon
SP,Xavier Lopez
RP,Austin Vernon
RP,Trevor Martin
RP,Cam Booser
RP,Luis Guerrero
RP,Andrew Wantz
RP,Kodi Whitley
RP,Evan Reifert
RP,Jackson Lancaster
RP,Jack Hartman
RP,Tommy McCollum
RP,Jonny Cuevas
RP,Sean Hunley
RP,Kyle Whitten
RP,Cam Robinson
RP,John Rooney
RP,Alfredo Zarraga
RP,Alex Cook
RP,Drew Dowd
RP,Jacob Kisting
RP,Garrett Gainey
RP,Derrick Edington
RP,Gerlin Rosario
RP,Keyshawn Askew
RP,Junior William
RP,Dalton Fowler
RP,T.J. Fondtain
RP,Dylan Lesko
RP,Jonathan Russell
RP,Jadon Bercovich
RP,Cade Citelli
RP,Mason Auer
RP,Noah Beal
RP,Adam Boucher
RP,Seth Chavez
RP,Andy Rodriguez
RP,Bryce Shaffer
RP,Trendan Parish
RP,Matthew Hoskins
LF,Roman Anthony
SS,Trevor Story
DH,Jarren Duran
1B,Willson Contreras
RF,Wilyer Abreu
3B,Caleb Durbin
CF,Ceddanne Rafaela
2B,Marcelo Mayer
C,Carlos Narváez
C,Connor Wong
INF,Isiah Kiner-Falefa
INF,Andruw Monasterio
OF,Masataka Yoshida
SP,Garrett Crochet
SP,Ranger Suarez
SP,Sonny Gray
SP,Brayan Bello
SP,Johan Oviedo
RP,Aroldis Chapman
RP,Garrett Whitlock
RP,Justin Slaten
RP,Greg Weissert
RP,Danny Coulombe
RP,Zack Kelly
RP,Jovani Morán
RP,Ryan Watson
1B,Triston Casas
INF/OF,Romy Gonzalez
SP,Kutter Crawford
SP,Tanner Houck
SP,Patrick Sandoval
C/1B/2B,Mickey Gasper
C,Matt Thaiss
C,Jason Delay
C/1B,Brooks Brannon
C,Ronald Rosario
C/1B,Nate Baez
C/1B,Raudelis Martinez
C,Johanfran Garcia
C/1B,Andruw Musett
C,Adonys Guzman
C,Hudson White
C,Luke Heyman
C/1B,Gerardo Rodriguez
C,Ronny Hernandez
C,Kleyver Salazar
C,Jorge Rodriguez
C,Franklin Primera
1B/C,Nathan Hickey
1B/LF,Matt Lloyd
1B,Drew Ehrhard
1B/LF/RF,Tyler Miller
1B/3B,D'Angelo Ortiz
1B/LF/RF,Frederik Jimenez
1B/LF/RF,Josue Brito
2B/CF/1B,Kristian Campbell
2B,Brendan Rodgers
2B/LF/CF,Max Ferguson
2B/SS,Yoeilin Cespedes
2B/SS,Henry Godbout
2B/SS,Nazzan Zanetello
2B/3B,Edwin Darville
2B,Louis Andujar
2B/CF/LF,Miguel Welch
3B/2B/C,Anthony Seigler
3B/CF/RF,Nate Eaton
3B/2B/SS,Mikey Romero
3B/SS/2B,Ahbram Liendo
3B/1B/2B,Freili Encarnacion
3B/1B,Antonio Anderson
3B,Jack Winnay
3B/2B,Christopher Alvarado
SS/3B/RF,Nick Sogard
SS/2B/3B,Tsung-Che Cheng
SS/3B/2B,Vinny Capra
SS/LF/2B,Tyler McDonough
SS/2B,Franklin Arias
SS/2B/3B,Marvin Alcantara
SS/3B/2B,Starlyn Nunez
SS/2B/CF,Maximus Martin
SS/2B,Mason White
SS/SP,Conrad Cason
SS/3B/2B,Dorian Soto
SS/2B,Hector Ramos
SS,Dawvris Brito
SS/2B,Avinson Pinto
CF/LF/2B,Braiden Ward
CF/RF/LF,Allan Castro
LF/RF,Corey Rosier
RF/CF/LF,Phillip Sikes
RF/LF/CF,Matt Fraizer
RF/CF/LF,Miguel Bleis
CF/RF/LF,Nelly Taylor
LF/RF/CF,Yophery Rodriguez
RF/CF/2B,Stanley Tucker
RF/CF/LF,Justin Gonzales
RF/CF/LF,Will Turner
CF/LF/RF,Isaiah Jackson
LF/RF,Natanael Yuten
CF/RF/LF,Enddy Azocar
CF/LF/RF,Anderson Fermin
RF/CF/LF,Skylar King
CF,Harold Rivas
RF/CF/LF,Garielvin Silverio
SP,Payton Tolle
SP,Connelly Early
SP,Tyler Uberstine
SP/RP,Alec Gamboa
SP/RP,T.J. Sikkema
SP/RP,Noah Song
SP,Isaac Coffey
SP,Jake Bennett
SP,John Holobetz
SP,Blake Wehunt
SP,Hayden Mullins
SP,Dalton Rogers
SP,Eduardo Rivera
SP,Noah Dean
SP,Chih-Jung Liu
SP/RP,Danny Kirwin
SP/RP,Caleb Bolden
SP,Yordanny Monegro
SP,Kyson Witherspoon
SP,Juan Valera
SP,Jojo Ingrassia
SP,Gage Ziehl
SP,Shea Sprague
SP,Austin Ehrlicher
SP,Brady Tygart
SP,Devin Futrell
SP,Luis Cohen
SP,Marcus Phillips
SP,Anthony Eyanson
SP/RP,Jose Bello
SP/RP,Brandon Neely
SP/RP,Griffin Kilander
SP,Steven Brooks
SP/RP,Adam Bates
SS/SP,Conrad Cason
SP,Matt Duffy
SP/RP,Nicholas Judice
SP,Cole Tolbert
SP/RP,Trennor O'Donnell
SP,Sadbiel Delzine
SP,Leighton Finley
SP,Myles Patton
SP,Dylan Brown
SP/RP,Jacob Mayers
SP,Barrett Morgan
SP/RP,Yermain Ruiz
RP,Tyler Samaniego
RP,Tayron Guerrero
RP,Kyle Keller
RP,Seth Martinez
RP,Hobie Harris
RP,Devin Sweet
RP,Osvaldo Berrios
RP,Wyatt Olds
RP,Jacob Webb
RP,Cooper Adams
RP,Jack Anderson
RP,Patrick Halligan
RP,Vinny Nittoli
RP,Jeremy Wu-Yelland
RP,Reidis Sena
RP,Max Carlson
RP,Michael Sansone
RP,Cade Feeney
RP,Zach Fogell
RP,Matt McShane
RP,Joe Vogatsky
RP,Caden Vire
RP,Isaac Stebens
RP,Christian Foutch
CF,TJ Friedl
2B,Matt McLain
SS,Elly De La Cruz
DH,Eugenio Suárez
1B,Sal Stewart
C,Tyler Stephenson
LF,JJ Bleday
RF,Noelvi Marte
3B,Ke'Bryan Hayes
C,Jose Trevino
INF/OF,Spencer Steer
OF,Will Benson
OF,Dane Myers
SP,Andrew Abbott
SP,Nick Lodolo
SP,Brady Singer
SP,Rhett Lowder
SP,Chase Burns
RP,Emilio Pagán
RP,Tony Santillan
RP,Graham Ashcraft
RP,Pierce Johnson
RP,Brock Burke
RP,Sam Moll
RP,Connor Phillips
RP,Brandon Williamson
SP,Hunter Greene
RP,Caleb Ferguson
C,Will Banfield
C,Michael Trautwein
C,Connor Burns
C/1B/LF,Cade Hunter
C,Alfredo Duno
C/1B,Ryan McCrystal
C,Logan Tanner
C/LF/RF,Jacob Friend
C,Diego Omana
C,Jirvin Morillo
1B/3B,Christian Encarnacion-Strand
1B,Nathaniel Lowe
1B/RF,Michael Toglia
1B/C,P.J. Higgins
1B,Ruben Ibarra
1B/LF/2B,Zavier Warren
1B/3B,Cam Collier
1B/C,John Michael Faile
1B/LF,Jack Moss
1B/LF/RF,Drew Davies
1B,Ty Doucette
1B,Yael Romero
1B,Jaset Martinez
2B/CF/LF,Garrett Hampson
2B/3B/1B,Michael Chavis
2B/3B/LF,Francisco Urbaez
2B/SS/LF,Trey Faltine
2B/3B/LF,Johnny Ascanio
2B/SS/3B,Dominic Pitelli
2B/SS/3B,Victor Acosta
2B/1B/3B,Peyton Stovall
2B/LF,Bernard Moon
2B/3B/SS,Alfredo Alcantara
2B/SS,Rafhlmil Torres
2B/3B/RF,Nayerich Waterfort
3B/2B/1B,Austin Callahan
3B/1B,Carter Graham
3B/SS/2B,Ricky Cabrera
SP/3B,Sheng-En Lin
3B/1B,Ichiro Cano
3B/SS,Angel Salio
SS/2B,Edwin Arroyo
SS/2B,Leo Balcazar
SS/3B/2B,Alexander Vargas
SS,Tyson Lewis
SS/3B,Carlos Sanchez
SS,Steele Hall
SS/3B,Hansel Jimenez
SS,Liberts Aponte
SS/3B,Naibel Mariano
SS,Carlos Hernandez
LF/RF,Héctor Rodríguez
CF/LF/RF,Blake Dunn
RF/CF/LF,Rece Hinds
LF/2B/RF,Ivan Johnson
RF/CF,Austin Hendrick
CF/RF/LF,Carlos Jorge
CF/LF/RF,Jay Allen II
CF/LF/RF,Shane Sasaki
LF/1B/RF,Anthony Stephan
CF,Kyle Henley
RF/CF/LF,Yerlin Confidan
LF/RF/CF,Mason Neville
RF/LF,Esmith Pineda
LF/RF/CF,Myles Smith
RF/LF/CF,Arnaldo Lantigua
CF/LF/RF,Eli Pitts
LF/CF/RF,Kien Vu
CF/RF/LF,Adolfo Sanchez
CF,Angel Nuñez
CF/LF/RF,Pablo Nunez
CF/RF,Yeycol Soriano
LF/CF/RF,Anielson Buten
CF/LF/RF,Yojanser Calzado
LF/RF,Peson Revierre
SP,Jose Franco
SP,Chase Petty
SP,Julian Aguiar
SP/RP,Darren McCaughan
SP,Kevin Abel
SP,Jared Lyons
SP/RP,Sam Benschoter
SP,Davis Daniel
SP,Brandon Leibrandt
SP,Ryan Cardona
SP/RP,Nate Peterson
SP/RP,Carson Spiers
SP,Jose Acuna
SP,Luke Hayden
SP,Johnathan Harmon
SP,Javi Rivera
SP/RP,Julian Garcia
SP,Jose Montero
SP/RP,JeanPierre Ortiz
SP,Nestor Lorant
SP/RP,Reynardo Cruz
SP,David Lorduy
SP/RP,Logan Van Treeck
SP/RP,Mason Morris
SP/3B,Sheng-En Lin
SP/RP,Adrian Herrera
SP,Cole Schoenwetter
SP/RP,Ovis Portes
SP/RP,Tristan Smith
SP,Hunter Hollan
SP,Kyle McCoy
SP,Dusty Revis
SP,Stharlin Torres
SP,Luke Holman
SP,Ty Floyd
SP,Braden Osbolt
SP,Justin Henschel
SP,Aaron Watson
SP,Iker Redona
SP,Ryjeteri Merite
SP,Deivi Villafana
SP,Christian Lopez
SP,Moises Castillo
SP,Dony Aguilera
RP,Zach Maxwell
RP,Luis Mey
RP,Kyle Nicolas
RP,Lyon Richardson
RP,Yunior Marte
RP,Tejay Antone
RP,Anthony Misiewicz
RP,Hagen Danner
RP,Joel Valdez
RP,Simon Miller
RP,Josh Staumont
RP,Trevor Kuncl
RP,Hunter Parks
RP,Thomas Farr
RP,Taylor Floyd
RP,Nick Sando
RP,Easton Sikorski
RP,Will Cannon
RP,Owen Holt
RP,Joseph Menefee
RP,Bryce Hubbart
RP,Drew Pestka
RP,Anyer Laureano
RP,Cody Adcock
RP,Mike Villani
RP,Graham Osman
RP,Dylan Simmons
RP,Ben Brutti
RP,Trent Hodgdon
RP,Beau Blanchard
LF,Jake McCarthy
SS,Ezequiel Tovar
C,Hunter Goodman
DH,Mickey Moniak
RF,Jordan Beck
3B,Willi Castro
CF,Brenton Doyle
1B,Troy Johnston
2B,Edouard Julien
C,Braxton Fulford
1B,Blaine Crim
INF/OF,Ryan Ritter
OF/INF,Tyler Freeman
SP,Kyle Freeland
SP,Michael Lorenzen
SP,Jose Quintana
SP,Chase Dollander
SP,Tomoyuki Sugano
RP,Victor Vodnik
RP,Jimmy Herget
RP,Juan Mejia
RP,Zach Agnos
RP,Brennan Bernardino
RP,John Brebbia
RP,Keegan Thompson
RP,Antonio Senzatela
1B/OF,Kris Bryant
SP,Pierson Ohl
RP,Jeff Criswell
RP,RJ Petit
C/1B,Brett Sullivan
C,Kyle McCann
C/1B,Bryant Betancourt
C,Cole Messina
C,Ben McCabe
C/1B,Matt Klein
C,Alan Espinal
C/RF/LF,Zach Rogacki
C,Jesus Freitez
1B,TJ Rumfield
1B/C,Jose Cordova
1B/RF/LF,Zach Kokoska
1B/LF/3B,Charlie Condon
1B/LF,Aidan Longwell
1B/LF/3B,Kevin Fitzer
1B/C,Jimmy Obertop
1B/RF,Tanner Thach
1B/2B/3B,Luis Mendez
1B,Ronny Ugarte
2B,Adael Amador
2B/SS/3B,Nicky Lopez
2B,Roc Riggio
2B/3B,Roynier Hernandez
2B/LF/CF,Dariel Garcia
3B/1B,Kyle Karros
3B/2B/LF,Vimael Machín
3B/2B,Blake Wright
3B/1B/LF,Skyler Messinger
3B/2B/1B,Nic Kent
3B,Ethan Hedges
3B/SS/2B,Wilder Dalis
3B,Larry Suero
3B,Eriel Dihigo
SS/3B/2B,Chad Stevens
SS/3B/2B,Jose Torres
SS/3B,Andy Perez
SS/2B,Dyan Jorge
SS/3B/2B,Kelvin Hidalgo
SS,Ethan Holliday
SS,Ashly Andujar
SS/2B,Kamuel Villar
SS,Richard De Los Santos
SS/2B,Sebastian Blanco
LF/RF,Sterlin Thompson
RF/LF/CF,Zac Veen
CF/LF/RF,Drew Avans
LF/2B/3B,Braylen Wimmer
RF/LF/1B,Conner Capel
CF/RF/LF,Cole Carrigg
LF/CF/RF,Jared Thomas
RF/CF/LF,Benny Montgomery
RF/2B/CF,GJ Hill
RF/CF/LF,Robert Calaz
RF/CF/LF,Max Belyeu
LF/RF,Derek Bernard
CF/2B/LF,Roldy Brito
LF/2B/CF,Tommy Hopfe
CF/RF/LF,Caleb Hobson
CF/RF/LF,Yeiker Reyes
LF/CF/2B,Carlos Renzullo
CF/RF/LF,Cameron Nelson
LF/RF,Aldalay Kolokie
RF/LF,Alessander De La Cruz
CF/2B/SS,Jeremy Ciriaco
CF,Cristian Arguelles
LF/RF,Luis Morejon
SP,McCade Brown
SP/RP,Carson Palmquist
SP,Gabriel Hughes
SP,Ryan Feltner
SP,Tanner Gordon
SP,Sean Sullivan
SP/RP,Valente Bellozo
SP,Adam Laskey
SP,Ben Shields
SP,Blake Adams
SP,Connor Staine
SP,Mason Albright
SP,Konner Eaton
SP,Griffin Herring
SP,Jack Mahoney
SP,Michael Prosecky
SP,Jake Brooks
SP,Jarrod Cande
SP,Case Williams
SP,Brody Brecht
SP,Jordy Vargas
SP,Yujanyer Herrera
SP,Isaiah Coupet
SP,Lebarron Johnson Jr.
SP,Everett Catlett
SP,Jackson Cox
SP,Marcos Herrera
SP,Alberto Pacheco
SP,Manuel Olivares
SP,JB Middleton
SP/RP,Riley Kelly
SP/RP,Ismael Luciano
SP,Angel Jimenez
SP/RP,Antoine Jean
SP,Austin Newton
SP,Austin Emener
SP,Luichi Casilla
SP,Sandy Ozuna
SP,Gregory Sanchez
SP,Reiver Camacho
SP,Kevin Martinez
SP,Jhon Medina
SP,Eliezer Pena
SP,Roberto Salas
RP,Welinton Herrera
RP,Seth Halvorsen
RP,Jaden Hill
RP,Luis Peralta
RP,Eiberson Castellano
RP,Brayan Castillo
RP,Parker Mushinski
RP,Collin Baumgartner
RP,Mason Green
RP,Victor Juarez
RP,Carson Skipper
RP,TJ Shook
RP,Evan Justice
RP,Bryce McGowan
RP,Ryan Miller
RP,Patrick Weigel
RP,Austin Smith
RP,Cade Denton
RP,Stu Flesland III
RP,Evan Shawver
RP,Sam Weatherly
RP,Davison Palermo
RP,Hunter Omlid
RP,Carlos Torres
RP,Braxton Hyde
RP,Fisher Jameson
RP,Fidel Ulloa
RP,Bryson Hammer
RP,Jake Madden
RP,Hunter Mann
RP,Luke Jewett
RP,Nathan Blasick
RP,Tyler Hampu
RP,Seth Clausen
3B,Maikel Garcia
SS,Bobby Witt Jr.
1B,Vinnie Pasquantino
C,Salvador Perez
RF,Jac Caglianone
2B,Jonathan India
DH,Carter Jensen
LF,Isaac Collins
CF,Kyle Isbel
INF/OF,Nick Loftin
INF/OF,Michael Massey
OF,Starling Marte
OF,Lane Thomas
SP,Cole Ragans
SP,Michael Wacha
SP,Kris Bubic
SP,Seth Lugo
SP,Noah Cameron
RP,Carlos Estévez
RP,Lucas Erceg
RP,Matt Strahm
RP,John Schreiber
RP,Nick Mears
RP,Daniel Lynch IV
RP,Alex Lange
RP,Bailey Falter
SP,Stephen Kolek
SP,Alec Marsh
C,Elias Díaz
C,Jorge Alfaro
C,Luca Tresh
C,Omar Hernandez
C,Luke Maile
C,Blake Mitchell
C,Elih Marrero
C,Kyle Hayes
C,Ramon Ramirez
C,Canyon Brown
C/1B,Gabriel Silva
C,Brooks Bryan
C,Hyungchan Um
C,Jhosmmel Zue
C,Moises Marchán
C,Jose Montilla
1B/3B/2B,Abraham Toro
1B/RF/LF,Brett Squires
1B,Chris Brito
1B/3B/2B,Stone Russell
1B/RF,JC Vanek
1B,Omar Reyes
2B/CF/LF,Peyton Wilson
2B/LF,Javi Vaz
2B/LF,Sam Kulasingam
2B/3B,Justin Johnson
2B/SS,Tyriq Kemp
2B/3B,Jorge Hernandez
3B/2B/SS,Josh Rojas
3B/1B/2B,Brandon Drury
3B/1B,Sam Ruta
3B/SS,Austin Charles
3B/1B,Derlin Figueroa
3B/1B,Jose Cerice
3B,Josh Hammond
SS/2B/3B,Kevin Newman
SS/2B/3B,Connor Kaiser
SS/3B/2B,Colton Becker
SS/2B,Dustin Dickerson
SS,Daniel Vazquez
SS/3B/2B,Jack Pineda
SS,Yandel Ricardo
SS,Warren Calcaño
SS,Jaider Suárez
SS,Ramcell Medina
SS/3B,Jhonayker Ugarte
SS/3B,Luis Steven King
LF/CF/RF,John Rave
CF/2B/LF,Tyler Tolbert
CF/RF/LF,Kameron Misner
CF/LF/RF,Drew Waters
CF/LF,Carson Roccaforte
RF/CF/LF,Gavin Cross
CF/RF/LF,Rudy Martin
RF/LF,Tyler Gentry
LF/RF,Spencer Nivens
RF/3B/1B,Trevor Werner
CF,Nolan Sailors
RF/LF,Connor Scott
RF/LF,Alberto Rodriguez
CF/LF,Asbel Gonzalez
LF/CF/RF,Erick Torres
RF/LF,Carter Frederick
LF/CF/RF,Luke Pelzer
CF/RF/LF,Daniel Lopez
RF/LF/CF,Henry Ramos
RF/LF,Roni Cabrera
CF/2B,Sean Gamble
CF,Angeibel Gomez
CF/LF/RF,Jose Paulino
LF/RF/CF,Raimel Medina
SP/RP,Luinder Avila
SP,Ben Kudrna
SP,Ryan Bergert
SP,Mason Black
SP/RP,Mitch Spence
SP/RP,Shane Panzini
SP/RP,Aaron Sanchez
SP,Henry Williams
SP,Hunter Owen
SP,Ethan Bosacker
SP,Chandler Champlain
SP/RP,Oscar Rayo
SP,Asa Lacy
SP,Tyson Guerrero
SP,John Means
SP,Steven Zobac
SP,Frank Mozzicato
SP,Hunter Patteson
SP,Felix Arronde
SP,Drew Beam
SP,Josh Hansell
SP,Mason Miller
SP,Ryan Ramsey
SP,Hiro Wyatt
SP,David Shields
SP/RP,Jordan Woods
SP,Emmanuel Reyes
SP,Tanner Jones
SP,Blake Wolters
SP/RP,Michael Lombardi
SP,Justin Lamkin
SP,Kendry Chourio
SP,Kyle DeGroat
SP/RP,Coleman Picard
SP,Jose Gutierrez
SP,Cameron Millar
SP,Denis Samudio
RP,Eric Cerantola
RP,Steven Cruz
RP,James McArthur
RP,Chazz Martinez
RP,Eli Morgan
RP,Héctor Neris
RP,Jose Cuas
RP,Helcris Olivárez
RP,Brandon Johnson
RP,Beck Way
RP,Anthony Simonelli
RP,Ben Sears
RP,Christian Chamberlain
RP,Dennis Colleran
RP,Tommy Molsky
RP,Zachary Cawyer
RP,Nate Ackenhausen
RP,Chase Isbell
RP,Andrew Morones
RP,Jesus Rios
RP,Juan Martinez
RP,Andrew Pérez
RP,L.P. Langevin
RP,Jacob Widener
RP,Max Martin
RP,Mack Anglin
RP,Bryson Dudley
RP,Dash Albus
RP,Henson Leal
RP,Hunter Alberini
RP,Yeri Perez
RP,Nick Conte
RP,Aiden Jimenez
RP,Shane Van Dam
RP,Kamden Edge
RP,Augusto Mendieta
RP,Yimi Presinal
RP,Yenfri Sosa
SS,Kevin McGonigle
2B,Gleyber Torres
RF,Kerry Carpenter
LF,Riley Greene
1B,Spencer Torkelson
3B,Colt Keith
C,Dillon Dingler
DH,Zach McKinstry
CF,Parker Meadows
C,Jake Rogers
INF/OF,Javier Báez
OF,Jahmai Jones
OF/INF,Matt Vierling
SP,Tarik Skubal
SP,Framber Valdez
SP,Jack Flaherty
SP,Justin Verlander
SP,Casey Mize
RP,Kenley Jansen
RP,Will Vest
RP,Kyle Finnegan
RP,Tyler Holton
RP,Drew Anderson
RP,Brenan Hanifee
RP,Brant Hurter
RP,Beau Brieske
SP,Jackson Jobe
SP,Troy Melton
SP,Reese Olson
RP,Bailey Horn
C/1B,Eduardo Valencia
C,Tomás Nido
C,Aaron Antonini
C/1B,Josue Briceño
C,Thayron Liranzo
C,Bennett Lee
C/1B,Ricardo Hurtado
C/2B,Edian Espinal
C,Enderson Delgado
C,Sergio Tapia
C,Michael Oliveto
C,Manuel Bolivar
C/1B,Steven Madero
1B/LF/RF,Garrett Pennington
1B,Andrew Jenkins
1B/3B/LF,Cristian Santana
1B/3B/C,Clayton Campbell
2B/3B,Max Anderson
2B/SS,Jack Penney
2B/3B/SS,Peyton Graham
2B/3B/SS,Samuel Gil
2B/3B/LF,Edgar Lugo
2B/LF/RF,Ronald Ramirez
3B/2B,Hao-Yu  Lee
3B/2B,Jace Jung
3B/SS/CF,Gage Workman
3B/1B,Izaac Pacheco
3B/SS/1B,Max Burt
3B/SS,Carson Rucker
3B/SS/2B,Juan Hernandez
3B/2B,Javier Osorio
3B/SS/2B,Andy Mata
3B,Nestor Miranda
3B/2B/1B,Guillermo Batista
SS/CF/3B,Trei Cruz
SS,Trey Sweeney
SS/3B/2B,John Peck
SS,Bryce Rainer
SS/2B,Franyerber Montilla
SS/CF/2B,Woody Hadeen
SS,Jordan Yost
SS/2B,Jude Warwick
SS/3B,Jack Goodman
SS/2B,Angel De Los Santos
SS,Oscar Tineo
SS/2B,Luis Aguilera
SS/2B,Jose Dickson
RF/CF/LF,Wenceel Pérez
RF/LF/CF,Austin Slater
LF/RF/CF,Corey Julks
RF/CF/LF,Ben Malgeri
LF/CF/RF,Cal Stevenson
LF/RF/1B,Justice Bigbie
LF/1B/RF,Chris Meyers
CF,Max Clark
RF/CF/LF,Roberto Cam
RF/CF/LF,Seth Stephenson
RF/CF/LF,Brett Callahan
RF/LF/CF,Daniel Cabrera
CF/RF/LF,Jackson Strong
RF/LF/CF,Patrick Lee
CF/RF/LF,Nick Dumesnil
CF/LF/RF,Zach MacDonald
CF/RF,Jesus Pinto
LF/3B/RF,Maikol Orozco
CF/RF/LF,Anibal Salas
CF/RF/LF,Cris Rodriguez
CF/RF/LF,Randy Santana
CF/RF/LF,Josueth Quinonez
LF/RF/CF,Samuell Sanchez
LF/CF/RF,Santiago Pinto
SP,Ty Madden
SP/RP,Keider Montero
SP,Sawyer Gipson-Long
SP/RP,Enmanuel De Jesus
SP/RP,Troy Watson
SP/RP,Bryan Sammons
SP,Jaden Hamm
SP,Kenny Serwa
SP,Carlos Peña
SP,Garrett Burhenn
SP,Lael Lockhart
SP,Dylan File
SP,Jake Miller
SP,Andrew Sears
SP,Joseph Montalvo
SP,Hayden Minton
SP,Joe Miller
SP,Max Alba
SP,Carlos Marcano
SP,Malachi Witherspoon
SP,Lucas Elissalt
SP,Ben Jacobs
SP,Michael Massey
SP,Gabriel Reyes
SP,Luke Stofel
SP,Rayner Castillo
SP,Zack Lee
SP,Inohan Paniagua
SP,Kelvis Salcedo
SP,Owen Hall
SP,Paul Wilson
SP/RP,Ethan Schiefelbein
SP,Jatnk Diaz
SP,Cale Wetwiska
SP,Caleb Leys
SP,Grayson Grinsell
SP,Cash Kuiper
SP,Eddy Felix
SP,River Hamilton
SP,Ryan Hall
SP,Jhonan Coba
SP,Andrew Dunford
SP,Trevor Heishman
SP,Blake Dickerson
SP,Zach Swanson
RP,Drew Sommers
RP,Dylan Smith
RP,Tyler Owens
RP,Sean Guenther
RP,Scott Effross
RP,Tanner Rainey
RP,Tyler Mattison
RP,Konnor Pilkington
RP,Phil Bickford
RP,Matt Seelinger
RP,Dugan Darnell
RP,Cole Waites
RP,Jack Little
RP,Burch Smith
RP,Ricky Vanasco
RP,Colin Poche
RP,Tanner Kohlhepp
RP,Trevin Michael
RP,John Stankiewicz
RP,Wandisson Charles
RP,Tim Naughton
RP,Woo-Suk Go
RP,Moises Rodriguez
RP,Colin Fields
RP,Marco Jimenez
RP,Carlos Lequerica
RP,Dariel Fregio
RP,Eric Silva
RP,Duque Hebbert
RP,Preston Howey
RP,Yosber Sanchez
RP,Johan Simon
RP,CJ Weins
RP,Yendy Gomez
RP,Donye Evans
RP,Jorger Petri
RP,Luke Taggart
RP,Ethan Sloan
CF,Byron Buxton
1B,Josh Bell
2B,Luke Keaschall
RF,Matt Wallner
DH,Victor Caratini
LF,Trevor Larnach
3B,Royce Lewis
C,Ryan Jeffers
SS,Brooks Lee
INF/OF,Kody Clemens
INF/OF,Ryan Kreidler
OF/INF,Austin Martin
OF,James Outman
SP,Joe Ryan
SP,Bailey Ober
SP,Simeon Woods Richardson
SP,Taj Bradley
SP,Mick Abel
RP,Taylor Rogers
RP,Kody Funderburk
RP,Cole Sands
RP,Anthony Banda
RP,Justin Topa
RP,Eric Orze
RP,Andrew Chafin
RP,Travis Adams
SP,David Festa
SP,Pablo López
C,Alex Jackson
C/1B,David Bañuelos
C/LF,Ricardo Olivar
C,Noah Cardenas
C,Patrick Winkel
C/1B,Andrew Cossetti
C/1B,Poncho Ruiz
C,Eduardo Tait
C/CF/RF,Khadim Diaw
C/1B,Enrique Jimenez
C,Daniel Pena
C/1B,Ricardo Pena
C/1B,Pablo Castillo
C,Miguel Caraballo
C/1B,Irvin Nunez
1B/LF/3B,Eric Wagaman
1B,Aaron Sabato
1B/3B/LF,Andy Lugo
1B/C/RF,Jaime Ferrer
1B,JP Smith II
1B/RF/LF,Jayson Bass
2B/3B/SS,Tristan Gray
2B/3B/1B,Jake Rucker
2B/1B/3B,Jorel Ortega
2B/SS/CF,Kyle DeBarge
2B/SS/CF,Jose Salas
2B/LF,Dameury Pena
2B/SS/3B,Ramiro Dominguez
2B/SS/3B,Jose Barrios
3B/1B/SS,Gio Urshela
3B/SS/2B,Tanner Schobel
3B/1B,Billy Amick
3B/2B/SS,Danny De Andrade
3B/1B/LF,Jay Thomason
3B/SS/2B,Rayne Doncon
3B/SS,Quentin Young
3B/LF/C,Ryan Sprock
3B/2B/SS,Yilber Herrera
3B/2B,Darwin Almanzar
SS/3B/2B,Orlando Arcia
SS/CF/3B,Ben Ross
SS/2B/3B,Kaelen Culpepper
SS,Marek Houston
SS/3B/2B,Bryan Acuna
SS/2B,Bruin Agbayani
SS/2B/LF,Shai Robinson
SS/2B/3B,Haritzon Castillo
SS,Daiber De Los Santos
SS/2B/3B,Santiago Leon
CF/RF/LF,Emmanuel Rodriguez
LF/RF,Gabriel Gonzalez
LF/RF/CF,Alan Roden
CF/RF/LF,Walker Jenkins
RF/LF,Kala'i Rosario
CF/LF/1B,Kyler Fedko
LF/RF,Hendry Mendez
RF/CF/LF,Garrett Spain
CF/RF/LF,Maddux Houghton
RF/LF/CF,Kyle Hess
CF/SS/3B,Brandon Winokur
RF/CF/LF,Caden Kendle
CF/RF/LF,Eduardo Beltre
CF/LF/RF,Byron Chourio
CF/RF/LF,Yasser Mercedes
CF/LF/RF,Jacob McCombs
CF/RF/LF,Jhomnardo Reyes
CF/RF/LF,Ariel Castro
LF/RF/CF,Ricardo Paez
CF/RF/LF,Merphy Hernandez
LF/1B/RF,Luis Fragoza
CF/LF/RF,Carlos Taveras
LF/1B/RF,Joyner Perez
CF/RF/LF,Yovanny Duran
CF/RF/LF,Teilon Serrano
SP,Connor Prielipp
SP,Andrew Morris
SP,Kendry Rojas
SP,Zebby Matthews
SP/RP,John Klein
SP/RP,Trent Baker
SP,Christian MacLeod
SP/RP,Cory Lewis
SP,Matt Canterino
SP,C.J. Culpepper
SP,Jose Olivares
SP,Ryan Gallagher
SP,Darren Bowen
SP,Alejandro Hidalgo
SP,Sam Armstrong
SP,Ricky Castro
SP,Ty Langenberg
SP,Charlee Soto
SP,Dasan Hill
SP,Adrian Bohorquez
SP,Cole Peschl
SP,Miguelangel Boadas
SP/RP,Spencer Bengard
SP,Garrett Horn
SP,Michael Carpenter
SP,Tanner Hall
SP,Michael Ross
SP,Ross Dunn
SP,Riley Quick
SP,James Ellwanger
SP/RP,Jason Reitz
SP,Matt Barr
SP,Jace Kaminska
SP/RP,Dylan Questad
SP,Eli Jones
SP,Jason Doktorczyk
SP,Justin Mitrovich
SP,Christian Becerra
SP,Joel Garcia
SP,Cesar Lares
SP,Jack Dougherty
SP,Santiago Castellanos
SP,Yoel Roque
SP,Omar Montano
SP,Geremy Villoria
SP,Melvin Rodriguez
SP,Hendry Chivilli
RP,Marco Raya
RP,Zak Kent
RP,Dan Altavilla
RP,Cody Laweryson
RP,Matt Bowman
RP,Grant Hartwig
RP,Julian Merryweather
RP,Andrew Bash
RP,Raul Brito
RP,Kyle Bischoff
RP,Mike Paredes
RP,Jarret Whorff
RP,Jaylen Nowlin
RP,Luis Quiñones
RP,Liam Hendriks
RP,Paulshawn Pasqualotto
RP,Xander Hamilton
RP,Logan Whitaker
RP,Sam Ryan
RP,Ruddy Gomez
RP,Jakob Hall
RP,Zander Sechrist
RP,Ivran Romero
RP,Brent Francisco
RP,Nolan Santos
2B,Chase Meidroth
SS,Colson Montgomery
3B,Miguel Vargas
1B,Munetaka Murakami
RF,Austin Hays
LF,Andrew Benintendi
DH,Lenyn Sosa
CF,Brooks Baldwin
C,Edgar Quero
C,Korey Lee
INF/OF,Luisangel Acuña
OF,Derek Hill
OF,Everson Pereira
SP,Shane Smith
SP,Davis Martin
SP,Sean Burke
SP,Anthony Kay
SP,Erick Fedde
RP,Seranthony Domínguez
RP,Jordan Leasure
RP,Grant Taylor
RP,Sean Newcomb
RP,Mike Vasil
RP,Brandon Eisert
RP,Jordan Hicks
RP,Alexander Alberto
C,Kyle Teel
SP,Ky Bush
SP,Drew Thorpe
RP,Prelander Berroa
C,Drew Romo
C/1B,Michael Turner
C,Adam Hackenberg
C,Jackson Appel
C/1B,Josh Breaux
C,Juan Gonzalez
C,Calvin Harris
C,Rylan Galvan
C,Stiven Flores
C,Landon Hodge
C,Fernando Graterol
C/1B,Angelo Hernandez
C,Erasmi Rodriguez
C/1B,Jose M. Mendoza
1B/LF/RF,LaMonte Wade Jr.
1B/LF,Ryan Galanie
1B,Tim Elko
1B/3B,Alec Makarewicz
1B,Lyle Miller-Green
1B/3B,Wes Kath
1B,Anthony DePino
1B/C,Adrian Gil
1B/3B,Eduardo Herrera
2B/SS/3B,Jacob Gonzalez
2B/LF/CF,Darren Baker
2B/SS/3B,Andy Weber
2B/3B/SS,Sam Antonacci
2B/SS,Jeral Perez
2B/3B/SS,Ryan Burrowes
2B/SS,Javier Mogollon
2B/SS,Jurdrick Profar
3B/SS/RF,Tanner Murray
3B/1B/2B,Curtis Mead
3B/SS/2B,Oliver Dunn
3B/2B/LF,Mario Camilletti
3B/SS,Arxy Hernandez
3B/SS/2B,Alexander Albertus
3B/2B,Alejandro Cruz
SS/2B,William Bergolla Jr.
SS/3B,Caleb Bonemer
SS,Kyle Lodise
SS/2B/3B,Wilber Sanchez
SS,Billy Carlson
SS/2B/3B,Colby Shelton
SS,Yordani Soto
SS/3B/2B,D'Angelo Tejada
CF/RF/LF,Tristan Peters
LF/RF/CF,Jarred Kelenic
CF/RF/LF,Dustin Harris
CF/RF/LF,Dru Baker
LF/1B/RF,Caden Connor
RF/2B/LF,Rikuu Nishida
CF/RF/LF,Braden Montgomery
CF/RF/LF,Samuel Zavala
LF/2B/3B,Jordan Sprinkle
RF/CF/LF,Drake Logan
CF/LF/RF,Matt Hogan
CF/LF/RF,Jacob Burke
CF/LF/RF,Nick McLain
LF/RF/CF,T.J. McCants
LF/RF,Cole McConnell
CF/LF/RF,Eddie Park
CF/RF/LF,Ely Brown
CF/RF/LF,Jaden Fauske
RF/CF/LF,George Wolkow
RF/LF,Casey Saucke
CF/RF/LF,Abraham Nunez
CF/RF/LF,Sebastian Romero
CF/RF/LF,Marcelo Alcala
RF/LF/CF,Christian Gonzalez
CF/RF/LF,Frank Mieses
LF/RF,Alan Escobar
SP,Tanner McDougal
SP/RP,David Sandlin
SP,Duncan Davitt
SP,Jonathan Cannon
SP/RP,Chris Murphy
SP,Jedixson Paez
SP,Noah Schultz
SP/RP,Tyler Schweitzer
SP,Shane Murphy
SP/RP,Austin Voth
SP,Riley Gowens
SP,Connor McCullough
SP/RP,Tommy Vail
SP,Mason Adams
SP,Hagen Smith
SP,Christian Oppor
SP,Lucas Gordon
SP/RP,Rylan Kaufman
SP,Jake Bockenstedt
SP/RP,Frankeli Arias
SP,Juan Carela
SP/RP,Aldrin Batista
SP/RP,Grant Umberger
SP,Seth Keener
SP,Luis Reyes
SP,Drew McDaniel
SP,Justin Sinibaldi
SP,Ricardo Brizuela
SP,Mathias LaCombe
SP/RP,Gabriel Rodriguez
SP,Mason Moore
SP,Blaine Wynk
SP,Riley Eikhoff
SP,Truman Pauley
SP,Fabian Ysalla
SP,Blake Larson
SP,Yobal Rodriguez
SP,Orlando Suarez
RP,Wikelman González
RP,Tyler Gilbert
RP,Zach Franklin
RP,Jairo Iriarte
RP,Ben Peoples
RP,Tyler Davis
RP,Ryan Borucki
RP,Tyson Miller
RP,Lucas Sims
RP,Adisyn Coffey
RP,Jake Palisch
RP,Garrett Schoenle
RP,Chase Plymell
RP,Jared Kelley
RP,Carson Jacobs
RP,Jarold Rosado
RP,Eric Adler
RP,Phil Fox
RP,Jacob Heatherly
RP,Nick Altermatt
RP,Mark McLaughlin
RP,Jackson Kelley
RP,Luke Bell
RP,Jake Peppers
RP,Jack Young
RP,Jonathan Clark
RP,Aric McAtee
RP,Joseph Yabbour
RP,Liam Paddack
RP,Bryce Collins
RP,Pierce George
RP,Gabe Davis
RP,Daniel Wright
RP,Garrett Wright
RP,Reudis Diaz
CF,Trent Grisham
RF,Aaron Judge
LF,Cody Bellinger
1B,Ben Rice
DH,Giancarlo Stanton
2B,Jazz Chisholm Jr.
C,Austin Wells
SS,José Caballero
3B,Ryan McMahon
C,J.C. Escarra
1B,Paul Goldschmidt
INF/OF,Amed Rosario
OF,Randal Grichuk
SP,Max Fried
SP,Cam Schlittler
SP,Will Warren
SP,Ryan Weathers
SP,Luis Gil
RP,David Bednar
RP,Camilo Doval
RP,Fernando Cruz
RP,Tim Hill
RP,Jake Bird
RP,Paul Blackburn
RP,Ryan Yarbrough
RP,Cade Winquest
SS,Anthony Volpe
INF/OF,Oswaldo Cabrera
SP,Gerrit Cole
SP,Carlos Rodón
SP,Clarke Schmidt
C,Ali Sánchez
C,Payton Henry
C,Abrahan Gutierrez
C/1B,Miguel Palma
C,Tomas Frick
C,Edinson Duran
C/1B,Manuel Palencia
C,Engelth Urena
C,Ediel Rivera
C,Queni Pineda
C/1B,Carlos Villarroel
C,Justin Capellan
C,Carlos Rondon
1B,Ernesto Martinez Jr.
1B/3B,Tyler Hardman
1B/RF/LF,Coby Morales
1B/3B,Josh Moylan
1B/2B/LF,Hans Montero
1B/3B/SS,Jackson Lovich
2B/3B,Jorbit Vivas
2B/3B/CF,Max Schuemann
2B/3B/SS,Owen Cobb
2B/3B,Enmanuel Tejeda
2B/LF/RF,Connor McGinnis
2B/3B/LF,Santiago Gomez
2B/SS,Carlos Bello
2B/3B,Juan Torres
3B/2B/SS,Bryce Martin-Grudzielanek
3B,Richard Matic
3B/1B,Leni Done
SS/3B/2B,Paul DeJong
SS/3B/LF,Jonathan Ornelas
SS/3B/2B,Zack Short
SS/2B/3B,Braden Shewmake
SS/3B/2B,George Lombard Jr.
SS/3B,Kaeden Kent
SS/2B,Core Jackson
SS,Dax Kilby
SS/3B,Roderick Arias
SS,Stiven Marinez
SS/2B,Dexters Peralta
SS,Mani Cedeno
CF/LF/RF,Spencer Jones
LF/CF/RF,Jasson Domínguez
LF/1B,Marco Luciano
LF/RF/1B,Seth Brown
RF/LF,Yanquiel Fernández
CF/RF/LF,Kenedy Corona
CF/LF/RF,Duke Ellis
CF/RF/LF,Garrett Martin
LF/RF/1B,Nicholas Torres
LF/CF/RF,Jackson Castillo
CF/RF/LF,Jace Avina
CF/LF/RF,DJ Gladney
LF/RF/1B,Tyler Wilson
LF/RF,Eric Genther
CF/LF/RF,Brando Mayea
CF/RF/LF,Willy Montero
LF/RF,Wilson Rodriguez
LF/RF,Richie Bonomolo Jr.
LF/RF/CF,Gabriel Lara
LF/RF,Wilberson De Pena
CF/LF/RF,Ruben Castillo
CF,Francisco Vilorio
RF/1B/C,Luis Puello
LF/RF,David Carrera
RF/LF,Richard Meran
RF/LF,Estivenzon Montero
SP,Elmer Rodríguez
SP/RP,Osvaldo Bido
SP,Brendan Beck
SP/RP,Dom Hamel
SP,Adam Kloffenstein
SP,Alexander Cornielle
SP/RP,Drake Fellows
SP,Trent Sellers
SP/RP,Bailey Dees
SP,Chase Hampton
SP,Carlos Lagrange
SP,Ben Hess
SP,Kyle Carr
SP,Bryce Cunningham
SP,Chase Chaney
SP,Brock Selvidge
SP,Allen Facundo
SP,Cade Smith
SP,Xavier Rivas
SP,Brandon Decker
SP,Andrew Landry
SP,Brian Hendry
SP,Henry Lalane
SP,Rory Fox
SP,Luis Serna
SP,Pico Kohn
SP/RP,Mariano Salomon
SP/RP,Tanner Bauman
SP,Greysen Carter
SP,Edinzo Marquez
SP,J.T. Etheridge
SP,Thatcher Hurd
SP,Alexander Almonte
SP/RP,Sabier Marte
SP,Chalniel Arias
SP,Jerson Alejandro
SP,Mac Heuer
SP,Blake Gillespie
SP,Angel Benitez
SP,Jorge Luna
RP,Brent Headrick
RP,Yerry De los Santos
RP,Angel Chivilli
RP,Kervin Castro
RP,Carson Coleman
RP,Rafael Montero
RP,Dylan Coleman
RP,Bradley Hanner
RP,Harrison Cohen
RP,Travis MacGregor
RP,Eric Reyzelman
RP,Danny Watson
RP,Baron Stuart
RP,Zach Messinger
RP,Mason Vinyard
RP,Will Brian
RP,Yerry Rodríguez
RP,Michael Arias
RP,Yovanny Cruz
RP,Tony Rossi
RP,Chris Kean
RP,Luis Velasquez
RP,Hueston Morrill
RP,Bryce Warrecker
RP,Sebastian Keane
RP,Geoffrey Gilbert
RP,Kelly Austin
RP,Cole Ayers
RP,Kevin Stevens
RP,Matt Keating
RP,Ocean Gabonia
RP,Hayden Merda
RP,Jack Cebert
RP,Thomas Balboni Jr.
RP,Franyer Herrera
RP,Brady Kirtner
RP,Jackson Fristoe
RP,Hansel Rincon
RP,Chris Veach
RP,Antonio Gomez
