Year,System,Player Type,Stat Group,Stat,RMSE,MAE,Bias,R2,LA-RMSE,LA-MAE,LA-Bias,LA-R2,WLA-RMSE,WLA-MAE,WLA-Bias,WLA-R2,N Players
2010,Marcel,batting,Standard,1B/(BIP-HR),0.066574906,0.044010987123733816,0.013749370667767043,0,0.066121133,0.043681800782696754,0.011350389793163827,0,0.034201403,0.025872767983256727,-2.28E-17,0.009575807,622
2010,ZiPS,batting,Standard,1B/(BIP-HR),0.067767561,0.045034767,0.018770987927277716,0,0.066346349,0.043918687,0.012717928151858713,0,0.034129957,0.026129613744311445,-4.31E-17,0.013709441879380169,622
2010,Marcel,batting,Standard,2B/(BIP-HR),0.038932393433099136,0.024490387507519244,0.004944534,0.030316168,0.038702235,0.024206487,0.002565175,0.041747344,0.019607783252512667,0.014374372382425865,-7.28E-18,0.19697684296899798,622
2010,ZiPS,batting,Standard,2B/(BIP-HR),0.038791358869288715,0.024086857932525137,0.004835421,0.037328901,0.038535081,0.023748418164158125,0.001887911,0.050006817,0.019007202,0.013753998874227917,-6.33E-19,0.24541621653897672,622
2010,Marcel,batting,Standard,3B/(BIP-HR),0.016750761,0.007102055,0.000676622,0.021566818728803172,0.016738746,0.00681299,-0.00023547,0.022969919884758272,0.006806808,0.004620173,-2.20E-18,0.18813483995570013,622
2010,ZiPS,batting,Standard,3B/(BIP-HR),0.016577222079157437,0.006702288,0.000562589,0.041735065,0.016572732724560228,0.006455729,-0.000409493,0.042254019554082256,0.006575551,0.004420142,-1.52E-18,0.24236298402656875,622
2010,Marcel,batting,Standard,AVG,0.066655357,0.044271399921746744,0.027014603153425066,0,0.06345604,0.042028818,0.017706529,0,0.032096464,0.024702226503595968,-3.55E-17,0.12183280113494899,622
2010,Marcel,batting,Fantasy,AVG,0.026889839971801117,0.021459433083491897,0.004594353,0.000697772,0.026494457,0.021356605578278277,-2.88E-05,0.029868818295437527,0.026176684645213402,0.021108745184296947,1.7934249461319035e-17,0.024717221253160115,270
2010,ZiPS,batting,Standard,AVG,0.064030966,0.042934409910232486,0.022285248121238388,0,0.062076439,0.041546781,0.015816190530587245,0.033046004,0.032009355,0.024709650846758732,-2.15E-17,0.12659297584389217,622
2010,ZiPS,batting,Fantasy,AVG,0.026965850194318387,0.021993106,0.001380088,0,0.026935200632474482,0.021987579,-0.000502591,0,0.026421993823063754,0.021542848409838587,1.46734768319883e-17,0.006352265,270
2010,Marcel,batting,Standard,BABIP,0.082386993,0.050720781502921676,0.019370526,0,0.08123758,0.049868215,0.013680095355419912,0,0.038743902487542475,0.029064283,-3.93E-17,0.030301801,622
2010,ZiPS,batting,Standard,BABIP,0.083039598,0.051356681,0.024168998655985853,0,0.080702977,0.049308518,0.014196345701826683,0.003212128,0.037952021,0.028345844887682027,-6.84E-17,0.069535789,622
2010,Marcel,batting,Standard,BB/PA,0.052665169440656925,0.027963693565419202,0.005882084,0.11333840358466418,0.052514176,0.027710353,0.004326373,0.11841531944602668,0.023216378650136482,0.017225771094350428,-5.86E-18,0.477886439,622
2010,ZiPS,batting,Standard,BB/PA,0.050393613932355294,0.025391649646961754,0.001431775,0.18817590716545973,0.050385513,0.025366027,0.001110663,0.1884368938349481,0.022248818694291222,0.016483708575626112,2.968924214156802e-19,0.5204985431201054,622
2010,Marcel,batting,Standard,HBP/PA,0.010039505278044746,0.006784573,0.001179413,0.1129413025223075,0.009995668,0.006655912,0.000716054,0.12067097303662644,0.006376058,0.004546349,6.927489833032537e-19,0.3172482631991961,622
2010,ZiPS,batting,Standard,HBP/PA,0.009928685,0.006534118,0.00123244,0.13241667436890092,0.009878206,0.006418256,0.000720469,0.141216123,0.006336025,0.004473266,1.3854979666065074e-19,0.32579487916132865,622
2010,Marcel,batting,Standard,HR/BIP,0.033833215,0.020514758,0.004693275,0.15451824424230243,0.033574716,0.019876297,0.002145213,0.1673885196497461,0.017418414,0.013079970656702635,3.800222994120706e-18,0.5156921253667553,622
2010,Marcel,batting,Fantasy,HR/BIP,0.015788801,0.012236567,0.001459186,0.5778249372511339,0.015721694509988515,0.012083346666032566,0.000121065,0.5814060307735236,0.015575389723464436,0.011876309865448756,3.362671773997319e-18,0.5919858224021777,270
2010,ZiPS,batting,Standard,HR/BIP,0.033323325306623124,0.018710097,0.002102366,0.17981020387506397,0.033257941,0.018254954,0.000258009,0.18302566739544313,0.017100861,0.012348001848400403,1.0292270609076913e-18,0.5331899037342329,622
2010,ZiPS,batting,Fantasy,HR/BIP,0.015632033065309123,0.011724817512449217,0.001298229,0.5861669320228624,0.015578109473501654,0.011546848368440887,-4.93E-05,0.5890170892962632,0.015442456,0.011418243929745922,-6.32E-18,0.5989207708358915,270
2010,Marcel,batting,Standard,OBP,0.07764218,0.048349408,0.029434410254623962,0,0.074454569,0.045283776,0.019533540310270606,0.021670504968816617,0.034381393,0.025786644,7.220423688829342e-17,0.25893263430740077,622
2010,ZiPS,batting,Standard,OBP,0.073894767,0.046154555,0.023309093,0.036326743845766285,0.071759938,0.044207071,0.015243555243524115,0.091203693,0.034346539,0.026371920393516556,1.0133927984321884e-17,0.26043441821094626,622
2010,Marcel,batting,Standard,PA,175.05636666872192,138.07556270096464,39.21061093247589,0.39523811035695533,175.05636666872192,138.07556270096464,39.21061093247589,0.39523811035695533,175.05636666872192,138.07556270096464,39.21061093247589,0.39523811035695533,622
2010,Marcel,batting,Fantasy,PA,156.58663440432608,113.05555555555556,-62.74444444,0,156.58663440432608,113.05555555555556,-62.74444444,0,156.58663440432608,113.05555555555556,-62.74444444,0,270
2010,ZiPS,batting,Standard,PA,252.13327129749626,200.04501607717043,150.09003215434083,0,252.13327129749626,200.04501607717043,150.09003215434083,0,252.13327129749626,200.04501607717043,150.09003215434083,0,622
2010,ZiPS,batting,Fantasy,PA,119.23555895167564,92.95555555555555,-10.61481481,0.041823304,119.23555895167564,92.95555555555555,-10.61481481,0.041823304,119.23555895167564,92.95555555555555,-10.61481481,0.041823304,270
2010,Marcel,batting,Standard,R/PA,0.077921406,0.035871835,0.007318635,0.005127908,0.077579741,0.033904115820641054,-0.000658197,0.013833272064211255,0.024376726108271414,0.017540918290407242,1.646763297452306e-17,0.21891418660834616,622
2010,Marcel,batting,Fantasy,R/PA,0.019756716869921854,0.016109076,0.006778378,0.2470355723437676,0.018568088,0.014972677910523697,0.000626442,0.33491176,0.018699139936549238,0.015072755009032948,-1.18E-17,0.3164173042427837,270
2010,ZiPS,batting,Standard,R/PA,0.078311689,0.036244985,0.005331478,0,0.078214287,0.034181975,-0.003630239,0,0.025557217,0.018607305214539058,-5.70E-18,0.1414311895463679,622
2010,ZiPS,batting,Fantasy,R/PA,0.022659056,0.018510065,0.008051908,0.009559158,0.021181726,0.016890168,0.000256715,0.13449896599665356,0.020983253648273133,0.016797647101642894,2.93469536639766e-17,0.13921744268814962,270
2010,Marcel,batting,Standard,RBI/PA,0.048143636823594016,0.034005414,0.014420875572189993,0.044237924,0.046530538326641724,0.032339441584881445,0.007432556,0.10721237948652873,0.028123187560167885,0.021207562409748647,0,0.3657543909570725,622
2010,Marcel,batting,Fantasy,RBI/PA,0.024240397834419197,0.019039412,0.004648592,0.42180329121333227,0.023791125509746023,0.018519056,0.000173701,0.4430373079964819,0.024009618686271647,0.018585142739138256,7.33673841599415e-18,0.4560852035310551,270
2010,ZiPS,batting,Standard,RBI/PA,0.049344805,0.035885011,0.015967250902929674,0,0.046891608,0.03317933,0.004343524,0.09330285,0.030522427,0.023277143,1.7417688723053237e-17,0.2529210487169131,622
2010,ZiPS,batting,Fantasy,RBI/PA,0.028535276116955725,0.022780008342668377,0.00997502,0.1987643076727894,0.026735935,0.021168350994613335,-0.000221929,0.2966250928564663,0.026802514,0.021040639,6.521545258661467e-18,0.3221846515957273,270
2010,Marcel,batting,Standard,SB/TOF,0.075245739,0.047143179369864334,0.004680397,0.28164343402231773,0.075151369,0.046491237,0.002777259,0.28344416500296976,0.049299057321962554,0.033251573063152115,-1.02E-17,0.5709484662196218,622
2010,Marcel,batting,Fantasy,SB/TOF,0.041490368,0.030804265396996752,0.00095494,0.6656076154911548,0.041479406,0.030612805983855913,-4.95E-05,0.6657842779982879,0.040337724419055164,0.030007828,-1.81E-17,0.6916978131556462,270
2010,ZiPS,batting,Standard,SB/TOF,0.072469189,0.04119091,-0.002080453,0.33367969754161175,0.072483351,0.042429011,0.002526064,0.33341925934624383,0.047252902,0.031072416988750698,2.9293385579680446e-18,0.6058248928548561,622
2010,ZiPS,batting,Fantasy,SB/TOF,0.040838875,0.028212909998994572,-0.005337679,0.6760265988597615,0.040488556,0.028663330461526595,1.4581640693991668e-05,0.6815609079600232,0.039213955321735015,0.028009298,-3.06E-18,0.7086365201429123,270
2010,Marcel,batting,Standard,SLG,0.12897870519297913,0.087261975,0.049847566104118744,0,0.12224425182189279,0.080535676,0.028159023,0.070694745,0.064341504,0.048561325,-2.03E-17,0.34359275096108455,622
2010,ZiPS,batting,Standard,SLG,0.12244780748129755,0.081578642,0.034358721888123396,0.067597293,0.11931776933248792,0.077839521,0.020586070321683476,0.1146566072230435,0.064084155,0.04880855,1.5200891976482825e-17,0.3488331570848645,622
2010,Marcel,batting,Standard,SO/PA,0.083390843,0.050106276,-0.026800746,0.14727382450829807,0.081355708,0.049277719,-0.019570347,0.18838713448313793,0.038731516928233845,0.028185247031433377,-1.01E-17,0.5721861499962184,622
2010,ZiPS,batting,Standard,SO/PA,0.075397845,0.045342581610099325,-0.017571814,0.3029069833350486,0.074865315,0.04514384,-0.015124449,0.31271925653950994,0.035179594943406244,0.025619954,1.8367744471583414e-17,0.6470546239547155,622
2010,Marcel,batting,Standard,wOBA,0.079806825,0.052909211739436704,0.032044703451304245,0,0.075712177,0.048707941,0.019750127022238967,0.051205753,0.037373651,0.027887388331849824,1.393415097844259e-17,0.32686642848090985,622
2010,ZiPS,batting,Standard,wOBA,0.076515885,0.051037745,0.026480880989657684,0.030955361394821468,0.073294323,0.047453899179144436,0.014785610260747716,0.11083726352222145,0.037315202,0.028468414592161276,9.120535185889695e-17,0.3289702243160466,622
2010,Marcel,pitching,Standard,1B/(BIP-HR),0.068197439,0.042220097352712864,-0.007783749,0.004296243,0.068187199,0.042216787306862034,-0.007693515,0.004595237,0.032252658,0.023595559319934876,2.6964841920074528e-17,0.018051447,627
2010,ZiPS,pitching,Standard,1B/(BIP-HR),0.090840958,0.07247003,0.054334926,0,0.073424933,0.044998875654625785,-0.009561655,0,0.034918507,0.025045808668841395,4.47371240946691e-17,0,627
2010,Marcel,pitching,Standard,2B/(BIP-HR),0.041196334760087175,0.024664382,-0.00030514,0,0.041244527632365614,0.024534904,-0.002016475,0,0.019087187305562997,0.013855022709657517,-3.06E-19,0,627
2010,ZiPS,pitching,Standard,2B/(BIP-HR),0.076651545,0.064620356,-0.061532893,0,0.045731935619622625,0.027849351802712082,0.001499203,0,0.022563862942691172,0.015252657515716757,2.757767923643986e-18,0,627
2010,Marcel,pitching,Standard,3B/(BIP-HR),0.009843985,0.006817481,0.001047895,0,0.009819071,0.006753551,0.000779873,0,0.006349074,0.004722605,-1.53E-19,0,627
2010,ZiPS,pitching,Standard,3B/(BIP-HR),0.011259645504158922,0.006496891,-0.005737913,0,0.009711712,0.006535749,0.000679252,0,0.006158978,0.004375925,6.128373163653301e-19,0,627
2010,Marcel,pitching,Standard,BABIP,0.077053079,0.046494089560435645,-0.007040994,0,0.077248614,0.046501677,-0.008930117,0,0.035878742,0.025787528979499864,1.7159444858229245e-17,0,627
2010,ZiPS,pitching,Standard,BABIP,0.077526288,0.046671837,-0.01293588,0,0.076795183,0.046330151,-0.007383201,0.002413819,0.035212789,0.025310387059142295,2.9416191185535847e-17,0.027673828201931094,627
2010,Marcel,pitching,Standard,BB/BF,0.048359632,0.029503464,-0.012539059,0.032792343,0.048385724635423955,0.029513537727225418,-0.012639315,0.03174836,0.022888526,0.015836154,2.757767923643986e-18,0.30829144345444526,627
2010,ZiPS,pitching,Standard,BB/BF,0.044734777,0.027938952,-0.006416881,0.17235463150449015,0.044829385,0.027948026,-0.00704627,0.16885018343656266,0.021854746270700675,0.015697706474920376,-8.58E-18,0.36936362645050747,627
2010,Marcel,pitching,Standard,BF,184.49403200887002,137.01435406698565,-2.676236045,0.5332163166987854,184.49403200887002,137.01435406698565,-2.676236045,0.5332163166987854,184.49403200887002,137.01435406698565,-2.676236045,0.5332163166987854,627
2010,Marcel,pitching,Fantasy,BF,206.4608936135751,150.2958579881657,-72.69230769,0.31966389534718487,206.4608936135751,150.2958579881657,-72.69230769,0.31966389534718487,206.4608936135751,150.2958579881657,-72.69230769,0.31966389534718487,338
2010,ZiPS,pitching,Standard,BF,252.9367652525316,193.43698479684346,126.80542344453802,0.12264583417362906,252.9367652525316,193.43698479684346,126.80542344453802,0.12264583417362906,252.9367652525316,193.43698479684346,126.80542344453802,0.12264583417362906,627
2010,ZiPS,pitching,Fantasy,BF,204.53501448888989,147.38162878138073,41.59467804361376,0.3322971263475143,204.53501448888989,147.38162878138073,41.59467804361376,0.3322971263475143,204.53501448888989,147.38162878138073,41.59467804361376,0.3322971263475143,338
2010,Marcel,pitching,Standard,ER/BF,0.066666511,0.038107143,-0.010665292,0.011416747896240587,0.06716942,0.038105024,-0.013455696,0,0.028471019046067237,0.020338518,1.2256746327306603e-18,0.060181781,627
2010,ZiPS,pitching,Standard,ER/BF,0.065489209,0.038034662864482816,-0.00575979,0.046024355,0.066270008,0.037617896,-0.01166416,0.023141088764049966,0.028077505,0.019805724,3.677023898191981e-18,0.085981791,627
2010,Marcel,pitching,Standard,ERA,4.765402553396929,2.032237375165182,-0.904399165,0,4.779191370698609,2.0334192164474976,-0.974446772,0,1.487040199866648,0.9366871357500193,-7.06E-16,0.053619496,627
2010,Marcel,pitching,Fantasy,ERA,1.0995283932575606,0.8808384017760841,0.1889858310590455,0.067877764,1.0831789189524608,0.8580301924448096,0.005433896,0.095392115,0.9937904853591892,0.7835011952742735,-4.53E-17,0.075103527,338
2010,ZiPS,pitching,Standard,ERA,4.694440511542507,2.0310707546896314,-0.579329737,0.014647123102877191,4.739659839751382,2.006218057246088,-0.873055912,0,1.477253278,0.9119758832105868,-7.06E-16,0.066035667,627
2010,ZiPS,pitching,Fantasy,ERA,1.170258258199072,0.9264272389228972,0.4027054094625567,0,1.0989720150645006,0.8442043346763394,0.02016794,0.068820862,1.0049368355559987,0.7663017959187038,3.6235750960847757e-16,0.054239905808540434,338
2010,Marcel,pitching,Standard,HBP/BF,0.017213909912915094,0.007822374,-0.001142907,0.006437591,0.017219252850660137,0.007809776,-0.001220742,0.005820722,0.006500677,0.004485892,1.3405816295491597e-18,0,627
2010,ZiPS,pitching,Standard,HBP/BF,0.019497744411378228,0.009785002,-0.00903943,0,0.017305632140935636,0.008147698,-0.001016939,0,0.006674389,0.004578894,1.5320932909133254e-19,0,627
2010,Marcel,pitching,Standard,HLD/G,0.093757319,0.076375687,0.022915450758224452,0.2273388251250621,0.091758916,0.06434102,-0.012425049,0.25992576297399905,0.076408361,0.050200015,1.2256746327306603e-18,0.3429317418985275,627
2010,ZiPS,pitching,Standard,HLD/G,0.12750952120566225,0.072877412,-0.068168907,0,0.10976713310669714,0.07986745,-0.020908021,0,0.093961366,0.06777934,-3.68E-18,0.006363894,627
2010,Marcel,pitching,Standard,HR/BIP,0.038517779,0.020398106652093274,-0.003598599,0.006357517,0.038706445,0.020336201,-0.0052459,0,0.015191148659987662,0.010713236,-3.68E-18,0.004470035,627
2010,ZiPS,pitching,Standard,HR/BIP,0.038262181,0.020257692,-0.003275268,0.019501067909829417,0.038404726,0.020160566279350842,-0.004653583,0.012181824168647548,0.014991020778771362,0.010546512754131935,-9.19E-19,0.030527439811246837,627
2010,Marcel,pitching,Standard,L/G,0.1676457081399179,0.11922324664677968,-0.003054613,0.1872963644286847,0.17848681892174972,0.1411211620477091,0.061333447,0.078787925,0.13354586669958982,0.1074110172631456,-3.92E-17,0.30154482045169106,627
2010,ZiPS,pitching,Standard,L/G,0.1669753085161383,0.1158092540972571,0.047088499,0.19378322106043322,0.16404176486706243,0.11340853835864417,0.035302602,0.22186277939834664,0.12446960960475459,0.092088118,-2.73E-17,0.3932576697715441,627
2010,Marcel,pitching,Standard,R/BF,0.066907974,0.039911279,-0.01044735,0.020605554972836226,0.067364894,0.039932238,-0.013057529,0.007183151,0.030179169,0.021941251,8.579722429114623e-18,0.060735082,627
2010,ZiPS,pitching,Standard,R/BF,0.066011829,0.040060183,-0.004434069,0.046665279247878555,0.066861946,0.039580508857580764,-0.011516045,0.021952585931562685,0.029957681,0.021687880824399933,4.902698530922641e-18,0.07447122,627
2010,Marcel,pitching,Standard,SO/BF,0.062909786,0.044515647,-0.001671256,0.1724842142637132,0.062929325,0.044681172,0.002291713,0.1719700853984626,0.041612981,0.030489427,-2.45E-17,0.3728243853859554,627
2010,Marcel,pitching,Fantasy,SO/BF,0.043453491785415216,0.032121059,-0.006155007,0.39326604773351326,0.043080468947677204,0.032221674546546536,-0.002367481,0.40363824912677027,0.037419562,0.027964187077384618,-1.13E-17,0.44569654592740826,338
2010,ZiPS,pitching,Standard,SO/BF,0.060541361,0.043094128,-0.010275383,0.23361986643756505,0.059674584817715225,0.042253836,0.001176078,0.2554074461158192,0.039125049071036984,0.028401806601333665,-3.68E-18,0.4455769278062156,627
2010,ZiPS,pitching,Fantasy,SO/BF,0.040926009,0.030534932907174878,-0.012535759,0.46179500843679633,0.038985459,0.029223897277182304,-0.001439819,0.5116240790220381,0.034695761791837094,0.025618116,1.4154590219081155e-18,0.5234559632263661,338
2010,Marcel,pitching,Standard,SV/G,0.076544899,0.049678175,0.020473846,0.5291570360803493,0.073756011,0.035273008,-7.77E-05,0.5628420088847326,0.067496959,0.029288064823922513,-4.29E-18,0.5784002136728915,627
2010,Marcel,pitching,Fantasy,SV/G,0.08877481,0.052392991335409825,0.009084291,0.5807997854832396,0.088913338,0.040489886,-0.010350803,0.5794904890168268,0.068670311,0.029466828303430552,2.830918043816231e-18,0.5766180877007689,338
2010,ZiPS,pitching,Standard,SV/G,0.11639847410912012,0.034900828411551864,-0.03073263,0,0.1123390523539263,0.052110479,-0.003994054,0,0.10426739080648904,0.047094879226585555,0,0,627
2010,ZiPS,pitching,Fantasy,SV/G,0.14573489485425611,0.049932757,-0.047951261,0,0.1391469245673611,0.064263823,-0.020555545,0,0.10578004049257014,0.047788497816583154,1.4154590219081155e-18,0,338
2010,Marcel,pitching,Standard,W/G,0.13907591775912215,0.10962616244585573,0.026641832768020852,0.23605850835725384,0.1599932047591097,0.13469079152861166,0.083459583,0,0.14024003815159297,0.11378404616281429,9.805397061845282e-18,0.37423679203998406,627
2010,Marcel,pitching,Fantasy,W/G,0.13746023704388866,0.10279052332252653,-0.031213338,0.345679093,0.14107727834228764,0.11543354427817916,0.044516898,0.3107912767755239,0.13574206355048832,0.10957448742547576,-8.49E-18,0.35913364549028126,338
2010,ZiPS,pitching,Standard,W/G,0.12967204232795004,0.097683023,0.048106302,0.33587637262251846,0.12865252412754638,0.096745333,0.045286308,0.3462783743524104,0.125345222,0.093843344,-1.47E-17,0.500101828,627
2010,ZiPS,pitching,Fantasy,W/G,0.12340728563457308,0.090327379,0.016623126318773468,0.47262660056379313,0.12449264817691535,0.09138578,0.023353578548437035,0.4633093481667053,0.12600027190266141,0.094435067,1.1323672175264924e-17,0.4478188940731347,338
2010,Marcel,pitching,Standard,WHIP,0.6702914110932878,0.33232445398338306,-0.161007241,0,0.6724101582349936,0.3330429302229549,-0.169611842,0,0.24616866720706257,0.1645839804103081,8.824857355660755e-17,0.087103202,627
2010,Marcel,pitching,Fantasy,WHIP,0.19765519918187674,0.1593795364610713,0.028834920572546878,0.092066799,0.1956182219007226,0.15601953909762278,-0.005510319,0.11068416329372932,0.17359448865877908,0.13838915991954215,-5.66E-17,0.10471628496987473,338
2010,ZiPS,pitching,Standard,WHIP,0.6456583056777608,0.31996124897354583,-0.0953458,0.045973194,0.65283483,0.3187773990882129,-0.135681574,0.024647217,0.23962619927364234,0.1609804111659036,2.7455111773166793e-16,0.13498281814899782,627
2010,ZiPS,pitching,Fantasy,WHIP,0.20567707449094644,0.16350932738555565,0.059073798,0.016873992798960513,0.19702080797185098,0.1535858326000936,0.001963014,0.097885624,0.17695627618207055,0.13867511248924216,1.3022223001554664e-16,0.069704843,338
2010,Marcel,pitching,Standard,wOBA,0.07708032,0.049282702,-0.012962436,0.025420044659372754,0.078106851,0.049643447,-0.018092239,0,0.038134943170620564,0.028467119159791263,-2.45E-18,0.086774145,627
2010,ZiPS,pitching,Standard,wOBA,0.081359094,0.052764115,-0.033647681,0,0.075169407,0.047633638958899646,-0.012779045,0.073143061,0.037149516678165496,0.026985292556035663,-2.45E-18,0.1333608037024615,627
2011,Marcel,batting,Standard,1B/(BIP-HR),0.073457795,0.045467245,0.008950193,0.001492382,0.073179331,0.04522408,0.006266801,0.009048325,0.033429449,0.024944371331618396,-6.34E-18,0.083627978,641
2011,ZiPS,batting,Standard,1B/(BIP-HR),0.074172976,0.045809063699093634,0.008252784,0,0.074112074,0.045768082910965104,0.007686192,0,0.033336898,0.02465546,4.0583192203382466e-17,0.088695012,641
2011,Marcel,batting,Standard,2B/(BIP-HR),0.037646387,0.025451534,0.007994742,0,0.03722116,0.025051252906718197,0.005663937,0.002414978,0.019779055641669367,0.014969948069888044,-6.02E-18,0.069688916,641
2011,ZiPS,batting,Standard,2B/(BIP-HR),0.036968503,0.024722098473068686,0.007054642,0.015912206436755838,0.036686952,0.024496286755743592,0.005387968,0.030844697,0.019375793,0.014627804384788843,-4.12E-18,0.10723726212437146,641
2011,Marcel,batting,Standard,3B/(BIP-HR),0.010307204,0.006761113,0.001079057,0.040756487712762746,0.010270023,0.006619044,0.0006319,0.047664395,0.006690817,0.005018356,1.5852809454446276e-19,0.25331838463082756,641
2011,ZiPS,batting,Standard,3B/(BIP-HR),0.010092818919108721,0.006563359,0.002062261,0.080245079,0.009906142,0.006210566,0.000720814,0.11395405496313382,0.006361794,0.004625849,-7.13E-19,0.32494933043065155,641
2011,Marcel,batting,Standard,AVG,0.068773631,0.044482751,0.025347076798351836,0,0.066449017,0.042718461,0.018114463880487694,0.012916152708276174,0.032889853,0.024769077922935694,4.0583192203382466e-17,0.1883270243856643,641
2011,Marcel,batting,Fantasy,AVG,0.026675428420877247,0.020692358105448484,0.003513103,0.096234802,0.026472420417518867,0.020552216,0.001245975,0.1099383072411183,0.026597360626636445,0.020729257,5.0403155647897867e-17,0.12988214558306677,265
2011,ZiPS,batting,Standard,AVG,0.066261257,0.042422789,0.020221365002158643,0.018486509,0.06514863,0.041515779,0.016207817,0.051171982528754656,0.031550090879819526,0.023371017206234152,1.775514658897983e-17,0.2531068915189695,641
2011,ZiPS,batting,Fantasy,AVG,0.025459386,0.019660507,0.00032381,0.17675585974523822,0.025475833262304237,0.019711598812133788,0.000970883,0.1756918330185646,0.025331234,0.019661812565967957,4.032252451831829e-17,0.21075165196641565,265
2011,Marcel,batting,Standard,BABIP,0.079267197,0.050004995,0.018023992601456214,0,0.07820642,0.049357736,0.012562638326148795,0.003135153,0.038356077743666485,0.028796401,1.141402280720132e-16,0.033742258,641
2011,ZiPS,batting,Standard,BABIP,0.078799386,0.049031777,0.017369687399848593,0,0.078089298,0.048658782,0.013794974575315398,0.006118709,0.037007963381028276,0.027535178,5.1997215010583786e-17,0.1004713967702936,641
2011,Marcel,batting,Standard,BB/PA,0.051976805,0.028732086,0.00893815,0.061626472696440615,0.05131412,0.027605673034974198,0.003382485,0.085401757,0.023111841013590973,0.017864310307505443,2.833689689982272e-18,0.4414621185161267,641
2011,ZiPS,batting,Standard,BB/PA,0.051268917,0.027417027159689883,0.003387134,0.087012388,0.051171092,0.027089989410838237,0.001204757,0.090493179,0.022920141,0.017634719,9.333341566305246e-18,0.4506892331862531,641
2011,Marcel,batting,Standard,HBP/PA,0.011745689521108016,0.006754534,0.000663516,0.060027641,0.011749811430834436,0.006771309,0.000732871,0.059367797,0.006388841,0.004599598,4.557682718153305e-19,0.2647742560636418,641
2011,ZiPS,batting,Standard,HBP/PA,0.012053838,0.006765725,0.000825392,0.010060322,0.012045475,0.006738191,0.000692625,0.011433489203731773,0.00633291,0.004573674,-1.19E-19,0.27759096248439963,641
2011,Marcel,batting,Standard,HR/BIP,0.025396185449465168,0.019370292343330226,0.007517606,0.17191860291421768,0.024769456561817966,0.018593673938975378,0.005007409,0.21228519968486337,0.01747429,0.013280799274319013,5.072899025422808e-18,0.48113880525071195,641
2011,Marcel,batting,Fantasy,HR/BIP,0.015102409940807856,0.012010191916100905,0.001646786,0.5767662652696897,0.015033084357097435,0.011879914,0.000789141,0.5806429423076214,0.014997458693135473,0.011776523091772831,-7.14E-18,0.5912831642685623,265
2011,ZiPS,batting,Standard,HR/BIP,0.024615621,0.017388141,0.004925249,0.2220393042194061,0.024368424,0.017094636739087496,0.003485593,0.23758585881486005,0.017187577479284143,0.012573169274011585,1.141402280720132e-17,0.4980257075782768,641
2011,ZiPS,batting,Fantasy,HR/BIP,0.014638362660544588,0.011025400480888311,0.000880119,0.6023758328577917,0.014621044,0.011013498,0.000517553,0.6033161615276001,0.014576644154404432,0.011021652372671038,-8.61E-18,0.6138977946118134,265
2011,Marcel,batting,Standard,OBP,0.08176541,0.049686953,0.030136532,0,0.078473901,0.047006561,0.019513618600306037,0.016583479,0.035798440904234945,0.027382246645396808,-4.69E-17,0.23584161047847207,641
2011,ZiPS,batting,Standard,OBP,0.078009209,0.046647699,0.021409069,0.028195818904168335,0.076727938,0.045659595,0.016127246583128595,0.05985666,0.034382695312735155,0.025754583,-1.40E-17,0.29508784771165253,641
2011,Marcel,batting,Standard,PA,161.85104667703703,129.9266770670827,37.73946957878315,0.4565152474737393,161.85104667703703,129.9266770670827,37.73946957878315,0.4565152474737393,161.85104667703703,129.9266770670827,37.73946957878315,0.4565152474737393,641
2011,Marcel,batting,Fantasy,PA,140.97540264508342,105.2566037735849,-49.11320755,0,140.97540264508342,105.2566037735849,-49.11320755,0,140.97540264508342,105.2566037735849,-49.11320755,0,265
2011,ZiPS,batting,Standard,PA,275.82104069461343,213.57410296411857,179.21216848673947,0,275.82104069461343,213.57410296411857,179.21216848673947,0,275.82104069461343,213.57410296411857,179.21216848673947,0,641
2011,ZiPS,batting,Fantasy,PA,119.46141715499296,91.37735849056604,29,0,119.46141715499296,91.37735849056604,29,0,119.46141715499296,91.37735849056604,29,0,265
2011,Marcel,batting,Standard,R/PA,0.063383112,0.034229168,0.010205100060087227,0.011213215025755119,0.06260941,0.0324726,0.002581352,0.035205639024241675,0.024119147,0.017772681,3.1705618908892555e-18,0.20299101163136302,641
2011,Marcel,batting,Fantasy,R/PA,0.020531394,0.016406329478746193,0.006652683,0.165947232,0.019447910452945163,0.015171818486451827,0.000970191,0.2516538298703296,0.019433389431140403,0.015087289535618205,2.43615252298173e-17,0.26907722126991107,265
2011,ZiPS,batting,Standard,R/PA,0.062825451,0.033591275395971606,0.008522844,0.028535867899772138,0.062258689,0.031975941,0.001321343,0.045984379501589734,0.024157347542733142,0.017684056617590874,1.9023371345335532e-18,0.20046439542931793,641
2011,ZiPS,batting,Fantasy,R/PA,0.020667187979103482,0.016473197729095872,0.006368103,0.15487796099961493,0.019683089,0.015292636618831668,0.000918727,0.23344530955135734,0.01945867,0.015039915545350478,-4.20E-18,0.26717429607833243,265
2011,Marcel,batting,Standard,RBI/PA,0.054042130869654766,0.0380078,0.017705944,0,0.052372591,0.036261019,0.011654905345326243,0.04606718,0.029873021880545317,0.023325850706708125,1.268224756355702e-18,0.28915866610999075,641
2011,Marcel,batting,Fantasy,RBI/PA,0.026749131804147713,0.021930639,0.004299256,0.3382430681362345,0.026433847920560905,0.021487892142995957,0.001309911,0.3537509882609434,0.02598355,0.021051024391463242,8.400525941316311e-19,0.3774815414153181,265
2011,ZiPS,batting,Standard,RBI/PA,0.053408676,0.036807370919907316,0.015673118,0.007950601,0.052009548,0.035560715,0.009907224,0.059246506,0.029488437378217644,0.023140042669812167,-6.34E-18,0.3073435573134762,641
2011,ZiPS,batting,Fantasy,RBI/PA,0.025980834143802065,0.021341895,0.004055444,0.37571155194024874,0.025676689,0.020994238216417323,0.000857451,0.39024250618413836,0.025266085578916044,0.020594494807248682,0,0.41138520450325644,265
2011,Marcel,batting,Standard,SB/TOF,0.11047250733995337,0.058927266,-0.006011836,0.21586121529158908,0.11032094409291972,0.060445978,-0.001636459,0.21801134471511496,0.061607233,0.040084148,0,0.4709382669501577,641
2011,Marcel,batting,Fantasy,SB/TOF,0.050226357,0.034052914,-0.003486523,0.5867008556982556,0.050108323,0.034688203704084326,-0.000559364,0.5886411219567703,0.048333398,0.033920468,1.2600788911974467e-17,0.6026598434541406,265
2011,ZiPS,batting,Standard,SB/TOF,0.10161512665363026,0.051091305,-0.000609754,0.33656063195719643,0.10162325000793028,0.050925249,-0.001422244,0.3364545538832029,0.05499996,0.033275918,-1.04E-17,0.5783348755393267,641
2011,ZiPS,batting,Fantasy,SB/TOF,0.043835854,0.028957881,0.000613704,0.685181616,0.043839917,0.028799412639874587,-0.000856086,0.6851232503111933,0.042896015211972845,0.028478093343110095,1.428089410023773e-17,0.6870307271038065,265
2011,Marcel,batting,Standard,SLG,0.12366257099209503,0.088063314,0.054312488,0,0.11709424013103448,0.082038691,0.036992918,0.044074273,0.06681436,0.051085055,3.043739415253685e-17,0.30037861,641
2011,ZiPS,batting,Standard,SLG,0.11457985511912988,0.079626253,0.041138201,0.084687018,0.11115150558407996,0.076742665,0.030306197380069486,0.1386418164924571,0.064292346,0.048600608580866705,7.862993489405353e-17,0.3521984220343638,641
2011,Marcel,batting,Standard,SO/PA,0.093656284,0.052878507,-0.025536603,0.11187295404819442,0.092556186,0.052354656,-0.021148668,0.13261450970550903,0.039139802,0.027926123,1.141402280720132e-17,0.5777694845037212,641
2011,ZiPS,batting,Standard,SO/PA,0.08363077,0.046833781051988654,-0.017859149,0.29183665476457665,0.083100387,0.046539296,-0.015182815,0.30079045564070517,0.035236105,0.026358379998122437,1.712103421080198e-17,0.6577935631693462,641
2011,Marcel,batting,Standard,wOBA,0.082083481,0.053389194787128204,0.034647244024538025,0,0.077930967,0.049897073,0.02315101,0.027417984385918248,0.039126675,0.030067317,1.3950472319912724e-17,0.298748073,641
2011,ZiPS,batting,Standard,wOBA,0.076817653,0.048683414,0.025830613262791582,0.055007907,0.074815744,0.047084213,0.019069982550901882,0.10362012346160276,0.037189658,0.027654061819751254,-2.66E-17,0.366462177,641
2011,Marcel,pitching,Standard,1B/(BIP-HR),0.061777375,0.040654575,-0.002451924,0.001080532,0.061820387,0.040625028,-0.003365725,0,0.03198812,0.022953422049812593,8.593480595763906e-18,0.048190064152175305,654
2011,ZiPS,pitching,Standard,1B/(BIP-HR),0.061132885268431185,0.040894096995756794,0.001805626,0.021814193,0.061120211,0.040665033,-0.001307977,0.022219756,0.032069080606559025,0.023727574571706395,-2.09E-17,0.043365958,654
2011,Marcel,pitching,Standard,2B/(BIP-HR),0.036713965,0.025175237658266566,-0.00024166,0,0.036741202,0.025130539,-0.00143496,0,0.019614081,0.014277580460494675,-7.98E-18,0,654
2011,ZiPS,pitching,Standard,2B/(BIP-HR),0.036353429898260826,0.024887215018381658,0.000847118,0,0.036352651648828525,0.024756659229267442,-0.000813035,0,0.019006448280643493,0.013882889873741883,-9.82E-18,0,654
2011,Marcel,pitching,Standard,3B/(BIP-HR),0.011165303027065705,0.007147156,0.000486549,0,0.011161648453445977,0.007123915,0.000393871,0,0.006294202,0.004482905,6.905475478738853e-19,0,654
2011,ZiPS,pitching,Standard,3B/(BIP-HR),0.011113838980447013,0.006793284,-0.0002224,0.000292598,0.011112186,0.006872513,0.000112766,0.000590003,0.006057069,0.004222094,9.974575691511676e-19,0,654
2011,Marcel,pitching,Standard,BABIP,0.067553437,0.045890268567494646,-0.002207035,0.002817741,0.067661036,0.045948095332630744,-0.004406814,0,0.035471174,0.025980586,3.191864221283736e-17,0,654
2011,ZiPS,pitching,Standard,BABIP,0.067269677,0.045297422,0.002430345,0.011177531219075942,0.06725575,0.045118297,-0.002008246,0.011586923,0.035390826764074734,0.025958636,3.314628229794649e-17,0,654
2011,Marcel,pitching,Standard,BB/BF,0.045253061,0.028923266,-0.00894976,0.033786879687211835,0.045843356,0.029076023031373178,-0.011570306,0.008415292,0.023676831614304294,0.016839281,1.2276400851091294e-17,0.2499287973628176,654
2011,ZiPS,pitching,Standard,BB/BF,0.043298955025537884,0.02825592,0.000431329,0.11543075148127668,0.043714406,0.027868327,-0.006027918,0.098374548,0.023751322128636964,0.016951288628772865,5.2174703617137995e-18,0.2452017221453482,654
2011,Marcel,pitching,Standard,BF,184.56511410763886,134.2171254,-5.217125382,0.5331945297619501,184.56511410763886,134.2171254,-5.217125382,0.5331945297619501,184.56511410763886,134.2171254,-5.217125382,0.5331945297619501,654
2011,Marcel,pitching,Fantasy,BF,203.67440324418078,145.98230088495575,-73.85250737,0.3477026790974126,203.67440324418078,145.98230088495575,-73.85250737,0.3477026790974126,203.67440324418078,145.98230088495575,-73.85250737,0.3477026790974126,339
2011,ZiPS,pitching,Standard,BF,256.0384802405966,192.48012232415903,129.56574923547402,0.10164665958638586,256.0384802405966,192.48012232415903,129.56574923547402,0.10164665958638586,256.0384802405966,192.48012232415903,129.56574923547402,0.10164665958638586,654
2011,ZiPS,pitching,Fantasy,BF,187.4203862442424,132.29498525073745,28.212389380530972,0.4476601891604237,187.4203862442424,132.29498525073745,28.212389380530972,0.4476601891604237,187.4203862442424,132.29498525073745,28.212389380530972,0.4476601891604237,339
2011,Marcel,pitching,Standard,ER/BF,0.053978023,0.035106682,-0.005391145,0.004193539,0.054255714737490794,0.035045192,-0.007688957,0,0.027956892365435634,0.020022237751881652,8.593480595763906e-18,0.069554612,654
2011,ZiPS,pitching,Standard,ER/BF,0.053676462143059316,0.035054211174850414,0.000594113,0.015289065922881706,0.053918111511143375,0.034647967006738604,-0.00513353,0.006402847,0.028231696,0.020253625506025327,-1.23E-17,0.051173015,654
2011,Marcel,pitching,Standard,ERA,2.9799359947855355,1.6880462193022072,-0.469890371,0,2.990112377568348,1.6870908604914894,-0.530613285,0,1.334288168156551,0.9010492922503661,-3.14E-16,0.067728268,654
2011,Marcel,pitching,Fantasy,ERA,1.0978013692453361,0.8516008976875561,0.21235717161814346,0.10341323969532923,1.0778458719301625,0.8233377994895283,0.04098104,0.13571274129392452,0.9647068761701241,0.747838166,2.270557973269743e-16,0.12731803690929566,339
2011,ZiPS,pitching,Standard,ERA,2.9460380583600205,1.7091823332345908,-0.129510935,0.015506695095613643,2.968389246371793,1.6915725113195341,-0.385963158,0.000511595,1.3603989472329112,0.9253014399401249,-1.57E-16,0.030883874119307042,654
2011,ZiPS,pitching,Fantasy,ERA,1.1920635077710204,0.9176360919638323,0.40528578338459403,0,1.1231695729148248,0.8478661792955758,0.068927855,0.061497477,1.0197870331737802,0.7772348897229399,6.35756232515528e-16,0.024821264,339
2011,Marcel,pitching,Standard,HBP/BF,0.015765695656835794,0.008129687,-0.001697948,0.002704611,0.015756456685145505,0.008142906,-0.001609906,0.003873133,0.006850931,0.004452171,-1.99E-18,0.043035031,654
2011,ZiPS,pitching,Standard,HBP/BF,0.015768949599111157,0.008725816,0.000370051,0.002292897,0.015786873,0.008484975,-0.000838171,2.354824907357944e-05,0.007024705,0.004643151,-1.88E-18,0,654
2011,Marcel,pitching,Standard,HLD/G,0.10174562687626738,0.081033008,0.019872077142074156,0.16230308476720956,0.10090233419785247,0.06778494,-0.014966894,0.17613161363304963,0.079270813,0.051231947,0,0.33530212014691396,654
2011,ZiPS,pitching,Standard,HLD/G,0.13160137217647766,0.073803987,-0.069466762,0,0.11383795558106148,0.08192569,-0.021582168,0,0.096959559,0.069418267,-2.46E-18,0.005559184,654
2011,Marcel,pitching,Standard,HR/BIP,0.027418306294808802,0.018657981,-0.001128629,0.010128414808127095,0.027459539816222022,0.018607995950475912,-0.001880588,0.007148903,0.015229734608844513,0.010774568360393616,5.2174703617137995e-18,0.031023544,654
2011,ZiPS,pitching,Standard,HR/BIP,0.027233357,0.018682323,-0.000147719,0.023437676554651343,0.027275146258372445,0.018596352,-0.001516475,0.020438321859365116,0.015214192128964936,0.010872946200162536,-5.52E-18,0.033000284,654
2011,Marcel,pitching,Standard,L/G,0.15770397297266306,0.11962608687463927,0.007943363,0.1833731672538912,0.171610528,0.14034099718815796,0.06813756,0.033000544,0.13168239956964745,0.10610673763746892,1.7186961191527812e-17,0.3378454591451304,654
2011,ZiPS,pitching,Standard,L/G,0.16506978585540502,0.11506426899046593,0.042669946,0.10530800282563646,0.16662228596020928,0.1164313615987804,0.048328834,0.088399502,0.12700131673162443,0.090378322,4.665032323414691e-17,0.3840856178607769,654
2011,Marcel,pitching,Standard,R/BF,0.056014723990168706,0.037016816409512696,-0.005267735,0.002141079,0.056227722146104206,0.036993428,-0.007187243,0,0.029368811,0.021184618,1.595932110641868e-17,0.0660008,654
2011,ZiPS,pitching,Standard,R/BF,0.055673488,0.03672068,-0.000332837,0.014261773880883122,0.055843458,0.036507514,-0.00436639,0.008233696,0.029446940446117596,0.02130336,-1.23E-17,0.061024767,654
2011,Marcel,pitching,Standard,SO/BF,0.058640468,0.042931079,0.001923224,0.19686790152920752,0.058658624,0.042971276,0.00241422,0.19637050366206343,0.040902184,0.029351784,-2.82E-17,0.39169341095630805,654
2011,Marcel,pitching,Fantasy,SO/BF,0.042995324515939896,0.031096979,-0.003805577,0.39091796873548046,0.042904131,0.031149957745260626,-0.002578548,0.3934989773509605,0.036800226447229044,0.026575329,-1.14E-17,0.4594255910955496,339
2011,ZiPS,pitching,Standard,SO/BF,0.058678541,0.043249670717995486,-0.002812517,0.19582467294100336,0.058619512,0.043270734,-0.000993089,0.19744182469103355,0.041397526,0.030449192613605375,1.3504040936200423e-17,0.3768705203735222,654
2011,ZiPS,pitching,Fantasy,SO/BF,0.04308418,0.031912084,-0.003081799,0.38839785947401606,0.043001595505870106,0.031951862,-0.001545347,0.39074028309762865,0.037525985,0.027831530172811505,1.2771888599642304e-17,0.43789337643369275,339
2011,Marcel,pitching,Standard,SV/G,0.091691698,0.054382337451973656,0.022230893,0.34630649896199195,0.088974881,0.039197504381376355,0.001837022,0.38447035842298316,0.080064431,0.031033440327170207,0,0.43199690729948437,654
2011,Marcel,pitching,Fantasy,SV/G,0.10518160024583163,0.057484976,0.00699803,0.4614400753892667,0.10549841839779414,0.046058169,-0.010757308,0.4581907897577132,0.080414076,0.032049283,5.676394933174357e-18,0.46733668525852423,339
2011,ZiPS,pitching,Standard,SV/G,0.11827120908049298,0.034593057338569856,-0.030924948,0,0.11422637361226057,0.052401799,-0.003992239,0,0.10643908625824978,0.047369163549715376,0,0,654
2011,ZiPS,pitching,Fantasy,SV/G,0.1522915561654236,0.051729084,-0.051046911,0,0.145207063,0.066616396,-0.022319501,0,0.11025128729308281,0.049831359,2.8381974665871786e-18,0,339
2011,Marcel,pitching,Standard,W/G,0.14419398892007507,0.11130463060890337,0.028595479,0.191392789,0.1630073460275766,0.1352287618061771,0.081223087,0,0.1377544926323338,0.11289174479405764,-6.14E-17,0.3712803126103953,654
2011,Marcel,pitching,Fantasy,W/G,0.12902360488694326,0.095149413,-0.033435389,0.39004934945073755,0.1302643697099389,0.10959033618872942,0.037942596375766045,0.3782616731085544,0.12969825168639496,0.10745381043574415,-2.84E-17,0.38305296572151737,339
2011,ZiPS,pitching,Standard,W/G,0.13679676130412208,0.10194561362393825,0.054402478886420184,0.27222869343585443,0.12988016669755578,0.095131431,0.033393615,0.3439620351850131,0.11796604056217777,0.089715312,-5.16E-17,0.5389377953973575,654
2011,ZiPS,pitching,Fantasy,W/G,0.10995687720786312,0.082885908,0.022239917101855588,0.5570026279916063,0.10803988226108824,0.080914091,0.008758723,0.5723144672451114,0.11493438462324543,0.088696382,-3.55E-17,0.5155158351958926,339
2011,Marcel,pitching,Standard,WHIP,0.44657748334842723,0.28377263988454643,-0.095841683,0,0.44930209801271564,0.284996698,-0.107826503,0,0.22015509879536121,0.15533888884973268,-3.93E-17,0.12664082354691142,654
2011,Marcel,pitching,Fantasy,WHIP,0.1915051196572844,0.15021556533114447,0.035531596400971255,0.12806499547945094,0.18818001146214686,0.1469509885927683,-1.42E-05,0.15808098788740155,0.16837861689848022,0.13184995697087562,-1.70E-16,0.17747522474421473,339
2011,ZiPS,pitching,Standard,WHIP,0.4396911704164906,0.2892000116402508,-0.013750958,0.026267238429872553,0.4443035982138217,0.288006854,-0.065318075,0.005730874,0.2290877108312276,0.16389113421687343,-1.96E-17,0.054331384,654
2011,ZiPS,pitching,Fantasy,WHIP,0.21540158284568783,0.16822334656924015,0.075534266,0,0.20198914086444406,0.1578173575977707,0.010353574813714059,0.029982924,0.1829360849060183,0.14184290372687078,-3.97E-17,0.029101404,339
2011,Marcel,pitching,Standard,wOBA,0.069993757,0.047826975,-0.007418022,0.022308666,0.070454705,0.048011498,-0.010943785,0.009388989,0.038036833,0.027920840422401207,5.647144391501995e-17,0.12242468922441818,654
2011,ZiPS,pitching,Standard,wOBA,0.070158136,0.047376684,0.002323149,0.017711103,0.070344578,0.047297518,-0.005620733,0.012483389,0.038729882161350204,0.028245318,5.03332434894743e-17,0.090153674,654
2012,Marcel,batting,Standard,1B/(BIP-HR),0.089241798,0.048847954721940846,0.009678044,0.00220208,0.089166146,0.048773926,0.008953638,0.003893067,0.03509257,0.024862387545041185,-2.81E-17,0.1290602390526283,632
2012,Steamer,batting,Standard,1B/(BIP-HR),0.088729123,0.048539641756119536,0.001097709,0.013633416000789378,0.089415503,0.049035333,0.011112151540167677,0,0.035211159,0.024937040748557848,1.7856638148638824e-17,0.12316389371270764,632
2012,ZiPS,batting,Standard,1B/(BIP-HR),0.089477504,0.04888474,0.009671841,0,0.089575143,0.048968046,0.010536939,0,0.034972472741688944,0.024959134151738338,-4.34E-17,0.1350112617718109,632
2012,Marcel,batting,Standard,2B/(BIP-HR),0.049949104,0.026116627,0.005757575,0,0.049823473,0.025925816669675233,0.004540398,0,0.021841290537724874,0.015781604,2.6147220146221136e-17,0.060040179,632
2012,Steamer,batting,Standard,2B/(BIP-HR),0.050758418,0.027568262559367562,0.011630641659292252,0,0.049533273438236006,0.025601094,0.003521362,0.00749871,0.021727417391622064,0.015622405177553493,1.1479267381267816e-17,0.069815898,632
2012,ZiPS,batting,Standard,2B/(BIP-HR),0.049174333062369846,0.025451918,0.004308068,0.021830814,0.049163120830112546,0.025437939,0.004178142,0.022276827952312006,0.021050296,0.015270945148183336,1.6581163995164623e-17,0.12688968472289952,632
2012,Marcel,batting,Standard,3B/(BIP-HR),0.010355494566363244,0.006864537,0.000693395,0.045247227,0.010342458091565147,0.006798761,0.000459313,0.04764958,0.007053702,0.005064129,0,0.18722191438629998,632
2012,Steamer,batting,Standard,3B/(BIP-HR),0.010057909132009527,0.006513603,0.000393851,0.099332164,0.010062614418670268,0.006545814,0.000499792,0.098489267,0.006718942,0.004852653,-1.20E-18,0.2625381691582589,632
2012,ZiPS,batting,Standard,3B/(BIP-HR),0.010329487631366754,0.006855078,0.001601764,0.050036764,0.010216530330472385,0.006625627,0.000494799,0.070699661,0.006904145,0.005047474,-3.99E-19,0.22132250893347793,632
2012,Marcel,batting,Standard,AVG,0.070608286,0.045175563,0.024320387576964378,0,0.068954341,0.043863734,0.018990849447304406,0,0.03287625,0.024630860998678908,-1.53E-17,0.22309211449541444,632
2012,Marcel,batting,Fantasy,AVG,0.027267333019738948,0.022114539,0.001202957,0.22873190713017666,0.027246146845634388,0.022052527,0.00054053,0.2299299613786353,0.026495259983790116,0.021295439,-3.37E-18,0.2591820544501082,265
2012,Steamer,batting,Standard,AVG,0.069136631,0.043894901,0.020556481,0,0.068559497,0.043505757,0.018522953,0.010115978737601394,0.031893729,0.024299045840240636,6.377370767371009e-18,0.26883467481219625,632
2012,Steamer,batting,Fantasy,AVG,0.026421690105535602,0.021740326989752163,-0.002103357,0.2758288325835213,0.026339304414264367,0.021726678,0.00027814,0.28033788001577253,0.025512270379094686,0.021018637,3.199362981131163e-17,0.3131319092045214,265
2012,ZiPS,batting,Standard,AVG,0.067799973,0.043128328,0.01876476,0.031926976,0.06745881,0.042892323,0.017492022314422304,0.041644987,0.031857901,0.024312512976122906,-2.04E-17,0.2704764689959285,632
2012,ZiPS,batting,Fantasy,AVG,0.026680537216750424,0.021848656730339817,-0.002651963,0.2615702583628692,0.026550205252173557,0.021818744280846087,0.00030861,0.26876696013435464,0.02572327,0.021085603156506084,4.7148507090353977e-17,0.3017234100276741,265
2012,Marcel,batting,Standard,BABIP,0.099008052,0.055577705054700645,0.016129014,0,0.098676974,0.055342800905761366,0.013953348860020975,0,0.039877446,0.028594961261919054,6.377370767371009e-18,0.12200331291841471,632
2012,Steamer,batting,Standard,BABIP,0.098277684,0.054710959,0.013122202419391884,0.006272021,0.098566362,0.054874624,0.015133305,0.000425532,0.038715183,0.027909606011065482,-2.81E-17,0.17243743969704273,632
2012,ZiPS,batting,Standard,BABIP,0.098796898,0.055007070437193266,0.015581673845228971,0,0.098738944,0.054961999,0.015209879714338247,0,0.038748560513193205,0.028064028960363883,-8.04E-17,0.1710098808500753,632
2012,Marcel,batting,Standard,BB/PA,0.043805045,0.028729947814985102,0.00838223,0.11083024375070127,0.043218447350273546,0.027951035,0.004383377,0.13448472023059987,0.023126090225162668,0.017962172,1.135969167937961e-17,0.402583118,632
2012,Steamer,batting,Standard,BB/PA,0.043059803763158586,0.027798093056306507,0.007727425,0.14082721726295044,0.042408442525310716,0.027059107,0.002010572,0.166623856,0.022302387467524044,0.017245231685352174,-2.59E-18,0.44438268312611373,632
2012,ZiPS,batting,Standard,BB/PA,0.042064641166748865,0.026612403,0.002428285,0.18008129297499764,0.042020907,0.026572141401748166,0.001489693,0.1817853149846408,0.021994244700344872,0.017172145097382664,1.2754741534742019e-18,0.4596300814595766,632
2012,Marcel,batting,Standard,HBP/PA,0.012014434892635139,0.006976637,0.000542564,0.082932618,0.012006122595479217,0.006914223,0.00030775,0.084201142,0.006253646,0.004461938,1.0562520333458234e-18,0.31537696210388977,632
2012,Steamer,batting,Standard,HBP/PA,0.011999290574908374,0.006929218,0.000740418,0.085243107,0.011979762756030032,0.006794344,0.000282773,0.088218061,0.006175176,0.004381946,-3.59E-19,0.33245019991212754,632
2012,ZiPS,batting,Standard,HBP/PA,0.011896741416065178,0.006779027,0.000758456,0.1008118102092983,0.011880540926420791,0.006695242,0.000435949,0.10325909722388715,0.006080527,0.004371672,2.3915140377641284e-19,0.3527569846760584,632
2012,Marcel,batting,Standard,HR/BIP,0.0369008,0.020839416,0.002504569,0.13172428705798944,0.037062447,0.021291172763304826,0.004269528,0.12410047745967301,0.019799709123039792,0.014717179,2.072645499395578e-18,0.42619747493164106,632
2012,Marcel,batting,Fantasy,HR/BIP,0.017890552710984487,0.013694529163899424,-0.00277036,0.4844730625985779,0.017680159174336508,0.013964617841091537,0.000437091,0.4965269962941463,0.017594857501970637,0.013936296,5.840942284630906e-18,0.49920566627758245,265
2012,Steamer,batting,Standard,HR/BIP,0.035762964,0.018930207424000565,0.000845908,0.18444528274601513,0.035888783,0.019403254,0.003119413,0.17869670481869082,0.018073914,0.013139132428096492,1.2754741534742019e-18,0.521866402,632
2012,Steamer,batting,Fantasy,HR/BIP,0.016470714,0.012343527,-0.003019004,0.5630530485174398,0.016194738,0.012385402,0.00031544,0.5775729625796928,0.016146111582004512,0.012407284326036709,6.314532199600979e-19,0.5782803887560182,265
2012,ZiPS,batting,Standard,HR/BIP,0.03501313,0.017843959163036317,-0.001164342,0.21828585683455548,0.035056145793191384,0.018377062344665258,0.002090403,0.2163639051585935,0.017813667,0.013087496316581623,5.899067959818183e-18,0.5355366131504792,632
2012,ZiPS,batting,Fantasy,HR/BIP,0.016330964325130756,0.012367791143030243,-0.003856584,0.570436366,0.015870018277506125,0.012235966688802474,0.000174142,0.5943432553608858,0.016025816,0.012514650176708175,6.314532199600979e-19,0.584540957,265
2012,Marcel,batting,Standard,OBP,0.081030461,0.050874367952762956,0.029249152,0,0.078500358,0.048723391,0.021257552,0.0104363,0.0351417,0.026137153653557156,-5.10E-18,0.24930486735918544,632
2012,Steamer,batting,Standard,OBP,0.07914374,0.049416872,0.025787027947655562,0,0.077216267,0.047901102,0.019068065,0.042545625377712004,0.034412063746534674,0.025743403163792353,2.6784957222958237e-17,0.2801541486355825,632
2012,ZiPS,batting,Standard,OBP,0.076132715,0.047127225,0.019889354734765143,0.069228418,0.075614753,0.046805483,0.017804130535885396,0.081850167,0.033879561,0.025714473,6.377370767371009e-18,0.30225999486159516,632
2012,Marcel,batting,Standard,PA,172.09571041808042,138.6993670886076,41.38607594936709,0.38737429096919795,172.09571041808042,138.6993670886076,41.38607594936709,0.38737429096919795,172.09571041808042,138.6993670886076,41.38607594936709,0.38737429096919795,632
2012,Marcel,batting,Fantasy,PA,153.20954943389086,117.30943396226415,-59.59622642,0,153.20954943389086,117.30943396226415,-59.59622642,0,153.20954943389086,117.30943396226415,-59.59622642,0,265
2012,Steamer,batting,Standard,PA,147.84106240709195,106.13075849527046,20.34084263,0.5478887884671231,147.84106240709195,106.13075849527046,20.34084263,0.5478887884671231,147.84106240709195,106.13075849527046,20.34084263,0.5478887884671231,632
2012,Steamer,batting,Fantasy,PA,136.18670622349762,100.51975410029573,-9.621747992,0,136.18670622349762,100.51975410029573,-9.621747992,0,136.18670622349762,100.51975410029573,-9.621747992,0,265
2012,ZiPS,batting,Standard,PA,280.06921612841495,218.11708860759492,185.7753164556962,0,280.06921612841495,218.11708860759492,185.7753164556962,0,280.06921612841495,218.11708860759492,185.7753164556962,0,632
2012,ZiPS,batting,Fantasy,PA,122.31788156661068,94.09433962264151,29.807547169811322,0.039433656,122.31788156661068,94.09433962264151,29.807547169811322,0.039433656,122.31788156661068,94.09433962264151,29.807547169811322,0.039433656,265
2012,Marcel,batting,Standard,R/PA,0.06565191,0.032860742,0.006583863,0.02961982,0.065413431,0.032149848,0.003477209,0.036656766,0.022774512,0.016898504514808062,-1.47E-17,0.22839473324515436,632
2012,Marcel,batting,Fantasy,R/PA,0.018789603,0.015189878453030303,0.000439518,0.24350848972219752,0.018790656,0.015191984826326914,0.000482456,0.2434236644456632,0.018522618,0.014854292,-3.37E-18,0.24033601949481942,265
2012,Steamer,batting,Standard,R/PA,0.066163915,0.032745674,0.004710327,0.014425221337444949,0.066017801,0.032228715,0.001695174,0.018773423,0.023760815476436343,0.017665612,-1.91E-17,0.1601152591132975,632
2012,Steamer,batting,Fantasy,R/PA,0.021025222,0.016694337203937808,0.000828736,0.052781729,0.021009766,0.016668096737724195,0.00019265,0.054173843,0.020523042731775527,0.016228589228625665,1.6838752532269279e-18,0.067389505,265
2012,ZiPS,batting,Standard,R/PA,0.06507736,0.032149560896744256,0.003170785,0.046529966497075526,0.065028278,0.031974016,0.001915211,0.047967658,0.023212622572574476,0.017048898410693247,-3.83E-18,0.19842266692809774,632
2012,ZiPS,batting,Fantasy,R/PA,0.019572938772027385,0.015502357299095673,-0.001130303,0.17911759818916528,0.019541176403579958,0.015501183009148697,0.000187694,0.18177964237471667,0.019118768,0.015109455358919444,4.20968813306732e-18,0.1906495579926184,265
2012,Marcel,batting,Standard,RBI/PA,0.048029672308000246,0.033927849,0.012414745741468667,0.050224888,0.047561143559973734,0.033515297229448605,0.010456522679354747,0.068664592,0.027848434326772576,0.021854249310207876,8.928319074319412e-18,0.3711524117348358,632
2012,Marcel,batting,Fantasy,RBI/PA,0.024427052,0.019596453,0.000146239,0.4462290561069854,0.024448808834873437,0.019637223738870307,0.001041523,0.4452421452765817,0.024083255664177586,0.019425906533792288,-5.47E-18,0.4546966036813054,265
2012,Steamer,batting,Standard,RBI/PA,0.045959379,0.032026948,0.008032044,0.13033930669905203,0.045888848,0.031950638,0.007618111,0.13300647623432016,0.026994834349712803,0.021088273,8.290581997582312e-18,0.4091120056814892,632
2012,Steamer,batting,Fantasy,RBI/PA,0.024451884131661196,0.019351999017306533,-0.000710365,0.44510257591288016,0.024442501386482532,0.019423797810836866,0.000214138,0.44552834778253125,0.024049987,0.019275023232013563,-6.74E-18,0.4562021432798963,265
2012,ZiPS,batting,Standard,RBI/PA,0.046111281,0.031739778,0.008226536,0.124581127,0.046085967,0.031720396,0.008083443,0.1255420179757245,0.026444717358769177,0.020310575541647103,-5.74E-18,0.4329495601000929,632
2012,ZiPS,batting,Fantasy,RBI/PA,0.022875034558944546,0.017960786,-0.001538266,0.5143632230414599,0.022830250916978247,0.017951627023089917,0.000565167,0.5162628743249416,0.022553856263494054,0.017694181421894214,0,0.5217561134650599,265
2012,Marcel,batting,Standard,SB/TOF,0.15435469205763902,0.058343613,-0.002502698,0.11812066333856386,0.15435323902176729,0.058375099,-0.002411418,0.1181372666081153,0.059202330686679634,0.037474202148387425,2.3117969031719907e-17,0.528117618,632
2012,Marcel,batting,Fantasy,SB/TOF,0.046790974,0.033347173,-0.001230253,0.6655546212669033,0.046774974,0.033575088456247126,-0.000128302,0.665783308,0.045027635723690305,0.032539185558838245,-1.02E-17,0.67084042,265
2012,Steamer,batting,Standard,SB/TOF,0.15243818381133437,0.055021304,-0.003465356,0.13988399889355263,0.15239879602678338,0.056011676,-4.29E-05,0.14032842411690305,0.054913992,0.033816057606941154,1.5624558380058974e-17,0.5940036029041782,632
2012,Steamer,batting,Fantasy,SB/TOF,0.042227195836109094,0.029395082940673473,-0.004833965,0.7276135408708012,0.041951272,0.029931064,0.000374607,0.7311616090939786,0.040413721301039846,0.029046082,-1.35E-17,0.7348412912573182,265
2012,ZiPS,batting,Standard,SB/TOF,0.14218249861759746,0.054234191,0.002456803,0.25172406315703777,0.14216657214593492,0.053479295,-0.001227681,0.25189168896415837,0.052796386,0.033438629,1.642172972598035e-17,0.6247121132935104,632
2012,ZiPS,batting,Fantasy,SB/TOF,0.042398809,0.030679223079335443,0.002706127,0.7253950664066404,0.042312361,0.030475147527516247,-5.98E-06,0.7265137190468227,0.040899308,0.029763002,-7.79E-18,0.7284310405659674,265
2012,Marcel,batting,Standard,SLG,0.12511773472825252,0.087089171,0.043734312,0,0.12298204548791886,0.085400313,0.037186369,0.022942891900739393,0.066784375,0.052257968633199946,6.377370767371009e-17,0.2790764961824663,632
2012,Steamer,batting,Standard,SLG,0.1212943147156523,0.082876849,0.039174482,0.049575956,0.11940741964166941,0.081331756,0.032870367933778205,0.078916185,0.063468959,0.049007943751673534,9.183413905014253e-17,0.3488782462648172,632
2012,ZiPS,batting,Standard,SLG,0.11422207812663156,0.078452748,0.027175311742255584,0.15717649478606344,0.11486870554546971,0.078923712,0.029776399,0.1476067962217863,0.063361675,0.049659676,9.693603566403934e-17,0.3510776250974482,632
2012,Marcel,batting,Standard,SO/PA,0.098757789,0.054467573,-0.026243756,0.12781777286779283,0.096472465,0.05310903,-0.015574672,0.16771653084177285,0.040308581,0.029657422459088454,3.507553922054055e-17,0.5780535797945542,632
2012,Steamer,batting,Standard,SO/PA,0.094843769,0.052380236,-0.027322387,0.19558136086220312,0.09178597,0.049655686693188365,-0.013260337,0.24661474312841425,0.036673413,0.027065362,-2.36E-17,0.6507270484394567,632
2012,ZiPS,batting,Standard,SO/PA,0.091254415,0.04815555,-0.018608093,0.25531554760217123,0.090056014,0.047285382,-0.01135687,0.27474629602350364,0.035558526,0.026062139105346955,-2.42E-17,0.6716403358674274,632
2012,Marcel,batting,Standard,wOBA,0.081743638,0.05335636,0.030143981944238583,0,0.079755112,0.051619105,0.024238712,0.007461615,0.038544994089253916,0.029183807808691474,-2.81E-17,0.27374604146408277,632
2012,Steamer,batting,Standard,wOBA,0.079682511,0.051337934,0.027306143,0.009267805,0.077917751,0.049918172939385844,0.021621724100700616,0.052666094980835965,0.037178135,0.028111494971386188,-4.21E-17,0.32434073743171565,632
2012,ZiPS,batting,Standard,wOBA,0.07526648,0.048404501,0.01984,0.11603825170665938,0.075251581,0.048393575,0.019783401473451357,0.11638818956638108,0.036712032,0.028124701728623438,-3.57E-17,0.34117604660260703,632
2012,Marcel,pitching,Standard,1B/(BIP-HR),0.069644457,0.041459010333054824,-0.00475605,0,0.069583422,0.041439114,-0.003757958,0,0.032049503,0.022574911538086044,2.469815398955389e-18,0,652
2012,Steamer,pitching,Standard,1B/(BIP-HR),0.094160287,0.076156666,0.052192368497857175,0,0.079676785,0.05007111,-0.014362234,0,0.040786124,0.028262361,3.6429777134591985e-17,0,652
2012,ZiPS,pitching,Standard,1B/(BIP-HR),0.093893362,0.076283236,0.060209825,0,0.072195421,0.044279952,-0.00463016,0,0.034330509,0.023832438,-8.34E-18,0,652
2012,Marcel,pitching,Standard,2B/(BIP-HR),0.037482163594662075,0.024250003066032998,-0.001297297,0.002892783,0.037473861,0.024255732,-0.001029863,0.003334491,0.019545971418361344,0.014149042278941659,-2.78E-18,0,652
2012,Steamer,pitching,Standard,2B/(BIP-HR),0.068349432,0.058031704,-0.048920546,0,0.048485651303975155,0.033852169,0.008510783,0,0.029239042301654108,0.020046783741001852,-1.54E-18,0,652
2012,ZiPS,pitching,Standard,2B/(BIP-HR),0.07455466,0.064686877,-0.061818924,0,0.041703769,0.027537080919421714,0.001544823,0,0.022350091682044573,0.015298986915937967,-6.17E-19,0,652
2012,Marcel,pitching,Standard,3B/(BIP-HR),0.015197271,0.007940819,-0.000419734,0,0.015193873531683992,0.007970662,-0.000270057,0,0.006874254,0.004909333,1.2349076994776945e-18,0,652
2012,Steamer,pitching,Standard,3B/(BIP-HR),0.016695608,0.008635146,-0.006046123,0,0.0155678,0.008492574,0.000410717,0,0.00709944,0.005012576,2.315451936520677e-19,0,652
2012,ZiPS,pitching,Standard,3B/(BIP-HR),0.017045544,0.00821286,-0.007496251,0,0.015313245717657563,0.007905432,-0.000372446,0,0.006784604,0.004783241,2.315451936520677e-19,0,652
2012,Marcel,pitching,Standard,BABIP,0.083201141,0.04836431,-0.006473081,0,0.083103016,0.048278967,-0.005057878,0,0.036674838561840804,0.025756962,-3.46E-17,0,652
2012,Steamer,pitching,Standard,BABIP,0.082645266,0.047439178,-0.002774301,0,0.082777683,0.047363444,-0.005440734,0,0.036012473,0.024489152093860253,-9.14E-17,0,652
2012,ZiPS,pitching,Standard,BABIP,0.083014029,0.048443948,-0.009105351,0,0.082585579,0.048075012107576275,-0.003457783,0,0.036055654803617464,0.025330654,-3.21E-17,0,652
2012,Marcel,pitching,Standard,BB/BF,0.04948384,0.029173247266459878,-0.009778703,0.060133706,0.049840861,0.029263798,-0.011449195,0.046522686,0.023505927344397548,0.016691565,4.939630797910778e-18,0.2794406464669861,652
2012,Steamer,pitching,Standard,BB/BF,0.049077627,0.028203721280844585,-0.007691911,0.075501086,0.049558562,0.028306234,-0.010324878,0.057293092,0.023367467966829324,0.016179715696166986,-7.41E-18,0.28790441483470575,652
2012,ZiPS,pitching,Standard,BB/BF,0.046218853,0.02745283,-0.003799375,0.18006840644144673,0.046514111549359374,0.02741368,-0.006466486,0.16955905783212866,0.023675317,0.016524663030014975,-6.17E-18,0.2690181525657116,652
2012,Marcel,pitching,Standard,BF,196.55234320565071,139.38803680981596,2.0322085889570554,0.4079554092451093,196.55234320565071,139.38803680981596,2.0322085889570554,0.4079554092451093,196.55234320565071,139.38803680981596,2.0322085889570554,0.4079554092451093,652
2012,Marcel,pitching,Fantasy,BF,212.92783919882893,149.54705882352943,-64.42352941,0.18324568072468472,212.92783919882893,149.54705882352943,-64.42352941,0.18324568072468472,212.92783919882893,149.54705882352943,-64.42352941,0.18324568072468472,340
2012,Steamer,pitching,Standard,BF,173.4931996,124.6494413855617,-18.74555907,0.538721854,173.4931996,124.6494413855617,-18.74555907,0.538721854,173.4931996,124.6494413855617,-18.74555907,0.538721854,652
2012,Steamer,pitching,Fantasy,BF,194.6047571953573,142.5218891143799,-65.2091894,0.31776585545466196,194.6047571953573,142.5218891143799,-65.2091894,0.31776585545466196,194.6047571953573,142.5218891143799,-65.2091894,0.31776585545466196,340
2012,ZiPS,pitching,Standard,BF,254.71241306931765,191.1625763711754,133.82607360559007,0.005744077,254.71241306931765,191.1625763711754,133.82607360559007,0.005744077,254.71241306931765,191.1625763711754,133.82607360559007,0.005744077,652
2012,ZiPS,pitching,Fantasy,BF,180.78348250867086,128.33411721622244,38.35411780862247,0.4112322106193328,180.78348250867086,128.33411721622244,38.35411780862247,0.4112322106193328,180.78348250867086,128.33411721622244,38.35411780862247,0.4112322106193328,340
2012,Marcel,pitching,Standard,ER/BF,0.072408601,0.038802113301775375,-0.013000744,0,0.072028521,0.038809307,-0.010682775,0,0.029058535596564627,0.020565778,3.7047230984330834e-18,0.062678185,652
2012,Steamer,pitching,Standard,ER/BF,0.072119155,0.038199904,-0.013387249,0,0.071885899,0.038177818,-0.012067656,0.001170709,0.028355571,0.020341253720754533,-2.47E-18,0.1074797665338163,652
2012,ZiPS,pitching,Standard,ER/BF,0.072128088,0.038482101911390246,-0.008647096,0,0.072151991,0.038480896250106596,-0.008844268,0,0.029493201,0.020831003,1.111416929529925e-17,0.034427049,652
2012,Marcel,pitching,Standard,ERA,5.480968232363323,1.9946789254329758,-0.922556959,0,5.460022947,1.995451113203444,-0.788637531,0,1.51988086,0.9249133729683233,-3.16E-16,0.050440919,652
2012,Marcel,pitching,Fantasy,ERA,1.1444103101617924,0.8811537529647016,-0.010573496,0.099005111,1.1451481284474325,0.8881265143055058,0.042439096,0.097842967,1.0067467791271183,0.762208807,9.284643898378018e-17,0.10278831403162236,340
2012,Steamer,pitching,Standard,ERA,5.471592151127951,1.967067008803428,-0.873065526,0,5.469386794542929,1.9670670088034283,-0.859135992,0,1.4948448933449854,0.9096395636035113,-1.11E-15,0.081466153,652
2012,Steamer,pitching,Fantasy,ERA,1.0906577933946329,0.8662285801173508,0.10190185636832773,0.18165615994225726,1.0859456552370554,0.8554562802953665,0.011293014083921846,0.18871212029574524,0.9715469648423126,0.7544992367427354,-1.86E-16,0.16443157052407986,340
2012,ZiPS,pitching,Standard,ERA,5.443639083370393,2.0018277101250375,-0.567904394,0,5.456647259395958,1.9965495019455013,-0.681401676,0,1.5510744011676838,0.9459976112911858,-7.90E-16,0.011064059904875911,652
2012,ZiPS,pitching,Fantasy,ERA,1.2039027297768088,0.9218525673807793,0.24096238352011584,0.002893374,1.1818439523440036,0.8979992459750206,0.073730694,0.039098043,1.0538524697334442,0.7932827197153033,3.7138575593512073e-16,0.016862959,340
2012,Marcel,pitching,Standard,HBP/BF,0.009773742,0.006778225,-0.000395336,0,0.009776303,0.00676945,-0.000454251,0,0.00603764,0.004347634,1.9295432804338976e-19,0.020850256480097196,652
2012,Steamer,pitching,Standard,HBP/BF,0.009644172,0.006764932,-8.53E-05,0.023997423173514276,0.009656565,0.006691517,-0.000496469,0.021487333,0.005918115,0.004269786,-3.86E-19,0.059234171931672575,652
2012,ZiPS,pitching,Standard,HBP/BF,0.010127072030562784,0.007443899,0.00131421,0,0.010042925,0.007243996,0.000172919,0,0.006483335,0.004780835,6.560447153475251e-19,0,652
2012,Marcel,pitching,Standard,HLD/G,0.096197308,0.077584577,0.021902921958200493,0.24240993457325422,0.094515226,0.065775738,-0.012607293,0.26867236179460596,0.078444327,0.052318685050984366,-1.23E-17,0.3781795189565125,652
2012,Steamer,pitching,Standard,HLD/G,0.093943074,0.060836971651796114,0.008595845,0.27749980167184896,0.093653701,0.061290050041229845,0.004427543,0.2819439810700015,0.072604623,0.039961803,-6.17E-18,0.4673149783614077,652
2012,ZiPS,pitching,Standard,HLD/G,0.13111545724328205,0.073605196,-0.069788459,0,0.11258254711961582,0.081920983,-0.018814777,0,0.099560842,0.072483635,0,0,652
2012,Marcel,pitching,Standard,HR/BIP,0.049586033617827825,0.021300653142852653,-0.006831261,0,0.049238810798859424,0.021195677955818636,-0.003514525,0,0.015859828479343953,0.011152073852687757,-4.63E-18,0.023332231914258594,652
2012,Steamer,pitching,Standard,HR/BIP,0.049378772,0.020808203590709007,-0.006955841,0,0.049090377443444286,0.020764455233172257,-0.00447054,0.004651034,0.015227803765140558,0.010447362,-4.63E-18,0.09962293,652
2012,ZiPS,pitching,Standard,HR/BIP,0.049719905,0.021180824,-0.007223916,0,0.049303776,0.021100519042458656,-0.003313356,0,0.015720145620774607,0.011077065530859144,-6.17E-18,0.040460157,652
2012,Marcel,pitching,Standard,L/G,0.18883551778493615,0.1346325878552764,-0.011224778,0.15019261573550957,0.19548746753259774,0.15450727231930889,0.051792787438988935,0.089267207,0.1470708616924946,0.11820755957681525,-2.96E-17,0.24963077079521634,652
2012,Steamer,pitching,Standard,L/G,0.18628961341772882,0.12727205631337948,0.026936992316136728,0.17295256973786155,0.1859089747031307,0.12672028214866726,0.024164609719216412,0.17632886806132098,0.13199058962993787,0.09320366,-3.95E-17,0.39562334546398414,652
2012,ZiPS,pitching,Standard,L/G,0.17712162509661283,0.11906907976201155,0.026383186003663683,0.252353491,0.17722069390096915,0.11923234559110946,0.027040280575094864,0.2515168997282118,0.13196809154049777,0.093194371,-9.88E-18,0.39582936259324575,652
2012,Marcel,pitching,Standard,R/BF,0.072925007,0.040194646588010446,-0.012901624,0,0.072540527,0.040122025120950734,-0.010513004,0,0.030150279842239294,0.021597751,1.8523615492165416e-17,0.068961039,652
2012,Steamer,pitching,Standard,R/BF,0.073353215,0.041056494937343466,-0.011846596,0,0.073353215,0.041056494937343466,-0.011846596,0,0.031246934697792203,0.022778207,4.939630797910778e-18,0,652
2012,ZiPS,pitching,Standard,R/BF,0.07278647,0.039802473031767746,-0.010014866,0,0.072594911,0.039761205,-0.008511667,0,0.030369797238638373,0.021471535,4.939630797910778e-18,0.055354315,652
2012,Marcel,pitching,Standard,SO/BF,0.063737537,0.046511711,-0.003613011,0.18901878124324822,0.063798029,0.046648752773555166,0.004557278,0.1874786692078425,0.043406155,0.031952914,-3.70E-18,0.3415237969897603,652
2012,Marcel,pitching,Fantasy,SO/BF,0.046768966,0.034005915,-0.012513375,0.33019993681117044,0.045262372892661176,0.033302178,-0.004234469,0.37265812808517873,0.039760521914629775,0.029197464284260732,2.1760884136823482e-17,0.39269286166037287,340
2012,Steamer,pitching,Standard,SO/BF,0.063991263,0.046827511,-0.004357599,0.18254922782563177,0.064438724,0.047030616392803926,0.008743915,0.17107716323459976,0.042063678,0.031554505,1.2966530844515791e-17,0.3816249869751528,652
2012,Steamer,pitching,Fantasy,SO/BF,0.044972274,0.033820734,-0.016046841,0.38067397557543203,0.042048942,0.032311072559794124,-0.001763306,0.4585731517003274,0.037878665546980224,0.028790475973594416,-1.45E-17,0.4488198432658995,340
2012,ZiPS,pitching,Standard,SO/BF,0.065829312,0.047413094,-0.014932118,0.134914811,0.064177903,0.046239454,0.002876289,0.1777738484349054,0.042593297,0.031923582,1.2349076994776945e-17,0.36595517857235926,652
2012,ZiPS,pitching,Fantasy,SO/BF,0.047019747,0.03495628,-0.019990441,0.3229975788412832,0.042657603,0.032287244,-0.002903827,0.4427853272913529,0.038416399,0.029088955148723405,2.9014512182431307e-18,0.4330594274569831,340
2012,Marcel,pitching,Standard,SV/G,0.091703189,0.055881655,0.022224764,0.3215241680417289,0.088994362,0.041097985455475036,0.002112295,0.3610152447735192,0.082558622,0.03443232,0,0.34206364957804436,652
2012,Marcel,pitching,Fantasy,SV/G,0.1081238969428308,0.060831858,0.005958786,0.357819425,0.10850094485107066,0.050270095,-0.010825205,0.35333281269809846,0.084174547,0.036197481787090334,1.4507256091215653e-18,0.36200295325865983,340
2012,Steamer,pitching,Standard,SV/G,0.089921191,0.033124789,0.00655017,0.3476365704540645,0.089994327,0.033782962,0.007487518,0.3465749668915782,0.077831862,0.024157057565286945,6.174538497388472e-19,0.4152451295819325,652
2012,Steamer,pitching,Fantasy,SV/G,0.095524758,0.034826399,-0.008126903,0.498760048,0.095229014,0.037641352,-0.003103574,0.5018589201409684,0.074600894,0.025222899,3.626814022803913e-18,0.49887605134737056,340
2012,ZiPS,pitching,Standard,SV/G,0.11656104627509373,0.035696056,-0.032087197,0,0.11216815371523832,0.052185012,-0.004980503,0,0.102060503,0.046529774,-1.23E-18,0,652
2012,ZiPS,pitching,Fantasy,SV/G,0.14359637407898593,0.049504362,-0.048480342,0,0.13661040081619955,0.062999058,-0.019819852,0,0.1055284676249983,0.048524333,0,0,340
2012,Marcel,pitching,Standard,W/G,0.15788787002451898,0.11697318226228416,0.022310239,0.1769656789784173,0.1737134375582527,0.14093987556119414,0.075799246,0.003706624,0.14251017659941387,0.11508653869288038,7.409446196866167e-18,0.3734516201536502,652
2012,Marcel,pitching,Fantasy,W/G,0.1311280602210127,0.09549633,-0.037625227,0.40585541386352975,0.13076684360375537,0.11026623046672279,0.036346347,0.4091242687354726,0.13173561914259022,0.10802131683186805,-2.76E-17,0.40306129350250464,340
2012,Steamer,pitching,Standard,W/G,0.15678703447193476,0.11599638599763296,0.057102321075247126,0.18840249066236125,0.1564226278538478,0.11562810363956487,0.056094023,0.1921707589981987,0.12734211666579245,0.096025971,1.4818892393732334e-17,0.499727093,652
2012,Steamer,pitching,Fantasy,W/G,0.11372819792050796,0.08293807,0.005518177,0.5530723891368259,0.11519179992700304,0.084823746,0.019118003188339883,0.5414950807969943,0.11988796842108809,0.091582667,5.802902436486261e-18,0.5056045012246075,340
2012,ZiPS,pitching,Standard,W/G,0.14485674431995407,0.1047123235542791,0.050325371247218316,0.30721599157537205,0.13991623532263725,0.098751363,0.033551743964411254,0.35366654449476764,0.1200626417454254,0.090924285,-1.98E-17,0.5552882087452926,652
2012,ZiPS,pitching,Fantasy,W/G,0.11191183357055413,0.083549446,0.019694090222988497,0.5672342391898093,0.11082099651827558,0.082298103,0.012037108,0.5756297086696598,0.11631030935016573,0.089682615,4.062031705540383e-17,0.5346714192337145,340
2012,Marcel,pitching,Standard,WHIP,0.7549467081762753,0.3249179801346297,-0.149671721,0,0.7540027171922563,0.3245851685449705,-0.144835042,0,0.24589654923191429,0.15366846642516507,9.879261595821556e-18,0.06403021,652
2012,Marcel,pitching,Fantasy,WHIP,0.19400506051561878,0.14914103615887897,0.013213395213991758,0.074087445,0.19355826878143054,0.14782630970778327,-0.001197381,0.078347269,0.16913181106879208,0.12765636802448604,-2.96E-16,0.091621103,340
2012,Steamer,pitching,Standard,WHIP,0.7482403176718904,0.32657852256660413,-0.110631319,0,0.7564340193639391,0.32789692110069696,-0.156742277,0,0.24366759645418143,0.15395633078564122,7.903409276657245e-17,0.080921679,652
2012,Steamer,pitching,Fantasy,WHIP,0.1979470094058859,0.15706512274243603,0.065703415,0.036078325227799746,0.18675142939993936,0.14682718444985315,-0.003164904,0.14203074459777054,0.16488991447054555,0.12761526032463072,-5.80E-17,0.13661475329351858,340
2012,ZiPS,pitching,Standard,WHIP,0.7422290970251045,0.3303079909958152,-0.067521019,0.008884706,0.7475902880154199,0.32752821162758017,-0.112010242,0,0.2539885494805794,0.160281852,1.2843040074568021e-16,0.001414538,652
2012,ZiPS,pitching,Fantasy,WHIP,0.21216418777534027,0.1638114745135512,0.062684519,0,0.20286364281748964,0.15484162137128646,0.008328497,0,0.1806720497844643,0.1359187594631199,-1.97E-16,0,340
2012,Marcel,pitching,Standard,wOBA,0.086118918,0.048846762,-0.015931897,0,0.085784344,0.048748348642525315,-0.014011099,0.00668365,0.037496095194286164,0.026441449,1.6053800093210027e-17,0.086480387,652
2012,Steamer,pitching,Standard,wOBA,0.088819019,0.051134398708916035,-0.027811491,0,0.085438939,0.048439094,-0.013582092,0.014666587965517563,0.036566529,0.025688779336407366,2.5933061689031582e-17,0.13121311340453046,652
2012,ZiPS,pitching,Standard,wOBA,0.090674164,0.05411436,-0.030616348,0,0.085864486,0.048965604,-0.009395034,0.004826811,0.038134864,0.026607943477844807,9.879261595821556e-18,0.055090561411401895,652
2013,Marcel,batting,Standard,1B/(BIP-HR),0.074842902,0.04672751,0.010287560856887482,0,0.075030068,0.046777977,0.011570871507612135,0,0.033732760535340134,0.024980705833853614,1.2676873759804644e-18,0.036502070531676645,637
2013,Steamer,batting,Standard,1B/(BIP-HR),0.07253552,0.044950905749666696,0.004188492,0.060080420953379066,0.073262414,0.044755515,0.011114097590515395,0.041147749,0.031562405191859995,0.023242036913085812,1.140918638382418e-17,0.1564958941796909,637
2013,ZiPS,batting,Standard,1B/(BIP-HR),0.07399967,0.045467389,0.009438245,0.021752373,0.074454396,0.045541261,0.012513447330217791,0.009692826,0.032653534,0.024299447765101696,4.183368340735532e-17,0.097167037,637
2013,Marcel,batting,Standard,2B/(BIP-HR),0.040300422940981184,0.026149767,0.006375531,0.020926378171693294,0.04010929,0.025942785274644442,0.005027767,0.030191274004240487,0.020667216,0.015448308,-6.66E-18,0.059691665,637
2013,Steamer,batting,Standard,2B/(BIP-HR),0.039823565866913414,0.025419350268599813,0.007986778,0.043959189,0.039287176,0.024776294011613412,0.004621084,0.06953988,0.019654200505090393,0.014363689002023582,8.239967943873018e-18,0.14961202151031394,637
2013,ZiPS,batting,Standard,2B/(BIP-HR),0.039628893,0.025045897840263398,0.005116542,0.053283336,0.039614152,0.025029292910719272,0.005001091,0.053987497040290044,0.020052302734122385,0.014789701007056217,6.338436879902322e-19,0.11481335520885161,637
2013,Marcel,batting,Standard,3B/(BIP-HR),0.009542853,0.006223977,0.002067884,0,0.009344618,0.005727782,0.000729376,0,0.006207554,0.004553684,-1.19E-19,0.11049869003800261,637
2013,Steamer,batting,Standard,3B/(BIP-HR),0.009249659,0.005867336,0.001750919,0.018820204805202745,0.009116372,0.005476339,0.000785976,0.046893984,0.005962523,0.004341295,1.1884569149816853e-19,0.17933537160128832,637
2013,ZiPS,batting,Standard,3B/(BIP-HR),0.010095321762054745,0.006479745,0.003007587,0,0.00967901,0.005835038,0.00090183,0,0.006228726,0.004537862,-1.15E-18,0.10442086914544724,637
2013,Marcel,batting,Standard,AVG,0.072858701,0.046057594,0.024333605,0,0.071301754,0.044893967,0.019174831874959813,0.009115755,0.031969808,0.023787141,5.831361929510136e-17,0.22676288335195838,637
2013,Marcel,batting,Fantasy,AVG,0.026560172,0.020738161345131113,0.001821712,0.23400279629019427,0.026513028,0.020676559,0.00090364,0.23671963959420939,0.025808458685213927,0.020146412458234196,-2.62E-17,0.2612357862416692,276
2013,Steamer,batting,Standard,AVG,0.070497066,0.044476456468014486,0.020826681797537952,0.031355160114598934,0.069493856,0.043655301,0.017126309567006195,0.058727625,0.030554106344320486,0.022951395193227052,1.2676873759804644e-17,0.2937282959101707,637
2013,Steamer,batting,Fantasy,AVG,0.024759835099839513,0.019708447341856103,0.000463083,0.33432705235375093,0.024767977159753176,0.019728444260274303,0.000785942,0.3338891786641477,0.024329142435286197,0.019406760456635336,-3.28E-17,0.3434991172866303,276
2013,ZiPS,batting,Standard,AVG,0.070778237,0.044060039,0.017910095170414694,0.023613026,0.070589583,0.043935855,0.017149398,0.028811068168845266,0.031250982,0.023294232,3.169218439951161e-17,0.2611437206333984,637
2013,ZiPS,batting,Fantasy,AVG,0.025776176775341192,0.020241483775628198,-0.002093691,0.27855635019344405,0.025704903695269864,0.020280560315124724,0.000845178,0.28254052690412623,0.025268853268004033,0.019762114,9.825506151803008e-18,0.2918051251612235,276
2013,Marcel,batting,Standard,BABIP,0.084243458,0.052437916,0.018730976,0,0.083942664,0.052216838,0.017328015,0.002542133,0.037873259735550564,0.028280309,2.5353747519609287e-18,0.12461578098803705,637
2013,Steamer,batting,Standard,BABIP,0.081654648,0.050356928147830146,0.013926189265099951,0.056176276719110296,0.082137029,0.050721608,0.016521158,0.044991928621701316,0.036347769075649274,0.027159992704259943,-5.96E-17,0.19371447887575388,637
2013,ZiPS,batting,Standard,BABIP,0.083038036,0.051303774319556184,0.017562373523829566,0.023924984,0.083222839,0.05144481,0.018416369,0.019575573962668957,0.036825412,0.027603232995901773,-3.42E-17,0.17238459029794728,637
2013,Marcel,batting,Standard,BB/PA,0.053891828,0.028940672757509868,0.004908016,0.098641985,0.05373226,0.028546722626768932,0.002629683,0.10397174226014161,0.022242941813061544,0.017082148793850158,1.1884569149816852e-18,0.4614595695556336,637
2013,Steamer,batting,Standard,BB/PA,0.052787174,0.026636117918087895,0.00226487,0.13521466311376074,0.052745265,0.026273546,-0.000840733,0.1365872788465573,0.020975023613251563,0.015846894084882646,-7.84E-18,0.5211066807804554,637
2013,ZiPS,batting,Standard,BB/PA,0.053124373,0.026677704,-0.001414103,0.12413107800810708,0.053105552061667595,0.026730994049073357,1.9734865771502908e-05,0.12475155945785332,0.021379360970084593,0.016353593,-3.57E-18,0.5024653846688008,637
2013,Marcel,batting,Standard,HBP/PA,0.014380147840748267,0.007482295,-0.000162867,0.05441595,0.014379401,0.007507125,-7.11E-05,0.054514113,0.006908823,0.00488186,5.24901804116911e-19,0.24391894360233657,637
2013,Steamer,batting,Standard,HBP/PA,0.013983234,0.007276273,-9.75E-05,0.10589462708256436,0.013983340242479618,0.007272157,-0.00011163,0.10588107806310265,0.006696326,0.004735616,1.6935511038489015e-18,0.28971382906841103,637
2013,ZiPS,batting,Standard,HBP/PA,0.013805001769348854,0.007176015,-1.55E-05,0.12854218473918144,0.013805045039396889,0.007190576,3.788914956643383e-05,0.1285367217799943,0.006748909,0.004679921,2.277875753714897e-18,0.278515032,637
2013,Marcel,batting,Standard,HR/BIP,0.025342684,0.018718022750747004,0.005479813,0.20479750107773098,0.025129006175644116,0.018424581495178876,0.004386759,0.21815054916958987,0.017247701792657756,0.012683787203050512,-5.94E-18,0.4688087829036204,637
2013,Marcel,batting,Fantasy,HR/BIP,0.014846457711173187,0.011235824993029232,0.000736045,0.5573330800237748,0.014830565067569442,0.01116151,0.000264793,0.5582802934647636,0.014735101293544679,0.011008107,5.3733236767672705e-18,0.5742776422332536,276
2013,Steamer,batting,Standard,HR/BIP,0.022977126609968458,0.016429836062992975,0.002156882,0.3463218867345811,0.022976631964301584,0.016428767646403993,0.002151606,0.3463500308599424,0.015874799066024726,0.011940905,-7.47E-18,0.5500078993744426,637
2013,Steamer,batting,Fantasy,HR/BIP,0.013709207106522608,0.010578731584442745,7.019882285091239e-05,0.6225529351434838,0.013709042,0.010577459053577258,1.970718358480733e-05,0.6225620518831927,0.013599286718160365,0.010483144991539706,1.0055791452235892e-17,0.6373794035704432,276
2013,ZiPS,batting,Standard,HR/BIP,0.024003658380980532,0.016969316212899047,0.002443663,0.2866093978270913,0.024006408856085425,0.016974310373707953,0.002470534,0.2864458997904108,0.016390750768850416,0.012165668593733803,-4.56E-18,0.5202818950570075,637
2013,ZiPS,batting,Fantasy,HR/BIP,0.014077727,0.010778450621431254,-1.67E-05,0.601987762,0.014077742431556541,0.010778376163477422,-2.70E-05,0.6019868621692397,0.013950291594149615,0.010661762376130278,9.851093407406662e-19,0.6184189678852869,276
2013,Marcel,batting,Standard,OBP,0.085947687,0.051352067587074376,0.025872980942639182,0,0.084239031,0.049859137,0.019458173042143204,0.020967929,0.034459962,0.025379065872002466,3.9298308655394397e-17,0.30257002826101853,637
2013,Steamer,batting,Standard,OBP,0.082833837,0.048593946650689133,0.020535143559610676,0.053358038,0.08161817,0.047566101,0.014892050303885134,0.080939937,0.032642333885121624,0.024168530972046187,5.32428697911795e-17,0.37420306453772834,637
2013,ZiPS,batting,Standard,OBP,0.082916472,0.047907684,0.015335733279347416,0.051468348,0.082986468,0.047958770904794064,0.015709781251501423,0.049866223,0.033123252439771184,0.024513335118301758,1.3944561135785106e-17,0.3556275327287891,637
2013,Marcel,batting,Standard,PA,173.27361054999065,138.45996860282574,36.49136577708006,0.38354648786569556,173.27361054999065,138.45996860282574,36.49136577708006,0.38354648786569556,173.27361054999065,138.45996860282574,36.49136577708006,0.38354648786569556,637
2013,Marcel,batting,Fantasy,PA,155.15130529980044,118.65942028985508,-60.88405797,0,155.15130529980044,118.65942028985508,-60.88405797,0,155.15130529980044,118.65942028985508,-60.88405797,0,276
2013,Steamer,batting,Standard,PA,138.93116428064363,105.35572985015821,4.430455134465144,0.603690182,138.93116428064363,105.35572985015821,4.430455134465144,0.603690182,138.93116428064363,105.35572985015821,4.430455134465144,0.603690182,637
2013,Steamer,batting,Fantasy,PA,153.8550618667145,119.68985435928124,-57.32174005,0,153.8550618667145,119.68985435928124,-57.32174005,0,153.8550618667145,119.68985435928124,-57.32174005,0,276
2013,ZiPS,batting,Standard,PA,267.8822347221794,210.6436420722135,171.3469387755102,0,267.8822347221794,210.6436420722135,171.3469387755102,0,267.8822347221794,210.6436420722135,171.3469387755102,0,637
2013,ZiPS,batting,Fantasy,PA,128.5523775280564,99.93840579710145,20.93840579710145,0,128.5523775280564,99.93840579710145,20.93840579710145,0,128.5523775280564,99.93840579710145,20.93840579710145,0,276
2013,Marcel,batting,Standard,R/PA,0.063823416,0.033468349,0.009184706,0.026343354,0.063237163,0.032071027,0.003141531,0.044148334,0.02256775,0.016242995790721984,1.2676873759804644e-18,0.2389746237175051,637
2013,Marcel,batting,Fantasy,R/PA,0.018810286354255794,0.015070604,0.004924783,0.24246469611212706,0.018159980361019363,0.014279326418276539,0.000459892,0.29393804250494304,0.018054147147003877,0.014152063053704667,-4.91E-18,0.29120905720577084,276
2013,Steamer,batting,Standard,R/PA,0.063421807,0.032373934,0.003390172,0.038558282,0.06333114,0.031967322,3.067715188593865e-05,0.041305250540138894,0.022819195735871784,0.016432908385378833,2.852296595956045e-18,0.22192175845101303,637
2013,Steamer,batting,Fantasy,R/PA,0.018740134,0.014535719309746797,0.002986763,0.24810457773164407,0.018500605506865365,0.014299004229945999,2.3247046109704613e-05,0.26720255115702185,0.018548086,0.014267515898107947,9.006713972486092e-18,0.251895275,276
2013,ZiPS,batting,Standard,R/PA,0.063478141,0.032733671830459055,0.006023173,0.036849547,0.063217955,0.032004511,0.001820457,0.044728942,0.023422906894309547,0.016717381,1.2359951915809526e-17,0.18020703394262305,637
2013,ZiPS,batting,Fantasy,R/PA,0.019729845,0.015368906249802586,0.003380153,0.16658868947636662,0.019442899843265856,0.014998334,0.000430145,0.19065415527923657,0.019249200889371095,0.014736178777444235,1.1053694420778385e-17,0.194269853,276
2013,Marcel,batting,Standard,RBI/PA,0.047710006,0.034039842,0.016853392,0.012003747248922059,0.045946504,0.032509491,0.010902905382777998,0.083692388,0.027722441,0.021223594,1.6479935887746035e-17,0.31177122012434777,637
2013,Marcel,batting,Fantasy,RBI/PA,0.025407404,0.019870712672355212,0.004962407,0.332050664,0.024939678708923253,0.019507486136658897,0.001037741,0.35641685642632803,0.024643952502287302,0.019374022,1.3100674869070678e-17,0.3740859083802546,276
2013,Steamer,batting,Standard,RBI/PA,0.045363643,0.032175496,0.015662541349554977,0.10679281343065528,0.043501752,0.030500318459047944,0.008936303,0.17860915836207225,0.025545810624720253,0.019657869987132013,2.56706693636044e-17,0.41560124030022727,637
2013,Steamer,batting,Fantasy,RBI/PA,0.02333207,0.018550636,0.005810321,0.4367132905379606,0.022607824,0.017944974745564314,0.000698587,0.4711403029722768,0.022351199503708532,0.017916997,1.0644298331119927e-17,0.48513226953180666,276
2013,ZiPS,batting,Standard,RBI/PA,0.045963518968982715,0.032690345,0.014315749,0.083013592,0.044459927,0.031427685,0.008305462,0.14202655319305102,0.027149432,0.021038493357980925,1.2359951915809526e-17,0.3399278322805802,637
2013,ZiPS,batting,Fantasy,RBI/PA,0.025185468399981013,0.019938710475395558,0.005175376,0.3436688499308549,0.024654362573803955,0.019703808,0.000560618,0.3710581275823748,0.024409787,0.019544693,1.842282403463064e-17,0.3859242,276
2013,Marcel,batting,Standard,SB/TOF,0.10613408167540545,0.054120482685560446,0.011992893069984852,0.19898482784751892,0.10545745833425671,0.048576123176335216,-0.000813455,0.20916549605831436,0.054085996458760915,0.033480099,-6.26E-18,0.5334683072603219,637
2013,Marcel,batting,Fantasy,SB/TOF,0.04587185,0.034403808,0.013294320241180813,0.6042184564401478,0.043909788,0.0301313,0.000762786,0.6373516424722853,0.044097614318232475,0.029924099121421383,1.0644298331119927e-17,0.6313114420841812,276
2013,Steamer,batting,Standard,SB/TOF,0.09422549,0.045913767,0.000357728,0.3686534337973939,0.094285433,0.047106101,0.003380495,0.3678499062675379,0.051427164,0.032075756,1.5529170355760686e-17,0.5782096652032644,637
2013,Steamer,batting,Fantasy,SB/TOF,0.043470599,0.027830157500773948,-0.003667216,0.6445698429617597,0.043342550943589596,0.029300937,0.001527165,0.6466606840643077,0.043344456,0.028974219850126482,2.456376537950752e-18,0.6437978156327473,276
2013,ZiPS,batting,Standard,SB/TOF,0.096181759,0.047970423261967536,0.013731784695690667,0.3421658172736004,0.095198587,0.044250429,-0.000634191,0.3555458645999341,0.050367262363311904,0.031861646,7.764585177880343e-18,0.5954164942749123,637
2013,ZiPS,batting,Fantasy,SB/TOF,0.043790322,0.030845599,0.013471435797503768,0.6393222961219391,0.041669326,0.02879021,0.000469086,0.673415193,0.041932385,0.028898805962302664,1.6375843586338348e-18,0.666628403,276
2013,Marcel,batting,Standard,SLG,0.1280573922058656,0.086443385,0.049035118636704976,0,0.12332771442289713,0.082386995,0.034863624,0.051813484546901045,0.062467513,0.046236029,3.0424497023531145e-17,0.29918698733102567,637
2013,Steamer,batting,Standard,SLG,0.11952021145804251,0.080037808,0.039508027776952684,0.10945654854714082,0.11607186998777862,0.077121315,0.027358404820256768,0.16010234007756696,0.058703255,0.043984564585341314,-5.07E-18,0.3811034271411746,637
2013,ZiPS,batting,Standard,SLG,0.12033590156538655,0.079443789,0.033097843077525904,0.097259679,0.11898127333824439,0.078412974,0.027771953766707727,0.11746968242629241,0.060539249,0.044369794572359664,-2.03E-17,0.34178499293988374,637
2013,Marcel,batting,Standard,SO/PA,0.0943402,0.053419121,-0.022286107,0.14720096067213806,0.092857276,0.052524589,-0.014801042,0.17380038090939043,0.03970594,0.03014161,-2.54E-17,0.6040601449241368,637
2013,Steamer,batting,Standard,SO/PA,0.09393877,0.052617353,-0.027805414,0.15444306803153507,0.090729457,0.049774890534222065,-0.013434391,0.21123117416475123,0.036268309430985995,0.027390959060418378,-1.14E-17,0.6696510955015671,637
2013,ZiPS,batting,Standard,SO/PA,0.091236834,0.049646590220506936,-0.012134219,0.2023846,0.09087202,0.049496236,-0.008989069,0.20875044428675815,0.035831182134074276,0.027159222,-2.54E-18,0.6775662313978688,637
2013,Marcel,batting,Standard,wOBA,0.085322706,0.053716175,0.030277791,0,0.082848907,0.051541427,0.022376817939160423,0.034371594,0.037159757,0.027026104372665782,-7.10E-17,0.3204339123745449,637
2013,Steamer,batting,Standard,wOBA,0.080532796,0.050372066,0.024103365,0.087606855,0.078762827,0.048770542,0.017292308356978058,0.12727171196315523,0.034989910917085316,0.025884698763892655,-3.80E-17,0.3974797722781481,637
2013,ZiPS,batting,Standard,wOBA,0.081007281,0.049316768,0.019463392345362797,0.076823858,0.080635142,0.049064545963778426,0.017851336483013937,0.085286322,0.035698586,0.025977844885582767,-3.17E-17,0.3728260783573101,637
2013,Marcel,pitching,Standard,1B/(BIP-HR),0.07203244,0.043492367,-0.006853227,0,0.071798359,0.043314047933817684,-0.003646747,0.004784532,0.033924946,0.024130399657883172,4.920869052573953e-17,0,667
2013,Steamer,pitching,Standard,1B/(BIP-HR),0.095049773,0.076558655,0.062379753,0,0.071853812,0.043109325,-0.004443493,0.003246641,0.033232465,0.023460484985865886,8.36547738937572e-17,0.021231046,667
2013,ZiPS,pitching,Standard,1B/(BIP-HR),0.094158261,0.074657106,0.057883246489275765,0,0.074411928,0.045212905,-0.004671964,0,0.035710012795778734,0.025117135636813476,5.105401642045476e-17,0,667
2013,Marcel,pitching,Standard,2B/(BIP-HR),0.039191696,0.025508390482921806,-0.000828978,0,0.039194784628000696,0.02550414,-0.000963992,0,0.020807808444597523,0.015147131265150268,0,0,667
2013,Steamer,pitching,Standard,2B/(BIP-HR),0.075763352,0.065021394,-0.064738291,0,0.03936362,0.025437286002430948,-0.000674783,0,0.02048284,0.014706381,-4.31E-18,0,667
2013,ZiPS,pitching,Standard,2B/(BIP-HR),0.074055139,0.063208043,-0.06106932,0,0.041905364,0.027594490388937475,0.001165226,0,0.023391424,0.016203799,-4.31E-18,0,667
2013,Marcel,pitching,Standard,3B/(BIP-HR),0.009553054,0.006851399,0.001304394,0,0.009464487,0.006525812,0.000130812,0,0.00621069,0.00442184,6.919972105182121e-19,0,667
2013,Steamer,pitching,Standard,3B/(BIP-HR),0.010987202982236106,0.006084219,-0.006010755,0,0.009197292,0.006236819,2.7156095888852775e-05,0,0.005918712,0.004176994,1.1533286841970201e-18,0,667
2013,ZiPS,pitching,Standard,3B/(BIP-HR),0.010930240807865307,0.006239959,-0.005664959,0,0.009349793,0.006399718,0.000200575,0,0.006037524,0.004252223,1.1533286841970201e-18,0,667
2013,Marcel,pitching,Standard,BABIP,0.076721228,0.047713721,-0.006377811,0,0.076586814,0.0476617,-0.004479927,0.002617884,0.036881976776677726,0.026406689033670345,2.706477978915674e-17,0,667
2013,Steamer,pitching,Standard,BABIP,0.076904899,0.04697557,-0.008369293,0,0.076617478,0.046808913073936566,-0.00509112,0.001819043,0.035865166339989756,0.025087299,6.397129768346138e-17,0.036170041,667
2013,ZiPS,pitching,Standard,BABIP,0.076829085,0.047256395,-0.008851032,0,0.076389124,0.047037118911368386,-0.003306163,0.007760228,0.036318964045746076,0.025830206691274293,3.936695242059162e-17,0.011625283477654014,667
2013,Marcel,pitching,Standard,BB/BF,0.061953802,0.030956142,-0.013591197,0.011124192138784239,0.061950928,0.030954943386563082,-0.013578093,0.011215917252623386,0.023689687,0.015948518817649554,3.0755431578587205e-18,0.21820462006543195,667
2013,Steamer,pitching,Standard,BB/BF,0.059497905,0.030062841435137447,-0.005037552,0.08796988,0.060054305,0.029855783991960667,-0.009586229,0.07083226,0.02301055,0.015644831611470792,-1.01E-17,0.2623872034723218,667
2013,ZiPS,pitching,Standard,BB/BF,0.06078787,0.031683602139008456,-0.004442134,0.047993999939082155,0.061118541,0.031655603,-0.007748774,0.037608468,0.024708864435831108,0.017325068500796775,-1.85E-18,0.14948881182098028,667
2013,Marcel,pitching,Standard,BF,185.6756493905749,135.33883058470764,1.5697151424287856,0.46238567621356297,185.6756493905749,135.33883058470764,1.5697151424287856,0.46238567621356297,185.6756493905749,135.33883058470764,1.5697151424287856,0.46238567621356297,667
2013,Marcel,pitching,Fantasy,BF,197.10435053544606,142.01453488372093,-70.72965116,0.29943478302577053,197.10435053544606,142.01453488372093,-70.72965116,0.29943478302577053,197.10435053544606,142.01453488372093,-70.72965116,0.29943478302577053,344
2013,Steamer,pitching,Standard,BF,165.8160231197166,121.38230884557721,19.823088455772115,0.5712403397781844,165.8160231197166,121.38230884557721,19.823088455772115,0.5712403397781844,165.8160231197166,121.38230884557721,19.823088455772115,0.5712403397781844,667
2013,Steamer,pitching,Fantasy,BF,171.7085060400667,127.4563953488372,-60.58430233,0.4683329208586432,171.7085060400667,127.4563953488372,-60.58430233,0.4683329208586432,171.7085060400667,127.4563953488372,-60.58430233,0.4683329208586432,344
2013,ZiPS,pitching,Standard,BF,253.01091632518006,192.7944531004647,134.8715143775654,0.001749705,253.01091632518006,192.7944531004647,134.8715143775654,0.001749705,253.01091632518006,192.7944531004647,134.8715143775654,0.001749705,667
2013,ZiPS,pitching,Fantasy,BF,184.63420520936717,133.85174477654834,35.08837233,0.38527557012721414,184.63420520936717,133.85174477654834,35.08837233,0.38527557012721414,184.63420520936717,133.85174477654834,35.08837233,0.38527557012721414,344
2013,Marcel,pitching,Standard,ER/BF,0.068925775,0.039809981,-0.009898515,0.002010961,0.069054017,0.039824044643151965,-0.010755247,0,0.030099481,0.021574510820303563,4.920869052573953e-18,0.027512722544608126,667
2013,Steamer,pitching,Standard,ER/BF,0.068698776,0.038994432,-0.009125749,0.008573665,0.06900661,0.039018085,-0.011210249,0,0.028859273,0.020190483785761392,1.1071955368291394e-17,0.10600172512380956,667
2013,ZiPS,pitching,Standard,ER/BF,0.068780923,0.039954318,-0.003074076,0.006201246,0.069216056,0.039669581,-0.008336483,0,0.030074582407056943,0.021070083203063757,1.2302172631434882e-17,0.029120991160477172,667
2013,Marcel,pitching,Standard,ERA,5.538793836,2.0600672702769627,-0.851818852,0,5.535953145387473,2.0600880224348086,-0.833147899,0,1.5355505125374636,0.973103807,-7.87E-17,0.027663693112317977,667
2013,Marcel,pitching,Fantasy,ERA,1.1525562635667645,0.9158856676032502,0.1495132516753029,0.007580286,1.1430960847767035,0.8974112436361502,0.025237487421876422,0.023804982,1.0192077165925844,0.7997956225871665,4.643329236796765e-16,0.022296678641855805,344
2013,Steamer,pitching,Standard,ERA,5.522497477783693,2.031939910167967,-0.759543287,0,5.533933123199262,2.0306465431924514,-0.838655725,0,1.493913397765278,0.916783037,-1.57E-16,0.079679423,667
2013,Steamer,pitching,Fantasy,ERA,1.0784050317500262,0.8607733054306912,0.21875094465279854,0.13116976973371408,1.0560752540853784,0.8243515964941824,-0.013766102,0.1667777761184357,0.937896104,0.7324308377408187,5.571995084156118e-16,0.1720747112976685,344
2013,ZiPS,pitching,Standard,ERA,5.517795826588911,2.109077187483769,-0.378438064,0,5.548649188040634,2.0819513078246263,-0.696169804,0,1.5544487210744722,0.9729364721988841,-2.36E-16,0.003583094,667
2013,ZiPS,pitching,Fantasy,ERA,1.2916014117820827,1.016528337378378,0.48012480490227677,0,1.2005915878860423,0.9288003039850632,0.060875136695602156,0,1.0604865797095324,0.8182118049990689,3.7146633894374115e-16,0,344
2013,Marcel,pitching,Standard,HBP/BF,0.016540016,0.008034498,-0.001537198,0.012922934526997332,0.01652306,0.008059499,-0.001342515,0.014945753091089808,0.007052507,0.004785975,1.5377715789293602e-19,0.00752063,667
2013,Steamer,pitching,Standard,HBP/BF,0.016528055934788264,0.007990868,-0.000978751,0.014349974822222444,0.016542294,0.007955322,-0.001195327,0.012651081180151569,0.006857638,0.004600502,-8.46E-19,0.061609537,667
2013,ZiPS,pitching,Standard,HBP/BF,0.016772870035193545,0.008892921,0.000623719,0,0.016771058888343977,0.008651418,-0.00057295,0,0.007528151,0.005274103,-1.92E-19,0,667
2013,Marcel,pitching,Standard,HLD/G,0.097435052,0.080287925,0.026506035666626244,0.21054089917984464,0.094210649,0.06592701,-0.00919929,0.26192722890778586,0.079291618,0.052692071,1.2917281263006626e-17,0.342888218,667
2013,Steamer,pitching,Standard,HLD/G,0.1304775376150609,0.070836868,-0.07017163,0,0.11164943625867074,0.080665326,-0.019111946,0,0.097922299,0.071850668,0,0,667
2013,ZiPS,pitching,Standard,HLD/G,0.12993607376142627,0.071671676,-0.067247399,0,0.1125723400223819,0.081512898,-0.017645429,0,0.098363517,0.071870437,1.2302172631434882e-18,0,667
2013,Marcel,pitching,Standard,HR/BIP,0.04337234,0.022698183640809798,-0.004970014,0,0.043390514,0.022689799,-0.005126199,0,0.017304430236827446,0.012070049479526512,1.845325894715232e-18,0,667
2013,Steamer,pitching,Standard,HR/BIP,0.043413443,0.02177551,-0.006833739,0,0.043130554,0.021920807,-0.004713562,0.004636176,0.016306203110309697,0.011081803542805538,2.7679888420728484e-18,0.079201105,667
2013,ZiPS,pitching,Standard,HR/BIP,0.043254842,0.022358232853071203,-0.004082087,0,0.043309055,0.022301547,-0.004621297,0,0.016965487,0.011721241835730725,-6.15E-19,0.003237357,667
2013,Marcel,pitching,Standard,L/G,0.1581685917766985,0.1147010010678847,-0.00167979,0.1807551738349642,0.16586998525925875,0.12871461330945935,0.0499837,0.099033126,0.12664431653802172,0.097353247,-2.46E-17,0.32451032534858526,667
2013,Steamer,pitching,Standard,L/G,0.1504320435284496,0.095695117,0.00206051,0.25893906216797746,0.15127215915957234,0.096818607,0.016053414566965886,0.2506387650925662,0.11520051420127027,0.078067639,-9.84E-18,0.4410716468830871,667
2013,ZiPS,pitching,Standard,L/G,0.16310760793975418,0.1103677573445165,0.042329858,0.1287924135676094,0.15873617914037613,0.10742297495116022,0.019618860514035812,0.17486491055773457,0.12287037104832356,0.086323043,-1.23E-17,0.36416907739668103,667
2013,Marcel,pitching,Standard,R/BF,0.069510702,0.041153582552514986,-0.009463808,0.003655393,0.069767647,0.0411436,-0.011196003,0,0.031800732,0.023396053876365803,-4.92E-18,0.017486550163299697,667
2013,Steamer,pitching,Standard,R/BF,0.069026074,0.040288743,-0.00878601,0.017499973849297468,0.069441636,0.040309249,-0.011607575,0.005634372,0.030197339342272395,0.021767430838521996,8.611520842004417e-18,0.11406548670002503,667
2013,ZiPS,pitching,Standard,R/BF,0.069251941,0.041350259,-0.003760869,0.011059599,0.069663285,0.041059778,-0.008443108,0,0.031624998,0.022813949,-1.97E-17,0.028315489,667
2013,Marcel,pitching,Standard,SO/BF,0.063332637,0.045364308,0.003953405,0.185719999,0.06356523,0.045760224048323556,0.006718998,0.17972803661365988,0.04134564,0.031252034,-2.58E-17,0.3636546784428687,667
2013,Marcel,pitching,Fantasy,SO/BF,0.044119614,0.033568329,-0.0068348,0.3727832133211447,0.043673285,0.033763907,-0.002744077,0.3854093028986514,0.03772788,0.029020095461224537,-9.43E-18,0.42355192446294365,344
2013,Steamer,pitching,Standard,SO/BF,0.062448405,0.043352652,-0.001530505,0.20829875638137074,0.062677609,0.043739587164096504,0.005569725,0.20247653621703932,0.03965603,0.029628024366314728,-9.84E-18,0.4146011401302927,667
2013,Steamer,pitching,Fantasy,SO/BF,0.041314512,0.031025348580872546,-0.009471624,0.4500040023792262,0.040237775,0.030789460653772614,-0.001378865,0.47829838480361453,0.035609077946636515,0.027249745839078566,0,0.4864806151863683,344
2013,ZiPS,pitching,Standard,SO/BF,0.065511835,0.046357708,-0.008549654,0.12871917989462955,0.065076619,0.046133439,0.004032662,0.14025712776742683,0.042708517,0.032359228257001535,-3.94E-17,0.3210115464793821,667
2013,ZiPS,pitching,Fantasy,SO/BF,0.046870741,0.035066875,-0.014989464,0.2921228171797198,0.044453579,0.034247823,-0.001984525,0.36325178430898486,0.03896288,0.030077848,1.958904521773635e-17,0.38519484926617065,344
2013,Marcel,pitching,Standard,SV/G,0.094190399,0.056299160562034684,0.022161951190011075,0.3545719711959645,0.091575955,0.041393717,0.002340184,0.38990499885617613,0.082066934,0.033340943,2.4604345262869763e-18,0.443618663,667
2013,Marcel,pitching,Fantasy,SV/G,0.11051444710911942,0.061245939,0.004995344,0.46092555848885963,0.11101593663276749,0.049685056,-0.011663989,0.456022063,0.084039974,0.035113648,0,0.4753405813183481,344
2013,Steamer,pitching,Standard,SV/G,0.081444313,0.023572089158450094,-0.000243831,0.5174347065415917,0.081470368,0.025209278286777402,0.002074651,0.5171259018214778,0.069356519,0.019332397190645428,2.7679888420728484e-18,0.6026156954809646,667
2013,Steamer,pitching,Fantasy,SV/G,0.086487186,0.027643341,-0.005518661,0.669847823,0.086328738,0.029920192,-0.001753099,0.6710564156689793,0.065335858,0.019107952541046306,-6.53E-18,0.6828907898852565,344
2013,ZiPS,pitching,Standard,SV/G,0.12195740103513343,0.035179992,-0.031914308,0,0.11779561336368753,0.053016257,-0.004552135,0,0.11012122623632908,0.048096861433862666,1.2302172631434882e-18,0,667
2013,ZiPS,pitching,Fantasy,SV/G,0.15903404144777358,0.052744885455895736,-0.050734793,0,0.15224293376913078,0.068930876,-0.021450029,0,0.11606905271931389,0.051408225,0,0,344
2013,Marcel,pitching,Standard,W/G,0.1421937083598678,0.10954246402647941,0.026836881532826415,0.20331044002091414,0.15803268323753372,0.13131603459131647,0.073996598,0.015938609,0.1364608106837178,0.1106634826842155,2.9525214315443714e-17,0.3675264670866484,667
2013,Marcel,pitching,Fantasy,W/G,0.12918244120238134,0.094471447,-0.030894813,0.3748173818799717,0.13023874475801944,0.10977312240740224,0.035050207,0.36455155107096693,0.12920639818226004,0.10659596607940766,-3.92E-17,0.371489794,344
2013,Steamer,pitching,Standard,W/G,0.13900461851847762,0.094250284,0.05982831,0.2386456642294179,0.12745438761267192,0.086290128,0.02240008,0.35991456334844407,0.11348378653838004,0.082689165,-1.48E-17,0.56258457,667
2013,Steamer,pitching,Fantasy,W/G,0.11520704779262018,0.079385092,0.036904475463051596,0.5027692072059287,0.10926617053845995,0.078528584,0.005326582,0.5527283563075499,0.109043917,0.081038821,-6.09E-17,0.5523411422895619,344
2013,ZiPS,pitching,Standard,W/G,0.13351126916461054,0.095768294,0.048447662,0.29763281386824214,0.12800408577362166,0.090735863,0.030115825,0.3543814067539063,0.11621852394639859,0.086330473,-2.71E-17,0.541248843,667
2013,ZiPS,pitching,Fantasy,W/G,0.10880512918767811,0.080047711,0.019759738,0.5564948592523251,0.10732737770834373,0.078943245,0.008429539,0.5684600992453306,0.1117382521816717,0.085234138,-2.61E-17,0.5299456870044007,344
2013,Marcel,pitching,Standard,WHIP,0.6805175821682807,0.3299469213655897,-0.157832632,0,0.6778131960078535,0.3287621851366267,-0.145731564,0,0.2394092920359011,0.16505197347551853,-2.46E-16,0.08478576,667
2013,Marcel,pitching,Fantasy,WHIP,0.1910074459344665,0.15384710198469603,0.017246576,0.096635535,0.19023048405557005,0.1527441706057784,0.001112229,0.10396982738698235,0.17058314083028805,0.1367862515343467,2.3216646183983823e-16,0.132333474,344
2013,Steamer,pitching,Standard,WHIP,0.6697955310601678,0.3210180782842468,-0.113858378,0.001878982,0.6725691329731801,0.32104928776521313,-0.129177844,0,0.23296244866638116,0.15601928709804708,-2.76E-16,0.13341212324603613,667
2013,Steamer,pitching,Fantasy,WHIP,0.19162633878023727,0.15118948254692297,0.045061562995075556,0.090771978,0.18629966915565613,0.14386643088124568,0.004178214,0.14061736192359842,0.16545509212716006,0.12748538586563726,2.263623002938423e-16,0.1837167117384525,344
2013,ZiPS,pitching,Standard,WHIP,0.6702559714209367,0.336574261,-0.055485114,0.000506225,0.6765932472036977,0.3349586053586502,-0.107768051,0,0.24728926930601267,0.17207376925090118,-2.36E-16,0.023547084,667
2013,ZiPS,pitching,Fantasy,WHIP,0.22569750019521337,0.1763226207664285,0.080095168,0,0.2112783297114845,0.1662203261425729,0.010696119,0,0.1868555345357016,0.14715278641955284,3.1922888502977754e-16,0,344
2013,Marcel,pitching,Standard,wOBA,0.083973437,0.052068538,-0.016666932,0,0.084045841,0.052109279,-0.017027971,0,0.040537325129258055,0.029868694,-4.92E-18,0.062480734,667
2013,Steamer,pitching,Standard,wOBA,0.089417481,0.055582655,-0.035748621,0,0.083300526,0.050720738,-0.014881384,0.012818519412758023,0.038644045,0.027695545,-4.18E-17,0.1480086628487023,667
2013,ZiPS,pitching,Standard,wOBA,0.087024424,0.054697722,-0.028131744,0,0.083171517,0.052103999461181334,-0.011646713,0.015873875,0.040591018,0.029867595865523764,-6.64E-17,0.059995535,667
2014,Davenport,batting,Standard,1B/(BIP-HR),0.074240476,0.050476147,0.021183493620387368,0,0.071833095,0.048302845,0.0098532,0.019112911531123267,0.036640549,0.027471479,0,0,645
2014,Marcel,batting,Standard,1B/(BIP-HR),0.072878428,0.047916852,0.014225746222008092,0,0.073036364,0.048023261,0.015013897721594423,0,0.034918918816372276,0.025787561095334827,4.205667445561716e-17,0.064339852,645
2014,Steamer,batting,Standard,1B/(BIP-HR),0.071983058,0.046437148,0.010232245126213058,0.015013103332145117,0.072797351,0.046788511,0.014919534347000904,0,0.033657973,0.024470843,4.58800084970369e-17,0.13069439201875366,645
2014,ZiPS,batting,Standard,1B/(BIP-HR),0.073019448,0.04771214,0.013126162649876892,0,0.073539946,0.047864279,0.015766424368939345,0,0.034599504,0.025350437,7.646668082839484e-18,0.081379144,645
2014,Davenport,batting,Standard,2B/(BIP-HR),0.038412917,0.02636833,0.002353707,0.009528149,0.038561141,0.026650890044895348,0.00411696,0.001869516,0.021801398995903346,0.016273676,2.5488893609464945e-18,0,645
2014,Marcel,batting,Standard,2B/(BIP-HR),0.038335684,0.026148511,0.005946499,0.013507013,0.038123767,0.025867066185828142,0.00437696,0.0243834,0.020089103907718314,0.015115759576195886,-3.19E-18,0.073547995,645
2014,Steamer,batting,Standard,2B/(BIP-HR),0.037268863095179926,0.024805330360117322,0.003687168,0.067648116,0.037265777,0.024799161545395836,0.003655838,0.067802542,0.019293513,0.014254917,-7.65E-18,0.14547568626834728,645
2014,ZiPS,batting,Standard,2B/(BIP-HR),0.037254137872166734,0.025370575674431028,0.004785694,0.06838473,0.037179635,0.025250203112742176,0.004166212,0.072107205,0.019849137434815253,0.014943451631152259,0,0.095548938,645
2014,Davenport,batting,Standard,3B/(BIP-HR),0.01377588,0.006302458,7.608020491369677e-05,0.036952188,0.013775995312755468,0.006288816,-9.46E-05,0.036936111,0.007179384,0.004813401,8.363543215605686e-19,0.14840810813198124,645
2014,Marcel,batting,Standard,3B/(BIP-HR),0.013896695,0.006995748,0.00090129,0.019986212554787608,0.013873055816485014,0.00681302,0.0003948,0.023317528347787997,0.007169157,0.004872521,1.0753126991493024e-18,0.15083256140896273,645
2014,Steamer,batting,Standard,3B/(BIP-HR),0.013750709325742353,0.0064939,3.088351515422288e-05,0.040468294,0.013755338975640132,0.006612152,0.000358186,0.039822066578332316,0.006896336,0.004721997,1.1947918879436693e-19,0.21423262025486156,645
2014,ZiPS,batting,Standard,3B/(BIP-HR),0.014118727249454236,0.007127208,0.001601748,0,0.014031657231424365,0.006814437,0.000338439,0.000858356,0.00715415,0.004863473,6.372223402366236e-19,0.15438405293714397,645
2014,Davenport,batting,Standard,AVG,0.071347934,0.046529817,0.025511024684315788,0.042106921,0.068725651,0.044457928,0.016837453775366794,0.11122473224283758,0.032715302,0.024240678,-1.91E-17,0.23583861344392143,645
2014,Davenport,batting,Fantasy,AVG,0.028614171,0.022745414,0.006518173,0.1518443905882042,0.027871405,0.021885631,0.000728729,0.19530566026448648,0.026817735,0.02097171,2.864115119174073e-17,0.20798615673495202,263
2014,Marcel,batting,Standard,AVG,0.07516318,0.048156400751485244,0.028536808,0,0.072963088,0.046598984307558516,0.022101089,0,0.033745659466452436,0.02500725,-1.66E-17,0.1869466401979566,645
2014,Marcel,batting,Fantasy,AVG,0.028994151979649097,0.022513517,0.002656304,0.1291686912638247,0.028883082607436265,0.022379066,0.000792188,0.13582778766197456,0.027790655638571065,0.021492571774407027,4.043456638833985e-17,0.14947676306842517,263
2014,Steamer,batting,Standard,AVG,0.07165832,0.045566008,0.022848078559926675,0.033754516,0.070832604,0.04508586,0.020109143005934936,0.055894241,0.031890586,0.023632507,-6.37E-17,0.27388030826301213,645
2014,Steamer,batting,Fantasy,AVG,0.026603238627479067,0.02084491,-0.000457523,0.2668679045455269,0.026613112986876554,0.020871642443957936,0.000857207,0.26632356831704773,0.025619085635902605,0.020142692,6.739094398056642e-18,0.2772038201288849,263
2014,ZiPS,batting,Standard,AVG,0.071162197,0.045138435,0.022166474,0.047087700580065395,0.070494454,0.04468096,0.019918895,0.064886896,0.031708055,0.023411064,7.646668082839484e-18,0.2821686602006884,645
2014,ZiPS,batting,Fantasy,AVG,0.026619924842081224,0.020845737,-0.000951779,0.26594793866229705,0.026615833605714262,0.020897757,0.000829508,0.2661735553554967,0.025503151116865998,0.020017179567290107,0,0.28373078401423846,263
2014,Davenport,batting,Standard,BABIP,0.088409747,0.058455167,0.023613280380922724,0.000732467,0.086320487,0.056955344852565294,0.013875521904236384,0.047402924,0.039933517416371675,0.029487061,-2.17E-17,0.093088609,645
2014,Marcel,batting,Standard,BABIP,0.089385092,0.057336071,0.021073535185100044,0,0.089090253,0.057149326027073254,0.019785657828070315,0,0.040257182,0.029331735,-4.97E-17,0.07832783,645
2014,Steamer,batting,Standard,BABIP,0.087662954,0.055812410269147024,0.013950296192955021,0.017542691509136454,0.088592677,0.056095666,0.018933558028190307,0,0.038699524282637975,0.028030525910938884,-4.08E-17,0.1482718928719069,645
2014,ZiPS,batting,Standard,BABIP,0.088869463,0.056569301,0.019513604,0,0.089038852,0.056613794,0.020271075358731943,0,0.039042249293808326,0.028464137044457417,-5.23E-17,0.13311919479370982,645
2014,Davenport,batting,Standard,BB/PA,0.052609309,0.028429267899936887,0.009590827,0.036239286,0.051865576055848774,0.027086824783439305,0.003779223,0.063295875,0.022817011245745606,0.017389456036901806,-2.68E-17,0.44057093325101104,645
2014,Marcel,batting,Standard,BB/PA,0.051091019,0.028276458802883264,0.00772236,0.091064333,0.050693866,0.027629631,0.004383006,0.10514049959835581,0.022515941,0.017315839,-8.96E-18,0.45523685304597383,645
2014,Steamer,batting,Standard,BB/PA,0.050199285322674335,0.026084160914453685,0.003946988,0.12251623570985781,0.050067328439341266,0.02576405,0.001532268,0.12712338641460053,0.021310144,0.016408255768647552,-9.48E-18,0.5120219315038647,645
2014,ZiPS,batting,Standard,BB/PA,0.051454485,0.02622301,0.0020605,0.078085826,0.051447482,0.026204873542550883,0.001877519,0.078336741,0.021555020862252052,0.01655498,-8.90E-18,0.5007427160079607,645
2014,Davenport,batting,Standard,HBP/PA,0.027169688,0.010160945,-0.009524575,0,0.025456467434314883,0.009621172,-0.00074653,0,0.008612443,0.006111348,1.593055850591559e-19,0,645
2014,Marcel,batting,Standard,HBP/PA,0.025237666674922547,0.008378009,-0.001622188,0.014905689,0.025207650687072047,0.008518046,-0.001057037,0.017247506046313754,0.00715425,0.004704637,8.562675196929631e-19,0.2748565118108758,645
2014,Steamer,batting,Standard,HBP/PA,0.025028597,0.008283471,-0.001709332,0.031159158,0.02499329,0.008437505,-0.001075011,0.033890719622817644,0.00699859,0.00467004,9.35920312222541e-19,0.306068135,645
2014,ZiPS,batting,Standard,HBP/PA,0.025116936343734984,0.008328414,-0.001281581,0.024308008226226585,0.025101304,0.00840789,-0.000925976,0.025522122,0.006985274,0.004642214,-6.17E-19,0.30870613985936546,645
2014,Davenport,batting,Standard,HR/BIP,0.025796880681189804,0.019226887660758394,0.008724344,0.13456857321739957,0.024369401,0.017517684,0.002121986,0.22769655001385558,0.017113120731508762,0.013268682905582557,-4.94E-18,0.45444523081446986,645
2014,Davenport,batting,Fantasy,HR/BIP,0.017064394536708903,0.013973236811784428,0.00605448,0.42213868330588356,0.015954658,0.012862422,-0.000119548,0.4948540590054298,0.015767352081409433,0.012723943249921817,-2.63E-18,0.5049455971730086,263
2014,Marcel,batting,Standard,HR/BIP,0.025479960354628694,0.019861396882079534,0.007547318,0.15570198566377624,0.024555139,0.018370433014935603,0.003269321,0.215879057,0.017997849786465965,0.013595079069229807,-3.15E-18,0.39657795307304167,645
2014,Marcel,batting,Fantasy,HR/BIP,0.017113963303415428,0.013733502175854624,0.003144428,0.41877665657938024,0.016822617,0.012948775630462941,-1.10E-05,0.43839759199500816,0.016402123,0.012709263011935359,-7.90E-19,0.4642828576040219,263
2014,Steamer,batting,Standard,HR/BIP,0.023345983,0.017017652,0.004288057,0.2912017981723102,0.022998158681393162,0.016320792,0.001505925,0.31216478849025797,0.016163649769414354,0.012350847732264228,7.965279252957795e-20,0.5133028630228287,645
2014,Steamer,batting,Fantasy,HR/BIP,0.015269827462388275,0.012289498767843764,0.002310701,0.5372886897422425,0.015094980815108709,0.011882541084722087,-0.000173646,0.5478245428717591,0.014776197104409661,0.011662560926055885,4.317232348755036e-18,0.5652288201818068,263
2014,ZiPS,batting,Standard,HR/BIP,0.024206533,0.017722283600203642,0.005604432,0.2379851028347525,0.023619769,0.016801802491019147,0.001829458,0.27447968422297464,0.016380137666409413,0.012638485,-5.10E-18,0.500178397,645
2014,ZiPS,batting,Fantasy,HR/BIP,0.015251179849055788,0.012477357324944443,0.003145383,0.5384181318466252,0.014923556,0.012028613418894914,-8.64E-05,0.5580364171577145,0.014724140289880783,0.011864996979507303,-7.69E-18,0.5682868376974556,263
2014,Davenport,batting,Standard,OBP,0.08295764,0.049720902,0.024485982834073015,0.037182076692677146,0.08113297,0.048166306935562446,0.017324901087521685,0.079071017,0.035135415,0.026396706,0,0.24307595080782762,645
2014,Marcel,batting,Standard,OBP,0.086477347,0.052706527215446636,0.030551172,0,0.084000129,0.050373682,0.022606731581509092,0.012831483720272763,0.036028013,0.027001768749526044,3.823334041419742e-17,0.20412890244938353,645
2014,Steamer,batting,Standard,OBP,0.082980266,0.049590001,0.022243494,0.036656814875159704,0.082053764,0.048854094,0.018489694599982086,0.058048787059635565,0.03427184,0.026176210529734817,4.4605563816563655e-17,0.27982677273358214,645
2014,ZiPS,batting,Standard,OBP,0.08196648,0.048575294393133274,0.020682955,0.060051726,0.081507179,0.048252041588743216,0.018780335,0.070556255,0.034081432,0.026187619,-4.72E-17,0.28780685637576353,645
2014,Davenport,batting,Standard,PA,143.19496889813726,99.22907654497506,-25.07099739,0.5803533036760117,143.19496889813726,99.22907654497506,-25.07099739,0.5803533036760117,143.19496889813726,99.22907654497506,-25.07099739,0.5803533036760117,645
2014,Davenport,batting,Fantasy,PA,162.5189280108314,114.96209937293334,-56.61228949,0,162.5189280108314,114.96209937293334,-56.61228949,0,162.5189280108314,114.96209937293334,-56.61228949,0,263
2014,Marcel,batting,Standard,PA,172.51223077637673,138.9844961,43.49302325581395,0.3909287895362554,172.51223077637673,138.9844961,43.49302325581395,0.3909287895362554,172.51223077637673,138.9844961,43.49302325581395,0.3909287895362554,645
2014,Marcel,batting,Fantasy,PA,152.54759277299823,113.36882129277566,-65.03422053,0,152.54759277299823,113.36882129277566,-65.03422053,0,152.54759277299823,113.36882129277566,-65.03422053,0,263
2014,Steamer,batting,Standard,PA,143.49839353250488,105.41007766280063,-5.775348884,0.5785729890284006,143.49839353250488,105.41007766280063,-5.775348884,0.5785729890284006,143.49839353250488,105.41007766280063,-5.775348884,0.5785729890284006,645
2014,Steamer,batting,Fantasy,PA,148.81140390781894,112.45057066855775,-37.53193912,0,148.81140390781894,112.45057066855775,-37.53193912,0,148.81140390781894,112.45057066855775,-37.53193912,0,263
2014,ZiPS,batting,Standard,PA,266.58299462504317,212.35038759689922,172.66356589147287,0,266.58299462504317,212.35038759689922,172.66356589147287,0,266.58299462504317,212.35038759689922,172.66356589147287,0,645
2014,ZiPS,batting,Fantasy,PA,112.79388314995467,88.89353612167301,9.091254752851711,0.032666718,112.79388314995467,88.89353612167301,9.091254752851711,0.032666718,112.79388314995467,88.89353612167301,9.091254752851711,0.032666718,263
2014,Davenport,batting,Standard,R/PA,0.12129894944547814,0.035999473422495896,-0.000564524,0.006942421,0.121337377,0.03561869,-0.003105262,0.006313116,0.025276134343223712,0.017737613040961914,1.593055850591559e-17,0.11053845583750443,645
2014,Davenport,batting,Fantasy,R/PA,0.020877365,0.016532543643602855,0.001249997,0.082649975,0.020846646844727278,0.016481234785792526,0.000529902,0.085347518,0.020410796,0.016094700604921228,2.1059669993927005e-18,0.094524866,263
2014,Marcel,batting,Standard,R/PA,0.12105795227868053,0.036988186,0.003965267,0.010884521630177058,0.12102041295596769,0.035678194387363346,-0.00257602,0.011497863710392742,0.025132765,0.017546536189098762,-5.10E-18,0.12060011171142981,645
2014,Marcel,batting,Fantasy,R/PA,0.021241964492467368,0.016910375903519473,0.005403155,0.050329263460134444,0.020547295,0.016054528,0.0004054,0.11142722731575438,0.020238538,0.015744457989566887,-8.42E-18,0.10974390428977387,263
2014,Steamer,batting,Standard,R/PA,0.12184417165136488,0.0360695,-0.001922679,0,0.12192070493339252,0.035800686338826146,-0.004727877,0,0.025053718,0.017625545748891462,7.00944574260286e-18,0.12612314729485985,645
2014,Steamer,batting,Fantasy,R/PA,0.020495713575642113,0.016057341,0.002243761,0.1158829109263525,0.020375299,0.015950886653743626,0.000336122,0.1262410038202848,0.019952434111007136,0.015648206673374965,-1.01E-17,0.13473640138243526,263
2014,ZiPS,batting,Standard,R/PA,0.1214070646174304,0.036599128180170235,0.003247895,0.005171385,0.12142148585548086,0.035173013,-0.003748428,0.004935031,0.024497615,0.016895541654127526,4.4605563816563655e-18,0.16448647740328115,645
2014,ZiPS,batting,Fantasy,R/PA,0.020919512,0.016583614,0.006123469,0.078942363,0.020009678528263897,0.015558000695594099,0.000508048,0.157317604,0.019484983,0.015157419192859269,-1.43E-17,0.17480477691314733,263
2014,Davenport,batting,Standard,RBI/PA,0.048762155,0.032914461471512516,0.008779606,0.091094916,0.048398452,0.032531986,0.006460955,0.10460285399225122,0.027290954542176456,0.020721432280383218,-8.92E-18,0.27989347714855484,645
2014,Davenport,batting,Fantasy,RBI/PA,0.023985361,0.018786135,0.000637118,0.2962358025991956,0.023977922224633248,0.018768756766036798,0.000221623,0.2966722804502424,0.023878703788204197,0.018668351310446134,6.739094398056642e-18,0.31886104423148065,263
2014,Marcel,batting,Standard,RBI/PA,0.049492196785035844,0.034609184,0.013319411,0.063675859,0.048256931,0.033169417,0.007527324,0.1098316184945366,0.026879626,0.020926969,-1.24E-17,0.30143674775573037,645
2014,Marcel,batting,Fantasy,RBI/PA,0.023581067966948397,0.019205665170836765,0.004354147,0.31976091813143304,0.023183430359046475,0.018691310665901142,0.000602719,0.34250866422402904,0.023055339,0.018746711,-1.31E-17,0.36502406659498077,263
2014,Steamer,batting,Standard,RBI/PA,0.048105324,0.032278963,0.010986685206252678,0.11541605587519232,0.047200364,0.030960611678917876,0.005870209,0.14838471638094475,0.024372134507582327,0.018468757,-6.69E-18,0.4256899378600436,645
2014,Steamer,batting,Fantasy,RBI/PA,0.020758302226004933,0.017009703012691255,0.003875805,0.4728693109451364,0.020400266,0.016530368,0.000534429,0.4908962375722373,0.020212047,0.016431655,1.4741768995748903e-18,0.5119831317671096,263
2014,ZiPS,batting,Standard,RBI/PA,0.04943038,0.034039229420319804,0.013267296,0.066013376,0.047914150692361775,0.032214819986642655,0.005331464,0.1224328710618805,0.026568898,0.020422786,-2.80E-17,0.3174941596786348,645
2014,ZiPS,batting,Fantasy,RBI/PA,0.024116984655129098,0.019702737207585426,0.007021957,0.28849058059118105,0.023077150373050342,0.018658376,0.000483535,0.3485231320876043,0.022934884560224533,0.018570401027858546,-1.64E-17,0.3716417235358944,263
2014,Davenport,batting,Standard,SB/TOF,0.22671741051753866,0.056294874020575446,-0.003721206,0.14449725652343326,0.22673643066193613,0.056150224,-0.004740478,0.14435370805729908,0.053311163,0.031703831,9.080418348371888e-18,0.5686027360963701,645
2014,Davenport,batting,Fantasy,SB/TOF,0.040700499,0.028698962695436835,-0.000675167,0.6950414966056794,0.04069743,0.028827449,0.000453924,0.6950874840848867,0.039881103,0.028379227,-2.86E-17,0.7037798972730127,263
2014,Marcel,batting,Standard,SB/TOF,0.23999362966001647,0.062909855,9.02460729184626e-05,0.041369837627800776,0.24012833596124022,0.059777232753055354,-0.008042611,0.040293394,0.055514922,0.033537421,-1.12E-18,0.532199656,645
2014,Marcel,batting,Fantasy,SB/TOF,0.044435539,0.031935885,0.007943767,0.6365018702687639,0.043720983,0.029734375,-0.000332617,0.6480985095379279,0.041492501,0.028668379052202136,3.369547199028321e-18,0.6793587132752807,263
2014,Steamer,batting,Standard,SB/TOF,0.23055759759415728,0.060065433,0.005248686,0.1152704402627942,0.23052346590185485,0.056665223,-0.003436747,0.11553237118345838,0.050298325,0.029827175541018273,2.0948684435279003e-17,0.6159850662601545,645
2014,Steamer,batting,Fantasy,SB/TOF,0.038400461,0.028023194956780913,0.007450129,0.7285348042002462,0.037681914,0.026543177,0.000914121,0.7385990398608987,0.036290984,0.025719650355627045,-2.34E-17,0.7547112197559973,263
2014,ZiPS,batting,Standard,SB/TOF,0.2358725549113119,0.057565327219400025,0.003427672,0.074009601,0.23597712742355767,0.054812673,-0.007816102,0.073188355,0.050595244,0.030059599469169605,-6.37E-19,0.6114378794791877,645
2014,ZiPS,batting,Fantasy,SB/TOF,0.040351751,0.028349693852698542,0.011258825772990992,0.700245275,0.038750944,0.027015816779306964,0.000364692,0.7235568470739024,0.037362288541049817,0.026381324904283857,-1.12E-17,0.7400156855170388,263
2014,Davenport,batting,Standard,SLG,0.12411126861446556,0.083617072,0.04864191,0.039708061,0.11724653724759153,0.076961394,0.026630412978074888,0.14299983781620196,0.063109505,0.047149128,-7.65E-18,0.2607185192240543,645
2014,Marcel,batting,Standard,SLG,0.13089498831626364,0.089403588,0.056687888,0,0.12325482972620513,0.082031314,0.035661908,0.052915463,0.065097963,0.049136778,2.0391114887571956e-17,0.21339796648428355,645
2014,Steamer,batting,Standard,SLG,0.12080694387830576,0.079307901,0.040967681,0.090160789,0.1172396593803486,0.076424305,0.028795327890901033,0.14310038083598875,0.06059607,0.045511097,-1.02E-17,0.3184319967808811,645
2014,ZiPS,batting,Standard,SLG,0.12132588274158407,0.079653479,0.042862058,0.082327381,0.11714671783513135,0.076319632,0.028992062036472685,0.1444584538167346,0.060986420722167145,0.0460245,-7.14E-17,0.3096226037017532,645
2014,Davenport,batting,Standard,SO/PA,0.091723004,0.052933221121911025,-0.022070849,0.23900130994823043,0.091353087,0.052738687,-0.020479243,0.24512711604681747,0.038468807,0.02841041,-3.19E-17,0.635890442,645
2014,Marcel,batting,Standard,SO/PA,0.10007799737992705,0.058241839744149364,-0.02922914,0.094049263,0.097964229,0.056934073,-0.020874082,0.13191465769261712,0.042718338,0.030689773450369284,-2.55E-18,0.551003113,645
2014,Steamer,batting,Standard,SO/PA,0.095608551,0.056072381670989935,-0.033456672,0.17316121099308213,0.091687927,0.052922108,-0.019622178,0.23958324514898321,0.03847348,0.028280138,1.3381669144969098e-17,0.6358019662648403,645
2014,ZiPS,batting,Standard,SO/PA,0.089391971,0.052084158,-0.018643614,0.2771895916868299,0.088751902,0.051773314,-0.015282671,0.2875035374124917,0.037626285048785166,0.027684528236097863,8.283890423076107e-18,0.6516648286211243,645
2014,Davenport,batting,Standard,wOBA,0.083652546,0.053544077,0.032199845900705994,0.020644958,0.079380314,0.048992125,0.018447652631834326,0.11812412442709674,0.037925595960922064,0.027956975174667366,-5.86E-17,0.26948482482431924,645
2014,Marcel,batting,Standard,wOBA,0.086976931,0.055859046118907005,0.035715061,0,0.082944629,0.052037846025305125,0.024297951191340907,0.037150584,0.039056525,0.029115229,-3.95E-17,0.2252678033402401,645
2014,Steamer,batting,Standard,wOBA,0.082074977,0.051181488,0.025748042609026547,0.057235153,0.080390797,0.04972044,0.019731700677430263,0.095529296,0.0368705,0.027665535670496642,-3.82E-17,0.3095655351112173,645
2014,ZiPS,batting,Standard,wOBA,0.081316529,0.050306648,0.025962589849140925,0.074578681,0.079584362,0.04887937,0.019883381875083678,0.11358455619263053,0.03662164,0.027495479478816795,2.803778297041144e-17,0.3188543475392712,645
2014,Davenport,pitching,Standard,1B/(BIP-HR),0.23269638051213637,0.2177085080138153,-0.215582038,0,0.087610071,0.053594511,0.001879927,0,0.050308237,0.029183375108000738,1.731456839766354e-17,0,675
2014,Marcel,pitching,Standard,1B/(BIP-HR),0.074445161,0.045464873480911175,-0.007809074,0,0.074171567,0.045297270144090074,-0.004507876,0,0.033523863,0.024056644189276423,-4.95E-18,0,675
2014,Steamer,pitching,Standard,1B/(BIP-HR),0.10041325804258228,0.082240761,0.065320559,0,0.076316937,0.046955564,-0.002868427,0,0.034059835,0.023854624420316887,2.3189154104013668e-17,0,675
2014,ZiPS,pitching,Standard,1B/(BIP-HR),0.091525041,0.071743683,0.051072761,0,0.076306607,0.046835668641397675,-0.007368315,0,0.034877155,0.024689982358543108,3.555670295948763e-17,0,675
2014,Davenport,pitching,Standard,2B/(BIP-HR),0.078835571,0.065455025,-0.063810887,0,0.046320817390885005,0.028765477277309427,-0.001549274,0,0.022140399911284997,0.015555485855353797,6.492963149123828e-18,0,675
2014,Marcel,pitching,Standard,2B/(BIP-HR),0.045321023,0.027493571583761443,-0.003593584,0,0.045316024,0.027495362263126114,-0.003529968,0,0.020199119,0.014498038604013263,3.4010759352553383e-18,0,675
2014,Steamer,pitching,Standard,2B/(BIP-HR),0.08048038,0.0669569,-0.066379134,0,0.045581983309234235,0.02756352,-0.002610563,0,0.020561307627948607,0.014644399872919206,6.802151870510677e-18,0,675
2014,ZiPS,pitching,Standard,2B/(BIP-HR),0.077881604,0.064287958,-0.062003603,0,0.047129851,0.028777094,-0.000354202,0,0.022474688309587904,0.015786942028537625,7.111340591897525e-18,0,675
2014,Davenport,pitching,Standard,3B/(BIP-HR),0.018671092530375563,0.007655135,-0.007152503,0,0.017258751447621394,0.00790237,-0.00064273,0,0.007212427,0.004707112,-1.55E-19,0,675
2014,Marcel,pitching,Standard,3B/(BIP-HR),0.017119277379795423,0.00793711,-0.000601757,0.007159726,0.017118602869478382,0.007942051,-0.000582252,0.007237961,0.007330208,0.004875347,7.729718034671223e-19,0,675
2014,Steamer,pitching,Standard,3B/(BIP-HR),0.018729359301130215,0.007649704,-0.007421026,0,0.017212941,0.007854572,-0.000753693,0,0.00715707,0.004669754,-1.55E-19,0,675
2014,ZiPS,pitching,Standard,3B/(BIP-HR),0.018695238230789703,0.007846451,-0.006963542,0,0.017357681640480856,0.008073171,-0.000517779,0,0.007209661,0.00470997,1.5459436069342446e-19,0,675
2014,Davenport,pitching,Standard,BABIP,0.090062563,0.053164153,-0.018407558,0,0.088662677,0.051733963060229246,-0.009415049,0.022739765008115476,0.036789854,0.025834165,-1.92E-17,0.024078635816542793,675
2014,Marcel,pitching,Standard,BABIP,0.089901864,0.052847778,-0.012004415,0,0.089512822,0.052544932,-0.008620095,0.003908929,0.037909319,0.026707567,-3.59E-17,0,675
2014,Steamer,pitching,Standard,BABIP,0.091341162,0.054379207,-0.008479602,0,0.091160027,0.054278957,-0.006232684,0,0.038032182,0.026646410639934805,-5.81E-17,0,675
2014,ZiPS,pitching,Standard,BABIP,0.09042743,0.053210911615189156,-0.017894384,0,0.089021422,0.051776431202127216,-0.008240296,0.014815417746414594,0.036685244,0.025657089045845377,-5.63E-17,0.029620708793032358,675
2014,Davenport,pitching,Standard,BB/BF,0.050946163592921624,0.029948604837640457,-0.01151206,0.096574142,0.050219259,0.029496502,-0.007680488,0.12217055963511803,0.022741765745030788,0.016440854775832313,-1.17E-17,0.2955797857543915,675
2014,Marcel,pitching,Standard,BB/BF,0.05206335,0.030789313042238895,-0.009546711,0.056517686,0.052288568,0.030852608,-0.010707082,0.048337317859953766,0.023351761853443384,0.016982982960844942,-1.17E-17,0.25728404649126535,675
2014,Steamer,pitching,Standard,BB/BF,0.050096592195336784,0.030193250042608782,-0.005494563,0.12645373003662275,0.050399495,0.030306385105589705,-0.007786574,0.11585823053008015,0.023551245,0.017243132407364668,-4.95E-18,0.2445404859485334,675
2014,ZiPS,pitching,Standard,BB/BF,0.048576874797681996,0.029612206,-0.002469029,0.17864919473662755,0.048830537,0.029664569109213702,-0.005550197,0.17004881961223572,0.023952558,0.017289132081500534,5.256208263576432e-18,0.21857512788173794,675
2014,Davenport,pitching,Standard,BF,187.36526271983843,124.04192592592592,-16.90148148,0.4787165166298827,187.36526271983843,124.04192592592592,-16.90148148,0.4787165166298827,187.36526271983843,124.04192592592592,-16.90148148,0.4787165166298827,675
2014,Davenport,pitching,Fantasy,BF,218.47078622731829,152.57246376811594,-58.44376812,0.157350415,218.47078622731829,152.57246376811594,-58.44376812,0.157350415,218.47078622731829,152.57246376811594,-58.44376812,0.157350415,345
2014,Marcel,pitching,Standard,BF,182.2256314044233,131.8548148148148,-2.423703704,0.5069230063088366,182.2256314044233,131.8548148148148,-2.423703704,0.5069230063088366,182.2256314044233,131.8548148148148,-2.423703704,0.5069230063088366,675
2014,Marcel,pitching,Fantasy,BF,205.27013661394403,146.4144927536232,-73.52173913,0.2561047067608184,205.27013661394403,146.4144927536232,-73.52173913,0.2561047067608184,205.27013661394403,146.4144927536232,-73.52173913,0.2561047067608184,345
2014,Steamer,pitching,Standard,BF,184.6836253745347,125.27703703703703,-17.76592593,0.49353131919358384,184.6836253745347,125.27703703703703,-17.76592593,0.49353131919358384,184.6836253745347,125.27703703703703,-17.76592593,0.49353131919358384,675
2014,Steamer,pitching,Fantasy,BF,218.66357588837207,155.46376811594203,-68.79130435,0.1558625653939767,218.66357588837207,155.46376811594203,-68.79130435,0.1558625653939767,218.66357588837207,155.46376811594203,-68.79130435,0.1558625653939767,345
2014,ZiPS,pitching,Standard,BF,248.92487876092665,188.51170383594655,116.91407405711986,0.07990553,248.92487876092665,188.51170383594655,116.91407405711986,0.07990553,248.92487876092665,188.51170383594655,116.91407405711986,0.07990553,675
2014,ZiPS,pitching,Fantasy,BF,191.02907319121903,136.01420295825903,14.121449003357817,0.3557429117762355,191.02907319121903,136.01420295825903,14.121449003357817,0.3557429117762355,191.02907319121903,136.01420295825903,14.121449003357817,0.3557429117762355,345
2014,Davenport,pitching,Standard,ER/BF,0.077330665,0.042456229,-0.014180258,0,0.07758252,0.042549675,-0.01549501,0,0.029991030391128957,0.020452968,-7.42E-18,0.081692312,675
2014,Marcel,pitching,Standard,ER/BF,0.077485909,0.043005865,-0.014513062,0,0.077836301,0.043110488982090786,-0.016280439,0,0.031217311,0.021322964262119187,3.710264656642187e-18,0.00506107,675
2014,Steamer,pitching,Standard,ER/BF,0.076939798,0.042928759,-0.009861273,0,0.07791576,0.043009623,-0.015760009,0,0.030417359383050974,0.020687752,-2.47E-18,0.055398862,675
2014,ZiPS,pitching,Standard,ER/BF,0.076324958,0.042752775,-0.010071614,0.010554350733233298,0.076894025,0.042740616,-0.013734236,0,0.030971295969727093,0.021206273550136073,-3.71E-18,0.020680948,675
2014,Davenport,pitching,Standard,ERA,5.888759242645822,2.261985947987544,-1.06394802,0,5.897409429819488,2.2640216325066076,-1.110827599,0,1.664632883093926,0.9128533201199642,7.915231267503332e-17,0.06388906,675
2014,Davenport,pitching,Fantasy,ERA,1.0686854142726885,0.8393223099714137,0.15959033617583473,0.12941219985314711,1.057008067815412,0.8207264054179972,-0.025428648,0.14833378948210885,0.94095739,0.7221851874428292,-2.29E-16,0.13991067199382778,345
2014,Marcel,pitching,Standard,ERA,5.904963891998488,2.290033423242417,-1.133434938,0,5.907186698395632,2.290599206936996,-1.1449589,0,1.710549252417916,0.9526634054851395,-1.58E-16,0.011534425391125147,675
2014,Marcel,pitching,Fantasy,ERA,1.152517677869719,0.8951346148370165,0.14610209072621774,0,1.1432380355035752,0.8799518029826823,-0.006482973,0.003709148,1.01678727,0.7679951526053885,-3.67E-16,0,345
2014,Steamer,pitching,Standard,ERA,5.879837306156867,2.2802145215794525,-0.954321341,0,5.916991336299649,2.2795789125249786,-1.161477054,0,1.6811065512587788,0.9274279681503569,-4.75E-16,0.045269354732326406,675
2014,Steamer,pitching,Fantasy,ERA,1.0965137701354855,0.8805402976713604,0.29749995927728995,0.083482013,1.057359369419473,0.8298471975252224,-0.064595772,0.14776758486385344,0.9387067456387392,0.7306370299788477,5.498135500195282e-16,0.1440201896035438,345
2014,ZiPS,pitching,Standard,ERA,5.807834824454758,2.2926903998172032,-0.796369954,0.007925577,5.841718894866629,2.2842414516368383,-1.014366503,0,1.7109169712337176,0.9654484095472189,-2.37E-16,0.011109396461234766,675
2014,ZiPS,pitching,Fantasy,ERA,1.2092851761285717,0.9540969857802825,0.32643754819747994,0,1.1643937472710304,0.8988565111989024,-0.001906398,0,1.0369056844869138,0.786357884,-4.12E-16,0,345
2014,Davenport,pitching,Standard,HBP/BF,0.021048999436695984,0.010997520734794517,-0.010458622,0,0.018350006484957226,0.009302462,-0.001745032,0,0.007508811,0.005059543,1.9324295086678058e-19,0,675
2014,Marcel,pitching,Standard,HBP/BF,0.018239089,0.008904694,-0.002616989,0,0.018151455102170023,0.00900933,-0.001913004,0,0.007181629,0.004749524,-2.43E-18,0.058659649,675
2014,Steamer,pitching,Standard,HBP/BF,0.017985989573837288,0.008728151,-0.002161087,0.017145618905102356,0.017941111401661623,0.008794983,-0.0017487,0.022044285,0.0069558,0.00454876,-7.73E-19,0.11693034463590446,675
2014,ZiPS,pitching,Standard,HBP/BF,0.017921260921580272,0.009521112,-0.000473534,0.024207155582031348,0.017948478177752462,0.009414612,-0.001095678,0.021241005908353428,0.007444984,0.005155747,-9.66E-20,0,675
2014,Marcel,pitching,Standard,HLD/G,0.10200171572686774,0.08287255,0.025087650123864363,0.13723760007407249,0.099505956,0.069289795,-0.011246127,0.1789409257139123,0.081418861,0.053469159975089005,-5.57E-18,0.31169193685320207,675
2014,Steamer,pitching,Standard,HLD/G,0.13157412601805568,0.073447104,-0.07236526,0,0.11184297849488403,0.082839207,-0.020828636,0,0.098170742,0.072820746,2.4735097710947914e-18,0,675
2014,ZiPS,pitching,Standard,HLD/G,0.13076126690711012,0.074369598,-0.068829034,0,0.11279302413996647,0.084112783,-0.019005085,0,0.098567841,0.072866283,-2.47E-18,0,675
2014,Davenport,pitching,Standard,HR/BIP,0.036413867,0.020640318124448793,-0.002322464,0.015471751286146529,0.036545722341134436,0.020495364,-0.003874786,0.008328837,0.015116197050625243,0.009988977,9.275661641605467e-19,0.055136749578946986,675
2014,Marcel,pitching,Standard,HR/BIP,0.036497208,0.021208892257324072,-0.001423252,0.010959994,0.036719487392932806,0.020866301,-0.004277878,0,0.015285523522538681,0.010304219652568359,-6.18E-19,0.033850121,675
2014,Steamer,pitching,Standard,HR/BIP,0.036290174,0.021813925,0.00168127,0.022149022,0.03645204,0.020743820452795707,-0.003821154,0.013406458353619977,0.015106372072276466,0.010219558,-3.09E-19,0.056364603920332934,675
2014,ZiPS,pitching,Standard,HR/BIP,0.036017241820041616,0.020922480965540058,-0.000315207,0.036802187665709196,0.036183806,0.020464031,-0.003482168,0.027872816,0.015308290818344885,0.010210783511450114,1.2367548855473957e-18,0.030969878794668282,675
2014,Davenport,pitching,Standard,L/G,0.17965372279619646,0.10686452137711466,-0.005941162,0.1334772087231314,0.17962259963551006,0.1071338522518224,-0.004910763,0.1337774150490214,0.13825115103165092,0.090903187,4.947019542189583e-18,0.23087247640293862,675
2014,Marcel,pitching,Standard,L/G,0.17722118287926195,0.12348000821540529,-0.002411137,0.1567840562041506,0.18607087617429888,0.1431965155259894,0.056752417,0.070467983,0.12921166796185987,0.10349801249056655,-1.11E-17,0.32816239832674954,675
2014,Steamer,pitching,Standard,L/G,0.17755616917120481,0.10057071179938686,-0.015236608,0.15359332315093766,0.1772746981461508,0.10110099314264483,-0.011501287,0.15627472951189247,0.1401186056800843,0.092433607,2.4735097710947915e-17,0.20995386004896122,675
2014,ZiPS,pitching,Standard,L/G,0.1630371461922094,0.1125120048208673,0.029202460396842163,0.2863575468611149,0.1635501903594251,0.11313179372989453,0.031942720944426024,0.2818591098550862,0.12095424058613627,0.090187605,-9.89E-18,0.4112877948557193,675
2014,Davenport,pitching,Standard,R/BF,0.10254891178735588,0.062539899,-0.043139957,0,0.098448871,0.060827229,-0.032201815,0,0.048399128,0.033071742,1.3604303741021353e-17,0,675
2014,Marcel,pitching,Standard,R/BF,0.077470184,0.043798384,-0.014639403,0,0.077737684,0.043904229158934875,-0.015994694,0,0.031704377,0.021730273,-7.42E-18,0.016966051557088635,675
2014,Steamer,pitching,Standard,R/BF,0.076970598,0.04405929,-0.009618744,0,0.077946893,0.044069081,-0.01561299,0,0.031146682,0.021396091960335734,7.420529313284374e-18,0.051245952,675
2014,ZiPS,pitching,Standard,R/BF,0.076551427,0.043675331582235764,-0.011236772,0.006525861,0.076873665,0.043757672,-0.013255356,0,0.031798153,0.022043019589730886,1.6077813512116144e-17,0.011142146402825626,675
2014,Davenport,pitching,Standard,SO/BF,0.063268935,0.045117157129502324,-0.002647711,0.22475747267647483,0.063553262,0.045550806,0.006562729,0.21777401226653215,0.042051213,0.032431958,-7.42E-18,0.38263516981871837,675
2014,Davenport,pitching,Fantasy,SO/BF,0.046009204450599125,0.033980334,-0.01336596,0.38584116724582396,0.044088670074088676,0.033639673,-0.002369138,0.4360439609226432,0.039381516,0.030883569850627297,-1.93E-17,0.41978302932908096,345
2014,Marcel,pitching,Standard,SO/BF,0.065094708,0.04739803,0.003574435,0.17936902378018715,0.065424798,0.047861689,0.007473937,0.17102522080675142,0.043879907892529144,0.033007809,-1.11E-17,0.3277725557726472,675
2014,Marcel,pitching,Fantasy,SO/BF,0.047157444,0.034918220510299226,-0.008966571,0.35480383509231783,0.04640724,0.034956693,-0.003194801,0.37516876012767497,0.040830472,0.031064504,-3.29E-17,0.37630200111574064,345
2014,Steamer,pitching,Standard,SO/BF,0.062100317400445575,0.044322341,-0.002326182,0.2531314328950678,0.062536372,0.044668905,0.007730432,0.24260590842954788,0.040194399,0.030174731,-1.61E-17,0.43595222008773893,675
2014,Steamer,pitching,Fantasy,SO/BF,0.043124220970222026,0.032438181,-0.013060822,0.4604474122246559,0.041109159235811606,0.031183412470703446,-0.000921739,0.5096926046958062,0.036993253,0.028110929,1.5749867318267734e-17,0.4880228154762333,345
2014,ZiPS,pitching,Standard,SO/BF,0.063386517,0.045411894190810875,-0.005468105,0.22187330025080143,0.063298716,0.04518371,0.004333251,0.22402748436110242,0.043542215097927224,0.032438688819350615,-2.23E-17,0.3380794535154371,675
2014,ZiPS,pitching,Fantasy,SO/BF,0.045809074,0.033493815,-0.011879818,0.3911724675133321,0.044258091,0.032961296,-0.001198925,0.431701365,0.04074541,0.030586631247721402,-5.73E-18,0.3788979632955364,345
2014,Davenport,pitching,Standard,SV/G,0.087086229,0.028377675143779438,0.00317664,0.3839892969498955,0.087096021,0.028562269,0.003434613,0.38385076609535207,0.078317211,0.022636130677571094,-4.33E-18,0.46234476145028014,675
2014,Davenport,pitching,Fantasy,SV/G,0.10570354783819537,0.038086034,-0.001068078,0.46601064426351924,0.1056989217913263,0.038955535,0.000403525,0.4660573826329134,0.080342154,0.023505468972243898,7.159030599212606e-19,0.48123668463905844,345
2014,Marcel,pitching,Standard,SV/G,0.090526276,0.055589756,0.024025919022033517,0.33436125438150155,0.087377569,0.040889073,0.004132521,0.37986077783496963,0.080883839,0.033426241,0,0.4265270111520756,675
2014,Marcel,pitching,Fantasy,SV/G,0.1074283718660659,0.060091749,0.007321909,0.44844165562850613,0.10766774671420865,0.049253774,-0.010251778,0.44598092224553365,0.083253586,0.034876132,-1.43E-18,0.44295765874609905,345
2014,Steamer,pitching,Standard,SV/G,0.074708718,0.024433954894708135,-0.002567613,0.546651841,0.074713621,0.02823138,0.002706512,0.5465923375222346,0.066058438,0.023035425281766168,-2.47E-18,0.6174871308186032,675
2014,Steamer,pitching,Fantasy,SV/G,0.090416742,0.033557262,-0.008475541,0.6092930080986461,0.090053317,0.037231645857744966,-0.002499488,0.6124275467571485,0.06871374,0.024036894315005906,-7.16E-19,0.6205369579399419,345
2014,ZiPS,pitching,Standard,SV/G,0.11555140170780293,0.033884352,-0.029167007,0,0.11182697582302582,0.051464357,-0.001964784,0,0.10718549922444988,0.047619301006032365,1.2367548855473957e-18,0,675
2014,ZiPS,pitching,Fantasy,SV/G,0.1538361606922399,0.053038856,-0.051135362,0,0.1467608295273872,0.066986535,-0.022090768,0,0.11186726356664625,0.050202743,0,0,345
2014,Davenport,pitching,Standard,W/G,0.14986382289363373,0.099223955,0.018467850618520715,0.1922461245944237,0.15168932247843042,0.1036929563461012,0.029858778,0.1724476815812922,0.13570357872213418,0.1007786134649098,4.947019542189583e-17,0.4195947849716637,675
2014,Davenport,pitching,Fantasy,W/G,0.13371742852381127,0.094940094,-0.004831659,0.3856179199237454,0.13439911385435785,0.09883513,0.014356742185275544,0.37933776921391826,0.13269870218556543,0.10073231730146931,4.581779583496068e-17,0.3952237291447418,345
2014,Marcel,pitching,Standard,W/G,0.1494390333336401,0.11492961837676885,0.028771698004381993,0.19681879745935726,0.16893324855529637,0.1408628943886894,0.083870307,0,0.14019482930015584,0.11453734977137404,0,0.38054081527726547,675
2014,Marcel,pitching,Fantasy,W/G,0.13471429503219515,0.099022569,-0.035970468,0.37642330907934174,0.13543214462296718,0.11384566040332865,0.038571999,0.36975991938413844,0.13280606106016515,0.10922333418960968,1.145444895874017e-17,0.39424475401467307,345
2014,Steamer,pitching,Standard,W/G,0.1356662971120285,0.086073158,0.014965415129002945,0.33804360891165985,0.13713518123203508,0.089307263,0.024993547,0.32363176028837803,0.12878976707533116,0.091928604,4.947019542189583e-18,0.47722908175408774,675
2014,Steamer,pitching,Fantasy,W/G,0.1269910664424931,0.086641207,-0.005812965,0.4458735915802221,0.127271427,0.088574789,0.010250647613145127,0.4434241787257852,0.1291399366777853,0.094080244,-4.30E-17,0.42722700973595784,345
2014,ZiPS,pitching,Standard,W/G,0.1431693664681182,0.10396730496937229,0.052430545,0.2627994628897661,0.13961558953693623,0.0997595,0.041761314,0.2989431040614531,0.12218872760423292,0.091123373,-7.42E-18,0.5294443536808162,675
2014,ZiPS,pitching,Fantasy,W/G,0.1155604377930526,0.084084688,0.013471127992149074,0.5411392987813723,0.1155352050500477,0.084035988,0.013252928446779298,0.5413396623366074,0.11960062037770976,0.090575349,-8.59E-18,0.5087209363103602,345
2014,Davenport,pitching,Standard,WHIP,0.7963968677804527,0.3453608721128085,-0.163401949,0,0.7958140150610304,0.3450700945283781,-0.160537137,0,0.25473120123053666,0.15191511802498722,0,0.099221706,675
2014,Davenport,pitching,Fantasy,WHIP,0.1931854446835545,0.14680877137033577,0.021137601,0.10749073297538159,0.19202586919584247,0.14630859629934506,0.000341462,0.11817296459976478,0.16812293693090508,0.12673938311037258,5.727224479370085e-18,0.13295601637111698,345
2014,Marcel,pitching,Standard,WHIP,0.8041264850607293,0.3530452406058827,-0.17576537,0,0.8030510877748476,0.35256832419617146,-0.170777958,0,0.2618665571291188,0.1572034096545088,-1.88E-16,0.048050956,675
2014,Marcel,pitching,Fantasy,WHIP,0.20025396461161096,0.15115114369961466,0.019464553840730047,0.040983286080539916,0.19930645718227472,0.14960270042808888,-0.000531402,0.050037046898034454,0.1754752765834469,0.12943613619817151,-9.16E-17,0.055462806,345
2014,Steamer,pitching,Standard,WHIP,0.7929013955632386,0.3483378935445022,-0.138459135,0,0.7982935823081081,0.3495472410553833,-0.166586171,0,0.2568086645878138,0.1541943061024017,-5.94E-17,0.084469177,675
2014,Steamer,pitching,Fantasy,WHIP,0.19375692702518726,0.15066071908868145,0.046249097,0.1022024701041262,0.18830619703853055,0.14365786292549942,-0.007513726,0.15200526567917516,0.16490160571744167,0.12425441236644225,6.299946927307093e-17,0.16586381372110937,345
2014,ZiPS,pitching,Standard,WHIP,0.7803137851171175,0.35109407510994467,-0.107108103,0.029820692763106837,0.7854009473368704,0.35053290932615505,-0.139417325,0.017129522413263043,0.26657661448669545,0.16181806130335125,4.947019542189583e-17,0.013498564620400333,675
2014,ZiPS,pitching,Fantasy,WHIP,0.21895492170401265,0.16308766275919206,0.053090391,0,0.21244477415100707,0.1578272738596181,0.00318024,0,0.1878581073417591,0.13775547063222202,-2.86E-17,0,345
2014,Davenport,pitching,Standard,wOBA,0.23148634042262559,0.21294126193551804,-0.211388039,0,0.094909661,0.059854351,-0.010335425,0,0.051519044954571255,0.033895848,0,0,675
2014,Marcel,pitching,Standard,wOBA,0.088667174,0.053360511,-0.016566192,0,0.08927686,0.053540101,-0.019568565,0,0.040486807,0.027814417455118815,0,0.05807844,675
2014,Steamer,pitching,Standard,wOBA,0.091854539,0.05595084,-0.027053663,0,0.089282392,0.053986358,-0.016309198,0,0.039965855,0.02743423,-2.35E-17,0.082162268,675
2014,ZiPS,pitching,Standard,wOBA,0.091396428,0.056484467945851026,-0.031291575,0,0.087012953,0.052925245766026294,-0.014039579,0.035805615,0.040454288,0.027988949,7.420529313284374e-18,0.059590947,675
2015,Marcel,batting,Standard,1B/(BIP-HR),0.080375172,0.051220079,0.012367876628869725,0,0.080057299,0.051024949,0.010097880599706423,0.002416357,0.035725545,0.026598129907834164,1.9136835697324017e-17,0.12939057758362837,636
2015,Steamer,batting,Standard,1B/(BIP-HR),0.07893622,0.050090225,0.00467695,0.030159963514354016,0.079249303,0.050198577,0.008449796,0.022451396218369113,0.034833822936470527,0.026332700280461703,1.9136835697324017e-17,0.17230962081090795,636
2015,ZiPS,batting,Standard,1B/(BIP-HR),0.080481484,0.051036474,0.010777565113405602,0,0.080363252,0.050979398027974396,0.00985591,0,0.035413563,0.026371601,3.57220933016715e-17,0.1445298281878179,636
2015,Marcel,batting,Standard,2B/(BIP-HR),0.056797069,0.027816952,0.001642783,0.015449328146518782,0.056815158,0.027883289,0.00218034,0.014822094958976795,0.019799595209746317,0.014308477,-1.44E-17,0.10927126376874097,636
2015,Steamer,batting,Standard,2B/(BIP-HR),0.057429154695150586,0.027427767919278985,-0.002749675,0,0.057367945,0.027511986,0.000730783,0,0.019613314906784293,0.013996402,-1.50E-17,0.12595288588601528,636
2015,ZiPS,batting,Standard,2B/(BIP-HR),0.057035821,0.027492660198358117,-0.000135449,0.007154617,0.057049397,0.027560116,0.001251841,0.006681934,0.019787945356478966,0.014053026601914988,-1.79E-17,0.11031914441035628,636
2015,Marcel,batting,Standard,3B/(BIP-HR),0.011606609859640895,0.007325193,0.000150147,0.001743337,0.011617717322371645,0.00745026,0.00052963,0,0.007762059,0.005401558,1.146216721454303e-18,0.082627019,636
2015,Steamer,batting,Standard,3B/(BIP-HR),0.011199728178825983,0.00666076,-0.000945,0.070506388,0.011166365930679196,0.007041392,0.0003832,0.076035774,0.007277387,0.005093864,7.275984405753402e-19,0.19361394919356434,636
2015,ZiPS,batting,Standard,3B/(BIP-HR),0.011406626110347382,0.007190657,0.000720608,0.035847221,0.01138842,0.007119221,0.000322891,0.038922595,0.007778399,0.005352348,-8.37E-19,0.078760625,636
2015,Marcel,batting,Standard,AVG,0.076873942,0.047949749,0.019668729391181562,0,0.076394446,0.047645609921931516,0.017702183790437285,0.003956372,0.032475053,0.024119269248178095,8.930523325417875e-18,0.16295320004259806,636
2015,Marcel,batting,Fantasy,AVG,0.026621654750931232,0.021095315,-0.001072371,0.1233569354218862,0.026626633836460193,0.021085520663490922,0.001189583,0.12302898518568628,0.025754798785681442,0.020475136580550474,-9.11E-18,0.14557937636787643,268
2015,Steamer,batting,Standard,AVG,0.073606276,0.045308343,0.008583453,0.075334875,0.074375275,0.045719900866568526,0.013692090558371946,0.055913133,0.031369546771707287,0.023062784,-6.38E-18,0.21897220231239656,636
2015,Steamer,batting,Fantasy,AVG,0.027113380400150516,0.021381229303813126,-0.007276956,0.090673093,0.026133866006822416,0.020671831004049197,0.000893105,0.15518809035862935,0.025165769,0.019806574569194234,-4.39E-17,0.18421484032004987,268
2015,ZiPS,batting,Standard,AVG,0.07364621,0.045681445,0.012856825326476265,0.074331284,0.073831383,0.045809322136341285,0.013878288,0.069670497,0.031282664,0.023252995338064682,2.1688413790300552e-17,0.22329254525196285,636
2015,ZiPS,batting,Fantasy,AVG,0.026078292,0.020788508,-0.00321454,0.15877729707455857,0.025890595,0.020691833796555235,0.000760826,0.17084302837393872,0.024988579478720206,0.019938235868441543,-6.63E-18,0.19566209186501615,268
2015,Marcel,batting,Standard,BABIP,0.097130503,0.058560326179003024,0.014160806495424148,0.000424085,0.096942495,0.058383696871663504,0.012807850174187927,0.004289958,0.039165596190313325,0.028861464013766054,-5.87E-17,0.11352539802126982,636
2015,Steamer,batting,Standard,BABIP,0.095306783,0.056816069,0.000982274,0.03760774,0.095780394,0.056782959,0.009563778,0.028019081173445204,0.038424541,0.028009299,-8.80E-17,0.14675413235296464,636
2015,ZiPS,batting,Standard,BABIP,0.09542268,0.056804586,0.011362724494987264,0.035265688,0.095430791,0.056810993,0.011430642210993379,0.035101668269454156,0.037588913467787956,0.027708957,-3.83E-18,0.18346207993241526,636
2015,Marcel,batting,Standard,BB/PA,0.040210052846581676,0.027371520627234112,0.004338085,0.14431629496535292,0.040134900166295284,0.027257580009250788,0.00357503,0.1475118555015349,0.023141595387890086,0.017395586255218524,-2.05E-17,0.47453597876912346,636
2015,Steamer,batting,Standard,BB/PA,0.038705116,0.025733692669174555,-0.003119777,0.20716883198418135,0.038579684,0.025818664749331276,-0.000197673,0.21229914717081255,0.021961745,0.016653061,-9.85E-18,0.5267506103689751,636
2015,ZiPS,batting,Standard,BB/PA,0.03932697,0.025733768,-0.001704299,0.18148820632606733,0.039298905,0.025830353,0.000835497,0.1826559938600697,0.021650726,0.016345981,-3.03E-18,0.5400598390227526,636
2015,Marcel,batting,Standard,HBP/PA,0.013691633972270047,0.00708223,0.000369912,0.097009975,0.013698445238093085,0.007136234,0.000568679,0.096111319,0.00677133,0.004752124,-5.18E-19,0.291914638,636
2015,Steamer,batting,Standard,HBP/PA,0.013562486871027282,0.006748387,0.000166153,0.1139646405155107,0.013569450247368183,0.006836118,0.000465335,0.11305457415450171,0.006636364,0.004539922,-5.18E-19,0.3198603988244172,636
2015,ZiPS,batting,Standard,HBP/PA,0.013323295153843036,0.006647782,0.000377942,0.14494177222149174,0.013326969121784245,0.006673652,0.000490665,0.14447013369409534,0.006538112,0.004542441,1.4751310850020596e-18,0.3398503382726652,636
2015,Marcel,batting,Standard,HR/BIP,0.032335212536455715,0.02022249,0.001869248,0.1696616684765695,0.032600888,0.020850287450435635,0.004554782,0.15596099961182996,0.018906438287870773,0.014130449781663371,2.711051723787569e-18,0.4626202733251741,636
2015,Marcel,batting,Fantasy,HR/BIP,0.016974239,0.012828685892484138,-0.003400103,0.5352205961796215,0.016631214436757052,0.012954736231573524,0.00018222,0.5538158131187118,0.016437341522532924,0.012810352349695528,1.035489785278276e-18,0.5681228135550946,268
2015,Steamer,batting,Standard,HR/BIP,0.030739346999655977,0.018136501,-0.001147781,0.24959983258030816,0.030823552471349245,0.018648905,0.002549772,0.24548300170302528,0.017526640051347145,0.013034318064567571,-4.39E-18,0.5381944262990255,636
2015,Steamer,batting,Fantasy,HR/BIP,0.015514645420311753,0.012009349538816994,-0.003895693,0.6117155869850014,0.015017787,0.011746757211057763,7.835331774436255e-05,0.6361870519416666,0.015025297632830807,0.011726342805606364,-2.38E-18,0.6391362372381786,268
2015,ZiPS,batting,Standard,HR/BIP,0.030771154109053827,0.017907477,-0.000897318,0.24804609698610047,0.030854101447474448,0.018291996,0.002432454,0.24398666905377342,0.017370869865667816,0.012582686969741899,2.2326308313544686e-18,0.5463666568851322,636
2015,ZiPS,batting,Fantasy,HR/BIP,0.015251469635467677,0.011542263180380647,-0.003408716,0.6247768397652684,0.014865770191031346,0.011264938455066452,5.604860523651874e-05,0.6435151501597725,0.014816831024736885,0.011224043,-5.18E-19,0.6490802896484856,268
2015,Marcel,batting,Standard,OBP,0.08409687,0.051096166260502424,0.021980398,0,0.083516299,0.050757829,0.019642471,0.013349622657922944,0.035564406936021864,0.027074707058318753,5.358313995250725e-17,0.24349954358107673,636
2015,Steamer,batting,Standard,OBP,0.079611268,0.048069259,0.005798198,0.10345956265482437,0.080441437,0.048398694,0.012903099347434535,0.084664204,0.035146874,0.026420410928355422,5.358313995250725e-17,0.2611581789427224,636
2015,ZiPS,batting,Standard,OBP,0.08006999,0.048174122939614754,0.011135795748670452,0.09309801,0.08051361,0.04837148,0.013972974351151947,0.083020972,0.034123868726406076,0.025619817,4.592840567357764e-17,0.3035425671094987,636
2015,Marcel,batting,Standard,PA,181.13182332595133,144.8569182389937,39.661949685534594,0.3356397968575977,181.13182332595133,144.8569182389937,39.661949685534594,0.3356397968575977,181.13182332595133,144.8569182389937,39.661949685534594,0.3356397968575977,636
2015,Marcel,batting,Fantasy,PA,168.47668025885594,124.31716417910448,-71.95895522,0,168.47668025885594,124.31716417910448,-71.95895522,0,168.47668025885594,124.31716417910448,-71.95895522,0,268
2015,Steamer,batting,Standard,PA,141.62021980300307,102.8388365,-13.45298781,0.5938704221797924,141.62021980300307,102.8388365,-13.45298781,0.5938704221797924,141.62021980300307,102.8388365,-13.45298781,0.5938704221797924,636
2015,Steamer,batting,Fantasy,PA,147.2929004083919,112.12350733600445,-57.49589649,0,147.2929004083919,112.12350733600445,-57.49589649,0,147.2929004083919,112.12350733600445,-57.49589649,0,268
2015,ZiPS,batting,Standard,PA,262.23330567220785,209.7814465408805,173.8317610062893,0,262.23330567220785,209.7814465408805,173.8317610062893,0,262.23330567220785,209.7814465408805,173.8317610062893,0,636
2015,ZiPS,batting,Fantasy,PA,112.30543706352712,87.14552239,10.10820895522388,0.037893112,112.30543706352712,87.14552239,10.10820895522388,0.037893112,112.30543706352712,87.14552239,10.10820895522388,0.037893112,268
2015,Marcel,batting,Standard,R/PA,0.12445670334487599,0.038598108,-0.001923753,0.011799869109835437,0.12445062784469701,0.038633415,-0.001479388,0.011896347,0.025754821501415996,0.018065487696824565,1.2119995941638544e-17,0.12817715883891723,636
2015,Marcel,batting,Fantasy,R/PA,0.020464588960922524,0.016039766742450102,-0.001659175,0.14479260046691034,0.020407775565836075,0.015962208831067637,0.000656326,0.14953442963260677,0.019728987822929894,0.015352096380867535,-1.57E-17,0.1801972469200056,268
2015,Steamer,batting,Standard,R/PA,0.12676170167110398,0.039372731,-0.012329136,0,0.12626289314121036,0.038884697,-0.005079052,0,0.026610890389500617,0.018535108,6.378945232441339e-18,0.069256597,636
2015,Steamer,batting,Fantasy,R/PA,0.022334206079989434,0.017657657062820412,-0.007328737,0,0.021102674210899845,0.016353015037621998,0.000465275,0.090630496,0.020495819,0.015874608629953563,-2.49E-18,0.11523014119518771,268
2015,ZiPS,batting,Standard,R/PA,0.12536569889586324,0.039085272,-0.001435686,0,0.12540917289717507,0.038835069,-0.00360047,0,0.025983892121454563,0.018338345,4.465261662708937e-18,0.11259971577597905,636
2015,ZiPS,batting,Fantasy,R/PA,0.020996472614310285,0.016457309195531372,0.001615454,0.099760474,0.020941891216890877,0.016418259628318776,0.000566248,0.10443482693692141,0.020413299935168158,0.01597744,-1.16E-17,0.12234022042049786,268
2015,Marcel,batting,Standard,RBI/PA,0.050545954,0.034476876,0.008918651,0.05943467,0.050720947,0.034623472,0.009862214,0.052910839,0.027600717,0.020729644530767755,-6.38E-19,0.3007751463716529,636
2015,Marcel,batting,Fantasy,RBI/PA,0.023923884230034744,0.018474768587239482,-0.002671804,0.37923077383590076,0.023782067156367923,0.01839835,0.000610753,0.38656860771955825,0.023041025711642293,0.017815375852704974,1.3668465165673243e-17,0.4150161974678337,268
2015,Steamer,batting,Standard,RBI/PA,0.048227923,0.03226818,0.004798577,0.14372495363411797,0.048583004,0.032554337,0.007576414,0.13106978683263637,0.025826109554799352,0.019076017177987476,-3.83E-18,0.38779889599849493,636
2015,Steamer,batting,Fantasy,RBI/PA,0.022315582,0.017152786036764324,-0.0039439,0.45988874751399356,0.021969555017063564,0.016976523411680818,0.000480108,0.47650888370555067,0.021309786790615487,0.016408486339994057,2.070979570556552e-18,0.4996217394112522,268
2015,ZiPS,batting,Standard,RBI/PA,0.04966257,0.033842145788428785,0.008264009,0.092023621,0.049353804,0.033548234,0.006141738,0.10327881265746763,0.027253544943360384,0.020550556,4.784208924331004e-18,0.3182547341623554,636
2015,ZiPS,batting,Fantasy,RBI/PA,0.023119924234906164,0.017924778,0.001801733,0.42025153426257356,0.023054092706549487,0.017888058340775927,0.00045446,0.4235483782095658,0.022611592,0.017561474608421106,6.627134625780966e-18,0.4366185958715726,268
2015,Marcel,batting,Standard,SB/TOF,0.23564591598969145,0.056838042634768306,0.00126446,0.042567125555890484,0.23575409820070944,0.053494805,-0.007252307,0.041687832,0.049728839,0.030473155361064506,-5.74E-18,0.5087381210268351,636
2015,Marcel,batting,Fantasy,SB/TOF,0.041728861,0.030773435382446007,0.008353833,0.6006539743766666,0.040897971,0.028185637,0.001064295,0.6163989101687151,0.040672869,0.028121098271612452,-6.21E-19,0.6171984387595777,268
2015,Steamer,batting,Standard,SB/TOF,0.22672521620388822,0.053296989,0.006576566,0.11368489650975644,0.22668480724172968,0.048644578,-0.004992934,0.11400080210189467,0.043928161,0.026372548794091677,-5.10E-18,0.6166614776520902,636
2015,Steamer,batting,Fantasy,SB/TOF,0.03527029,0.026602175383009914,0.011116489016069856,0.7147048587550857,0.033505734,0.023626904,0.001489013,0.7425371459733408,0.033469824021734686,0.02356551,-4.97E-18,0.7407785440184957,268
2015,ZiPS,batting,Standard,SB/TOF,0.23131501581380345,0.054064506,0.008182443,0.077436746,0.23128047483056036,0.0506842,-0.007139599,0.077712248,0.047852463483721956,0.028983245019556438,-1.20E-17,0.5451114340316499,636
2015,ZiPS,batting,Fantasy,SB/TOF,0.040817246,0.029030535042397002,0.015324776,0.6179117325099346,0.037837242,0.026517992,0.0006768,0.6716664654273028,0.037604337,0.026397533,4.556155055224414e-18,0.6727799093812254,268
2015,Marcel,batting,Standard,SLG,0.14118335127290566,0.088858828,0.030850783088739932,0.047251745,0.14176559583407675,0.089309516,0.033414312842412565,0.039377213701132785,0.065131038,0.049444647,6.123787423143685e-17,0.2784652577519464,636
2015,Steamer,batting,Standard,SLG,0.13614373597784968,0.084490644,0.007809232,0.11405549842489071,0.13790015897565347,0.085760938,0.023287789,0.091048475,0.064484788,0.048700278,-7.65E-18,0.2927127836569735,636
2015,ZiPS,batting,Standard,SLG,0.13463334430352136,0.083418934,0.014446272678636428,0.13360396396294583,0.1357881565056925,0.08436746,0.022825004779176608,0.11867726508059107,0.063261077,0.048327764,-4.59E-17,0.3193020976016714,636
2015,Marcel,batting,Standard,SO/PA,0.10274135985922798,0.058527975,-0.025914068,0.11761788442966448,0.10166472241579708,0.057926823,-0.021247768,0.13601413735517287,0.041425712,0.029401617,-2.17E-17,0.5417332835664472,636
2015,Steamer,batting,Standard,SO/PA,0.096165776,0.053678077042251034,-0.026437401,0.22695075655001595,0.094439661,0.052468967,-0.019233547,0.25445318268657313,0.036572204535805605,0.026614519,2.0412624743812285e-17,0.6428253420260632,636
2015,ZiPS,batting,Standard,SO/PA,0.093108815,0.051965308,-0.017654255,0.27531766640352984,0.09278043,0.0517976,-0.015831281,0.2804204105502922,0.036771337896456306,0.026705605718943898,3.1894726162206695e-18,0.6389251655105205,636
2015,Marcel,batting,Standard,wOBA,0.088508791,0.054178926,0.022219974853425077,0.022775292139588177,0.088485616,0.054167132,0.022127481984572147,0.023286972,0.038283826,0.028834533790671215,6.761681946387819e-17,0.26500882269925796,636
2015,Steamer,batting,Standard,wOBA,0.084193185,0.051897692702331515,0.00571098,0.11574912052688924,0.085348871,0.052114043,0.01511796,0.091306993,0.037808356,0.028219879177555005,1.2757890464882678e-17,0.283152045,636
2015,ZiPS,batting,Standard,wOBA,0.083728904,0.051186607,0.011087398084577973,0.12547458423115243,0.084411126,0.051523411,0.015415551777560203,0.1111652801210734,0.036595644,0.027602798237613267,4.9755772813042444e-17,0.32840067940118145,636
2015,Marcel,pitching,Standard,1B/(BIP-HR),0.07285588,0.045874534,-0.002589168,0.000508642,0.072842762,0.045866286923269765,-0.002189166,0.000868548,0.035529103,0.026075001,-1.55E-17,0.021963306,712
2015,Steamer,pitching,Standard,1B/(BIP-HR),0.073815686,0.046758628,-0.006818413,0,0.073532819,0.046665265,-0.002193325,0,0.036442002251750136,0.026866087962584405,-2.97E-17,0,712
2015,ZiPS,pitching,Standard,1B/(BIP-HR),0.093481977,0.07349751,0.056507820636341036,0,0.074603754,0.046913102127198424,-0.004469228,0,0.036810454398763855,0.027091729245570177,-6.20E-18,0,712
2015,Marcel,pitching,Standard,2B/(BIP-HR),0.037309932,0.025212948482185606,-0.003367612,0,0.037202851,0.025177599670561004,-0.001833562,0,0.020503102289459896,0.015050135983851444,9.912694773030428e-18,0,712
2015,Steamer,pitching,Standard,2B/(BIP-HR),0.037757679,0.025883198,-0.002538664,0,0.037747776,0.025884291024304274,-0.002386867,0,0.02124213,0.015710910338691847,1.084200990800203e-17,0,712
2015,ZiPS,pitching,Standard,2B/(BIP-HR),0.07517745,0.065734894,-0.063086254,0,0.040900774,0.027631259,0.001048682,0,0.022263371,0.015824128428791672,1.1771325042973632e-17,0,712
2015,Marcel,pitching,Standard,3B/(BIP-HR),0.011158115,0.007669468,9.015790087873261e-07,0,0.011177081835614873,0.007814354,0.000650876,0,0.007347537,0.005496574,1.1616439187145031e-19,0,712
2015,Steamer,pitching,Standard,3B/(BIP-HR),0.010813340652607927,0.007247146,-0.000429891,0.001130405,0.010806237,0.007397953,0.000176721,0.002442337,0.007065448,0.005211263,4.6465756748580125e-19,0,712
2015,ZiPS,pitching,Standard,3B/(BIP-HR),0.012887323,0.00746511,-0.006751395,0,0.010991831271092043,0.007603105,0.000564456,0,0.007048925,0.005194321,-7.74E-20,0,712
2015,Marcel,pitching,Standard,BABIP,0.077408726,0.047877149,-0.005955879,0,0.077252882,0.047744075,-0.003371852,0.002345311,0.037527762,0.026283649,-1.73E-17,0.021061303865847147,712
2015,Steamer,pitching,Standard,BABIP,0.077521266,0.048036778,-0.009786967,0,0.07702696,0.047627846,-0.00440347,0.008171962,0.037109327,0.026005032497361028,-2.48E-18,0.042769921491842555,712
2015,ZiPS,pitching,Standard,BABIP,0.078150833,0.0493581,-0.013329829,0,0.077058586,0.047934515,-0.00285609,0.007357336,0.037392743,0.026495238,-3.72E-18,0.028092759,712
2015,Marcel,pitching,Standard,BB/BF,0.043672061,0.026559885,-0.010448213,0.031457846735874484,0.043520246,0.026482187188202375,-0.009794286,0.038179939,0.021943130565274662,0.015678544,-5.27E-18,0.2465048168315105,712
2015,Steamer,pitching,Standard,BB/BF,0.039822423631808074,0.024884444,-0.006119375,0.19468362373716097,0.039863572,0.024892207,-0.006381669,0.1930184989614837,0.020921204194195513,0.015164189,-5.58E-18,0.3150534816798113,712
2015,ZiPS,pitching,Standard,BB/BF,0.039834694,0.025215504,-0.004954441,0.19418726726165159,0.040057365,0.025246788,-0.006506622,0.1851533043877056,0.021503775,0.015448169,-3.10E-18,0.27637639450966867,712
2015,Marcel,pitching,Standard,BF,175.33591756615084,128.39747191011236,5.757022471910112,0.4694498403571554,175.33591756615084,128.39747191011236,5.757022471910112,0.4694498403571554,175.33591756615084,128.39747191011236,5.757022471910112,0.4694498403571554,712
2015,Marcel,pitching,Fantasy,BF,184.46488679594663,134.06413994169097,-65.27696793,0.33396820408126815,184.46488679594663,134.06413994169097,-65.27696793,0.33396820408126815,184.46488679594663,134.06413994169097,-65.27696793,0.33396820408126815,343
2015,Steamer,pitching,Standard,BF,169.06225401174794,117.27747596917527,-12.90555013,0.5067376377636359,169.06225401174794,117.27747596917527,-12.90555013,0.5067376377636359,169.06225401174794,117.27747596917527,-12.90555013,0.5067376377636359,712
2015,Steamer,pitching,Fantasy,BF,191.948728,138.85715444164444,-55.66750602,0.2788293889813287,191.948728,138.85715444164444,-55.66750602,0.2788293889813287,191.948728,138.85715444164444,-55.66750602,0.2788293889813287,343
2015,ZiPS,pitching,Standard,BF,239.48983814178374,181.4359554588125,137.1764047346758,0.010174017607001096,239.48983814178374,181.4359554588125,137.1764047346758,0.010174017607001096,239.48983814178374,181.4359554588125,137.1764047346758,0.010174017607001096,712
2015,ZiPS,pitching,Fantasy,BF,164.87093916737345,120.21282843042046,45.89446071980646,0.467945933,164.87093916737345,120.21282843042046,45.89446071980646,0.467945933,164.87093916737345,120.21282843042046,45.89446071980646,0.467945933,343
2015,Marcel,pitching,Standard,ER/BF,0.06788399,0.037769004,-0.014635265,0,0.066939615,0.037258562,-0.009320245,0.005862117,0.029777333320700615,0.021023001495702107,8.673607926401625e-18,0.058872574,712
2015,Steamer,pitching,Standard,ER/BF,0.067559064,0.036842063150180585,-0.013498749,0,0.067001144,0.036560818,-0.010350958,0.004033737,0.028261279,0.019349131886336787,-6.20E-18,0.15226435668069782,712
2015,ZiPS,pitching,Standard,ER/BF,0.066796804,0.036593196,-0.010959322,0.010099448514100384,0.066381387,0.036437577,-0.00804874,0.022373781101992174,0.028580204,0.020203419092921643,-3.72E-18,0.13302322728486804,712
2015,Marcel,pitching,Standard,ERA,3.904883131491345,1.7959853500380147,-0.859313814,0,3.854601231250617,1.771362775909215,-0.590134402,0,1.4590963433717075,0.930540947,1.5860311636848684e-16,0.061074071,712
2015,Marcel,pitching,Fantasy,ERA,1.0688690133476786,0.8173397459019384,-0.084463888,0.053723912966922915,1.0662551262929856,0.8202099082532949,0.039410341445218766,0.058346433,0.9686982213099901,0.7434446902997801,9.58870541731199e-16,0.082070854,343
2015,Steamer,pitching,Standard,ERA,3.8707165392387646,1.7547761855849577,-0.778895,0,3.843424969314278,1.7425302540647443,-0.629401611,0.001522046,1.409434762678624,0.86253139,3.965077909212171e-16,0.12390066246658105,712
2015,Steamer,pitching,Fantasy,ERA,0.9592192511316526,0.7346467394104979,0.026334561,0.23791280590229125,0.9588644368556677,0.7339329269886697,0.003598006,0.23847649226586354,0.8642925846650045,0.6590487814088701,2.8766116251935974e-16,0.26927539867107664,343
2015,ZiPS,pitching,Standard,ERA,3.857176060505572,1.741912112576895,-0.572729845,0,3.850218027966502,1.7402640168026724,-0.523823612,0,1.4213150120981433,0.9019525243080404,7.930155818424342e-17,0.10906897948212757,712
2015,ZiPS,pitching,Fantasy,ERA,1.0354283477866693,0.8014309131959988,0.14256329921699826,0.11200812298249863,1.0272667856982947,0.7933934034003246,0.059071819696956365,0.1259517970988009,0.9381372902614361,0.7291385067681018,8.150399604715193e-16,0.13907572501662568,343
2015,Marcel,pitching,Standard,HBP/BF,0.012694692353832263,0.007308006,-0.000590246,0.042358028,0.012686556051709548,0.007344148,-0.000376671,0.043585181317833954,0.006264075,0.00432658,-1.05E-18,0.11937118001480618,712
2015,Steamer,pitching,Standard,HBP/BF,0.012787551,0.007305133,-0.000735653,0.028296868,0.012775130584756524,0.00735349,-0.000472942,0.030183636855042884,0.006213897,0.004299249,-2.40E-18,0.1334230920848125,712
2015,ZiPS,pitching,Standard,HBP/BF,0.012699480366164924,0.007778649,0.000986936,0.041635511,0.012663135,0.007598778,0.000228524,0.047113294,0.006483393,0.004579241,4.6465756748580125e-19,0.056626381,712
2015,Marcel,pitching,Standard,HLD/G,0.103069342,0.08325475,0.022264736,0.16941826593437448,0.101411842,0.070061802,-0.012521613,0.195917324,0.081784207,0.055510710791656266,-1.24E-17,0.29965747635847606,712
2015,Steamer,pitching,Standard,HLD/G,0.10223262068791254,0.061131312,-0.007596706,0.1828489280521397,0.10206780362435605,0.062341307,-0.004902831,0.18548158825221328,0.080242763,0.042844069,0,0.325808373,712
2015,ZiPS,pitching,Standard,HLD/G,0.13449394252907546,0.075443448,-0.070732351,0,0.11602943988519997,0.084757397,-0.01942359,0,0.097583739,0.07237112,-8.67E-18,0.002928005,712
2015,Marcel,pitching,Standard,HR/BIP,0.040642492,0.022143684466949188,-0.008522724,0,0.040019648,0.022149558921437305,-0.004732536,0.005808395,0.017059142320442512,0.011527431858441104,5.5758908098296154e-18,0.03958932,712
2015,Steamer,pitching,Standard,HR/BIP,0.04080036,0.021792594,-0.008709392,0,0.040263822289148876,0.021808382,-0.005688545,0,0.016776562,0.011095266672298966,4.646575674858013e-18,0.071143702,712
2015,ZiPS,pitching,Standard,HR/BIP,0.040493836,0.022237269,-0.007351468,0,0.04004816,0.022207713784046016,-0.004260096,0.004391296,0.017549676,0.011922582,4.336803963200812e-18,0,712
2015,Marcel,pitching,Standard,L/G,0.17645096426747697,0.12294317005625915,-0.0025756,0.15674758773434416,0.18305694609605208,0.14056762411709156,0.048800988,0.092426209,0.13621277717424485,0.10569727680548564,2.973808431909128e-17,0.2874200298374403,712
2015,Steamer,pitching,Standard,L/G,0.16246435005041499,0.098336388,0.00498135,0.28513229932320183,0.16239273486195202,0.097430981,-0.001244648,0.285762396,0.12306703121954839,0.084430085,9.912694773030428e-18,0.4183237073937034,712
2015,ZiPS,pitching,Standard,L/G,0.1690799243576572,0.11546251372114665,0.034181443,0.2257279006126397,0.16720436669394387,0.11286051822184694,0.023187292,0.2428102075725419,0.12581170064637665,0.092767051,2.4781736932576068e-17,0.3920890289611282,712
2015,Marcel,pitching,Standard,R/BF,0.069432315,0.039422972,-0.015131184,0,0.068505034,0.038941384,-0.010052168,0.006877311,0.030857155,0.021752280574405983,4.956347386515214e-18,0.068993221,712
2015,Steamer,pitching,Standard,R/BF,0.069024997,0.038153732,-0.013711974,0,0.068560117,0.037979304,-0.011138119,0.005279576,0.029505610282247813,0.019858226739298178,7.43452107977282e-18,0.14876343790704327,712
2015,ZiPS,pitching,Standard,R/BF,0.068545092,0.038291801,-0.012724374,0.005715523,0.067892257,0.037953968340855654,-0.008534558,0.024564787,0.029877952475714734,0.020734259,-2.48E-18,0.12714374264748318,712
2015,Marcel,pitching,Standard,SO/BF,0.066451375,0.046096768,0.004836824,0.18186778158410855,0.066434565,0.046069569,0.004600119,0.18228164308438943,0.04301998,0.033085607,9.912694773030428e-18,0.38693584868308406,712
2015,Marcel,pitching,Fantasy,SO/BF,0.043950984,0.034778619450538284,-0.003166454,0.4219839507135089,0.043888152,0.034809832918473435,-0.002123044,0.42363542693663114,0.039378996,0.030941482397769008,-3.00E-17,0.45313687334919495,343
2015,Steamer,pitching,Standard,SO/BF,0.06245586,0.041853915,0.002837015,0.2772935234893942,0.062599552,0.042064233,0.005100789,0.2739642529297355,0.037584748,0.028589692206873005,-3.72E-17,0.5320614766018965,712
2015,Steamer,pitching,Fantasy,SO/BF,0.036936134,0.029318829265413543,-0.004652513,0.5917694069951664,0.036647043,0.029274024073283063,-0.000611314,0.5981346431436225,0.032995529,0.025939035496132707,1.7229705046732486e-17,0.6160633494801432,343
2015,ZiPS,pitching,Standard,SO/BF,0.063710057,0.042743377,-0.00391258,0.24797627338204764,0.063692396,0.042905829,0.003613618,0.24839314933111678,0.039760707,0.030383741055970595,-4.96E-18,0.47631070748580584,712
2015,ZiPS,pitching,Fantasy,SO/BF,0.040371277,0.03157212,-0.009600752,0.5123057176021957,0.039228755,0.031189349525374013,-0.001108901,0.53951897,0.035564686,0.027992708039118016,1.5731469825277487e-17,0.5539461069547124,343
2015,Marcel,pitching,Standard,SV/G,0.094277879,0.05649692,0.021458486,0.35252785959606425,0.091853682,0.043118412060374624,0.003040888,0.385397085,0.082224224,0.035123866,4.956347386515214e-18,0.41198850846318313,712
2015,Marcel,pitching,Fantasy,SV/G,0.10773300576312184,0.060299878446780045,0.006443487,0.42031635207906215,0.10791818647189909,0.050669658760724656,-0.009025129,0.41832181965198956,0.084363104,0.036849703,-3.00E-18,0.4231215587022571,343
2015,Steamer,pitching,Standard,SV/G,0.080227337,0.025436765426156936,-0.006788381,0.5311367118656154,0.079939729,0.030197015,0.00012984,0.5344923489707198,0.070335688,0.025409456005547577,-9.29E-19,0.5697333017281361,712
2015,Steamer,pitching,Fantasy,SV/G,0.093132862,0.033452953851791464,-0.011088426,0.56678908,0.092531301,0.03787705,-0.003356319,0.5723673726009658,0.071454518,0.026108537,1.4982352214549988e-18,0.586154155,343
2015,ZiPS,pitching,Standard,SV/G,0.12193613428411033,0.035405235953478754,-0.031646139,0,0.1177920631781315,0.053608985,-0.002833272,0,0.10731446947607212,0.048725404,0,0,712
2015,ZiPS,pitching,Fantasy,SV/G,0.15053144281907638,0.051888412,-0.051431311,0,0.14292106671656346,0.066984745,-0.020295216,0,0.11100356488044162,0.051804336591010476,0,0.001258575,343
2015,Marcel,pitching,Standard,W/G,0.15200290522095905,0.11503952905137103,0.024197585,0.19022317552111312,0.166190521,0.1363755788921385,0.071413788,0.032002885794056635,0.14055120523066397,0.11281324775398045,-2.73E-17,0.35135935944748664,712
2015,Marcel,pitching,Fantasy,W/G,0.13012014927735568,0.095475921,-0.033231326,0.3755304715991634,0.13035802450432724,0.10843446270833608,0.034150876,0.37324517433472915,0.1305426674669726,0.10569175671961667,1.7978822657459984e-17,0.36215527849441576,343
2015,Steamer,pitching,Standard,W/G,0.13507840311932748,0.086742392,0.01839262,0.3605105242643545,0.13579353439010267,0.087744378,0.023065070330583186,0.353721438,0.11431715930500393,0.07941007,-2.73E-17,0.5709006508012561,712
2015,Steamer,pitching,Fantasy,W/G,0.10191441501177835,0.069018044,-0.003894002,0.616916561,0.10210102616907091,0.069444832,0.007296219,0.6155123808292768,0.10529468530262408,0.076002982,2.8466469207644975e-17,0.585024074,343
2015,ZiPS,pitching,Standard,W/G,0.1427876203293981,0.10305954971766881,0.050680833,0.2854334579233406,0.13674465187767346,0.096653706,0.029653703439268972,0.3446364760927191,0.12075493482797589,0.088988019,-4.83E-17,0.5212103170948594,712
2015,ZiPS,pitching,Fantasy,W/G,0.11306314263054973,0.081251457,0.019941267282190967,0.5285189402339491,0.11155696958072764,0.079693662,0.007703076,0.5409969596774254,0.1157774916139785,0.086059763,1.4982352214549988e-18,0.4982836285386135,343
2015,Marcel,pitching,Standard,WHIP,0.548905369,0.2888452000037775,-0.143538057,0,0.540958874,0.2832782560804925,-0.109282078,0.001213958,0.2303624775786552,0.15407421503605914,1.4869042159545642e-16,0.14499571397264455,712
2015,Marcel,pitching,Fantasy,WHIP,0.17168114725384317,0.13492217614988636,-0.003439772,0.19359159068749643,0.1716533838755069,0.13483399977211719,0.001516543,0.1938523859097313,0.157278116,0.12274735404858998,3.356046896059197e-16,0.22796043256097342,343
2015,Steamer,pitching,Standard,WHIP,0.539068499,0.2841791125829265,-0.125796656,0.008182256,0.5344897237453156,0.2818075521672915,-0.104447199,0.024959432,0.22664921652523587,0.14955402003148643,-4.96E-17,0.17233754567621618,712
2015,Steamer,pitching,Fantasy,WHIP,0.1672443230455668,0.1315694662776723,0.010801084003587941,0.23473367251481547,0.16690075707295376,0.1312247249247699,0.001364748,0.23787457931236244,0.15126957452106496,0.11716971907919353,3.595764531491997e-17,0.28582254602253676,343
2015,ZiPS,pitching,Standard,WHIP,0.5346731989913908,0.2787211085032369,-0.089598882,0.024289908997878973,0.5349304939020324,0.2788350344661678,-0.091121695,0.023350623,0.22866802070678488,0.15332094425463452,1.5860311636848684e-16,0.15752761253785896,712
2015,ZiPS,pitching,Fantasy,WHIP,0.179313961,0.13993100062459643,0.035083781,0.1202930130489065,0.1760205991687868,0.13743845635247284,0.007786304,0.15231045974022406,0.16153772263917673,0.12530889713957546,4.794352708655996e-17,0.18557541197108374,343
2015,Marcel,pitching,Standard,wOBA,0.084108915,0.048512768,-0.021295679,0,0.08251799,0.047135157,-0.013726436,0.029064562741844213,0.038076142,0.027285390710777877,1.486904215954564e-17,0.16716280574324283,712
2015,Steamer,pitching,Standard,wOBA,0.084153599,0.048105695,-0.021581766,0,0.082705147,0.04701835,-0.014969496,0.024655251,0.036901086,0.026025987581722924,-4.46E-17,0.21777345455398622,712
2015,ZiPS,pitching,Standard,wOBA,0.089125334,0.055212724,-0.037481977,0,0.081507239,0.046529409573604595,-0.010247114,0.052704588760330795,0.037666061,0.026900637779374865,1.3629955312916838e-17,0.18500554062368435,712
2016,Davenport,batting,Standard,1B/(BIP-HR),0.082494324,0.051326611,0.010598382502721418,0,0.082225745,0.051112717,0.008251384,0,0.037103358993080995,0.027366718362060703,-3.17E-17,0,633
2016,Marcel,batting,Standard,1B/(BIP-HR),0.082218765,0.050392529,0.013752018539435298,0,0.081838092,0.049970694,0.011254602414327287,0,0.035772345,0.026192764,-3.30E-17,0.064065177,633
2016,Steamer,batting,Standard,1B/(BIP-HR),0.081398753,0.048744378,0.012769271895606957,0,0.081372827,0.048725119,0.012602947178318707,0,0.033805112297144654,0.024501958048560736,5.074738878322331e-18,0.16417462715283648,633
2016,ZiPS,batting,Standard,1B/(BIP-HR),0.080987684,0.049560669,0.011818901741508219,0.008979764,0.080992456,0.049565674,0.011851560917599546,0.00886296,0.035004939,0.025825876055979653,-3.04E-17,0.10379074639527863,633
2016,Davenport,batting,Standard,2B/(BIP-HR),0.049151563,0.028573735842252094,-9.49E-05,0,0.049161332,0.028646555,0.000984565,0,0.022720837,0.016718401004429877,2.8545406190563114e-18,0,633
2016,Marcel,batting,Standard,2B/(BIP-HR),0.047700532,0.027519378,0.001731927,1.019067019814024e-05,0.047733927,0.027599521697891028,0.002487302,0,0.020950079513306175,0.015653269418056687,6.977765957693206e-18,0.017787327533978048,633
2016,Steamer,batting,Standard,2B/(BIP-HR),0.047894455,0.026845734,-0.001359667,0,0.047894589,0.026937970420274873,0.001364388,0,0.020088792484049506,0.014842663672128626,1.554138781486214e-17,0.096887513,633
2016,ZiPS,batting,Standard,2B/(BIP-HR),0.048258056495327065,0.027306326724424897,-0.00043536,0,0.048278936594049256,0.027427969,0.001485005,0,0.020975876,0.015660466521825143,6.977765957693206e-18,0.015367012809253788,633
2016,Davenport,batting,Standard,3B/(BIP-HR),0.015527907,0.007039583,-0.000281464,0,0.015542544587794515,0.007014613,-0.000730766,0,0.007653872,0.005070826,7.731047509944177e-19,0.079715104,633
2016,Marcel,batting,Standard,3B/(BIP-HR),0.015315744,0.007657283,0.000309652,0.00422903,0.015312685551409811,0.007574692,4.68636415815823e-05,0.004626741,0.007662949,0.005091653,-7.93E-20,0.077530936,633
2016,Steamer,batting,Standard,3B/(BIP-HR),0.015095809429146467,0.007009851,-0.000673711,0.032622349,0.015080773470543513,0.007248315,1.2381680414198966e-05,0.034548474,0.007210549,0.004859144,4.1628717361237874e-19,0.18323602087809443,633
2016,ZiPS,batting,Standard,3B/(BIP-HR),0.015294513469348589,0.00765512,0.001065227,0.006987825,0.015257383174816303,0.007394134,1.7540224893667055e-05,0.011803418855384051,0.00748672,0.005053246,-1.98E-19,0.11947206654905196,633
2016,Davenport,batting,Standard,AVG,0.073541075,0.045975598,0.012928425,0.052035905,0.07387283,0.046111261619269595,0.014698620503019072,0.043463799,0.032324916,0.023920376871390134,-5.07E-17,0.20321461200683577,633
2016,Davenport,batting,Fantasy,AVG,0.027081978151129834,0.021570059223032033,-0.004632717,0.10979151905802664,0.026687191,0.021101903640569544,0.000484422,0.1355563766629897,0.025503519,0.020053224678354603,-4.11E-17,0.19789997780717006,268
2016,Marcel,batting,Standard,AVG,0.076424828,0.047576357496211946,0.021113970006733696,0,0.075940716,0.047286059,0.019288276757483996,0,0.032842141,0.024021833400640513,-2.79E-17,0.1775121599368661,633
2016,Marcel,batting,Fantasy,AVG,0.026459998723034745,0.020560612752633423,-0.002071191,0.15021199133265006,0.026403000569738273,0.020428064340297643,0.001129929,0.1538691478361679,0.025372986,0.019524242,6.576054935308655e-18,0.2060896906264702,268
2016,Steamer,batting,Standard,AVG,0.075176285,0.045873152,0.016660262891188084,0.009410636,0.075418867,0.045997213390941157,0.017722754,0.003007374,0.031282315613872326,0.022845627600376964,7.612108317483497e-18,0.2537843663488931,633
2016,Steamer,batting,Fantasy,AVG,0.025171914508329857,0.020157217,-0.004461652,0.23093427447624093,0.024796264043172568,0.019701045627772234,0.001065726,0.2537171433398887,0.023848514203858244,0.018780791,6.576054935308655e-18,0.29862392251918624,268
2016,ZiPS,batting,Standard,AVG,0.073713753,0.045618259,0.014340967,0.047578952,0.074108629,0.045806793141544434,0.016249150551244006,0.037347592,0.031634494,0.023024547423291533,1.776158607412816e-17,0.23688789010301647,633
2016,ZiPS,batting,Fantasy,AVG,0.025874732963881625,0.020357963,-0.004985891,0.1873889688836856,0.025400452307048325,0.019807942,0.000735036,0.2169060637854412,0.024396819859953407,0.018870021,1.315210987061731e-17,0.2660022413639892,268
2016,Davenport,batting,Standard,BABIP,0.095963313,0.056980064,0.010222002058625113,0.003179232,0.095795648,0.056824576,0.008505183,0.006659428,0.039830026044066366,0.028687487105687425,-2.54E-17,0.063550149,633
2016,Marcel,batting,Standard,BABIP,0.096725926,0.057798214,0.015793597517563835,0,0.096418863,0.057497246,0.013788768433864458,0,0.039733782595056666,0.028806958390085197,-1.52E-17,0.068070271,633
2016,Steamer,batting,Standard,BABIP,0.096165949,0.056193613,0.010735893475778238,0,0.096581897,0.056444167,0.013979717199596719,0,0.037550814,0.027244277,-1.01E-17,0.16765752344748364,633
2016,ZiPS,batting,Standard,BABIP,0.095721465,0.056625389,0.012448768416769132,0.008197302,0.09584341,0.056745587,0.013354106383602588,0.005668671,0.038624822,0.028073354855063334,-2.41E-17,0.11936423419890618,633
2016,Davenport,batting,Standard,BB/PA,0.0517391,0.027794856,0.000471043,0.12290722489277417,0.051904073,0.027928921535629297,0.004161744,0.11730502027271095,0.022463943041972387,0.016978442399113877,8.12751148481311e-18,0.48397439005843523,633
2016,Marcel,batting,Standard,BB/PA,0.052637569,0.029263611575467197,0.001321428,0.09218066,0.052887398,0.029588958,0.005301825,0.083542812,0.023377583361160702,0.017817068074638794,-5.23E-18,0.44114581708021794,633
2016,Steamer,batting,Standard,BB/PA,0.051515645,0.027317798,-0.005071568,0.1304670111052607,0.051287364,0.027087104590714096,0.001500946,0.1381562464331556,0.021773584398993254,0.016466764,-6.82E-18,0.5152038798263319,633
2016,ZiPS,batting,Standard,BB/PA,0.051632356,0.027798830593819483,-0.00516306,0.12652259970631974,0.051419117,0.027513061647463963,0.002163931,0.13372253458325867,0.022192150961932167,0.016878601,-4.11E-18,0.4963856767606414,633
2016,Davenport,batting,Standard,HBP/PA,0.01625461,0.009003994,-0.008944784,0,0.013573474200335205,0.008144727,0.000189787,0.008284336,0.008382173,0.005645304,-5.50E-19,0,633
2016,Marcel,batting,Standard,HBP/PA,0.01305154,0.007440578,-4.57E-05,0.08308587,0.01305333,0.007495631,0.000220907,0.082834437,0.00668858,0.00457161,7.830163503661409e-19,0.36248178635044603,633
2016,Steamer,batting,Standard,HBP/PA,0.012996135,0.007093019,-0.000445089,0.090854113,0.012988515121116732,0.007191496,9.819674626765362e-06,0.091919943,0.006634049,0.004409101,-3.77E-19,0.3728346679969594,633
2016,ZiPS,batting,Standard,HBP/PA,0.013150173123130573,0.007081949,-0.0004585,0.069174933,0.013142632,0.00715144,-0.000109276,0.070242235,0.006472255,0.004443199,-1.93E-18,0.4030528272855197,633
2016,Davenport,batting,Standard,HR/BIP,0.030932246,0.019876972,-0.001371787,0.2743126824627776,0.031319294,0.020822281343143352,0.005096681,0.2560383314275191,0.018725914401662505,0.014452033499630111,6.898473162719419e-18,0.5122604768745546,633
2016,Davenport,batting,Fantasy,HR/BIP,0.018342255914171428,0.014411309171238377,-0.006981982,0.4772790233326635,0.016965062690916022,0.013575327227553146,0.000350822,0.5528272100745857,0.016642874728789486,0.013393982007692767,-1.54E-18,0.5591003992422028,268
2016,Marcel,batting,Standard,HR/BIP,0.033005069906906014,0.022571626666561075,0.000486001,0.17379477223000905,0.033834731,0.023824785,0.007462614,0.13173540661897842,0.020051927019204583,0.015506579263270948,5.867666828060196e-18,0.44073954432794993,633
2016,Marcel,batting,Fantasy,HR/BIP,0.019007842,0.014863574560025867,-0.00823546,0.43865475179648794,0.017149976,0.013923082596282946,0.00080401,0.5430260176317316,0.016679832,0.013623975889067011,3.699030901111118e-18,0.5571400806887112,268
2016,Steamer,batting,Standard,HR/BIP,0.030609850429135096,0.019566684,-0.003915486,0.28936099719629305,0.030689879282364024,0.020382702185128134,0.00449853,0.2856402361648739,0.018160383,0.013818950641871748,-1.35E-18,0.541275558,633
2016,Steamer,batting,Fantasy,HR/BIP,0.018315483,0.014167084,-0.008585117,0.478803873,0.016184282,0.012845773123525424,0.000422245,0.5930404019923623,0.015830218944402036,0.012614243084003567,-2.54E-18,0.6011065912661915,268
2016,ZiPS,batting,Standard,HR/BIP,0.030690718,0.019826752,-0.002855936,0.285601193,0.030928007364213243,0.020545381107527686,0.004772614,0.274511546,0.018449174,0.013983004923266753,5.867666828060196e-18,0.526570045,633
2016,ZiPS,batting,Fantasy,HR/BIP,0.018334967,0.014287505813977188,-0.007974116,0.477694354,0.016514361,0.012927431317516017,0.000373658,0.576271191,0.016234130244984168,0.012711612367295917,-7.19E-18,0.5804912062340286,268
2016,Davenport,batting,Standard,OBP,0.08166612,0.049399092,0.006443208,0.073124994,0.082981944,0.049638202841711845,0.016067445960580976,0.043016308,0.034921182,0.025481503834431925,9.642003868812429e-17,0.23951819428552057,633
2016,Marcel,batting,Standard,OBP,0.084367754,0.050411933568441626,0.019895536715402395,0.010785888183061587,0.084726172,0.050632826,0.021364424,0.002363126,0.03505219,0.025517429426319946,2.5373694391611658e-17,0.23380155970702332,633
2016,Steamer,batting,Standard,OBP,0.082729853,0.048930063,0.010514558780731527,0.048821937516904224,0.083759285,0.049348721563738235,0.016791224196038606,0.025003079427360797,0.03411266,0.024779237,7.104634429651264e-17,0.2743250449617599,633
2016,ZiPS,batting,Standard,OBP,0.081474891,0.048795168,0.008448295,0.07746064,0.082592374,0.049095697445571865,0.015959827,0.051980592824500405,0.034285742,0.025146532200469984,6.597160541819031e-17,0.2669424514955875,633
2016,Davenport,batting,Standard,PA,138.77399147978667,102.27458721264314,-17.44678311,0.62311147,138.77399147978667,102.27458721264314,-17.44678311,0.62311147,138.77399147978667,102.27458721264314,-17.44678311,0.62311147,633
2016,Davenport,batting,Fantasy,PA,144.0693530348279,111.66062077597037,-62.2576357,0,144.0693530348279,111.66062077597037,-62.2576357,0,144.0693530348279,111.66062077597037,-62.2576357,0,268
2016,Marcel,batting,Standard,PA,169.7813294859659,137.05845181674565,37.90205371248025,0.4358733446354628,169.7813294859659,137.05845181674565,37.90205371248025,0.4358733446354628,169.7813294859659,137.05845181674565,37.90205371248025,0.4358733446354628,633
2016,Marcel,batting,Fantasy,PA,145.14445969138634,112.66044776119404,-58.69029851,0,145.14445969138634,112.66044776119404,-58.69029851,0,145.14445969138634,112.66044776119404,-58.69029851,0,268
2016,Steamer,batting,Standard,PA,138.5847714382454,99.73349083694048,-17.76255973,0.6241385536342455,138.5847714382454,99.73349083694048,-17.76255973,0.6241385536342455,138.5847714382454,99.73349083694048,-17.76255973,0.6241385536342455,633
2016,Steamer,batting,Fantasy,PA,144.89871723709618,109.13843210419613,-54.43022479,0,144.89871723709618,109.13843210419613,-54.43022479,0,144.89871723709618,109.13843210419613,-54.43022479,0,268
2016,ZiPS,batting,Standard,PA,258.9951996236997,206.99684044233808,160.0616113744076,0,258.9951996236997,206.99684044233808,160.0616113744076,0,258.9951996236997,206.99684044233808,160.0616113744076,0,633
2016,ZiPS,batting,Fantasy,PA,110.57250947114417,88.40671641791045,-7.712686567,0.20939645195797862,110.57250947114417,88.40671641791045,-7.712686567,0.20939645195797862,110.57250947114417,88.40671641791045,-7.712686567,0.20939645195797862,268
2016,Davenport,batting,Standard,R/PA,0.1474891685257438,0.042467657,-0.010011048,0.006603716,0.14731095680538983,0.04263344,-0.006905378,0.009002914,0.027147019452196986,0.018571684231079733,-1.59E-17,0.075136396,633
2016,Davenport,batting,Fantasy,R/PA,0.021540014950084674,0.01709657,-0.004269658,0,0.021114966786996578,0.016606417,0.000315527,0,0.02086279,0.016461851,-4.11E-18,0.013762523872947074,268
2016,Marcel,batting,Standard,R/PA,0.14703550112008623,0.041830296906094785,-0.00932968,0.012705565908371796,0.1468164077078833,0.042280802,-0.004760453,0.015645652,0.026103437474451034,0.017734981000020352,-1.84E-17,0.14487661226992843,633
2016,Marcel,batting,Fantasy,R/PA,0.019959517965079058,0.016006925127913487,-0.0060142,0.10010714977708035,0.019064242811351644,0.015263378648924106,0.001110675,0.17902520176742853,0.018861654750691875,0.015131753364312467,8.220068669135819e-18,0.19388631059774164,268
2016,Steamer,batting,Standard,R/PA,0.1497485844683037,0.043012206,-0.018746556,0,0.14879990931125753,0.04223554,-0.008258803,0,0.026144430074171016,0.01756254,0,0.14218874751587063,633
2016,Steamer,batting,Fantasy,R/PA,0.022480349969292976,0.018040688090630204,-0.010857957,0,0.019693781,0.015661048984516934,0.000611647,0.12390959139419289,0.019115008,0.015193183461084244,-9.04E-18,0.17208513579918672,268
2016,ZiPS,batting,Standard,R/PA,0.14865162468913198,0.042121317,-0.012111862,0,0.14833143974127605,0.042341713884764536,-0.007183849,0,0.026470193385537875,0.017721727,-2.03E-17,0.12067866787174453,633
2016,ZiPS,batting,Fantasy,R/PA,0.020432640418632738,0.016134669696442047,-0.00567408,0.05693921,0.019648352779491812,0.015518508,0.000871871,0.12794676321068132,0.019487767,0.015318047834925482,1.2330103003703728e-18,0.13948016606769043,268
2016,Davenport,batting,Standard,RBI/PA,0.053483374,0.035908168,0.004999092,0.058218911,0.053803777,0.036217944,0.007704934,0.046901264,0.030858623463635354,0.023955313463186464,7.294937137588352e-18,0.16729094700853608,633
2016,Davenport,batting,Fantasy,RBI/PA,0.028264131,0.022544683,-0.003974247,0.18037582145989384,0.027984666028334756,0.022246847,0.00027401,0.19650394,0.027929567,0.022198816620172233,2.0550171672839546e-18,0.16945987254637895,268
2016,Marcel,batting,Standard,RBI/PA,0.053290021,0.035642408790298924,0.006993554,0.06501607,0.05417646,0.036444313905734015,0.012007180011115668,0.033651834556050475,0.028696184638622696,0.021987362510996672,1.5858558994757286e-17,0.27990714148128915,633
2016,Marcel,batting,Fantasy,RBI/PA,0.026075436648542616,0.020914416500708466,-0.007414324,0.30239967544219504,0.025042488447975894,0.019966734,0.001473103,0.3565742183033913,0.024280643,0.019282836304669867,1.4385120170987683e-17,0.3722993466304807,268
2016,Steamer,batting,Standard,RBI/PA,0.051897842,0.033842444,0.004678158,0.11323004648010881,0.052524029590731824,0.034636711706085836,0.009341994,0.091701816,0.026585549665403482,0.020482003149220544,2.5373694391611657e-18,0.3819388072976875,633
2016,Steamer,batting,Fantasy,RBI/PA,0.023655758,0.019084403102593458,-0.005951613,0.4258607726390674,0.022928924,0.018820687,0.00124995,0.46060012305936215,0.022249939869522027,0.018100207,-4.93E-18,0.4729037739668287,268
2016,ZiPS,batting,Standard,RBI/PA,0.051670881,0.033708702,0.004603449,0.12096917745485458,0.052071383,0.034111722893294345,0.007920902,0.10728961039750362,0.028088321671320877,0.021563573231374845,-2.54E-18,0.31009106751004645,633
2016,ZiPS,batting,Fantasy,RBI/PA,0.025074775588631765,0.020109092047385008,-0.004345019,0.35491401820756363,0.024714281065397036,0.019886600418647794,0.00096463,0.37332920225141064,0.024328530981980193,0.019531545,-8.22E-18,0.36982090048280936,268
2016,Davenport,batting,Standard,SB/TOF,0.16799660233411184,0.047843311472139924,0.002331614,0.16185814755511818,0.16798045432071926,0.047677467,0.00010518,0.1620192659968389,0.047879492784544106,0.028413188480092073,-1.59E-17,0.5968533183861711,633
2016,Davenport,batting,Fantasy,SB/TOF,0.040457379,0.025760665,0.000528522,0.7144833007260577,0.040453951696904154,0.025712094719209887,-4.54E-05,0.7145316673543943,0.039444327,0.025709638026994382,8.836573819321005e-18,0.704684801,268
2016,Marcel,batting,Standard,SB/TOF,0.17813775,0.053605609,0.00183565,0.057614802,0.1781626544897387,0.051252448,-0.003499014,0.057351283961959654,0.053068972,0.031482718971886474,-6.66E-18,0.5047262004276399,633
2016,Marcel,batting,Fantasy,SB/TOF,0.046529308,0.030507679845566637,0.004326041,0.622350234,0.046339801,0.028643553207382322,-0.001056072,0.6254201924426691,0.044141546,0.028226997955669582,-1.17E-17,0.6301617945860698,268
2016,Steamer,batting,Standard,SB/TOF,0.16947463571952537,0.053054208,0.010611597570009075,0.14704533458045677,0.1691450526287384,0.048683558625270094,0.001001339,0.15035964863662687,0.048355796,0.028689793132613033,-2.09E-17,0.5887924434868959,633
2016,Steamer,batting,Fantasy,SB/TOF,0.042441071484661266,0.028863307914636992,0.007619014,0.6857981666594646,0.041753688,0.026477888,0.000418659,0.6958934896931136,0.04038209,0.025986311805546117,-3.49E-18,0.6904760453306524,268
2016,ZiPS,batting,Standard,SB/TOF,0.16982159046541415,0.050733035334179145,0.009667772,0.14354935898283516,0.16955959346843483,0.047809838,-0.002132829,0.146189947,0.048092782,0.029616880084830693,-1.43E-17,0.5932535156501733,633
2016,ZiPS,batting,Fantasy,SB/TOF,0.042208483,0.029732669,0.011262779575688974,0.6892325527093832,0.040678418,0.027478526265359127,-0.000166924,0.7113549301346762,0.039653624,0.027213135254161712,4.315536051296305e-18,0.7015425194013045,268
2016,Davenport,batting,Standard,SLG,0.13400126223859343,0.086440712,0.013309288192770292,0.097291423,0.13647247878620272,0.087811395,0.029078107516007385,0.063689378,0.064543968,0.048978687,-2.54E-18,0.2940705670290471,633
2016,Marcel,batting,Standard,SLG,0.13874692598280974,0.090543085,0.030519518105121414,0.032220251,0.1413969017237427,0.092396725,0.040912288,0,0.066688455,0.050498441,-2.54E-18,0.24638195661336837,633
2016,Steamer,batting,Standard,SLG,0.1342605186813999,0.085939655,0.012793303766447259,0.093795046,0.13734655812070984,0.087560871,0.031652153,0.051657199,0.063269132,0.047286694,3.806054158741749e-17,0.32168139154852515,633
2016,ZiPS,batting,Standard,SLG,0.1342900242236289,0.085901247,0.01326886,0.093396701,0.13700270456830735,0.086882845,0.030199223394354584,0.056399697,0.063997843,0.04726066,-2.03E-17,0.3059661705870529,633
2016,Davenport,batting,Standard,SO/PA,0.090421426,0.054874182609099924,-0.028057996,0.20517795327423727,0.088531233,0.053751909148526476,-0.021189531,0.2380609462282537,0.039804951,0.029877424030099485,-2.41E-17,0.5970739547034631,633
2016,Marcel,batting,Standard,SO/PA,0.095224794,0.056651979,-0.027769167,0.11848990605530862,0.093109951,0.05577083,-0.019308761,0.1572099437505904,0.041847764,0.030499859403872145,-3.81E-18,0.5546559369050976,633
2016,Steamer,batting,Standard,SO/PA,0.090627041,0.054747267033791555,-0.03150159,0.20155903988045587,0.086921747,0.051960717200919236,-0.018288784,0.26551303396917125,0.038163625357893236,0.028639269,0,0.6296175468649324,633
2016,ZiPS,batting,Standard,SO/PA,0.086159442,0.051774386,-0.021525066,0.27833945280222194,0.084751326,0.050791378,-0.014922007,0.30173509810735843,0.038155885,0.027974501182997415,-1.90E-18,0.6297677813653513,633
2016,Davenport,batting,Standard,wOBA,0.083291879,0.052087551,0.009266066,0.089804686,0.084745664,0.052370617,0.018170043724094486,0.057754106,0.036491033590673336,0.026643882467391414,7.104634429651264e-17,0.2826366848687657,633
2016,Marcel,batting,Standard,wOBA,0.086253585,0.053908918,0.019893267762763758,0.023924104,0.087525887,0.054634444,0.024836306864046545,0,0.037442618,0.027630673505046013,5.582212766154565e-17,0.24473519303260105,633
2016,Steamer,batting,Standard,wOBA,0.084234363,0.051978585043994475,0.008722856,0.06908962,0.085964429,0.052477174,0.019249504,0.030457504,0.036052307338985706,0.026251633493360634,2.7911063830772824e-17,0.2997824949478143,633
2016,ZiPS,batting,Standard,wOBA,0.083475314,0.051747905,0.008161238,0.085791198,0.085059813,0.052125629,0.018266075906151022,0.050755429,0.03622893,0.026197538593966372,9.134529980980197e-17,0.2929048646406468,633
2016,Davenport,pitching,Standard,1B/(BIP-HR),0.24260535823606189,0.22997397328304844,-0.229825587,0,0.078092889,0.04748981,-0.007806403,0,0.040427975,0.027472461900606943,-4.07E-17,0,720
2016,Marcel,pitching,Standard,1B/(BIP-HR),0.076607683,0.047009481,-0.008919035,0,0.076441465,0.046931792,-0.00735592,0,0.038101115,0.026987427,-4.01E-17,0,720
2016,Steamer,pitching,Standard,1B/(BIP-HR),0.092325981,0.073291513,0.053728809,0,0.075558175,0.045714373,-0.008469704,0,0.036875397,0.025889061908749195,-2.83E-17,0.026470415859265906,720
2016,ZiPS,pitching,Standard,1B/(BIP-HR),0.09304719,0.07401426,0.051515342,0,0.078150883,0.048211421,-0.010178967,0,0.039343163167467915,0.027474147989421664,-3.57E-17,0,720
2016,Davenport,pitching,Standard,2B/(BIP-HR),0.078650987,0.068140492,-0.068070254,0,0.03943173,0.026818161,-0.001563034,0,0.020900668,0.01470992,-3.70E-18,0,720
2016,Marcel,pitching,Standard,2B/(BIP-HR),0.040026376027513466,0.027389275,-0.003290592,0,0.039918646,0.027454087,-0.001488472,0,0.021226655032146494,0.015561843265794385,-1.11E-17,0,720
2016,Steamer,pitching,Standard,2B/(BIP-HR),0.078719308,0.068160063,-0.06788455,0,0.039876843686518844,0.026988179702772293,-0.001321156,0,0.020980141644175332,0.014644553080105621,-3.08E-18,0,720
2016,ZiPS,pitching,Standard,2B/(BIP-HR),0.076144061,0.06585638,-0.063241958,0,0.042433361,0.028595707325383298,0.001489064,0,0.022993799492171146,0.015665423074231133,-3.70E-18,0,720
2016,Davenport,pitching,Standard,3B/(BIP-HR),0.014880297203358555,0.007500455,-0.007441446,0,0.012892082168128137,0.007776291,-0.000397062,0,0.007132565,0.004931259,-2.31E-19,0,720
2016,Marcel,pitching,Standard,3B/(BIP-HR),0.013199659593830994,0.008044325,-6.78E-05,0,0.013200230675598857,0.00802761,-0.000140246,0,0.007354784,0.005132137,-3.08E-19,0,720
2016,Steamer,pitching,Standard,3B/(BIP-HR),0.014874725107103247,0.007523737,-0.007421777,0,0.012896226160048686,0.007798587,-0.000371443,0,0.007145646,0.004951539,-1.54E-19,0,720
2016,ZiPS,pitching,Standard,3B/(BIP-HR),0.014625432968715319,0.007676778,-0.006930037,0,0.012879569658159363,0.007991791,-7.38E-05,0,0.007188345,0.005007234,-3.08E-19,0,720
2016,Davenport,pitching,Standard,BABIP,0.076724444,0.049149315,-0.016166642,0,0.075360976,0.048004027,-0.007348242,0.008352036,0.039105108,0.029114742307672702,1.7256467079056567e-17,0,720
2016,Marcel,pitching,Standard,BABIP,0.076766066,0.048673138,-0.012277394,0,0.076308703,0.048418760193216295,-0.008984638,0,0.039477107117268616,0.029051224944971175,-9.86E-18,0,720
2016,Steamer,pitching,Standard,BABIP,0.078128501,0.049454752,-0.021577518,0,0.075774308,0.047335597079867855,-0.010162303,0,0.037963564,0.027377362,-4.93E-18,0.037495338,720
2016,ZiPS,pitching,Standard,BABIP,0.077213463,0.049000779,-0.018656653,0,0.0754364,0.047437995,-0.008763691,0.006366075,0.038445714,0.028145994194386324,-4.56E-17,0.012891823032304961,720
2016,Davenport,pitching,Standard,BB/BF,0.042847270162113246,0.027789935856316422,-0.012539717,0.092887103,0.041551714,0.027026344118394968,-0.006921048,0.1469137958543334,0.022782368,0.016765272291425316,9.244535935208876e-19,0.2937746586155411,720
2016,Marcel,pitching,Standard,BB/BF,0.045587634785007713,0.029698173306959362,-0.015392366,0,0.043936423,0.028671214,-0.009439371,0.046184417,0.02399179,0.017546755,-2.16E-18,0.2168032450609667,720
2016,Steamer,pitching,Standard,BB/BF,0.043199293515497846,0.027626212439506227,-0.011959579,0.077920611,0.042019182,0.026918312196911248,-0.00651646,0.1276109284010436,0.022955390139055575,0.016694672286086194,0,0.2830069716610675,720
2016,ZiPS,pitching,Standard,BB/BF,0.044350816,0.028448159,-0.013407668,0.028107452648961195,0.042855050906925984,0.027429641095261224,-0.007023253,0.092557624,0.023478736553062422,0.017191288,7.703779946007396e-18,0.2499416987897355,720
2016,Davenport,pitching,Standard,BF,161.10043899519468,115.71694444444444,-11.855,0.5356394014995902,161.10043899519468,115.71694444444444,-11.855,0.5356394014995902,161.10043899519468,115.71694444444444,-11.855,0.5356394014995902,720
2016,Davenport,pitching,Fantasy,BF,184.11479509959668,137.96213872832368,-59.64075145,0.287247439,184.11479509959668,137.96213872832368,-59.64075145,0.287247439,184.11479509959668,137.96213872832368,-59.64075145,0.287247439,346
2016,Marcel,pitching,Standard,BF,182.5140557753171,132.81944444444446,2.7444444444444445,0.40398862764354604,182.5140557753171,132.81944444444446,2.7444444444444445,0.40398862764354604,182.5140557753171,132.81944444444446,2.7444444444444445,0.40398862764354604,720
2016,Marcel,pitching,Fantasy,BF,200.9289193616443,148.41907514450867,-73.15895954,0.15111999145123456,200.9289193616443,148.41907514450867,-73.15895954,0.15111999145123456,200.9289193616443,148.41907514450867,-73.15895954,0.15111999145123456,346
2016,Steamer,pitching,Standard,BF,164.58665292612247,114.91982303129302,-10.43134602,0.5153244170187203,164.58665292612247,114.91982303129302,-10.43134602,0.5153244170187203,164.58665292612247,114.91982303129302,-10.43134602,0.5153244170187203,720
2016,Steamer,pitching,Fantasy,BF,193.45247852408983,147.7031957675956,-48.92014444,0.21311728511701145,193.45247852408983,147.7031957675956,-48.92014444,0.21311728511701145,193.45247852408983,147.7031957675956,-48.92014444,0.21311728511701145,346
2016,ZiPS,pitching,Standard,BF,242.60198088129093,185.2972211519877,128.7416481759813,0,242.60198088129093,185.2972211519877,128.7416481759813,0,242.60198088129093,185.2972211519877,128.7416481759813,0,720
2016,ZiPS,pitching,Fantasy,BF,183.73130548389088,135.2168098846612,35.51734589152253,0.29021350698640114,183.73130548389088,135.2168098846612,35.51734589152253,0.29021350698640114,183.73130548389088,135.2168098846612,35.51734589152253,0.29021350698640114,346
2016,Davenport,pitching,Standard,ER/BF,0.063912019,0.039877395,-0.015641134,0.004389385,0.062930553,0.039445678,-0.01096145,0.034732829,0.031199262352848093,0.021940673072528928,1.2326047913611834e-18,0.1001262164365262,720
2016,Marcel,pitching,Standard,ER/BF,0.06637433,0.041566633,-0.020519593,0,0.0642652,0.040526716,-0.012063084,0,0.032104727,0.022863237839996813,1.2326047913611835e-17,0.047135995463879476,720
2016,Steamer,pitching,Standard,ER/BF,0.066002038,0.041084357644689824,-0.022516095,0,0.063319559,0.039329123,-0.012651958,0.022762322162813153,0.030792528912943873,0.021575779,4.9304191654447334e-18,0.12343593406984188,720
2016,ZiPS,pitching,Standard,ER/BF,0.065397149,0.040906723,-0.01870351,0,0.063671226,0.039985293920749274,-0.011272053,0.011877328082968042,0.031790050681538534,0.022498865501265966,-8.63E-18,0.06572358,720
2016,Davenport,pitching,Standard,ERA,4.104778945846985,2.039495669783358,-0.974829951,0,4.063507425736443,2.0305731224802575,-0.78305545,0.012479767,1.583632515666635,1.0068084834082014,-3.16E-16,0.095423585,720
2016,Davenport,pitching,Fantasy,ERA,1.1678092020055393,0.9125540078589993,-0.009123395,0.14704883348578535,1.168227258235426,0.9153769090386774,0.032555045,0.14643803957619206,1.050282185415093,0.8206686055492597,-1.91E-16,0.13406079489730094,346
2016,Marcel,pitching,Standard,ERA,4.245570425965267,2.128492115877993,-1.275981472,0,4.136242314986351,2.0873733026899206,-0.84365927,0,1.624990384,1.0522220403547524,-7.10E-16,0.047559113,720
2016,Marcel,pitching,Fantasy,ERA,1.2455019327771135,0.9391861705796541,-0.265431577,0.029782300710857412,1.217166821085204,0.9485138131985452,0.025960122654108568,0.073424971,1.0864765072125446,0.8485591231142301,-5.25E-16,0.073349244,346
2016,Steamer,pitching,Standard,ERA,4.216561317210431,2.0979660387974497,-1.323042323,0,4.096541623120158,2.0261987895721183,-0.867585683,0,1.5723166692967152,0.985905637,0,0.10830470039074003,720
2016,Steamer,pitching,Fantasy,ERA,1.1513038609568205,0.8913743089369092,-0.269068895,0.17098898011853947,1.1194538048053437,0.880663385,0.008620403,0.21622260297531948,1.0075785658427199,0.7919636202801223,-5.25E-16,0.2030460184394437,346
2016,ZiPS,pitching,Standard,ERA,4.172634841490734,2.0878322364841755,-1.087365605,0,4.107642626672491,2.0587686907851133,-0.802627178,0,1.6151926451164411,1.0321272823475094,-5.52E-16,0.059009808,720
2016,ZiPS,pitching,Fantasy,ERA,1.211534596430273,0.9394215636990563,-0.112223936,0.081980255,1.206519769680578,0.9414628056327414,0.021635342436279185,0.089564326,1.0898106176871234,0.8473178210953158,-8.12E-16,0.067653223,346
2016,Davenport,pitching,Standard,HBP/BF,0.015361483119250145,0.009894526,-0.00984234,0,0.011832357,0.007842834,-0.000949303,0,0.006756878,0.004825412,-1.54E-19,0,720
2016,Marcel,pitching,Standard,HBP/BF,0.011558654523218831,0.007651844,-0.00118603,0.03335536,0.011520446697497987,0.007705033,-0.000724476,0.039735402,0.00643946,0.004677775,-1.23E-18,0.078476956,720
2016,Steamer,pitching,Standard,HBP/BF,0.011573504,0.007560316,-0.001389395,0.030870101,0.011519536182806898,0.00762739,-0.00082713,0.039887184,0.006376412,0.004555089,-1.88E-18,0.096433492,720
2016,ZiPS,pitching,Standard,HBP/BF,0.011714457,0.008037888,2.3473944698620733e-05,0.007120279,0.011716758426182769,0.008000287,-0.000233378,0.006730198,0.006688758,0.004812401,6.933401951406656e-19,0.005743734,720
2016,Marcel,pitching,Standard,HLD/G,0.10502027364769125,0.082628107,0.024230907781263397,0.1420739923406209,0.10247050494120466,0.070016562,-0.007621246,0.18322714671582774,0.085641391,0.058608418,0,0.2935376962626486,720
2016,Steamer,pitching,Standard,HLD/G,0.10076245547125014,0.060186063,-0.004310035,0.21022928335825453,0.10071964757602342,0.060686106,-0.00315458,0.210900193,0.081642626,0.044745551114719874,1.1709745517931243e-17,0.35796974793418157,720
2016,ZiPS,pitching,Standard,HLD/G,0.1332621200742464,0.072444872,-0.067335482,0,0.11581357234149303,0.083274856,-0.013713427,0,0.10228298627435341,0.076122186,7.3956287481671e-18,0,720
2016,Davenport,pitching,Standard,HR/BIP,0.032531113,0.022163832797276274,-0.008623674,0,0.031416996997679365,0.021570821885063977,-0.001766966,0.016538071661165166,0.017824039184796747,0.012600029806915936,1.848907187041775e-18,0.072892869,720
2016,Marcel,pitching,Standard,HR/BIP,0.032652028,0.022728660924451784,-0.007735501,0,0.031727451752834486,0.022127150464064806,-0.000560585,0,0.018381872979384324,0.013160310044349265,1.848907187041775e-18,0.013953975853590483,720
2016,Steamer,pitching,Standard,HR/BIP,0.032181928,0.021884979239886564,-0.009473662,0,0.030810959,0.021135241,-0.001840919,0.05411431,0.017333157,0.012269880580513925,0,0.1232555531549604,720
2016,ZiPS,pitching,Standard,HR/BIP,0.032015868,0.022238395783287773,-0.007994401,0,0.031007312258746117,0.021472317,-0.000589956,0.042019968,0.018077133,0.012801252760398398,-3.70E-18,0.046376914295361726,720
2016,Davenport,pitching,Standard,L/G,0.165394071,0.097682584,-0.010692507,0.24710127371330837,0.16518647772882938,0.098648838,-0.006760418,0.24899008354795082,0.13778556446975596,0.092596911,2.465209582722367e-17,0.29662263485953133,720
2016,Marcel,pitching,Standard,L/G,0.17290909593249404,0.12417092870583772,0.003817837,0.17712784603351073,0.18141198558856989,0.14205790316975472,0.055021168,0.094207669,0.1392846586310749,0.11096824499384736,2.21868862445013e-17,0.2812340134217519,720
2016,Steamer,pitching,Standard,L/G,0.15504369899890863,0.095955967,0.019881139,0.3383856317922591,0.1541831439342732,0.093904864,0.011364549232979717,0.3457097026505248,0.11888457750770601,0.080143791,6.163023956805917e-18,0.4763609980280811,720
2016,ZiPS,pitching,Standard,L/G,0.1713324879683238,0.11691188852937699,0.04084218,0.19206554604070591,0.16905064972746456,0.1143845757364325,0.029856060991541058,0.21344268485428997,0.13012501432099743,0.091518371,7.3956287481671e-18,0.3726606499749444,720
2016,Davenport,pitching,Standard,R/BF,0.1031391785320779,0.065245863,-0.050805172,0,0.095399929,0.061621176,-0.032320609,0,0.051039246,0.034408612,-9.86E-18,0,720
2016,Marcel,pitching,Standard,R/BF,0.069601124,0.043320968,-0.021596696,0,0.067391764,0.042294377747042325,-0.012796508,0,0.033726199022538345,0.024099810951751496,-9.86E-18,0.04352416,720
2016,Steamer,pitching,Standard,R/BF,0.068969723,0.04236867,-0.023146759,0,0.066381592,0.040925349,-0.013618572,0.018462102,0.032129038,0.022572522872402915,1.7256467079056567e-17,0.1319701461895465,720
2016,ZiPS,pitching,Standard,R/BF,0.068880108,0.042872407,-0.020783009,0,0.066755621,0.041586193,-0.011990709,0.007369933,0.033301966255058754,0.023486312,1.9721676661778934e-17,0.067435326,720
2016,Davenport,pitching,Standard,SO/BF,0.063248543,0.04488902,-0.00562159,0.2363910185985414,0.063540324,0.044696786,0.008282322,0.22932933835363745,0.042069745463654766,0.030677767210587382,1.2326047913611834e-18,0.4136564171129634,720
2016,Davenport,pitching,Fantasy,SO/BF,0.046305027028063876,0.03362862,-0.017832582,0.3564733164294489,0.042789099718905294,0.031855539,-0.002180025,0.45048876844640773,0.037802195764650624,0.028015847347751595,2.0149433949833152e-17,0.4726822089424123,346
2016,Marcel,pitching,Standard,SO/BF,0.065707062,0.047620128843067024,0.006926116,0.17587312782132947,0.066132199,0.047994404,0.010199059353755771,0.1651741190394147,0.044178988,0.032664762,-1.97E-17,0.35338773868237416,720
2016,Marcel,pitching,Fantasy,SO/BF,0.045620206249808615,0.034212835,-0.006489871,0.3753672308936328,0.045196633,0.034295996,-0.001910714,0.3869125327860351,0.039797083,0.029796776937345552,1.3432955966555435e-17,0.4155587724221731,346
2016,Steamer,pitching,Standard,SO/BF,0.062185804,0.04429745,0.001039597,0.26183663949982927,0.062666331,0.044583710756968424,0.007815087,0.2503845747877882,0.040748089455944166,0.030109949049141202,9.860838330889467e-18,0.4499186643661204,720
2016,Steamer,pitching,Fantasy,SO/BF,0.041306104,0.030874898570144166,-0.009954606,0.48791889464077365,0.040117897171728506,0.030239615113161443,-0.001531534,0.5169561055233465,0.035742657,0.026993522496847767,7.46275331475302e-19,0.5285756092039195,346
2016,ZiPS,pitching,Standard,SO/BF,0.063666235,0.044894286,0.001921568,0.22627200705064154,0.064267266,0.045304647,0.008976886,0.21159452731216166,0.042253891,0.031003609152429227,6.163023956805917e-18,0.40851215898044313,720
2016,ZiPS,pitching,Fantasy,SO/BF,0.043255246,0.032034041,-0.010468901,0.43845074606210455,0.041987953,0.031561236,-0.001252891,0.4708732994430368,0.037427129,0.028078099,1.2686680635080133e-17,0.4830942088902985,346
2016,Davenport,pitching,Standard,SV/G,0.069226611,0.022711238,-0.003379645,0.5609807331289103,0.069198191,0.026873546109166303,0.0027364,0.5613411330548709,0.061584694,0.023390006699356498,-3.08E-19,0.6386235774467955,720
2016,Davenport,pitching,Fantasy,SV/G,0.07782458,0.030085913056896823,-0.013669441,0.6747966904501329,0.076756135,0.034784247,-0.004657524,0.6836647601782042,0.059707781,0.024646618726978587,-8.21E-18,0.691337875,346
2016,Marcel,pitching,Standard,SV/G,0.081891398,0.051915359,0.023446534462316294,0.38565262721114024,0.078562013,0.037748763962619204,0.003940661,0.4345910988634002,0.073524031,0.032419708480336616,6.163023956805917e-19,0.4849221686807924,720
2016,Marcel,pitching,Fantasy,SV/G,0.096580502,0.056369104255524494,0.006498198,0.49915850996314626,0.096889367,0.046409861,-0.010098644,0.4959500021358477,0.075980539,0.034309765,-5.97E-18,0.5001655114421535,346
2016,Steamer,pitching,Standard,SV/G,0.071512962,0.023393368399991267,-0.004085232,0.5315028356835239,0.071436882,0.027881746619472545,0.002411132,0.5324991332602902,0.065111129,0.024494618172191836,-1.85E-18,0.5960527160892429,720
2016,Steamer,pitching,Fantasy,SV/G,0.085479578,0.031696005,-0.014728568,0.6076748756806947,0.084375369,0.036689626171426896,-0.005419899,0.6177453736274972,0.065426812,0.025865725,-2.99E-18,0.6293764569811428,346
2016,ZiPS,pitching,Standard,SV/G,0.10906237378216774,0.032573995,-0.028336293,0,0.10531759406958786,0.050274824,-0.000373812,0,0.10274409393949456,0.047418657,-1.23E-18,0,720
2016,ZiPS,pitching,Fantasy,SV/G,0.14564603138255425,0.05136584,-0.049966759,0,0.1382466772587633,0.065088324,-0.019901115,0,0.10765673280166689,0.050209765,-7.46E-18,0,346
2016,Davenport,pitching,Standard,W/G,0.12666725346593594,0.084988764,0.008117014,0.28544879228234077,0.12772211351389504,0.088051262,0.018281988455719784,0.27349795182495973,0.11837988540151075,0.087785109,-3.70E-17,0.5272949709939552,720
2016,Davenport,pitching,Fantasy,W/G,0.11449951152745597,0.083042861,-0.004194821,0.4956540912495784,0.1151714268433389,0.08586292,0.013111672,0.489717436,0.11436428605005634,0.087246587,-2.39E-17,0.5206977719854596,346
2016,Marcel,pitching,Standard,W/G,0.13455965667936093,0.1058363607572262,0.03340543,0.19362994669384037,0.1500274638529884,0.12581351019180376,0.074282309,0,0.13527634471782582,0.10931151550132909,-4.68E-17,0.3827258192472617,720
2016,Marcel,pitching,Fantasy,W/G,0.13006263184525862,0.096859286,-0.023047482,0.3492318192945696,0.13353315803360113,0.11058789665692499,0.03802634,0.31403892137948675,0.13312357147807619,0.10848612720827798,-5.97E-18,0.3505607648237842,346
2016,Steamer,pitching,Standard,W/G,0.12476759171178704,0.085429136,0.032658376,0.30672069770934995,0.12408997528164888,0.08470926,0.029965639713574153,0.3142306889173695,0.11484992925328037,0.082749203,-2.47E-17,0.5550657312811926,720
2016,Steamer,pitching,Fantasy,W/G,0.10680331927933581,0.075632788,0.006135805,0.5611756334975854,0.10732957114402403,0.076342851,0.012261155552488558,0.5568405420690952,0.11394724346477818,0.084719107,-3.88E-17,0.5241870602452853,346
2016,ZiPS,pitching,Standard,W/G,0.13315901044977868,0.09944688,0.060278995,0.21032976556072602,0.12359219929029835,0.090220212,0.034311323,0.31972146012798297,0.11697306078632956,0.088383876,-4.44E-17,0.5384634489169701,720
2016,ZiPS,pitching,Fantasy,W/G,0.11609338575198418,0.08641277,0.031236299047384918,0.48151500942354897,0.11272785319441561,0.083333442,0.014338795229738658,0.5111408965126574,0.1170370598589325,0.089732253,1.791060795540725e-17,0.49803272158804623,346
2016,Davenport,pitching,Standard,WHIP,0.5960956690412159,0.3291109971197914,-0.153343743,0.027361324655534203,0.5908450135888612,0.3262090358950816,-0.131461351,0.044420661244762516,0.2510286478259525,0.17034412956604986,-1.18E-16,0.1453434743731017,720
2016,Davenport,pitching,Fantasy,WHIP,0.2020452672355242,0.15880747360290268,0.007131561,0.1206553462836526,0.20194446765042837,0.15878714114700027,0.00318389,0.12153253056017799,0.17989123751825617,0.14119115261120346,1.1940405303604831e-17,0.1608959063546691,346
2016,Marcel,pitching,Standard,WHIP,0.6295121637817211,0.34892962496957314,-0.215160291,0,0.6103273786964046,0.33577082217188814,-0.150026317,0,0.25731909845838474,0.17553445340878807,-1.18E-16,0.10197364632023143,720
2016,Marcel,pitching,Fantasy,WHIP,0.2068179830506419,0.16140376437209267,-0.038678034,0.078620892,0.20316918712462165,0.15920989501006008,-0.000175576,0.11084505168965253,0.1817775918934923,0.14453259381053707,1.134338503842459e-16,0.1432058105387205,346
2016,Steamer,pitching,Standard,WHIP,0.6196934493007966,0.3404932230584088,-0.215895443,0,0.5984466138607346,0.3245703953136936,-0.14397646,0.019674206362127578,0.2472178471756578,0.16248757941405784,-1.18E-16,0.17109515172813416,720
2016,Steamer,pitching,Fantasy,WHIP,0.19338840169991733,0.15060292614393017,-0.043448725,0.19439414867186222,0.1884449674072797,0.14515495814630305,-0.000472798,0.23505387107162767,0.16924408731785184,0.12971034155621658,1.7910607955407247e-16,0.25728391187289723,346
2016,ZiPS,pitching,Standard,WHIP,0.6128228514554337,0.33904315541765834,-0.184840277,0,0.6003723483743509,0.33062410595023733,-0.138061716,0.013354897,0.2557534988423041,0.17188103643066097,-1.28E-16,0.11286807764755213,720
2016,ZiPS,pitching,Fantasy,WHIP,0.20433581170755333,0.15796550308492277,-0.019406439,0.10060444166669813,0.20341628287193528,0.15699740498104323,0.001292315,0.10868094389599892,0.1829686142874135,0.14214842291986104,1.552252689468628e-16,0.13194145028132565,346
2016,Davenport,pitching,Standard,wOBA,0.23769165662929123,0.22587349670539397,-0.225334882,0,0.076985407,0.053171172,-0.014326141,0,0.04651887,0.032877723,3.4512934158113135e-17,0,720
2016,Marcel,pitching,Standard,wOBA,0.077235739,0.05312938,-0.026630184,0,0.07389246,0.050676552,-0.014279459,0.014900266742893353,0.041980581,0.030948292,7.3956287481671e-17,0.084823859,720
2016,Steamer,pitching,Standard,wOBA,0.086990798,0.063603746,-0.05060493,0,0.072280522,0.049235751,-0.014762582,0.057410678,0.040126585443770874,0.028778041989266284,9.860838330889467e-18,0.16387308705639803,720
2016,ZiPS,pitching,Standard,wOBA,0.084972459,0.06206728,-0.046035344,0,0.072397382,0.049906927,-0.011845459,0.054360361432816195,0.041650875636808554,0.030420531,4.43737724890026e-17,0.099142571,720
2017,Marcel,batting,Standard,1B/(BIP-HR),0.071344839,0.046471037,0.012519641,0,0.070820156,0.046057194,0.009063653,0.002446577,0.03623956,0.027088481540253756,3.6627338357748814e-17,0.13100534878723002,626
2017,Steamer,batting,Standard,1B/(BIP-HR),0.071237822,0.045604959483543324,0.012941998311710159,0,0.070716864,0.045189920004941465,0.00967176,0.005354333,0.034305570098713205,0.025403566153895534,1.6419151677611535e-17,0.22128139355443954,626
2017,ZiPS,batting,Standard,1B/(BIP-HR),0.071314117,0.045799941461185434,0.010275058571800305,0,0.071207328,0.045735034963892404,0.009505641,0,0.034750032,0.025820306434901744,3.789035002525739e-18,0.20097256992099322,626
2017,Marcel,batting,Standard,2B/(BIP-HR),0.0405391,0.026310929,0.003509732,0,0.04081099,0.026576723901257305,0.005868263,0,0.020407536144989875,0.015143749268868457,1.4208881259471522e-18,0.045909388913596305,626
2017,Steamer,batting,Standard,2B/(BIP-HR),0.039024221511579915,0.02482553,0.000293407,0.073127938,0.039251808684051676,0.025219565480683024,0.004230923,0.062285477,0.019468814268557687,0.014458111500291053,1.1840734382892934e-17,0.13166465840274655,626
2017,ZiPS,batting,Standard,2B/(BIP-HR),0.039483884678301426,0.025211104719304097,0.001242705,0.051164238,0.039755276,0.025524194582005305,0.004800954,0.038075808,0.019646619216739273,0.014315265800801023,2.2102704181400143e-18,0.11573155172850202,626
2017,Marcel,batting,Standard,3B/(BIP-HR),0.012849792580088885,0.007386662,0.000707096,0.004290927,0.012834802,0.007037558,-0.000339053,0.00661277,0.007418779,0.004937997,1.4011535686423306e-18,0.043425854,626
2017,Steamer,batting,Standard,3B/(BIP-HR),0.012496050135398666,0.006677364,-0.000260734,0.058358159051192904,0.012498279673925207,0.006646443,-0.000351721,0.058022115,0.006963032,0.004618064,7.425127185939111e-19,0.15734374350258118,626
2017,ZiPS,batting,Standard,3B/(BIP-HR),0.012845478187621287,0.007331851,0.001554815,0.004959445,0.012758222079646995,0.006866633,-0.000428217,0.018431653459622388,0.007304827,0.004861713,-3.95E-20,0.072586191,626
2017,Marcel,batting,Standard,AVG,0.076811215,0.046624193198630495,0.021248592,0,0.076303172,0.046220498,0.019331682873122927,0,0.032910739,0.024710411,-2.65E-17,0.18662553154366046,626
2017,Marcel,batting,Fantasy,AVG,0.026857454844580048,0.021751977,-0.002626994,0.15550940499565058,0.026732969,0.021734436850051088,0.000479449,0.16331976062524234,0.026118849967744096,0.021126836,-1.10E-17,0.19191255774022997,287
2017,Steamer,batting,Standard,AVG,0.073151606,0.043640366,0.016797458438860737,0.054155001149800874,0.073099481,0.043601555351464316,0.016568984520301717,0.05550247,0.03094473,0.023384902,3.031228002020591e-17,0.2809010580151744,626
2017,Steamer,batting,Fantasy,AVG,0.024934770711401846,0.020478528817324624,-0.003936559,0.27209304867792905,0.024622522403224288,0.020204992,0.000149375,0.29020948531450186,0.024504565071653685,0.020054086449071515,-2.68E-17,0.28871401135926755,287
2017,ZiPS,batting,Standard,AVG,0.073178822,0.043521868,0.013237134028844385,0.053451077584103834,0.073703709,0.043774237,0.015884538817281166,0.039823806,0.031049876955838055,0.023320233,1.6419151677611535e-17,0.2760059001561379,626
2017,ZiPS,batting,Fantasy,AVG,0.025556236295085848,0.020824385900872853,-0.006480027,0.2353566800754302,0.024721111,0.020149877717749037,-5.33E-05,0.28451412624812933,0.024613921,0.019973946451028648,-9.15E-17,0.2823513596444305,287
2017,Marcel,batting,Standard,BABIP,0.088157531,0.054091822,0.016736469317845473,0,0.087775808,0.053785651544155245,0.014592863504491821,0,0.039028565057413554,0.028452534,-2.27E-17,0.12455545414926472,626
2017,Steamer,batting,Standard,BABIP,0.086186491,0.052662972668872994,0.012974672176778196,0.024642252687593014,0.086275128,0.052714472,0.013550962,0.022635046181895713,0.037208082,0.027362597,-7.70E-17,0.2043207275534753,626
2017,ZiPS,batting,Standard,BABIP,0.086946986,0.052667094,0.013072577783466268,0.00735354,0.087071783,0.052736644011971055,0.013878377783863242,0.004501951,0.037496636380730315,0.027173639,2.5260233350171595e-17,0.1919316521823876,626
2017,Marcel,batting,Standard,BB/PA,0.037529758,0.027440015556089933,0.001250661,0.17303166491091648,0.038212392760572034,0.028060613772425518,0.007298517,0.14267436443552417,0.025177389,0.0193675,2.723368908065375e-18,0.4206800449190623,626
2017,Steamer,batting,Standard,BB/PA,0.035021136,0.025068809104593387,-0.003925589,0.27989172057298695,0.034894831852853324,0.025071838,0.002565067,0.2850765143607362,0.023380413003280337,0.017608954101088273,1.7405879542852614e-17,0.5004241079849605,626
2017,ZiPS,batting,Standard,BB/PA,0.035948722078056335,0.025838241518272603,-0.006072187,0.2412402981263969,0.035598869,0.025515241415809655,0.003440976,0.2559369363609728,0.023663187578890105,0.017784888364876718,1.4287819488690808e-17,0.488266783,626
2017,Marcel,batting,Standard,HBP/PA,0.012837919627268417,0.007644289,-0.000254006,0.080613476,0.012838403708093579,0.007747738,0.000277396,0.08054414,0.007386871,0.005142042,-5.72E-19,0.2764170091129404,626
2017,Steamer,batting,Standard,HBP/PA,0.012658189706046574,0.007242159,-0.000774243,0.10617596436516652,0.012634566099916755,0.007408619,4.412089877997146e-05,0.10950908608042609,0.007193849,0.004937535,-2.96E-19,0.3137378509439881,626
2017,ZiPS,batting,Standard,HBP/PA,0.012928515022893588,0.007363768,-0.000614545,0.067591728,0.012914441,0.007499636,0.000118143,0.069620634,0.00728198,0.004967105,0,0.2968203011017446,626
2017,Marcel,batting,Standard,HR/BIP,0.035697294,0.024502576,-0.001071717,0.13052322598370614,0.036358027,0.025765303971959485,0.006982686,0.098038481,0.023030574527850695,0.016588579255487467,-8.53E-18,0.3883820041101167,626
2017,Marcel,batting,Fantasy,HR/BIP,0.022261426596803104,0.016016191,-0.010268615,0.3368075107678078,0.019753746287762056,0.015012989493281404,0.00028955,0.47780518193212873,0.01962754,0.014744748060855892,-7.00E-18,0.4926469936160027,287
2017,Steamer,batting,Standard,HR/BIP,0.033288478694034535,0.021643166,-0.006658281,0.24390685715981253,0.032741873,0.022145070670079297,0.002870561,0.26853351007662707,0.020562054003911905,0.014988285789460383,-3.16E-19,0.5124673541621705,626
2017,Steamer,batting,Fantasy,HR/BIP,0.020918393552859127,0.015606540014438279,-0.01055191,0.4144145548306042,0.018062153,0.013773262299606353,-7.04E-05,0.5634111625191303,0.017941072,0.013667900414747998,-1.58E-18,0.5760884399002337,287
2017,ZiPS,batting,Standard,HR/BIP,0.033377884,0.021786767365759883,-0.00473104,0.2398400002636445,0.033213841,0.022105462,0.003385086,0.2472936060732055,0.019981624628321336,0.014479621422292898,1.5787645843857247e-18,0.5396031926630016,626
2017,ZiPS,batting,Fantasy,HR/BIP,0.019583818587911635,0.015051190548633922,-0.009353839,0.48675069523382164,0.017206174,0.01314782,-0.000144195,0.6038111445994494,0.01700179,0.012979989,-1.58E-18,0.6193132101770811,287
2017,Marcel,batting,Standard,OBP,0.082982833,0.050446620204036126,0.020400146055234335,0,0.083796402,0.050945648,0.023491539094739902,0,0.036732776401582866,0.027616948,-3.92E-17,0.21263712273046054,626
2017,Steamer,batting,Standard,OBP,0.077158306,0.046482070340373945,0.011887974970897342,0.11770042315983875,0.078144609,0.046983996103679586,0.017160993049738296,0.094999649,0.034215217,0.026013702202053686,-1.26E-18,0.3168658153265195,626
2017,ZiPS,batting,Standard,OBP,0.077713255,0.046932771668889435,0.007271847,0.10496318221625944,0.079287504,0.047466164853441614,0.017321609,0.0683341,0.034281292,0.026008631178031164,-2.53E-18,0.3142247816571728,626
2017,Marcel,batting,Standard,PA,165.2560168895852,130.0814696485623,28.36581469648562,0.44689370891322044,165.2560168895852,130.0814696485623,28.36581469648562,0.44689370891322044,165.2560168895852,130.0814696485623,28.36581469648562,0.44689370891322044,626
2017,Marcel,batting,Fantasy,PA,148.7870002001903,112.44947735191637,-53.62020906,0,148.7870002001903,112.44947735191637,-53.62020906,0,148.7870002001903,112.44947735191637,-53.62020906,0,287
2017,Steamer,batting,Standard,PA,138.67882797062194,102.12092605947305,-24.46309865,0.6104938119736767,138.67882797062194,102.12092605947305,-24.46309865,0.6104938119736767,138.67882797062194,102.12092605947305,-24.46309865,0.6104938119736767,626
2017,Steamer,batting,Fantasy,PA,150.5006732386113,113.13379699095616,-53.80557416,0,150.5006732386113,113.13379699095616,-53.80557416,0,150.5006732386113,113.13379699095616,-53.80557416,0,287
2017,ZiPS,batting,Standard,PA,249.29883782948323,196.58785942492014,159.80511182108626,0,249.29883782948323,196.58785942492014,159.80511182108626,0,249.29883782948323,196.58785942492014,159.80511182108626,0,626
2017,ZiPS,batting,Fantasy,PA,106.16972474750828,82.15679442508711,7.139372822299651,0.1988198468003416,106.16972474750828,82.15679442508711,7.139372822299651,0.1988198468003416,106.16972474750828,82.15679442508711,7.139372822299651,0.1988198468003416,287
2017,Marcel,batting,Standard,R/PA,0.045451424065661765,0.030739019,0.005250543,0.026342585543505104,0.046332438,0.031128223554531122,0.010413022796102058,0,0.024012095553779852,0.018046088279808217,1.2630116675085798e-18,0.15446730142250986,626
2017,Marcel,batting,Fantasy,R/PA,0.020963795,0.016701290920100316,-0.007137214,0.071219199,0.019720116,0.015660837174999654,0.000584917,0.17815034264853324,0.019622985865134765,0.015512450852814207,-1.42E-17,0.19558978391903592,287
2017,Steamer,batting,Standard,R/PA,0.043928148709218504,0.030179416084307974,-0.005380377,0.09051197,0.043985293738564996,0.029552954561240085,0.005828574,0.088144171,0.023718512324246637,0.018013163,1.2630116675085798e-18,0.17501667041190716,626
2017,Steamer,batting,Fantasy,R/PA,0.023228149,0.01868393,-0.011929877,0,0.019930869,0.015826139164904034,0.000120905,0.16048991482201558,0.019863621942591763,0.015702079052196498,3.944994021848013e-18,0.17573990045714705,287
2017,ZiPS,batting,Standard,R/PA,0.044014682,0.029465838186345402,0.000855574,0.086925274,0.044583496,0.029755452,0.007150379,0.06317293,0.023172669262175895,0.017725188095063595,-1.39E-17,0.2125510509342443,626
2017,ZiPS,batting,Fantasy,R/PA,0.020564851936036525,0.016545183475134978,-0.007529035,0.10623241054934185,0.019139024034482047,0.015331044,0.000274728,0.22587159458821404,0.019107397760551127,0.015306306491742307,-6.31E-18,0.23730572862722144,287
2017,Marcel,batting,Standard,RBI/PA,0.06674929,0.039736977088482194,0.004089903,0.025149095,0.067358935,0.04049632,0.009923998,0.00726045,0.031566725864853123,0.023909433087077096,-1.39E-17,0.21767320302586712,626
2017,Marcel,batting,Fantasy,RBI/PA,0.028488895,0.022347641,-0.009235335,0.16776640445972335,0.026954275229639883,0.021309310082057244,0.00045524,0.2550118611350418,0.026231735126467853,0.020723283858412902,3.944994021848013e-18,0.2777350282268265,287
2017,Steamer,batting,Standard,RBI/PA,0.064235169,0.037147068,0.001410246,0.09720188,0.06448561,0.037553235,0.00585028,0.090148468,0.029253022477805358,0.022133186347690216,1.2630116675085798e-18,0.32815263433287445,626
2017,Steamer,batting,Fantasy,RBI/PA,0.026121573484525342,0.020585926049483977,-0.006776264,0.3003308762804179,0.025227343942825872,0.019902861263857402,-5.92E-06,0.34741498415750127,0.024620795890106278,0.019280091,1.9724970109240064e-18,0.3637223156902446,287
2017,ZiPS,batting,Standard,RBI/PA,0.065080356,0.037481184,0.002261401,0.073288111,0.06522352,0.037684936,0.004875324,0.069206453,0.030831115,0.023278591,-8.84E-18,0.25371005611764896,626
2017,ZiPS,batting,Fantasy,RBI/PA,0.028065715,0.022040597,-0.004373022,0.19230711173782455,0.027723387739422605,0.021574047,-0.000158736,0.21189036108774018,0.027166952,0.021104929877155267,2.9981954566044894e-17,0.22531641378064837,287
2017,Marcel,batting,Standard,SB/TOF,0.09935695,0.045469141477945604,0.005306861,0.26852902559211045,0.099216389,0.043491649,0.000501184,0.2705971904494707,0.043572333866563805,0.027670941304994173,-5.17E-18,0.6111931522933094,626
2017,Marcel,batting,Fantasy,SB/TOF,0.03733884,0.026235906572853844,0.003918973,0.7066670193982811,0.037133463697063246,0.025030636670967166,-0.000251976,0.7098850089638693,0.035955628,0.024152085,-1.97E-18,0.7171437121792246,287
2017,Steamer,batting,Standard,SB/TOF,0.099306314,0.045430937,0.012587821,0.26927439735360736,0.098637422,0.042258728079625454,0.005103932,0.2790850710447831,0.041012153,0.026115273511264116,-1.52E-17,0.6555411077734863,626
2017,Steamer,batting,Fantasy,SB/TOF,0.034982372,0.024941379476586586,0.005092969,0.742523401,0.034614625,0.0239089,0.000586693,0.7479083245596672,0.033348013903799385,0.022981581275202587,8.876236549158028e-19,0.7566832404019999,287
2017,ZiPS,batting,Standard,SB/TOF,0.098531656,0.044148443,0.011519473648051334,0.2806302664592677,0.097886512,0.041843716,0.002445442,0.2900196958852912,0.045943855,0.027568897,-7.66E-18,0.5677180243266942,626
2017,ZiPS,batting,Fantasy,SB/TOF,0.042651692764368296,0.026827804,0.00702338,0.6172530017903815,0.042069836,0.025841339845776624,-0.000179139,0.6276246776375054,0.039613066237624756,0.02477062,-1.97E-19,0.65667218,287
2017,Marcel,batting,Standard,SLG,0.14610285896625738,0.095171626,0.028739432,0.004760161,0.14895367260430237,0.097435912,0.040830211106929706,0,0.072650106,0.053717962,7.072865338048046e-17,0.19119979346724902,626
2017,Steamer,batting,Standard,SLG,0.1336148100215648,0.085401648,0.008363167,0.16762405545599268,0.1362137035945242,0.086969022,0.027770454672940113,0.1349286550901495,0.066904476,0.049736444,1.187230967458065e-16,0.314071106,626
2017,ZiPS,batting,Standard,SLG,0.13520517425271367,0.086057976,0.008984909,0.1476912478691803,0.13777012240620745,0.087618444,0.027944517779850034,0.11504657948390895,0.066688081,0.049910294,8.841081672560058e-17,0.3185010506154241,626
2017,Marcel,batting,Standard,SO/PA,0.097682806,0.057332316,-0.030767354,0.10170430588558821,0.095349989,0.055844019,-0.022278237,0.14409737912680398,0.043848107346997296,0.031868253,1.6419151677611535e-17,0.5366795869540976,626
2017,Steamer,batting,Standard,SO/PA,0.093786058,0.054155578,-0.032563727,0.17194415014120235,0.09060062,0.051540711,-0.021749573,0.227238632,0.038886784,0.028444710307581566,-2.78E-17,0.6355954587917003,626
2017,ZiPS,batting,Standard,SO/PA,0.089238653,0.050771708280414246,-0.021712406,0.25029730228767855,0.088473055,0.050129914,-0.018313191,0.26310583926864584,0.0383423,0.027784918928433596,-1.96E-17,0.6457286289148414,626
2017,Marcel,batting,Standard,wOBA,0.089154764,0.055198708347265056,0.019658101571143435,0,0.090744652,0.056503082,0.025931853,0,0.040136194123543745,0.029539691142261897,3.9153361692765973e-17,0.18617201648775217,626
2017,Steamer,batting,Standard,wOBA,0.081850358,0.050117664,0.007995792,0.14583152863315285,0.08346551,0.050935253,0.018191835790950392,0.11178834058113163,0.037025406,0.027564206,6.567660671044614e-17,0.30743603256951035,626
2017,ZiPS,batting,Standard,wOBA,0.082893461,0.050708725,0.006313685,0.12392172042984329,0.084661253,0.051659102714633386,0.018332063792905945,0.086156652,0.036961731,0.027856904923049496,3.410131502273165e-17,0.3098160648715633,626
2017,Marcel,pitching,Standard,1B/(BIP-HR),0.074971955,0.047287644208565724,-0.00570348,0,0.075076042,0.047240220056746385,-0.006938851,0,0.036468768,0.026586691382046446,6.141018745056962e-19,0.006176986,732
2017,Steamer,pitching,Standard,1B/(BIP-HR),0.10151757206329286,0.085660873,0.069079984,0,0.074748161,0.047126279,-0.007315348,0,0.036193974,0.026293849331753157,1.965125998418228e-17,0.021097567,732
2017,ZiPS,pitching,Standard,1B/(BIP-HR),0.097188954,0.079388641,0.059106203,0,0.077594174,0.049178316496347456,-0.008288928,0,0.037528568846142515,0.027270960355264575,-1.72E-17,0,732
2017,Marcel,pitching,Standard,2B/(BIP-HR),0.045920546,0.027326484499532747,-0.005784253,0,0.045644507,0.027332729221003087,-0.002860429,0,0.022360501,0.01640327,-1.04E-17,0,732
2017,Steamer,pitching,Standard,2B/(BIP-HR),0.085064377,0.072040953,-0.071780697,0,0.045741417,0.026822794,-0.002966039,0,0.021698431433087886,0.015536698888260946,1.8423056235170886e-18,0,732
2017,ZiPS,pitching,Standard,2B/(BIP-HR),0.083828266,0.070581164,-0.069047967,0,0.047542884176907385,0.028172006898186174,-0.000877159,0,0.022727721102855286,0.015947519849959006,1.2282037490113925e-18,0,732
2017,Marcel,pitching,Standard,3B/(BIP-HR),0.016168163283557593,0.008301647,0.000302159,0,0.016174039701961823,0.008096922,-0.00053043,0,0.007584769,0.00513664,-6.14E-19,0,732
2017,Steamer,pitching,Standard,3B/(BIP-HR),0.017389631,0.007280311,-0.007244875,0,0.015827579,0.007572731,-0.000775373,0,0.007146573,0.004686734,5.373391401924842e-19,0,732
2017,ZiPS,pitching,Standard,3B/(BIP-HR),0.017142750375260644,0.007342325,-0.006987962,0,0.01566453,0.007622152,-0.00057899,0.019119454120827495,0.007109831,0.004690929,2.3028820293963608e-19,0.009978989,732
2017,Marcel,pitching,Standard,BABIP,0.093525672,0.055214343,-0.011185574,0,0.093427176,0.055178024,-0.010329711,0,0.0415734,0.030326455226383976,6.018198370155823e-17,0,732
2017,Steamer,pitching,Standard,BABIP,0.092848281,0.054289195,-0.009945588,0,0.09297387,0.054330877,-0.011056761,0,0.040285191,0.029071198497110682,1.7194852486159494e-17,0.025397469526842964,732
2017,ZiPS,pitching,Standard,BABIP,0.093614696,0.055419305905051904,-0.016929726,0,0.092585432,0.05472065,-0.009745077,0,0.041043970639911664,0.030061883325184634,-4.91E-18,0,732
2017,Marcel,pitching,Standard,BB/BF,0.062001903244525265,0.032201472,-0.015737183,0,0.060579099,0.031178334,-0.008558627,0.02478107,0.024035370921882272,0.017113764289857485,-2.15E-18,0.20823744898455343,732
2017,Steamer,pitching,Standard,BB/BF,0.059889459,0.030341466402635235,-0.010639044,0.046858682,0.059190736,0.02985947,-0.005475868,0.068969324,0.023119975924319847,0.016213293260945318,9.211528117585444e-18,0.26739807726600495,732
2017,ZiPS,pitching,Standard,BB/BF,0.060744824,0.03163202,-0.014058884,0.019437994,0.059363983,0.030698829732889107,-0.005639243,0.063511239,0.023991132251671494,0.016938971,-7.06E-18,0.21114934813453035,732
2017,Marcel,pitching,Standard,BF,170.65072740843306,122.18169398907104,4.036885245901639,0.4176304622984247,170.65072740843306,122.18169398907104,4.036885245901639,0.4176304622984247,170.65072740843306,122.18169398907104,4.036885245901639,0.4176304622984247,732
2017,Marcel,pitching,Fantasy,BF,184.55878880200794,130.6096256684492,-53.45989305,0.16513531537770076,184.55878880200794,130.6096256684492,-53.45989305,0.16513531537770076,184.55878880200794,130.6096256684492,-53.45989305,0.16513531537770076,374
2017,Steamer,pitching,Standard,BF,164.2517839626687,115.26947705602386,-10.83683438,0.4604862062391555,164.2517839626687,115.26947705602386,-10.83683438,0.4604862062391555,164.2517839626687,115.26947705602386,-10.83683438,0.4604862062391555,732
2017,Steamer,pitching,Fantasy,BF,179.95912354383873,134.86652452295476,-46.29578559,0.20623057504542996,179.95912354383873,134.86652452295476,-46.29578559,0.20623057504542996,179.95912354383873,134.86652452295476,-46.29578559,0.20623057504542996,374
2017,ZiPS,pitching,Standard,BF,246.4543814754684,184.97815770008526,141.51364914315647,0,246.4543814754684,184.97815770008526,141.51364914315647,0,246.4543814754684,184.97815770008526,141.51364914315647,0,732
2017,ZiPS,pitching,Fantasy,BF,167.4501647375411,119.56955436971735,44.16843121064538,0.31274519337581674,167.4501647375411,119.56955436971735,44.16843121064538,0.31274519337581674,167.4501647375411,119.56955436971735,44.16843121064538,0.31274519337581674,374
2017,Marcel,pitching,Standard,ER/BF,0.078933681,0.042584617,-0.020800002,0,0.07712919,0.04144616,-0.012289263,0,0.03291112,0.023285383764114976,-1.23E-17,0.051305438,732
2017,Steamer,pitching,Standard,ER/BF,0.077699939,0.041214018,-0.020324112,0,0.076100462,0.04035363,-0.012925533,0.023468385,0.031200719,0.021549288825230335,1.2282037490113925e-18,0.14735102346557438,732
2017,ZiPS,pitching,Standard,ER/BF,0.077630949,0.041756395,-0.020457492,0,0.075746034,0.040437403,-0.011375695,0.032543346,0.031779209,0.022349803288121695,-1.47E-17,0.11544010110115599,732
2017,Marcel,pitching,Standard,ERA,7.345205389923018,2.323280459170566,-1.428717501,0,7.271940535409327,2.269411290446492,-0.985043465,0,1.992676955153673,1.069658665858325,-1.57E-16,0.039201215,732
2017,Marcel,pitching,Fantasy,ERA,1.262550685209951,0.9696254148256274,-0.263569598,0.023131632224062004,1.2350625447303425,0.9557378255968897,0.028534008,0.065205162,1.139416051415191,0.8801173016695845,4.2147158395594253e-16,0.063829261,374
2017,Steamer,pitching,Standard,ERA,7.296120650522848,2.261134851606053,-1.359820564,0,7.238674277388033,2.223884228386837,-1.007045537,0.002595617,1.9383717729453889,0.9974695854092592,-6.29E-16,0.090855738,732
2017,Steamer,pitching,Fantasy,ERA,1.148532679106556,0.873008404,-0.18998448,0.1916022124149861,1.132735869265214,0.8689216265117355,-0.007572129,0.21368654130072018,1.0341525459684422,0.7951328856872675,7.961129919167803e-16,0.22881316467863222,374
2017,ZiPS,pitching,Standard,ERA,7.283247951845448,2.263736378906026,-1.285057683,0,7.230082306590898,2.2298210164693164,-0.937956652,0.004961957,1.957851064250093,1.029590447058199,-3.14E-16,0.072491387,732
2017,ZiPS,pitching,Fantasy,ERA,1.1749796687737757,0.9161089548436067,-0.17645236,0.15394400585110335,1.1617701439986798,0.9126289144320255,0.016373175,0.17286037642391272,1.0745477623261641,0.8454394260144756,3.278112319657331e-16,0.1673895746052756,374
2017,Marcel,pitching,Standard,HBP/BF,0.015353697276565005,0.008468907,-0.001521159,0.010142727,0.015298278911086255,0.008569723,-0.000784373,0.017275506770117688,0.007320081,0.00518734,-2.02E-18,0.056324473,732
2017,Steamer,pitching,Standard,HBP/BF,0.015291014,0.008313023,-0.001786997,0.018208616266822242,0.015212662,0.008438171,-0.00089629,0.028244334235381974,0.007221372,0.005069794,-3.26E-19,0.08160327,732
2017,ZiPS,pitching,Standard,HBP/BF,0.015243283023874829,0.008633746,-0.000391693,0.024328412640889252,0.015243353,0.008633318,-0.000394389,0.024319514,0.007351388,0.005227865,-5.09E-19,0.048235331575642526,732
2017,Marcel,pitching,Standard,HLD/G,0.095738139,0.080160302,0.027755646395229077,0.20007195774026432,0.091831283,0.065402857,-0.006129377,0.2640263473663913,0.08092603,0.055822775466090914,-8.60E-18,0.3538995073553606,732
2017,Steamer,pitching,Standard,HLD/G,0.094208638,0.05769961,-0.00467122,0.22542688659819066,0.094098445,0.05927274,-0.001034462,0.22723782200587594,0.077730234,0.043818278,-6.14E-18,0.4039213700187967,732
2017,ZiPS,pitching,Standard,HLD/G,0.12841597696351323,0.072687998,-0.069027377,0,0.10889056143569288,0.082905291,-0.011457314,0,0.10085245730413053,0.077371665,-1.23E-18,0,732
2017,Marcel,pitching,Standard,HR/BIP,0.032029114,0.022715532,-0.008379087,0,0.030920634,0.022019705761452926,-0.000656186,0.029458915,0.018685965,0.013970032337620274,1.8423056235170886e-18,0.036024403827064844,732
2017,Steamer,pitching,Standard,HR/BIP,0.032259706,0.022478418406395598,-0.009610698,0,0.030842319895168994,0.021540913513749003,-0.001710431,0.034368979,0.01790306,0.013012168172178833,-7.37E-18,0.11510952908267258,732
2017,ZiPS,pitching,Standard,HR/BIP,0.032279359,0.022667778069515195,-0.007794788,0,0.031328805,0.022134526,-0.000543801,0.003666377,0.018656602,0.013828991457208187,3.0705093725284813e-18,0.039051602,732
2017,Marcel,pitching,Standard,L/G,0.15488579949902992,0.11798659695717519,0.0053203,0.1670004757750465,0.16549485360897515,0.1365401234820482,0.058542645,0.048978061,0.13257375047332737,0.11023169317147538,7.369222494068354e-18,0.3028158428116199,732
2017,Steamer,pitching,Standard,L/G,0.14112742016481156,0.089948647,0.022048540797512384,0.30841692729915104,0.14029576389623735,0.088756552,0.015877367418847585,0.3165438342509106,0.11064884709303885,0.07772793,2.0879463733193674e-17,0.5143468489521621,732
2017,ZiPS,pitching,Standard,L/G,0.1542300597845798,0.10642805773871684,0.04283081,0.17403888192484074,0.15186861270901975,0.10459809958312309,0.033341303,0.19913815897571507,0.11736435898218993,0.085699504,3.5617908721330386e-17,0.4536073020180177,732
2017,Marcel,pitching,Standard,R/BF,0.080006007,0.044098313377991145,-0.021552382,0,0.078103598,0.042837072147245775,-0.012795152,0,0.034094428482500626,0.024333709889991145,3.684611247034177e-18,0.050250847,732
2017,Steamer,pitching,Standard,R/BF,0.078774589,0.042857375,-0.02093629,0,0.077147305,0.041869516156938076,-0.013586726,0.023001200918002507,0.032225647,0.022628706,1.5966648737148103e-17,0.15151261982103514,732
2017,ZiPS,pitching,Standard,R/BF,0.078818436,0.043511263745751844,-0.022351524,0,0.0764917,0.041753799,-0.011756906,0.039535915557041834,0.032782807569358974,0.023309175232579114,2.456407498022785e-18,0.12191941623235714,732
2017,Marcel,pitching,Standard,SO/BF,0.067140124,0.048644773,0.005197527,0.18039242038361258,0.067679672,0.049155324041468135,0.009987796,0.16716650993220472,0.046896679,0.034856301,-2.46E-17,0.35231224519180226,732
2017,Marcel,pitching,Fantasy,SO/BF,0.048779426,0.036302124,-0.009791944,0.35293593036668025,0.047845419165421524,0.036148576,-0.002373592,0.37747807839816294,0.043493965058329545,0.032544019,5.853771999388091e-18,0.4075329589134198,374
2017,Steamer,pitching,Standard,SO/BF,0.06269404,0.044555083486336786,-0.00109965,0.28534866287783645,0.063185723,0.045011573,0.007943685,0.2740952937248561,0.042303178,0.031328959,1.2282037490113925e-18,0.4729795250086044,732
2017,Steamer,pitching,Fantasy,SO/BF,0.043475319,0.032138865,-0.011286563,0.48600431855407933,0.041984754519250586,0.031653897,5.273498333173057e-05,0.5206451139945572,0.038432942872270025,0.028812553,3.000058149686396e-17,0.537391643,374
2017,ZiPS,pitching,Standard,SO/BF,0.063726422,0.045710228,0.000233893,0.2616185684254406,0.064493797,0.046317688142162694,0.009922081,0.24372875282343887,0.043420298,0.032699239246742826,-1.23E-17,0.4447774425637996,732
2017,ZiPS,pitching,Fantasy,SO/BF,0.04477196,0.033638487,-0.012337815,0.45488750951305124,0.043040197,0.032741595386060265,0.000389697,0.49624145532636454,0.039073309,0.029931728,4.0976403995716635e-17,0.521847349,374
2017,Marcel,pitching,Standard,SV/G,0.076817694,0.050624360908217536,0.025223427689384948,0.3361297467731411,0.072695342,0.036249248913098296,0.00445825,0.40546989688565227,0.068675971,0.031166542143064968,4.2987131215398735e-18,0.4597540058436391,732
2017,Marcel,pitching,Fantasy,SV/G,0.08628084,0.05266464,0.012172958126366866,0.48470707586645445,0.085617357,0.042240571,-0.005842034,0.492601613,0.070112061,0.032339966,4.390328999541068e-18,0.4869659368131236,374
2017,Steamer,pitching,Standard,SV/G,0.06475295,0.022302777440247567,-0.005283412,0.528284883,0.064541541,0.026274460125538298,0.000761898,0.5313600107819707,0.061190941,0.023890221436627185,2.456407498022785e-18,0.5710998441422441,732
2017,Steamer,pitching,Fantasy,SV/G,0.075401278,0.029594422655802987,-0.009938497,0.6064654568042109,0.074789447,0.033397184,-0.00262345,0.6128260778486649,0.060291671279625196,0.024364815999268218,3.292746749655801e-18,0.6206191733522602,374
2017,ZiPS,pitching,Standard,SV/G,0.086357859,0.032075495124114686,0.005681794,0.16099526032983935,0.086357821,0.032075824,0.005681211,0.16099600664737046,0.074489772,0.025639447674326295,1.8423056235170886e-18,0.3644126843331664,732
2017,ZiPS,pitching,Fantasy,SV/G,0.086449712,0.034769634,-0.002896062,0.4826880027574527,0.0864013,0.036351541,-0.000138528,0.4832672264530752,0.069828921,0.025375372086992386,-1.46E-18,0.49110123473900413,374
2017,Marcel,pitching,Standard,W/G,0.1506524569971433,0.11221465739218257,0.023286385917293692,0.1423590207490193,0.1643145921508348,0.13298807499720028,0.069608751,0,0.1384184956872216,0.11058581326485935,1.2282037490113925e-17,0.3581089931896444,732
2017,Marcel,pitching,Fantasy,W/G,0.12916264501974747,0.092755022,-0.032833402,0.3674152762820848,0.12941596309961725,0.10727935052143217,0.033816193,0.3649315506414085,0.13052841870490395,0.1055154456001675,-8.78E-18,0.39040769888302185,374
2017,Steamer,pitching,Standard,W/G,0.1335479390606001,0.088194261,0.024812048182353726,0.3260503274940123,0.1334128,0.087982503,0.024074069249963446,0.3274135997504638,0.11944709854104579,0.084392115,3.930251996836456e-17,0.5220040128502326,732
2017,Steamer,pitching,Fantasy,W/G,0.10916113330655955,0.074483068,0.000461233,0.5481639154486192,0.10946595264460933,0.075280297,0.00817646,0.5456369964439047,0.11556881937342425,0.083547903,2.9268859996940453e-18,0.5221290028741654,374
2017,ZiPS,pitching,Standard,W/G,0.14171481546486245,0.10156977810654916,0.054004284,0.2411016698292362,0.13450315805603025,0.093739444,0.030405152,0.31637482285784957,0.11594024462824114,0.084447574,4.175892746638735e-17,0.549659023,732
2017,ZiPS,pitching,Fantasy,W/G,0.10831941049984722,0.077660582,0.022575373,0.5551051120402332,0.1063389410362108,0.075638735,0.009193649,0.5712249540251884,0.11139209050213421,0.082459337,-2.34E-17,0.5560459432621818,374
2017,Marcel,pitching,Standard,WHIP,0.889274491,0.37951778141264075,-0.225974636,0,0.8757247250870999,0.3696350101804249,-0.164770175,0,0.28405213910317806,0.1743852209295285,-3.93E-17,0.082614309,732
2017,Marcel,pitching,Fantasy,WHIP,0.20627551986665987,0.16048063644711413,-0.02999158,0.09466217,0.20418320325645972,0.15844580257936539,0.006378502,0.11293526764138617,0.18634480572347803,0.144364325,-1.05E-16,0.1478650638783876,374
2017,Steamer,pitching,Standard,WHIP,0.874467405,0.36169454643814136,-0.18254389,0,0.8692266624493881,0.3592283538847633,-0.155512121,0.002437364,0.27564964671164105,0.16465507818719688,1.0808192991300254e-16,0.13608559838492285,732
2017,Steamer,pitching,Fantasy,WHIP,0.1908370313955354,0.14756494768361722,-0.001998034,0.22510904460780556,0.19083225904079118,0.14770617143958686,0.001473322,0.2251478002755145,0.17444154215319016,0.13406756369937178,-7.61E-17,0.25325276562673094,374
2017,ZiPS,pitching,Standard,WHIP,0.8750296221226281,0.3673090507645166,-0.188646346,0,0.867624381,0.3624888313959802,-0.150607673,0.00611167,0.2814858191051518,0.17169131144780572,1.1790755990509367e-16,0.099115998,732
2017,ZiPS,pitching,Fantasy,WHIP,0.20155890515413333,0.1575098012888929,-0.008468608,0.13559102242797982,0.2014641809794593,0.1570834836217365,0.005791484,0.1364033029545788,0.18394862687727928,0.14245367782394477,-5.85E-17,0.1696391044337714,374
2017,Marcel,pitching,Standard,wOBA,0.087310566,0.055686172,-0.0269974,0,0.08452726,0.053316598125683116,-0.015829794,0.011465106707486905,0.041960537,0.030505562782196034,-1.72E-17,0.10742911435627478,732
2017,Steamer,pitching,Standard,wOBA,0.092573311,0.060882392887864525,-0.042970607,0,0.083508529,0.051501173471131007,-0.015821808,0.035149353,0.03990349,0.028625437,-1.11E-16,0.19279766439810497,732
2017,ZiPS,pitching,Standard,wOBA,0.092890555,0.062846474,-0.045477057,0,0.082121119,0.051441559,-0.013541995,0.066943087,0.040912027567417866,0.029715457900699686,-1.23E-17,0.15147889256984393,732
2018,Davenport,batting,Standard,1B/(BIP-HR),0.079302575,0.049735306,0.007020298,0,0.079006591,0.049174989,0.001558102,0,0.038151728,0.029341481,-3.41E-17,0,629
2018,Marcel,batting,Standard,1B/(BIP-HR),0.077994514,0.047458962913867496,0.009659368,0.010873035063834302,0.077486861,0.046875948,0.003791145,0.023707251,0.035103315,0.026621881474714625,-5.31E-17,0.1362674229673988,629
2018,Steamer,batting,Standard,1B/(BIP-HR),0.077938346,0.046945638,0.010098009356645173,0.012297177008336102,0.077473129,0.046438579288740935,0.005447002,0.024053242892361548,0.034352597,0.026019164,-4.55E-17,0.172815877,629
2018,ZiPS,batting,Standard,1B/(BIP-HR),0.078239082,0.047140773,0.007684769,0.004660076,0.077996763,0.046829458,0.004603988,0.010815991257011492,0.035199416,0.026868896,-1.01E-17,0.13153175429916208,629
2018,Davenport,batting,Standard,2B/(BIP-HR),0.037230313,0.02652602,0.006572125,0,0.037035862,0.026316849,0.005362055,0,0.021782096766096437,0.016657753769708357,2.2105282772919276e-18,0,629
2018,Marcel,batting,Standard,2B/(BIP-HR),0.036428622,0.025837463068663895,0.006229367,0.017311834,0.03645264,0.025860408,0.006368317,0.016015612073092322,0.020523615444057446,0.015763313383783596,1.5789487694942338e-18,0.086845287,629
2018,Steamer,batting,Standard,2B/(BIP-HR),0.035225607,0.024789699520460198,0.003925477,0.081144505,0.035368941959095804,0.024962974383505452,0.005052527,0.073651551,0.019736782489566618,0.015395917504604456,2.2105282772919276e-18,0.15552006001398988,629
2018,ZiPS,batting,Standard,2B/(BIP-HR),0.035272947,0.024824711,0.003637607,0.078673153,0.035444132,0.025004573854225585,0.005033674,0.06970878,0.019732736306286483,0.015447575,6.000005324078089e-18,0.1558662735235783,629
2018,Davenport,batting,Standard,3B/(BIP-HR),0.014615535246498432,0.006420287,-0.000582562,0.00199776,0.014604384726329361,0.006580379,-0.000116453,0.003519976,0.007411893,0.005147429,4.539477712295923e-19,0.09477859,629
2018,Marcel,batting,Standard,3B/(BIP-HR),0.014606726,0.007235852,0.000708558,0.003200415,0.014593726148513175,0.007134345,0.000349921,0.004973948,0.007627562,0.005382996,1.9934228214864703e-18,0.041332269,629
2018,Steamer,batting,Standard,3B/(BIP-HR),0.014196334047974853,0.006543194,-0.000229439,0.058425937094090274,0.014197834052316291,0.006708653,0.0003086,0.058226951,0.007059353,0.004936205,1.1250009982646417e-18,0.17884254815481515,629
2018,ZiPS,batting,Standard,3B/(BIP-HR),0.014360976,0.007099828,0.001511352,0.036459551171710514,0.014284339485531716,0.006832249,0.000298199,0.046715804061544186,0.007225098,0.005082851,1.0657904194086079e-18,0.13983043960695474,629
2018,Davenport,batting,Standard,AVG,0.064399153,0.041937303,0.015645412795158232,0.050145933,0.063383167,0.041125398,0.010721653070513407,0.079880063,0.03216383,0.024506514657192356,6.315795077976935e-18,0.173543548,629
2018,Davenport,batting,Fantasy,AVG,0.027250084299067952,0.021534337,0.003004439,0.07736882,0.027084230626308856,0.021306063,0.000122916,0.088565563,0.026542817,0.020922755075365937,4.77050683165155e-17,0.11703815894571079,278
2018,Marcel,batting,Standard,AVG,0.067295736,0.043463692587998974,0.025447248,0,0.064396396,0.04113803,0.0163016,0.050227283263702405,0.030414865277034034,0.023070743675788628,6.315795077976935e-18,0.26097987454804406,629
2018,Marcel,batting,Fantasy,AVG,0.024808224477478734,0.020012806163410963,0.005931194,0.23531284843318434,0.024099468200945173,0.019530413803887158,0.000717929,0.2783820201452981,0.023628751414884182,0.019099724918999056,9.5410136633031e-17,0.30027169727598435,278
2018,Steamer,batting,Standard,AVG,0.065278147,0.041758968,0.021302309275005347,0.024039571732729637,0.063303572,0.040142398,0.014138391013879733,0.082189541,0.030306726,0.022738355,3.284213440548006e-17,0.26622565337098536,629
2018,Steamer,batting,Fantasy,AVG,0.024948032619275713,0.019718200975465734,0.004184134,0.22666968761129236,0.024600870545637813,0.019454899801053287,0.000552698,0.2480423559395153,0.024185003042258568,0.019139203,6.145059647551149e-17,0.2669388789342094,278
2018,ZiPS,batting,Standard,AVG,0.064230275,0.041354421,0.018102262468624904,0.055121137880133286,0.063055324,0.040473059,0.013346817565560505,0.089373906,0.030583844942735035,0.023410141,6.947374585774629e-17,0.2527453302506186,629
2018,ZiPS,batting,Fantasy,AVG,0.02571916,0.020623667574683955,0.002191278,0.17812461287033077,0.025629253,0.020550730396064504,0.000430254,0.18386065954188924,0.024999435,0.020071304818280285,3.5576661117401394e-17,0.21673578344962607,278
2018,Davenport,batting,Standard,BABIP,0.085275366,0.053452995,0.013009861,0,0.084551297,0.052699741,0.006803705,0.015509864134131357,0.040072058316663633,0.030650746959174576,-3.16E-17,0.036178399279309104,629
2018,Marcel,batting,Standard,BABIP,0.084510479,0.051786104,0.016597293194500425,0.016460184745837436,0.083528427,0.050995464,0.010509383715006754,0.039185780778446144,0.03785068,0.028576124861085416,4.92632016082201e-17,0.14007469200678835,629
2018,Steamer,batting,Standard,BABIP,0.084468555,0.051012293241529595,0.013794047183342536,0.017435777356367144,0.084032593,0.050713297,0.010808128017553823,0.027552093,0.037501859,0.028064527591287112,3.410529342107545e-17,0.15585130637519184,629
2018,ZiPS,batting,Standard,BABIP,0.084421085,0.051027632477484305,0.012833727812534043,0.018539830837938642,0.084029378,0.050704673592962615,0.009935862,0.027626492512419443,0.037462502,0.028370764742191093,3.031581637428929e-17,0.1576221868122749,629
2018,Davenport,batting,Standard,BB/PA,0.040498384,0.025829765444073907,0.002603154,0.21770208984689932,0.040449976,0.025732567162610027,0.001690516,0.21957115485234435,0.022278855208657765,0.017364197,1.815791084918369e-18,0.5278568455793874,629
2018,Marcel,batting,Standard,BB/PA,0.041416756,0.026769307528790868,0.002370188,0.1818198676028433,0.041609665,0.027026250498178757,0.004651272,0.17418035593124903,0.023501419674418527,0.017902083551671093,-1.20E-17,0.47461683660618836,629
2018,Steamer,batting,Standard,BB/PA,0.040833186,0.025634542,-0.001895234,0.204714047,0.040794823,0.025714637687710366,0.000678519,0.20620770990944814,0.022419323253379045,0.01728337,2.5263180311907743e-18,0.5218843571426119,629
2018,ZiPS,batting,Standard,BB/PA,0.041342832,0.026139886811572928,-0.004511995,0.18473795747293498,0.041124903162655456,0.02614146,0.001544671,0.19331021973017637,0.022319853493778134,0.017492961,-3.95E-19,0.5261175398357718,629
2018,Davenport,batting,Standard,HBP/PA,0.015513894959413103,0.009919798,-0.009919798,0,0.011948708,0.008527947,0.000702189,0,0.008893593,0.006492643,7.500006655097611e-19,0,629
2018,Marcel,batting,Standard,HBP/PA,0.011178901242144365,0.00756287,-0.000256034,0.12166780976980562,0.011206651,0.007805389,0.000828704,0.11730174392099324,0.007396518,0.005382979,1.7171067868249793e-18,0.30832819675514955,629
2018,Steamer,batting,Standard,HBP/PA,0.010866363215256743,0.007124533,-0.000902863,0.17009382560872188,0.010838379599962786,0.007396494,0.000455834,0.1743627555399252,0.007162617,0.005181252,1.825659514727708e-19,0.3513820776581549,629
2018,ZiPS,batting,Standard,HBP/PA,0.010701686270061583,0.007031377,-0.00084295,0.19505725425587594,0.010679610852514076,0.007235744,0.000488429,0.19837469776443473,0.006935311,0.005061214,2.644739188902842e-18,0.3918966634448616,629
2018,Davenport,batting,Standard,HR/BIP,0.040997703349591984,0.022437109,0.003737626,0.1434413455439516,0.040833067,0.021605322383442177,0.00070538,0.150306958,0.020361557,0.014988824904168894,6.789479708825206e-18,0.39548489289328803,629
2018,Davenport,batting,Fantasy,HR/BIP,0.017963898,0.014152241,0.002581948,0.4263896959017459,0.017778429,0.013737475,0.000193276,0.4381730835340937,0.017716331,0.013737990356850792,-2.83E-18,0.45287451403523216,278
2018,Marcel,batting,Standard,HR/BIP,0.041157326,0.023325018,0.004307437,0.13675843100876606,0.041072591,0.023104274,0.003403868,0.1403092427726753,0.020303842790765067,0.014878952359283857,2.2105282772919276e-18,0.39890700498300036,629
2018,Marcel,batting,Fantasy,HR/BIP,0.017246120031754485,0.013129735538386828,0.000135762,0.4713130761479267,0.017252564319053632,0.013160533742446736,0.000490663,0.4709178977583326,0.017119732,0.013094229,8.085604799409408e-18,0.4891030643332951,278
2018,Steamer,batting,Standard,HR/BIP,0.040314843,0.020915382680876823,-0.00018369,0.1717375111104985,0.040318836807678164,0.020828478182133837,-0.000596479,0.17157339337236788,0.020079672,0.014525063641487597,1.8947385233930805e-18,0.41210683296990713,629
2018,Steamer,batting,Fantasy,HR/BIP,0.017624486090502555,0.013381851249051242,0.000304663,0.4478606688646962,0.017621942024256765,0.013342708,-5.61E-05,0.4480200582104644,0.017656655,0.013322767162226964,4.244942519689939e-18,0.4565541740623672,278
2018,ZiPS,batting,Standard,HR/BIP,0.040459108,0.020925839,0.000439026,0.16579911264107594,0.040456764,0.020858585,5.5709966054357134e-05,0.1658957550957938,0.020062585134877076,0.014482777,3.473687292887314e-18,0.41310694815427285,629
2018,ZiPS,batting,Fantasy,HR/BIP,0.017839635,0.013476910200238362,8.605725392346647e-05,0.43429806430280116,0.017839464948579117,0.013469708443516831,-3.68E-05,0.4343088174742653,0.017934941619919854,0.013500424952776084,2.627821559808057e-18,0.4392886698541696,278
2018,Davenport,batting,Standard,OBP,0.06607972,0.042667417,0.009879318,0.12178860375310507,0.066281684,0.042876173,0.011150475802159075,0.1164121328267439,0.034839442728266105,0.026518232069752932,3.9157929483457e-17,0.2703638966048777,629
2018,Marcel,batting,Standard,OBP,0.070638835,0.045761828,0.024636344432675362,0,0.068800647,0.04412389,0.01872521,0.047976372264669775,0.033883964,0.025543886124809467,4.5473724561433936e-17,0.30983593949837374,629
2018,Steamer,batting,Standard,OBP,0.06701067,0.043167338,0.017003530558348245,0.096869313,0.066201027,0.042385626,0.013463509472299628,0.11856127254802296,0.033736133,0.025464214,4.5473724561433936e-17,0.31584496586864164,629
2018,ZiPS,batting,Standard,OBP,0.065635527,0.042147833,0.012279739440119111,0.13355572723144182,0.065866576,0.042350476,0.013460140117208357,0.12744491925638823,0.033419090381582396,0.025662134,7.578954093572322e-18,0.3286435499831707,629
2018,Davenport,batting,Standard,PA,142.8116266,101.85375749157069,-13.41499187,0.5789202261390842,142.8116266,101.85375749157069,-13.41499187,0.5789202261390842,142.8116266,101.85375749157069,-13.41499187,0.5789202261390842,629
2018,Davenport,batting,Fantasy,PA,150.01719431516744,110.26277093335574,-46.95341842,0,150.01719431516744,110.26277093335574,-46.95341842,0,150.01719431516744,110.26277093335574,-46.95341842,0,278
2018,Marcel,batting,Standard,PA,170.72476664487183,135.8235294117647,35.96343402225755,0.3982303159057835,170.72476664487183,135.8235294117647,35.96343402225755,0.3982303159057835,170.72476664487183,135.8235294117647,35.96343402225755,0.3982303159057835,629
2018,Marcel,batting,Fantasy,PA,154.5346577038778,113.24820143884892,-59.77338129,0,154.5346577038778,113.24820143884892,-59.77338129,0,154.5346577038778,113.24820143884892,-59.77338129,0,278
2018,Steamer,batting,Standard,PA,143.22522974076335,102.39316402292782,-26.9674088,0.5764776783565668,143.22522974076335,102.39316402292782,-26.9674088,0.5764776783565668,143.22522974076335,102.39316402292782,-26.9674088,0.5764776783565668,629
2018,Steamer,batting,Fantasy,PA,157.2521215000244,115.12446096475176,-64.9151084,0,157.2521215000244,115.12446096475176,-64.9151084,0,157.2521215000244,115.12446096475176,-64.9151084,0,278
2018,ZiPS,batting,Standard,PA,259.0801049770371,207.01589825119237,177.84578696343402,0,259.0801049770371,207.01589825119237,177.84578696343402,0,259.0801049770371,207.01589825119237,177.84578696343402,0,629
2018,ZiPS,batting,Fantasy,PA,105.27092488384093,81.95323741007195,19.003597122302157,0.17303439006529386,105.27092488384093,81.95323741007195,19.003597122302157,0.17303439006529386,105.27092488384093,81.95323741007195,19.003597122302157,0.17303439006529386,278
2018,Davenport,batting,Standard,R/PA,0.057545419207644465,0.031666559,0.008793049,0.034155974,0.056916832,0.030564268907784697,0.002316938,0.055141185,0.023608530471319826,0.017716080918096483,1.2000010648156177e-17,0.18462041664200046,629
2018,Davenport,batting,Fantasy,R/PA,0.020987888428309745,0.016920830900792848,0.005576666,0.049529494,0.020234296,0.016186682085873795,0.000185669,0.1165594148413387,0.019878656853733388,0.015999370428690558,-8.09E-18,0.16349259813238604,278
2018,Marcel,batting,Standard,R/PA,0.057278645,0.031062050847166914,0.008996907,0.043090304,0.056817160023057776,0.030207384,0.005318912,0.058447534,0.023065577,0.016515079064292268,1.2000010648156177e-17,0.22169365940236718,629
2018,Marcel,batting,Fantasy,R/PA,0.018832088187330353,0.014673006088906483,0.002137761,0.2347592133411821,0.018725092647594883,0.014492324,0.000742677,0.24343002614309195,0.018576144472723818,0.014389903141841087,2.18311329584054e-17,0.26952244797624836,278
2018,Steamer,batting,Standard,R/PA,0.057752080888171034,0.030251812045212063,-0.000234732,0.027206285887793502,0.057761806,0.030312103116954755,0.00108558,0.026878633046518385,0.023761876,0.017419859016933197,-8.21E-18,0.17399368306981366,629
2018,Steamer,batting,Fantasy,R/PA,0.020330114670181747,0.015807736137878416,-0.002150884,0.1081726076390731,0.020216496448914538,0.015705827,0.000139521,0.11811300393318103,0.019996837,0.015644351647680712,-2.83E-18,0.15351682932925448,278
2018,ZiPS,batting,Standard,R/PA,0.057601968083551405,0.030063271033342207,0.003862384,0.032256806,0.057530028,0.029873707804530022,0.002575924,0.034672563335073625,0.022641926,0.016484440037232737,1.0105272124763097e-17,0.25002180459595125,629
2018,ZiPS,batting,Fantasy,R/PA,0.018797640500333893,0.014742941078987788,0.000183862,0.2375562122981718,0.018799475,0.014749826,0.000320575,0.23740740685704054,0.018452941978317313,0.014586933043691457,-1.13E-17,0.2791798033443237,278
2018,Davenport,batting,Standard,RBI/PA,0.048288831068841076,0.034166118,0.012129329788797218,0.088211001,0.047079869,0.032816997448976676,0.005641229,0.1332947111772731,0.028396648,0.021775888545266988,-1.26E-18,0.22680761485202938,629
2018,Davenport,batting,Fantasy,RBI/PA,0.025763431,0.020824191291990715,0.004963791,0.18557053981429206,0.025280937319141616,0.020201167818140388,-0.000103237,0.2157898904610024,0.025038012834847675,0.019941903,2.4256814398228223e-18,0.23258044687933055,278
2018,Marcel,batting,Standard,RBI/PA,0.049633612,0.034929285155005874,0.012229082192523869,0.036719605,0.048929284,0.034206678,0.008951529,0.063864566,0.028078583005565982,0.021869914,-5.05E-18,0.24403137177443746,629
2018,Marcel,batting,Fantasy,RBI/PA,0.024143823,0.019694383598841486,0.001951088,0.2847495229484186,0.024074432,0.019568653076071744,0.000678873,0.28885492480572383,0.023909876551669502,0.019466014685786372,-1.70E-17,0.30017764300688143,278
2018,Steamer,batting,Standard,RBI/PA,0.047601920310663064,0.033350424,0.010910383316600459,0.11396697641888043,0.046595377689367196,0.032244415,0.004921673,0.1510411584477146,0.027064832630078046,0.020942026,3.789477046786161e-18,0.29763301331322256,629
2018,Steamer,batting,Fantasy,RBI/PA,0.024166957172946996,0.019917358,0.005220908,0.283378163,0.023596923,0.019175075370527716,0.000175579,0.31678587921345325,0.023431332,0.018970493827632117,-8.09E-18,0.327910538,278
2018,ZiPS,batting,Standard,RBI/PA,0.049570997000539394,0.034952499,0.010996316307104157,0.039148504,0.048502365,0.033878759844669336,0.004014299,0.0801293,0.029112446617937777,0.023038164860388656,3.789477046786161e-18,0.18733639726560347,629
2018,ZiPS,batting,Fantasy,RBI/PA,0.027176534053506465,0.02210779,0.006588316,0.093778775,0.026366012513647404,0.021527901,9.227531840494766e-05,0.14702755697004233,0.026209289,0.021416917,-3.23E-18,0.15910139252705124,278
2018,Davenport,batting,Standard,SB/TOF,0.23621076233425878,0.048305021,-0.005064773,0.12509428558177405,0.23630208454943097,0.048076901,-0.008294748,0.12441765449185516,0.052562653,0.028584095,-1.48E-17,0.4857379756104452,629
2018,Davenport,batting,Fantasy,SB/TOF,0.036822828,0.025701301089751067,0.005717287,0.5979418456199928,0.036396388,0.025313045031813485,0.001209865,0.6072002804333774,0.035903947,0.025277394174949733,1.516050899889264e-19,0.6272711939486276,278
2018,Marcel,batting,Standard,SB/TOF,0.24080567497215774,0.053105775,-0.006026718,0.090724843,0.24094139250763807,0.051745796,-0.010084783,0.089699623,0.055114044,0.029834091,-1.54E-17,0.43460175643156407,629
2018,Marcel,batting,Fantasy,SB/TOF,0.035764098,0.026054667,0.007215677,0.6207294388484419,0.035039023,0.024247316468625987,0.000853487,0.6359520718901006,0.035720482,0.024886238,1.637334971880405e-17,0.6310706681881232,278
2018,Steamer,batting,Standard,SB/TOF,0.23898802322289275,0.05173437,0.000881038,0.10439983547207654,0.23905739317718422,0.049346332734779674,-0.005825652,0.10387983653316901,0.051826544590158896,0.027970247,-1.89E-17,0.5000409775277042,629
2018,Steamer,batting,Fantasy,SB/TOF,0.035625437240068135,0.025837094,0.008409603,0.6236646663346461,0.034650152,0.024202402461275932,0.001477382,0.6439878075622469,0.034531584930209955,0.024343265,9.500585639306054e-18,0.6552203695550949,278
2018,ZiPS,batting,Standard,SB/TOF,0.23491251262483365,0.05061725,0.002374176,0.13468508227752796,0.23504928451146428,0.048773247,-0.008361476,0.13367717336816654,0.052024926990975315,0.028810015305530113,-7.07E-18,0.4962061512171868,629
2018,ZiPS,batting,Fantasy,SB/TOF,0.038947894117669475,0.027138209162211987,0.013313008795481212,0.5501967899741032,0.036617748,0.025853093919787754,0.001075752,0.6024077954360461,0.036409955259496654,0.025924401,-9.22E-19,0.6166911325899975,278
2018,Davenport,batting,Standard,SLG,0.11490683361429802,0.080208173,0.031556604331869624,0.12769937620855554,0.112365029,0.077937898,0.020448437304212516,0.1658641170950369,0.065699231,0.050997596,4.042108849905239e-17,0.2648443807840579,629
2018,Marcel,batting,Standard,SLG,0.12366401238015438,0.085736663,0.049562665,0,0.11842758066290666,0.080645273,0.034478423687809935,0.073425844,0.065057778,0.048751878,5.052636062381548e-17,0.27912964958391506,629
2018,Steamer,batting,Standard,SLG,0.11346564319248098,0.079080373,0.031987703,0.1494433841262678,0.11105855224228257,0.076699445,0.021971867309629373,0.18514847290370562,0.064108814,0.049370621,3.031581637428929e-17,0.3000062124329437,629
2018,ZiPS,batting,Standard,SLG,0.11270065057349342,0.07814039,0.029736786623955822,0.16087373585455356,0.11096535087747031,0.076597944,0.022274401,0.18651556091131016,0.063939683,0.049766886,-6.57E-17,0.3036947677216525,629
2018,Davenport,batting,Standard,SO/PA,0.081304997,0.051011481,-0.01618593,0.32482036441351236,0.081142366,0.050947367,-0.015348139,0.3275187281627884,0.040390839501044266,0.029483125,-1.77E-17,0.6095307019271257,629
2018,Marcel,batting,Standard,SO/PA,0.092056307,0.056922051,-0.02836706,0.1344503987261747,0.089797862,0.055706264,-0.019848989,0.17639902395884022,0.044106765117218165,0.031520822,-1.64E-17,0.5343800865020754,629
2018,Steamer,batting,Standard,SO/PA,0.084536052,0.052711508,-0.026667422,0.27009089541726095,0.082256723,0.051358847,-0.018192741,0.3089210455750703,0.039088436,0.028803011730541863,1.1368431140358484e-17,0.6343060916013976,629
2018,ZiPS,batting,Standard,SO/PA,0.080503058,0.050739427057067535,-0.021502898,0.3380737224086581,0.079422755,0.050068259736456525,-0.01701782,0.3557198420408163,0.039210465,0.029104775,6.947374585774629e-18,0.6320192300721059,629
2018,Davenport,batting,Standard,wOBA,0.068822451,0.04665216,0.017029683,0.13005062557831848,0.067857091,0.045638206,0.012572392639789846,0.15428471701393542,0.037089269,0.028508941134060984,8.589481306048632e-17,0.27676026269940357,629
2018,Marcel,batting,Standard,wOBA,0.074311892,0.049883658,0.028950942305168318,0,0.071674488,0.047560959,0.021286898,0.056454373,0.036479354313282655,0.027386941305667177,3.6631611452266225e-17,0.3003513191196444,629
2018,Steamer,batting,Standard,wOBA,0.068596416,0.04563982,0.018275228,0.135755645,0.067629756,0.044802525,0.014223205466347992,0.15994186113500164,0.036331000158758196,0.027647374982787753,3.410529342107545e-17,0.306030407,629
2018,ZiPS,batting,Standard,wOBA,0.067626827,0.044697734379969836,0.015760523468370608,0.16001461309134524,0.067291959,0.044417085,0.014255319715006733,0.16831272993326352,0.035993112,0.027634363919918154,2.4000021296312355e-17,0.31887860385275335,629
2018,Davenport,pitching,Standard,1B/(BIP-HR),0.23012181506091875,0.22182634366080314,-0.221238105,0,0.063435005,0.0416736,-0.0037748,0,0.034869526,0.025541632,-2.16E-17,0,751
2018,Marcel,pitching,Standard,1B/(BIP-HR),0.062549345,0.041784718,-0.001247321,0,0.062726668,0.041793121,-0.004875469,0,0.034590665,0.02529741,-3.45E-17,0,751
2018,Steamer,pitching,Standard,1B/(BIP-HR),0.095044892,0.081717997,0.071680288,0,0.06267576,0.041250239311195334,-0.005725649,0,0.03380199,0.024957073454399896,1.170042151262752e-17,0.020994032912190597,751
2018,ZiPS,pitching,Standard,1B/(BIP-HR),0.091681138,0.077698957,0.065461025,0,0.064476691,0.042830116,-0.006079346,0,0.035573676,0.026092102,-2.46E-17,0,751
2018,Davenport,pitching,Standard,2B/(BIP-HR),0.093113201,0.074913469,-0.074675974,0,0.055977188,0.029908179591215844,-0.006314925,0,0.023257717,0.016010295594227387,3.69486995135606e-18,0,751
2018,Marcel,pitching,Standard,2B/(BIP-HR),0.055870194586614595,0.030272919182243778,-0.007366125,0,0.055762444644282136,0.030272860255973373,-0.006498568,0,0.023867694542059135,0.016867016,6.158116585593432e-18,0,751
2018,Steamer,pitching,Standard,2B/(BIP-HR),0.093067838,0.074869757,-0.074220586,0,0.056485592,0.030279076872166185,-0.006139636,0,0.023749478747772383,0.016200804647266143,3.69486995135606e-18,0,751
2018,ZiPS,pitching,Standard,2B/(BIP-HR),0.091922599,0.073779922,-0.071397183,0,0.058048233,0.031491783,-0.004170237,0,0.025146979391925006,0.016612202039601887,3.079058292796716e-18,0,751
2018,Davenport,pitching,Standard,3B/(BIP-HR),0.018131295888393944,0.007715569,-0.007659657,0,0.016447371248826108,0.007621692,-0.000665188,0,0.007012121,0.004582067,-1.54E-19,0,751
2018,Marcel,pitching,Standard,3B/(BIP-HR),0.016635802,0.008092214,-0.000241595,0,0.016638898260212497,0.0080604,-0.000401734,0,0.007411376,0.005082628,6.158116585593432e-19,0,751
2018,Steamer,pitching,Standard,3B/(BIP-HR),0.018127722244360246,0.007724888,-0.007613063,0,0.016464341,0.007633062,-0.000647253,0,0.007028619,0.00458402,-1.54E-19,0,751
2018,ZiPS,pitching,Standard,3B/(BIP-HR),0.017968134580817516,0.007777675,-0.007324182,0,0.016413680483421695,0.007700469,-0.000445751,0.000148224,0.007036944,0.004600703,-7.70E-20,0,751
2018,Davenport,pitching,Standard,BABIP,0.080682578,0.052742299,-0.015325727,0,0.079934716,0.052078602,-0.010712532,0,0.041844295857725505,0.030736090404970415,3.9411946147797964e-17,0,751
2018,Marcel,pitching,Standard,BABIP,0.078547372,0.050182474,-0.008855042,0,0.078930011,0.050385978774789494,-0.011775771,0,0.039520003,0.028743988,4.9264932684747456e-17,0,751
2018,Steamer,pitching,Standard,BABIP,0.07809828,0.049093596,-0.010153362,0,0.078439876,0.049206060845608614,-0.012512538,0,0.038255258,0.027287388409163928,3.325382956220453e-17,0.009690019,751
2018,ZiPS,pitching,Standard,BABIP,0.07855007,0.049459400383295486,-0.01326034,0,0.078157962,0.049185842,-0.010695334,0,0.038462901,0.027396072,-6.16E-18,0,751
2018,Davenport,pitching,Standard,BB/BF,0.05492315,0.030231115,-0.007610542,0.097505822,0.054893342,0.030225595,-0.007392355,0.098485167,0.024808958489720628,0.017653689,-5.54E-18,0.26603493712220483,751
2018,Marcel,pitching,Standard,BB/BF,0.057583090904876864,0.031007542,-0.013499133,0.007973026,0.056971952681168704,0.030772792796132785,-0.010593282,0.028918355560425657,0.025535750232787754,0.018310248573609078,5.234399097754417e-18,0.22240122719798927,751
2018,Steamer,pitching,Standard,BB/BF,0.054786246,0.0300551,-0.006570193,0.10199942505592652,0.054788339,0.030054519050475962,-0.00658763,0.10193078344231965,0.024010053724595155,0.017064814461566963,-1.35E-17,0.31254450690159086,751
2018,ZiPS,pitching,Standard,BB/BF,0.054955513,0.030812619951236263,-0.008581597,0.096441942,0.054590401,0.030667016496277053,-0.005800627,0.1084081340869042,0.025513089,0.017789821235310758,9.54508070766982e-18,0.22378072869411614,751
2018,Davenport,pitching,Standard,BF,161.53061724099962,114.42969374167778,-5.895472703,0.46482320262707666,161.53061724099962,114.42969374167778,-5.895472703,0.46482320262707666,161.53061724099962,114.42969374167778,-5.895472703,0.46482320262707666,751
2018,Davenport,pitching,Fantasy,BF,178.40072067928676,127.85027777777778,-50.43194444,0.20914766849431798,178.40072067928676,127.85027777777778,-50.43194444,0.20914766849431798,178.40072067928676,127.85027777777778,-50.43194444,0.20914766849431798,360
2018,Marcel,pitching,Standard,BF,173.32927032692405,124.98002663115845,3.733688415446072,0.38378624461372013,173.32927032692405,124.98002663115845,3.733688415446072,0.38378624461372013,173.32927032692405,124.98002663115845,3.733688415446072,0.38378624461372013,751
2018,Marcel,pitching,Fantasy,BF,190.2633627954216,135.2861111111111,-66.98611111,0.1004764721960868,190.2633627954216,135.2861111111111,-66.98611111,0.1004764721960868,190.2633627954216,135.2861111111111,-66.98611111,0.1004764721960868,360
2018,Steamer,pitching,Standard,BF,162.9334901348439,112.35922250036552,-10.79678524,0.4554869508178835,162.9334901348439,112.35922250036552,-10.79678524,0.4554869508178835,162.9334901348439,112.35922250036552,-10.79678524,0.4554869508178835,751
2018,Steamer,pitching,Fantasy,BF,183.02073124815215,134.8460835814476,-55.56944903,0.1676561732717634,183.02073124815215,134.8460835814476,-55.56944903,0.1676561732717634,183.02073124815215,134.8460835814476,-55.56944903,0.1676561732717634,360
2018,ZiPS,pitching,Standard,BF,244.71467153929055,184.78296213873853,147.2916012597624,0,244.71467153929055,184.78296213873853,147.2916012597624,0,244.71467153929055,184.78296213873853,147.2916012597624,0,751
2018,ZiPS,pitching,Fantasy,BF,152.38275171839817,106.82224854363335,42.12221518622504,0.42300265612585874,152.38275171839817,106.82224854363335,42.12221518622504,0.42300265612585874,152.38275171839817,106.82224854363335,42.12221518622504,0.42300265612585874,360
2018,Davenport,pitching,Standard,ER/BF,0.069396288,0.040096864,-0.007563751,0.015456100871441003,0.070114855,0.040097623,-0.012548242,0,0.032778366,0.022902413,-6.16E-18,0,751
2018,Marcel,pitching,Standard,ER/BF,0.070820354,0.039863374157847235,-0.014479751,0,0.070772945,0.039846448,-0.014246065,0,0.031946079239614504,0.02263055,4.9264932684747455e-18,0.041412074345201444,751
2018,Steamer,pitching,Standard,ER/BF,0.070187714,0.038720851,-0.011907886,0,0.070672921,0.038875237,-0.014496357,0,0.03102909,0.021566697474208547,1.6011103122542925e-17,0.095653424,751
2018,ZiPS,pitching,Standard,ER/BF,0.070619836,0.039631057405305106,-0.014290747,0,0.070319201,0.039475619439029254,-0.012722197,0,0.031850574847716105,0.022308359835103368,2.4632466342373727e-18,0.047134999562940205,751
2018,Davenport,pitching,Standard,ERA,4.308628235567394,2.033558918195089,-0.546912112,0,4.346283641973907,2.0301359595959294,-0.790580219,0,1.6536915036947435,1.051490082112632,-2.36E-16,0,751
2018,Davenport,pitching,Fantasy,ERA,1.2534705480849666,0.983353098,0.4259190184026005,0,1.1789569342320267,0.9101933617577966,-0.012571718,0,1.083423261,0.8282560261283034,1.9268955546036615e-16,0,360
2018,Marcel,pitching,Standard,ERA,4.372564402719377,2.017892190304432,-0.952328303,0,4.357107251471341,2.0128123683211827,-0.878631516,0,1.6215640402717377,1.0354550858740086,-3.15E-16,0.035757373,751
2018,Marcel,pitching,Fantasy,ERA,1.1012673282142034,0.886949386,0.11572059775015289,0.014830670521356004,1.0952570033102338,0.8762833520300526,-0.013763424,0.025554733130355833,1.0251686002976725,0.8118496325619509,8.671029995716477e-16,0.036879579,360
2018,Steamer,pitching,Standard,ERA,4.314774051413648,1.9523070747867564,-0.788422337,0,4.332548976492116,1.957623041840454,-0.880519904,0,1.584602027650931,0.9866115614621129,1.5764778459119185e-16,0.079214373,751
2018,Steamer,pitching,Fantasy,ERA,1.0709787588133812,0.8541056422481047,0.27105646756676516,0.068276418,1.0369347178165158,0.8201678363690093,-0.04134871,0.1265698010127677,0.9579525794637611,0.7572312608550107,4.8172388865091537e-17,0.1590348046447918,360
2018,ZiPS,pitching,Standard,ERA,4.318444484069004,1.9932838955511956,-0.786755848,0,4.319599600932963,1.993645521992537,-0.793071696,0,1.6203696762276012,1.022479089318707,-7.88E-17,0.037177277,751
2018,ZiPS,pitching,Fantasy,ERA,1.1233748267990213,0.8707573202290955,0.1792307482393287,0,1.1091125616849562,0.8628115421900234,-0.016832531,0.000744331,1.0310617765529881,0.8039069578174394,3.3720672205564077e-16,0.025774767,360
2018,Davenport,pitching,Standard,HBP/BF,0.021645844447718138,0.012469194272419751,-0.01238632,0,0.01786612,0.009509954,-0.002019057,0,0.008000754,0.005578653,6.542998872193021e-19,0,751
2018,Marcel,pitching,Standard,HBP/BF,0.017871856,0.009271197,-0.003065984,0,0.017706593,0.009333961,-0.001876294,0.000446838,0.007785542,0.005297145,1.1546468597987685e-18,0.050403242797633974,751
2018,Steamer,pitching,Standard,HBP/BF,0.017702898781186888,0.009109685,-0.003103691,0.00086391,0.017527813,0.009197496,-0.001861317,0.020529550331982338,0.007626153,0.005234757,5.773234298993842e-19,0.088886214,751
2018,ZiPS,pitching,Standard,HBP/BF,0.017672147737145087,0.009480462,-0.001904539,0.004332019,0.017628022971176712,0.009527525,-0.00143863,0.009297886,0.007972886,0.005575858,1.770458518358112e-18,0.004152821,751
2018,Marcel,pitching,Standard,HLD/G,0.10194110453865807,0.084448768,0.027748767584639733,0.10200452533553339,0.098184629,0.071566815,-0.004269269,0.16696646637156543,0.086132401,0.059721,2.4632466342373727e-18,0.28434488279206294,751
2018,Steamer,pitching,Standard,HLD/G,0.098979595,0.061446667333673835,-0.005363274,0.15342229931210716,0.098834996,0.063574903,-0.000401018,0.15589402727451773,0.082938059,0.047441659,1.2316233171186864e-18,0.3364427298524951,751
2018,ZiPS,pitching,Standard,HLD/G,0.13003123802407743,0.075533923,-0.072376334,0,0.1087155971107859,0.08441711,-0.012218504,0,0.10134298068884666,0.078787769,-4.93E-18,0.009263826,751
2018,Davenport,pitching,Standard,HR/BIP,0.046898427939500345,0.023558922,-0.001594684,0.022235707716671604,0.047030631215002124,0.023389317,-0.003867912,0.016715444448857975,0.018127743212707582,0.012707074947260671,-6.16E-19,0.10750048035854531,751
2018,Marcel,pitching,Standard,HR/BIP,0.047546040513653534,0.023768209807986877,-0.004161257,0,0.047534731,0.023775400129874932,-0.00402998,0,0.019032846806884905,0.013487453,-3.08E-18,0.016151985,751
2018,Steamer,pitching,Standard,HR/BIP,0.046900807655469605,0.023069567825596264,-0.002320938,0.022136477937085175,0.047033353131367805,0.022950438517961663,-0.004223423,0.016601625,0.017874165781853163,0.012457876874011693,6.158116585593432e-19,0.1322950535616524,751
2018,ZiPS,pitching,Standard,HR/BIP,0.047283638,0.023891256631478206,-0.004975895,0.006107615,0.047161401,0.023874334445391023,-0.003635223,0.011239768580698306,0.019022356561156386,0.013578167,-7.39E-18,0.017236212,751
2018,Davenport,pitching,Standard,L/G,0.18759094631179538,0.11132897369199297,-0.004993213,0,0.191038401,0.11886040146410347,-0.036472453,0,0.14641681057696082,0.10324064396863813,6.897090575864643e-17,0.12204493788698834,751
2018,Marcel,pitching,Standard,L/G,0.168236427,0.11661509616897726,-0.006314496,0.16387470951587801,0.17195656044869348,0.1301734489860986,0.036130819,0.1264881824996794,0.12975123061621163,0.10290940978775094,3.694869951356059e-17,0.31053317555254056,751
2018,Steamer,pitching,Standard,L/G,0.16400655190713803,0.10052567075944077,0.013406262832514898,0.20539063034103267,0.16348922389654058,0.099047287,-0.003210163,0.21039561766729464,0.11508271221021212,0.079457836,3.694869951356059e-17,0.4576113664540433,751
2018,ZiPS,pitching,Standard,L/G,0.1645990128808023,0.11072666578706189,0.031858207061699784,0.1996393313283562,0.16206083904431806,0.10767930280209455,0.013631796198592894,0.22413269380155065,0.11782216917552024,0.085558093,3.694869951356059e-17,0.4314817234694046,751
2018,Davenport,pitching,Standard,R/BF,0.10558408453600006,0.06679345,-0.043327634,0,0.1022196074462058,0.065596165,-0.034323944,0,0.054077595,0.037347767,-2.46E-18,0,751
2018,Marcel,pitching,Standard,R/BF,0.075152526,0.042329385,-0.015572633,0,0.075080373,0.042300212,-0.015220617,0,0.03386672,0.023672257,-2.59E-17,0.044731942,751
2018,Steamer,pitching,Standard,R/BF,0.074391265,0.041112906705972715,-0.012899526,0,0.074924457,0.041307794878039046,-0.01568476,0,0.032915546,0.022673212,-4.93E-18,0.097637361,751
2018,ZiPS,pitching,Standard,R/BF,0.075108744,0.042455902,-0.016299975,0,0.07458157,0.042138570185793985,-0.013666611,0,0.033858208,0.023650846770416782,-6.16E-18,0.045212069,751
2018,Davenport,pitching,Standard,SO/BF,0.068260496,0.048988678,-0.006228433,0.14989882894402684,0.068508323,0.049016587292190286,0.008525744,0.14371487111637704,0.047743068,0.035995071,-1.42E-17,0.32789429843505025,751
2018,Davenport,pitching,Fantasy,SO/BF,0.050082744511120734,0.037908274,-0.019566259,0.3038598612721497,0.046141472,0.035024521,-0.001895423,0.4091145050714502,0.043334181,0.033277722572435914,-1.81E-17,0.4107225041037281,360
2018,Marcel,pitching,Standard,SO/BF,0.068080606,0.049760359,0.00644115,0.15437356007524095,0.068742737,0.050439735940870034,0.011492755925676112,0.13784495844966138,0.047838726260416166,0.03708455,-4.93E-18,0.3251983389566281,751
2018,Marcel,pitching,Fantasy,SO/BF,0.04826446,0.037429616,-0.009951256,0.35348986302743224,0.04725083,0.037387302751849635,-0.001486708,0.3803601900319882,0.044270385,0.035149541645932515,-5.72E-17,0.3849856260134056,360
2018,Steamer,pitching,Standard,SO/BF,0.065062303,0.046619280994565415,-0.00106172,0.2276918818759064,0.065880635,0.047262738669144516,0.010405865972764498,0.20814203523842267,0.043809659,0.033128909,1.9705973073898982e-17,0.4340778841604619,751
2018,Steamer,pitching,Fantasy,SO/BF,0.044591208176748456,0.033759767605970235,-0.01495931,0.4481527095979252,0.04200715,0.032269469,-7.61E-05,0.5102585342356649,0.039153531,0.030199018338238275,-2.03E-17,0.5189385814603189,360
2018,ZiPS,pitching,Standard,SO/BF,0.067635026,0.048815817,-0.002158403,0.1654063952340198,0.06832773,0.049111039,0.009941866,0.14822337124010243,0.046045317,0.035048159,9.237174878390148e-18,0.3748447869372731,751
2018,ZiPS,pitching,Fantasy,SO/BF,0.04574664,0.035272319,-0.014957105,0.4191836312171927,0.043232869,0.033514771042107226,0.000202088,0.48126142180994336,0.040923907,0.031821001965248646,-6.02E-18,0.47445144148647755,360
2018,Davenport,pitching,Standard,SV/G,0.06821783,0.023521117328575057,-0.003220536,0.5261668835285865,0.06814744,0.025120376217415592,-0.000879321,0.5271442099621613,0.061684485,0.022019323355215566,1.84743497567803e-18,0.581251832,751
2018,Davenport,pitching,Fantasy,SV/G,0.075267324,0.031113822498571045,-0.003722794,0.6006496984587475,0.075178979,0.032796316,-0.000753687,0.6015866209635707,0.05975727,0.022147861,3.387121092076749e-18,0.6215395848824441,360
2018,Marcel,pitching,Standard,SV/G,0.084981465,0.053801974,0.020887585,0.26467718384429784,0.082384244,0.040290865,0.001267044,0.3089365384885373,0.074921125,0.034441371,3.69486995135606e-18,0.38225446437563537,751
2018,Marcel,pitching,Fantasy,SV/G,0.091729845,0.056183255,0.010789222588630428,0.4068529422099245,0.091368543,0.045842181503683105,-0.007088978,0.4115162633651419,0.073375934,0.034201606,5.268855032119387e-18,0.4293809754641631,360
2018,Steamer,pitching,Standard,SV/G,0.068837084,0.024045704753856943,-0.009461349,0.5175253063962797,0.068196689,0.029208625,-0.001327209,0.5264605146946681,0.061554169062454284,0.025964851508199174,0,0.5830192779248569,751
2018,Steamer,pitching,Fantasy,SV/G,0.079373756,0.031870523808066695,-0.012354964,0.5558855241305334,0.078517527,0.035959107224344325,-0.004177797,0.5654154454780718,0.062124141,0.025939973,0,0.5909656675876145,360
2018,ZiPS,pitching,Standard,SV/G,0.073864317,0.026202946,-0.007102252,0.44448091233744746,0.07352249,0.030559211538073713,-0.000247456,0.44961063873848817,0.067513739,0.026716946830923537,1.84743497567803e-18,0.4983678615341165,751
2018,ZiPS,pitching,Fantasy,SV/G,0.087390644,0.034180047,-0.01136046,0.46164228437157073,0.08673412,0.037910849,-0.003839661,0.46970074552378904,0.068741897,0.027052613,3.7634678800852764e-18,0.499179624,360
2018,Davenport,pitching,Standard,W/G,0.13470862975482087,0.084235216,0.011625031573793165,0.13491111462155458,0.1344344478494544,0.08723477,-0.007832445,0.13842908274104038,0.12678755951056636,0.091453215,3.694869951356059e-17,0.40749488841094395,751
2018,Davenport,pitching,Fantasy,W/G,0.1264789966152377,0.089083637,0.016269363584214606,0.32511192631359576,0.12563913261353396,0.089821715,-0.007276486,0.3340451451539793,0.12564601838410477,0.093113984,-3.01E-17,0.3924174771338159,360
2018,Marcel,pitching,Standard,W/G,0.12869263533073327,0.099844048,0.027416464,0.21045427968903552,0.14114790479732858,0.11555947821149253,0.06412955,0.050229302,0.12756014703782345,0.10166347981223998,1.724272643966161e-17,0.400251958,751
2018,Marcel,pitching,Fantasy,W/G,0.11987368087494786,0.087609569,-0.023712581,0.3937627574186715,0.12145772679500852,0.10080484568150903,0.030733800877529294,0.3776349048866193,0.12470304147492606,0.10200973204886932,1.5053871520341106e-17,0.40150310269241274,360
2018,Steamer,pitching,Standard,W/G,0.12305970408928074,0.083156237,0.032376411,0.27805913071892807,0.12104059915540664,0.081282682,0.023566244,0.3015553022544162,0.10905096740244775,0.079172844,3.9411946147797964e-17,0.561673365,751
2018,Steamer,pitching,Fantasy,W/G,0.10367720379710456,0.073178663,0.008107188,0.5465165085740482,0.1035572551012677,0.073087742,0.006392886,0.5475652113853382,0.10797705863316315,0.080218231,4.8172388865091537e-17,0.5512847836824734,360
2018,ZiPS,pitching,Standard,W/G,0.1379421307398225,0.10198798107128407,0.064549363,0.092882061,0.12474714390691836,0.090776711,0.026465803735082803,0.25812434868127554,0.11767377676500275,0.088883219,1.9705973073898982e-17,0.4896146480880781,751
2018,ZiPS,pitching,Fantasy,W/G,0.11674371301835841,0.086425439,0.035728407466839855,0.42500782545332627,0.11125188171328688,0.082106607,0.004940218,0.4778327121853292,0.1171355600744412,0.089278649,-3.91E-17,0.4719374989764613,360
2018,Davenport,pitching,Standard,WHIP,0.6090174923909558,0.33926152809078963,-0.091751126,0.011509857617909902,0.6181021,0.34059005809160237,-0.139879122,0,0.26867728370236976,0.18437346765051754,-3.94E-17,0.006073524,751
2018,Davenport,pitching,Fantasy,WHIP,0.2250641862499072,0.17737080293462262,0.081363952,0,0.20984794512961344,0.16533607142684684,-0.001537817,0,0.1930214813201822,0.152152524,-2.11E-16,0,360
2018,Marcel,pitching,Standard,WHIP,0.6292139913940081,0.3365885479137688,-0.169841266,0,0.6276221323409263,0.33583628100622565,-0.163845506,0,0.26266987899504335,0.1782770195503206,3.9411946147797964e-17,0.050023396,751
2018,Marcel,pitching,Fantasy,WHIP,0.19417108159713345,0.15585921198944674,0.024013803650879722,0.008453572,0.1928488268345745,0.15549291469443682,-0.008057534,0.02191194,0.18114062934648498,0.1459651359471661,1.8064645824409325e-17,0.036678773836528844,360
2018,Steamer,pitching,Standard,WHIP,0.6092574700236946,0.3234657227525369,-0.1171457,0.010730694,0.6164558410095544,0.324630473,-0.150154101,0,0.2522841038930249,0.16711977882690385,-8.87E-17,0.12366100830941495,751
2018,Steamer,pitching,Fantasy,WHIP,0.19358529572130986,0.1531642949569583,0.063320321,0.014427249640585393,0.18305883034674542,0.14339801110064265,-0.006688171,0.11869685262615326,0.16711000848092797,0.13124150564760306,2.529050415417306e-16,0.18013129819883578,360
2018,ZiPS,pitching,Standard,WHIP,0.6095359884944586,0.33069427866903534,-0.109249611,0.00982601,0.6148604125572971,0.33132237633046774,-0.135848015,0,0.26107909055785117,0.1762661691981419,-2.07E-16,0.061495101,751
2018,ZiPS,pitching,Fantasy,WHIP,0.20629595742692677,0.16038801471460182,0.056153436573142874,0,0.19851445647989185,0.15260390970490295,-0.001782083,0,0.18233800654525636,0.1414784001479945,-8.43E-17,0.023901175,360
2018,Davenport,pitching,Standard,wOBA,0.22506999975856484,0.20933519650025686,-0.208489272,0,0.086784509,0.054039821,-0.018515473,0,0.044010489,0.031645319,-2.96E-17,0,751
2018,Marcel,pitching,Standard,wOBA,0.085126705,0.052488876,-0.020138236,0,0.085544544,0.052759765,-0.021837162,0,0.042409283,0.031274055280271953,-3.94E-17,0.028248162,751
2018,Steamer,pitching,Standard,wOBA,0.088260934,0.054217729234276736,-0.033270718,0,0.084335181,0.050729261697171554,-0.020721268,0,0.039846811585234454,0.028708094,0,0.14213161517335726,751
2018,ZiPS,pitching,Standard,wOBA,0.089997312,0.057100741,-0.037547252,0,0.083691656,0.051601767,-0.017736213,0,0.041487967,0.030141335127012305,2.4632466342373727e-18,0.070010987,751
2019,Davenport,batting,Standard,1B/(BIP-HR),0.07177168,0.048722419,0.021747072754985254,0,0.069360986,0.047111384,0.011519873237539202,0,0.038511453,0.028942984510835733,-2.88E-17,0,635
2019,Marcel,batting,Standard,1B/(BIP-HR),0.069762572,0.045887996,0.015822653,0,0.068971833,0.045479308,0.011859748476569726,0,0.035792446,0.026300763864970277,-3.39E-17,0.076545788,635
2019,Steamer,batting,Standard,1B/(BIP-HR),0.068177074,0.044192747,0.015517686845497225,0.012836391562236371,0.06751313,0.043762257226081756,0.012276315,0.031969802,0.033474206,0.024355209158576977,-2.76E-17,0.19229425783788268,635
2019,ZiPS,batting,Standard,1B/(BIP-HR),0.067610447,0.044166655,0.013689637781935323,0.029177055,0.067164728,0.043887901,0.01128425,0.041935086691624934,0.034312463,0.025108474235301697,-1.25E-18,0.15133480591468618,635
2019,Davenport,batting,Standard,2B/(BIP-HR),0.038506073,0.026818907533109348,-0.003098734,0,0.038536529,0.026787693883514586,0.003456674,0,0.021812080992719397,0.016108565035743275,1.8807377865539974e-18,0.00814352,635
2019,Marcel,batting,Standard,2B/(BIP-HR),0.037039108,0.025770202204046955,0.001882399,0.013600993333302225,0.037182402,0.025934166,0.0037655,0.005953977,0.0216524,0.015735476276942877,-8.46E-18,0.022612691085956982,635
2019,Steamer,batting,Standard,2B/(BIP-HR),0.037008999064446046,0.025615340531648167,-0.001233757,0.015203996315372614,0.037091672,0.025800514389221516,0.002765548,0.010799302397044519,0.021166391,0.015408706926267227,0,0.065997065,635
2019,ZiPS,batting,Standard,2B/(BIP-HR),0.037665854,0.026052344,-0.001119783,0,0.037730414570032615,0.026196535570495956,0.002474167,0,0.021760781651558526,0.01599902,-6.27E-19,0.012803483649072023,635
2019,Davenport,batting,Standard,3B/(BIP-HR),0.020956543727532216,0.006538863,-0.000485115,0.065299188,0.02095992,0.006529792,-0.000613884,0.064997996,0.007087124,0.004610703,-5.09E-19,0.079037225,635
2019,Marcel,batting,Standard,3B/(BIP-HR),0.021695833,0.007360711,0.000434374,0,0.021693329895820127,0.007120497,-0.000282974,0,0.007131483,0.004812357,1.0970970421564984e-18,0.067472363,635
2019,Steamer,batting,Standard,3B/(BIP-HR),0.021421879909551085,0.006730978,-0.000291692,0.023328612140609772,0.021421133922674362,0.006750089,-0.000230486,0.023396633374538345,0.006702003,0.004484674,-3.92E-19,0.17640975954708338,635
2019,ZiPS,batting,Standard,3B/(BIP-HR),0.021611318982358192,0.007090196,0.001185901,0.005978332,0.021581576701310355,0.006743203,-0.000348862,0.008712467,0.006922972,0.004608632,5.093664838583742e-19,0.12120593186249473,635
2019,Davenport,batting,Standard,AVG,0.0702823,0.047359813,0.033218579261682785,0,0.064487389,0.042431573,0.017958163673298916,0.067914074,0.033816697,0.024898323898387534,4.7645357259367933e-17,0.19959768431314318,635
2019,Davenport,batting,Fantasy,AVG,0.029787192,0.023869666608592514,0.011330739198075646,0.023709517005752412,0.027560823110461256,0.021476615535677757,0.000841311,0.1641963003539837,0.026537096,0.020612204,-4.97E-18,0.1827016900313163,273
2019,Marcel,batting,Standard,AVG,0.068663509,0.044506921371060854,0.024293171554901894,0,0.067858745,0.043940802928054204,0.021915518817470767,0,0.034251,0.024904519137816925,5.015300764143993e-17,0.17890678183641429,635
2019,Marcel,batting,Fantasy,AVG,0.027025621987533076,0.020844477,-0.001857245,0.19634191615707886,0.026989383,0.020912112,0.001221448,0.19849571259054144,0.026107796,0.020134498,-9.95E-18,0.20893125511598043,273
2019,Steamer,batting,Standard,AVG,0.063513126,0.041943385058180044,0.018434072491877704,0.095864884,0.063602394,0.041993508,0.018739329,0.093321545,0.032295297,0.024154579378874184,1.6299727483467975e-17,0.26999719904039976,635
2019,Steamer,batting,Fantasy,AVG,0.025975971,0.020669129081194164,-0.004141449,0.25755632218832314,0.025669081314847183,0.020470704113215454,0.001141161,0.2749957153141651,0.024800863698115655,0.019736659,2.818524352699007e-17,0.28614926513573413,273
2019,ZiPS,batting,Standard,AVG,0.061725469,0.040688982102899694,0.013877209326881274,0.1460446486296565,0.062571367,0.041168088,0.017254547,0.12247872751942035,0.032446199,0.024236607,9.152923894562787e-17,0.26315930006284616,635
2019,ZiPS,batting,Fantasy,AVG,0.027817511700457348,0.021761896581638414,-0.006862286,0.14855523326768583,0.026969063406475844,0.021352274305187168,0.000779355,0.19970214954017207,0.026045344344421933,0.020578858017303903,5.719946480477397e-17,0.2127113199023598,273
2019,Davenport,batting,Standard,BABIP,0.081061195,0.052233829,0.018163223845783373,0,0.080295086,0.051688097,0.014362663077007377,0,0.040925111,0.030065583,-5.89E-17,0.067028576,635
2019,Marcel,batting,Standard,BABIP,0.081042388,0.05159661,0.018139426840976972,0,0.080462508,0.051223645595963575,0.015342274519524256,0,0.039723418,0.028592120272356386,-1.38E-17,0.12101424960405283,635
2019,Steamer,batting,Standard,BABIP,0.078785279,0.049795094,0.013992238313346114,0.032513243,0.078934874,0.049882585,0.014811377027935106,0.028835686228289692,0.037759995,0.027229203247364674,-3.01E-17,0.20575869479730935,635
2019,ZiPS,batting,Standard,BABIP,0.078814587,0.049625216854514154,0.013755755735194134,0.031793306,0.078754901,0.049597255,0.013409554886615743,0.033259184,0.038055527,0.027537666,-7.52E-18,0.1932776538733989,635
2019,Davenport,batting,Standard,BB/PA,0.033530781,0.024308590183622133,-0.006081671,0.25431749074168375,0.033058105,0.024183333057726904,0.002347709,0.27519276312198115,0.021975875,0.017568422981298223,-4.55E-18,0.5359294475553703,635
2019,Marcel,batting,Standard,BB/PA,0.034278537469521336,0.024959963,0.003980216,0.2206883165984168,0.03429568,0.024979908,0.004125245,0.21990867013300586,0.023010568753982823,0.017717645972695043,-7.84E-18,0.4912008816485426,635
2019,Steamer,batting,Standard,BB/PA,0.032439915151600315,0.023379401839025555,-0.001514508,0.30204722480323365,0.032409184,0.023450200438369255,0.000548498,0.3033689724240215,0.021065418,0.016492156604559844,0,0.573585666,635
2019,ZiPS,batting,Standard,BB/PA,0.032544372,0.023286313010318815,-0.002352338,0.2975451480922834,0.032476436,0.023339253892764054,0.001056521,0.3004748220439164,0.020877209,0.016248526,1.2851708208118982e-17,0.5811712166877249,635
2019,Davenport,batting,Standard,HBP/PA,0.019841435376472264,0.010868959503384073,-0.01080046,0,0.016644403399097153,0.009298655,5.9449081427908205e-05,0,0.009796395,0.006809275,3.1345629775899957e-19,0,635
2019,Marcel,batting,Standard,HBP/PA,0.016007935,0.008204501,-0.000698443,0.071625872,0.015992704248661324,0.008364008,2.0691775166628764e-05,0.073391639,0.008241253,0.005550262,8.326182909223426e-19,0.2914695478842547,635
2019,Steamer,batting,Standard,HBP/PA,0.015471772647579039,0.007773551,-0.001049396,0.1327734751449181,0.015436979279638958,0.007959487,-0.000160663,0.1366695773531028,0.0076966,0.005223813,-6.51E-19,0.3820265118307766,635
2019,ZiPS,batting,Standard,HBP/PA,0.015127630794757126,0.007602345,-0.001218551,0.17092420536631947,0.015078737132031329,0.007753423,-8.93E-05,0.17627481766025554,0.007223676,0.005065346,2.1354210284831846e-18,0.45563697508285417,635
2019,Davenport,batting,Standard,HR/BIP,0.030540751,0.022468472493640583,0.000998005,0.24896401001664026,0.031096774294654426,0.023175065,0.005938681,0.22136841385999795,0.021343298,0.016408717509969497,5.642213359661992e-18,0.45713875386181746,635
2019,Davenport,batting,Fantasy,HR/BIP,0.02073568,0.015639707955979566,-0.006620417,0.42449116477522686,0.019650699802775423,0.015601806842338278,-0.000107213,0.48314173466739363,0.019038092254978024,0.015163902042589137,2.694177690079933e-18,0.5078737441489446,273
2019,Marcel,batting,Standard,HR/BIP,0.031867623948152644,0.024266334,0.000564682,0.18228737739345635,0.032904484,0.02536952,0.00821453,0.12821073625540236,0.023120038838505524,0.017671605965900204,-3.76E-18,0.3629949135504663,635
2019,Marcel,batting,Fantasy,HR/BIP,0.023498439,0.017555053349864885,-0.009999622,0.2609166162437655,0.021266669619210164,0.016651896,0.000295051,0.3946390646152338,0.020526662,0.016029358,5.595599817858322e-18,0.42790739275235756,273
2019,Steamer,batting,Standard,HR/BIP,0.030454753,0.022592244626925207,-0.006412877,0.25318761855597727,0.030164434534680887,0.02266788,0.004850371,0.2673581694923379,0.021036063521002617,0.01604293,2.821106679830996e-18,0.47265512623987127,635
2019,Steamer,batting,Fantasy,HR/BIP,0.023169648054007095,0.017452541,-0.01281056,0.2814544613163438,0.019308624310594498,0.015131948,-0.000317544,0.5009798430295647,0.018678897350872962,0.014682262556927542,4.973866504762953e-18,0.5262686204147977,273
2019,ZiPS,batting,Standard,HR/BIP,0.030771719547360358,0.022856516,-0.006047549,0.23756141666267838,0.030569172526050275,0.022862904340924927,0.004914105,0.24756549958352203,0.021082641,0.016050958919905385,-3.13E-19,0.47031729153915913,635
2019,ZiPS,batting,Fantasy,HR/BIP,0.023164932265980397,0.017540977,-0.012592622,0.281746927,0.019448101382338705,0.015157220464828645,-0.000434391,0.493744397,0.018766439470790063,0.014682926,3.523155440873759e-18,0.5218177547901268,273
2019,Davenport,batting,Standard,OBP,0.072366085,0.045735713,0.019486593,0.089541676,0.072080134,0.045557025,0.018396271477155026,0.096722719,0.035017097617116105,0.025890923098328942,3.761475573107995e-17,0.2873097532345732,635
2019,Marcel,batting,Standard,OBP,0.076427318,0.048098693,0.024957308,0,0.075961448,0.047756135913279076,0.023491996455822697,0,0.036042525,0.025978624145579866,4.263005649522394e-17,0.24495830786064743,635
2019,Steamer,batting,Standard,OBP,0.070216859,0.044760255,0.015145303245365126,0.14281863934018768,0.070817362,0.045022138,0.017722065284906233,0.12809452545184163,0.034366871,0.025416533,3.761475573107995e-17,0.3135316557299398,635
2019,ZiPS,batting,Standard,OBP,0.068904773,0.044087141033303384,0.010315351044383362,0.17455424579218148,0.070185188,0.044708547,0.016867106810950334,0.1435917227620156,0.034662315,0.025667135966993635,1.8807377865539973e-17,0.30167809807870516,635
2019,Davenport,batting,Standard,PA,158.5347835097319,116.81847472067308,-11.77595504,0.45491041940925625,158.5347835097319,116.81847472067308,-11.77595504,0.45491041940925625,158.5347835097319,116.81847472067308,-11.77595504,0.45491041940925625,635
2019,Davenport,batting,Fantasy,PA,162.31657742207562,120.48733425592263,-56.6338544,0,162.31657742207562,120.48733425592263,-56.6338544,0,162.31657742207562,120.48733425592263,-56.6338544,0,273
2019,Marcel,batting,Standard,PA,185.86969019257407,147.9228346456693,33.14488188976378,0.25073421198273915,185.86969019257407,147.9228346456693,33.14488188976378,0.25073421198273915,185.86969019257407,147.9228346456693,33.14488188976378,0.25073421198273915,635
2019,Marcel,batting,Fantasy,PA,166.68443128768695,123.37728937728937,-75.15750916,0,166.68443128768695,123.37728937728937,-75.15750916,0,166.68443128768695,123.37728937728937,-75.15750916,0,273
2019,Steamer,batting,Standard,PA,162.78519718540025,117.79700876896776,-19.30283472,0.4252902399669606,162.78519718540025,117.79700876896776,-19.30283472,0.4252902399669606,162.78519718540025,117.79700876896776,-19.30283472,0.4252902399669606,635
2019,Steamer,batting,Fantasy,PA,173.4770162521695,126.88058797081749,-65.94871796,0,173.4770162521695,126.88058797081749,-65.94871796,0,173.4770162521695,126.88058797081749,-65.94871796,0,273
2019,ZiPS,batting,Standard,PA,256.8755542937101,209.51023622047245,178.51181102362204,0,256.8755542937101,209.51023622047245,178.51181102362204,0,256.8755542937101,209.51023622047245,178.51181102362204,0,635
2019,ZiPS,batting,Fantasy,PA,105.04304019324789,84.26007326007326,13.923076923076923,0.19338915313728344,105.04304019324789,84.26007326007326,13.923076923076923,0.19338915313728344,105.04304019324789,84.26007326007326,13.923076923076923,0.19338915313728344,273
2019,Davenport,batting,Standard,R/PA,0.063288913,0.033217650938447564,0.011791745770741208,0,0.062405183,0.031892951,0.005288253,0.014102476242170092,0.027660781336935357,0.020808168860232262,-2.82E-17,0.06543228,635
2019,Davenport,batting,Fantasy,R/PA,0.024386802316887474,0.019424539311665504,0.004937931,0,0.023884087,0.018984441538814626,0.000341505,0.021118259255555216,0.023428371,0.018623379758080864,1.3678132888098121e-17,0.044580005017589075,273
2019,Marcel,batting,Standard,R/PA,0.061669096529638395,0.031276316,0.004185232,0.037223189,0.062179887,0.031800413687000664,0.008987607,0.021208224308189028,0.025969440221130256,0.019716055520880287,-9.40E-18,0.17622792448006208,635
2019,Marcel,batting,Fantasy,R/PA,0.022669329,0.018156024,-0.00676782,0.11815899140644659,0.021661955191565545,0.017441088,0.001070139,0.19479167183347468,0.02117999,0.017120674338846297,3.067217677937155e-17,0.21916077686534996,273
2019,Steamer,batting,Standard,R/PA,0.062547807,0.031283988,-0.007081836,0.009590908,0.062333706,0.030525435816550466,0.004838924,0.016359627699346957,0.025692005056249256,0.019199625,-1.00E-17,0.1937348525775947,635
2019,Steamer,batting,Fantasy,R/PA,0.025302714335118087,0.020400291167889002,-0.01289746,0,0.021773346313703604,0.017327141,0.000442408,0.1864892198745024,0.021196346390599734,0.016937896,2.072444376984564e-18,0.21795428651565862,273
2019,ZiPS,batting,Standard,R/PA,0.060698977925662354,0.030374643472180156,-0.004187318,0.067275883,0.060789857566010325,0.03031519,0.005345511,0.064480808,0.025463669,0.019273061845669744,-1.25E-17,0.20800241680164444,635
2019,ZiPS,batting,Fantasy,R/PA,0.024401630529038574,0.019444408,-0.01069697,0,0.021937954598483227,0.017504913196649447,0.000509352,0.17414230729200497,0.021397676072060005,0.01716398,1.5336088389685774e-17,0.20302749092255112,273
2019,Davenport,batting,Standard,RBI/PA,0.051549546,0.035415543907867775,0.015230751394222303,0.013621709899308443,0.050284474,0.034259910372624096,0.010156201,0.06144087,0.029608589653580084,0.022730698,7.52295114621599e-18,0.25485676737898433,635
2019,Davenport,batting,Fantasy,RBI/PA,0.025778895010980553,0.020830208338318675,0.001453444,0.27966526089862975,0.025740365586537528,0.020710576591103147,-0.000357059,0.2818168924647547,0.025174337032098613,0.020390441992833408,-1.28E-17,0.29150019902403457,273
2019,Marcel,batting,Standard,RBI/PA,0.050718861321607606,0.035428696,0.007771897,0.045155157567144166,0.051917285,0.036393635506454663,0.013542672914990488,0,0.030947436240805717,0.024243998048100814,1.2538251910359983e-18,0.18594514077528668,635
2019,Marcel,batting,Fantasy,RBI/PA,0.028232587,0.022838994,-0.00987374,0.13601319024999292,0.026455435570154475,0.021457772342135882,0.000549405,0.2413602460094565,0.025980989129696434,0.021131226,1.2434666261907382e-18,0.245368359,273
2019,Steamer,batting,Standard,RBI/PA,0.047529027,0.032442504,0.003147564,0.161483414,0.048327322,0.032843112,0.00929671,0.13307950090765974,0.028089172101916814,0.021389760942621554,5.015300764143993e-18,0.3293712043465036,635
2019,Steamer,batting,Fantasy,RBI/PA,0.025903846,0.020581779653360003,-0.009365761,0.2726653645047532,0.024152816,0.019213027364592593,-0.000258347,0.3676736262613959,0.023587143,0.01877775,-7.88E-18,0.3780229860715075,273
2019,ZiPS,batting,Standard,RBI/PA,0.048822944,0.033144592622224626,0.001356992,0.11520685793125696,0.049437160330006495,0.033556019,0.007886341,0.092804576,0.029261249534106006,0.022656990865853915,-1.25E-18,0.2722368612632362,635
2019,ZiPS,batting,Fantasy,RBI/PA,0.027081893104279692,0.021764299,-0.009281507,0.20500608733488757,0.025446083372288666,0.020731572,-0.00046967,0.29814458376725783,0.025091766176864032,0.020438431910500612,-1.20E-17,0.2961402809614775,273
2019,Davenport,batting,Standard,SB/TOF,0.071441653,0.039715521,0.00624237,0.3264051522075576,0.0711727,0.039015084,0.000781439,0.3314673045428852,0.042595669,0.027989300476249153,-3.11E-18,0.5926128351605728,635
2019,Davenport,batting,Fantasy,SB/TOF,0.035475112,0.025184931732799815,0.004388445,0.6975483260760745,0.035203072,0.024538693162819366,-0.000176447,0.7021692323903739,0.034942309,0.024803217475648606,3.1086665654768457e-18,0.6984750855848678,273
2019,Marcel,batting,Standard,SB/TOF,0.07347144,0.044337669361351514,0.005620332,0.2875852887476199,0.073266344,0.041878352,-0.001221812,0.29155715384986036,0.045054144961894416,0.029971976552699495,-4.72E-18,0.5442297624323329,635
2019,Marcel,batting,Fantasy,SB/TOF,0.039077773,0.029121935,0.006342251,0.6329983254470939,0.038563296,0.027164519,-0.000528779,0.6425982064536794,0.038031710699309836,0.026932439,-1.24E-18,0.6427997690341527,273
2019,Steamer,batting,Standard,SB/TOF,0.068918848,0.040961248,0.009167204,0.37313821985085527,0.068311371,0.037968017,0.000820609,0.38414031808478244,0.04004666,0.026574245382016522,-8.07E-18,0.6399116601219608,635
2019,Steamer,batting,Fantasy,SB/TOF,0.033373395,0.025184148821747483,0.007344021,0.7323241303200836,0.032555337330332126,0.023385766188571282,3.3320055326369035e-05,0.7452859906594416,0.032654558,0.023542074016104697,-7.67E-18,0.7366655801107365,273
2019,ZiPS,batting,Standard,SB/TOF,0.070166124,0.041189856,0.012679383980777753,0.3502433294098317,0.069011429,0.038410313793025265,-0.000243081,0.37145292704512134,0.041339896,0.027994966,-8.93E-18,0.6162793188699502,635
2019,ZiPS,batting,Fantasy,SB/TOF,0.036149793,0.026644015,0.012365005913558694,0.6859346260162659,0.033970766614610744,0.025112825,-0.00031438,0.7226557746663314,0.034219146,0.025400967305636433,6.631822006350604e-18,0.7108265964130656,273
2019,Davenport,batting,Standard,SLG,0.13135267528098776,0.090711686,0.045815612006843254,0.017912332029433875,0.1279895118709165,0.088148091,0.035026563477516065,0.067559394,0.073283626,0.054516643925396506,2.2568853438647968e-17,0.2812465184792958,635
2019,Marcel,batting,Standard,SLG,0.13057999521089542,0.091781306,0.03544552,0.029432579112719015,0.13397602917075974,0.09431599,0.046420105,0,0.076653767,0.05740006,1.404284213960318e-16,0.21361889298196457,635
2019,Steamer,batting,Standard,SLG,0.11967947969419086,0.084582455,0.010955422,0.1847105971149916,0.12406593543754045,0.086819919,0.034484776,0.12385190430944693,0.072132764,0.054017593,1.404284213960318e-16,0.30364418157433715,635
2019,ZiPS,batting,Standard,SLG,0.11877898237331437,0.083801051,0.005584969,0.1969333090454376,0.12299194413620317,0.085414327,0.032400055,0.13895520560040975,0.072062843,0.053531532,2.5076503820719966e-17,0.30499352158671245,635
2019,Davenport,batting,Standard,SO/PA,0.11066845938975352,0.072881557,-0.064444433,0,0.092597778,0.053524094,-0.021907202,0.2530557520351573,0.041868524,0.031480168,1.0030601528287986e-17,0.5838240741028884,635
2019,Marcel,batting,Standard,SO/PA,0.10270301808735943,0.059402662,-0.03718698,0.08113127,0.099472323,0.056776224,-0.027013046,0.13803112461770062,0.044944325842113615,0.032147383,-4.14E-17,0.5204306878324046,635
2019,Steamer,batting,Standard,SO/PA,0.095638224,0.055657141,-0.036473004,0.20319864445435598,0.091411835,0.052304097,-0.02323217,0.2720661556344679,0.040607589234560953,0.030015565908466716,1.504590229243198e-17,0.6085141599155586,635
2019,ZiPS,batting,Standard,SO/PA,0.09195407,0.052923163152392705,-0.02744531,0.26340465045971095,0.090484914,0.052072089191334964,-0.022027569,0.2867538765679791,0.040830527963709846,0.030381837498206752,-1.69E-17,0.6042037865616038,635
2019,Davenport,batting,Standard,wOBA,0.077379429,0.050592986,0.02609735,0.043947822,0.075799489,0.04952114,0.020953717,0.082590747,0.038774375231438736,0.028830636440464262,2.5076503820719966e-17,0.2942562572363512,635
2019,Marcel,batting,Standard,wOBA,0.079123568,0.051882033,0.02422757,0.0003631,0.080130557,0.052571425,0.027337562969730545,0,0.040703591,0.029916024008085344,6.018360916972792e-17,0.22228069654508487,635
2019,Steamer,batting,Standard,wOBA,0.072006577,0.048334409,0.010453048298593016,0.17210571368526528,0.074107563,0.04932462,0.020402204769004572,0.12308880384490384,0.038532676,0.028775167291854302,3.761475573107995e-17,0.30302729743125056,635
2019,ZiPS,batting,Standard,wOBA,0.071141,0.047398692,0.007012433,0.19188998095982301,0.073370897,0.048176509496753006,0.019272280849915502,0.14043601031097241,0.038433551930316286,0.028466932,7.64833366531959e-17,0.3066085788356041,635
2019,Davenport,pitching,Standard,1B/(BIP-HR),0.22592027037172913,0.21586441073051263,-0.215127336,0,0.069014228,0.045868402,0.001663063,0,0.039826419553586505,0.027828501,-3.42E-17,0,775
2019,Marcel,pitching,Standard,1B/(BIP-HR),0.065050748,0.044532882463144664,0.000601017,0,0.065053671,0.044484014312882174,-0.000861119,0,0.037188423745404195,0.027108919817828835,-3.79E-17,0,775
2019,Steamer,pitching,Standard,1B/(BIP-HR),0.099341034,0.085142248,0.075607003,0,0.064450934,0.043852791,-0.001304173,0.000796405,0.036509795,0.026885505708179148,-2.51E-17,0.019025998,775
2019,ZiPS,pitching,Standard,1B/(BIP-HR),0.095863002,0.080917387,0.069406004,0,0.066143938,0.045660860689776685,-0.001580742,0,0.038404274,0.028016386,-6.72E-18,0,775
2019,Davenport,pitching,Standard,2B/(BIP-HR),0.090737793,0.075789918,-0.075142365,0,0.05100732,0.030234469,-0.003843795,0,0.023667657209519778,0.016175176051121898,6.11012601761855e-19,0,775
2019,Marcel,pitching,Standard,2B/(BIP-HR),0.050653718884397785,0.029991646596601067,-0.007635436,0,0.050262291682942266,0.029856387065740016,-0.004335736,0,0.023857044440049695,0.01667497,7.943163822904115e-18,0,775
2019,Steamer,pitching,Standard,2B/(BIP-HR),0.090916562,0.075802874,-0.075604689,0,0.050697232,0.030219862486035684,-0.004522952,0,0.024226046182957255,0.016609409754134153,0,0,775
2019,ZiPS,pitching,Standard,2B/(BIP-HR),0.089634663,0.07441779,-0.073015675,0,0.05206869,0.031130908,-0.002839786,0,0.025245075973740372,0.016923651,6.11012601761855e-19,0,775
2019,Davenport,pitching,Standard,3B/(BIP-HR),0.012670177058598197,0.00663708,-0.006500688,0,0.010875647171777149,0.007069217,7.249008692254772e-05,0.00849061,0.006768315,0.004993968,-7.26E-19,0.003143027,775
2019,Marcel,pitching,Standard,3B/(BIP-HR),0.011269256,0.007402417,0.000767549,0,0.011248365,0.007299716,0.000344555,0,0.007106048,0.005200304,-5.35E-19,0,775
2019,Steamer,pitching,Standard,3B/(BIP-HR),0.012750430888047483,0.006611507,-0.00654331,0,0.010943430670895723,0.007037685,9.877005671881746e-06,0,0.006784117,0.004989649,-4.20E-19,0,775
2019,ZiPS,pitching,Standard,3B/(BIP-HR),0.012642119228072337,0.006701711,-0.006304623,0,0.010959112489155286,0.007151829,0.000165052,0,0.006849651,0.005059524,-5.35E-19,0,775
2019,Davenport,pitching,Standard,BABIP,0.076588134,0.049299124,-0.012890187,0,0.075613758,0.048635818,-0.004225537,0.004129983,0.040440056,0.029401094421342994,-3.30E-17,0.023006750086631778,775
2019,Marcel,pitching,Standard,BABIP,0.076733611,0.049946062,-0.00626687,0,0.076631052,0.049931224,-0.0048523,0,0.041860396,0.031033600501588973,-1.71E-17,0,775
2019,Steamer,pitching,Standard,BABIP,0.075357418,0.048408005,-0.006540997,0.010870780720936168,0.075298049,0.048383237,-0.005817249,0.012428701117804475,0.040312868,0.029236104,-2.20E-17,0.029142606,775
2019,ZiPS,pitching,Standard,BABIP,0.076263319,0.049094076767491876,-0.009914294,0,0.075735789,0.048759823,-0.004255477,0.000912988,0.040710297,0.029340941973971385,7.33215122114226e-18,0.009905602,775
2019,Davenport,pitching,Standard,BB/BF,0.057161006121776214,0.033380437,-0.01607196,0.015557148,0.056218371936252946,0.032851924,-0.012305797,0.04775805,0.026691946,0.019108164947120608,-6.11E-19,0.24907290663376414,775
2019,Marcel,pitching,Standard,BB/BF,0.05817649,0.033822852143184784,-0.016217249,0,0.057558501326084484,0.033524434651728635,-0.013837493,0.001817995,0.027117673,0.019064714989508715,-2.44E-18,0.22492782774928521,775
2019,Steamer,pitching,Standard,BB/BF,0.054564034,0.031519075,-0.011182761,0.10297669415858468,0.054291314,0.031431065300268395,-0.009765607,0.11192123689981404,0.025320099234180028,0.017789107276637024,4.277088212332985e-18,0.32427791523620586,775
2019,ZiPS,pitching,Standard,BB/BF,0.054625309618480986,0.031545262,-0.011025107,0.10096084945597483,0.054125932,0.031291135197121796,-0.008200307,0.11732351844038713,0.025512333054602796,0.017846334236007646,-3.06E-18,0.31397860845755776,775
2019,Davenport,pitching,Standard,BF,167.38231424669885,119.64619354838707,-5.08,0.41328350327266594,167.38231424669885,119.64619354838707,-5.08,0.41328350327266594,167.38231424669885,119.64619354838707,-5.08,0.41328350327266594,775
2019,Davenport,pitching,Fantasy,BF,184.7228017,134.59426229508196,-48.95327869,0.16864588985009354,184.7228017,134.59426229508196,-48.95327869,0.16864588985009354,184.7228017,134.59426229508196,-48.95327869,0.16864588985009354,366
2019,Marcel,pitching,Standard,BF,177.0753074715078,129.88129032258064,11.132903225806452,0.3433632696047598,177.0753074715078,129.88129032258064,11.132903225806452,0.3433632696047598,177.0753074715078,129.88129032258064,11.132903225806452,0.3433632696047598,775
2019,Marcel,pitching,Fantasy,BF,190.06713654244024,135.70765027322403,-57.31967213,0.11984512625574628,190.06713654244024,135.70765027322403,-57.31967213,0.11984512625574628,190.06713654244024,135.70765027322403,-57.31967213,0.11984512625574628,366
2019,Steamer,pitching,Standard,BF,165.5249515990866,115.0631212283719,-3.60541554,0.4262322919858156,165.5249515990866,115.0631212283719,-3.60541554,0.4262322919858156,165.5249515990866,115.0631212283719,-3.60541554,0.4262322919858156,775
2019,Steamer,pitching,Fantasy,BF,182.59391632604365,132.5776391993455,-53.85408752,0.18769777737782944,182.59391632604365,132.5776391993455,-53.85408752,0.18769777737782944,182.59391632604365,132.5776391993455,-53.85408752,0.18769777737782944,366
2019,ZiPS,pitching,Standard,BF,245.737782,191.59480884182838,150.23221752535912,0,245.737782,191.59480884182838,150.23221752535912,0,245.737782,191.59480884182838,150.23221752535912,0,775
2019,ZiPS,pitching,Fantasy,BF,165.3087736,120.08468834298556,44.47264388871323,0.33421065240965975,165.3087736,120.08468834298556,44.47264388871323,0.33421065240965975,165.3087736,120.08468834298556,44.47264388871323,0.33421065240965975,366
2019,Davenport,pitching,Standard,ER/BF,0.082545874,0.046099921,-0.028295861,0,0.078833655,0.042859827162351906,-0.014197873,0,0.032726418,0.023025813592815383,-1.34E-17,0.091166362,775
2019,Marcel,pitching,Standard,ER/BF,0.080455522,0.044424172,-0.021854155,0,0.078690214,0.043483586,-0.014023654,0,0.033354657,0.023899377,-4.89E-18,0.055938243527852594,775
2019,Steamer,pitching,Standard,ER/BF,0.080276978,0.043574815,-0.022155668,0,0.078568324,0.042278874,-0.014814249,0,0.03233562,0.022550696449627608,-3.67E-18,0.1127421907875068,775
2019,ZiPS,pitching,Standard,ER/BF,0.080039815,0.044119142960478676,-0.023270072,0,0.077795348,0.042570837112146334,-0.013683582,0.013750520881105621,0.032443418177778766,0.02310939,4.88810081409484e-18,0.10681656497472236,775
2019,Davenport,pitching,Standard,ERA,8.086752936827486,2.507006044214443,-1.734739385,0,7.978753226637926,2.3889423823147995,-1.128827146,0,1.9880357596088685,1.073036959432963,6.256769042041395e-16,0.06452368,775
2019,Davenport,pitching,Fantasy,ERA,1.2959459316900337,0.9827022110233334,-0.450527732,0.009422715,1.2165228199104037,0.9311480338599076,-0.058541873,0.12711884080734737,1.0874228278118534,0.8349100162232129,7.701922040008655e-16,0.14844349617992803,366
2019,Marcel,pitching,Standard,ERA,8.047101684259784,2.4679546720324477,-1.538258759,0,7.978241700929208,2.4207987512732028,-1.12371488,0,2.0113618246934086,1.115685683027635,-7.04E-16,0.042442592,775
2019,Marcel,pitching,Fantasy,ERA,1.2939789453651298,0.9834010970578086,-0.253219255,0.012427428840855015,1.269529435755726,0.9823506708694013,-0.037993001,0.049394878829110866,1.1337301752142221,0.8750709737336119,-4.33E-16,0.07437305,366
2019,Steamer,pitching,Standard,ERA,8.030534913718869,2.419541685653648,-1.502987658,0,7.972139734963062,2.3664478709935666,-1.150866131,0,1.9792006077776874,1.0567723831039055,8.603057432806919e-16,0.07282002,775
2019,Steamer,pitching,Fantasy,ERA,1.1932426935612173,0.9039259287544984,-0.217764692,0.1602071608263842,1.1760842763936956,0.8980535511885308,-0.082265184,0.18418537417594472,1.0524117643663624,0.8089349641252085,8.664662295009736e-16,0.20239481747412325,366
2019,ZiPS,pitching,Standard,ERA,7.980284755172968,2.4160973575787446,-1.437881579,0,7.924634163823298,2.376806968164533,-1.087375414,0.001890493,1.975202795,1.0800066694117503,-2.35E-16,0.076561882,775
2019,ZiPS,pitching,Fantasy,ERA,1.2341127713467912,0.9462501327079328,-0.21865195,0.10169401555831248,1.2160922904154763,0.9445004050328533,-0.060454954,0.1277365597356367,1.0842714438171766,0.8399615740850277,1.9254805100021636e-16,0.15337201693237967,366
2019,Davenport,pitching,Standard,HBP/BF,0.023957797525246703,0.012830838541164525,-0.012605116,0,0.020475962981086056,0.009938577,-0.002044,0,0.008493679,0.005770278,-2.29E-19,0,775
2019,Marcel,pitching,Standard,HBP/BF,0.020211683427048342,0.009618041,-0.002804407,0.008872533,0.020111347,0.009689321,-0.001954186,0.018688543041846417,0.008268173,0.005597958,4.582594513213912e-19,0.041900422566200746,775
2019,Steamer,pitching,Standard,HBP/BF,0.020263904,0.009522499,-0.003188612,0.003744419,0.020112695509682275,0.009619321,-0.002015432,0.018556970317034294,0.008126461,0.005470657,-8.40E-19,0.074461601,775
2019,ZiPS,pitching,Standard,HBP/BF,0.020073507088182146,0.009797761,-0.001989442,0.022377814,0.020035398742503707,0.009848,-0.001558652,0.026086204460759044,0.00827282,0.005626966,3.818828761011594e-20,0.040823106666190045,775
2019,Marcel,pitching,Standard,HLD/G,0.10537752032269572,0.084703663,0.031334984637597624,0.091006117,0.100699999,0.070245085,-0.00423665,0.16991237313458307,0.081237266,0.056614709,-9.78E-18,0.3302340803298136,775
2019,Steamer,pitching,Standard,HLD/G,0.11053625459714998,0.06757977,-0.006245536,0,0.1103655487706949,0.069624813,-0.001139079,0.002915271,0.086212803,0.051188032,0,0.2456793812667173,775
2019,ZiPS,pitching,Standard,HLD/G,0.13275731890226877,0.075405729,-0.071985703,0,0.11230056974688217,0.082729331,-0.012994373,0,0.099889023,0.076311485,4.277088212332985e-18,0,775
2019,Davenport,pitching,Standard,HR/BIP,0.04105834,0.026032027,-0.014213353,0,0.03873041,0.024655287710182532,-0.004034446,0,0.019943907061285807,0.014302114073617363,3.66607561057113e-18,0.081314862,775
2019,Marcel,pitching,Standard,HR/BIP,0.040319229746377624,0.025721944932445607,-0.011852923,0,0.038699263,0.025071123274606363,-0.003533334,0.001187497,0.0203546,0.014869036014686126,-2.44E-18,0.043089388,775
2019,Steamer,pitching,Standard,HR/BIP,0.040142459,0.025083669016505165,-0.013477216,0,0.038083873,0.023830981020237847,-0.004538697,0.032700846,0.019552669,0.013792228,6.7211386193804055e-18,0.11700486257722531,775
2019,ZiPS,pitching,Standard,HR/BIP,0.041821109968985554,0.027026947,-0.016141343,0,0.038828355362584714,0.024870602,-0.00437937,0,0.020275743920007524,0.014785599513091644,6.11012601761855e-19,0.050489432869695317,775
2019,Davenport,pitching,Standard,L/G,0.16890703675865257,0.10540991426122427,0.00974912,0,0.1700605922841632,0.11065938571404244,-0.022046844,0,0.14898574437227513,0.10711834151155929,2.199645366342678e-17,0.014566125658822981,775
2019,Marcel,pitching,Standard,L/G,0.14829114544817282,0.10790425066132588,0.006083069,0.1786223342207237,0.15499637652955506,0.1218636737929452,0.045504029,0.1026630712362614,0.12660530278671578,0.099212632,1.588632764580823e-17,0.2883903165521736,775
2019,Steamer,pitching,Standard,L/G,0.14850199650859694,0.095622378,0.0312792,0.1762848854517124,0.14545317914365039,0.09219732,0.009064916,0.20976022343863043,0.11578432595678573,0.080583838,1.955240325637936e-17,0.40483470313790726,775
2019,ZiPS,pitching,Standard,L/G,0.15177737258933874,0.10639603207757527,0.041628451640270014,0.13954827205396525,0.14811001670996865,0.1026783620170478,0.025162158207724085,0.1806276358833735,0.11747455217264073,0.085626697,9.77620162818968e-18,0.38733135734257484,775
2019,Davenport,pitching,Standard,R/BF,0.10885823305068898,0.068715184,-0.045365533,0,0.10424864736749853,0.067032358,-0.032797822,0,0.058118186,0.040864042,1.466430244228452e-17,0,775
2019,Marcel,pitching,Standard,R/BF,0.080774792,0.044953076911739664,-0.022100663,0,0.078849264,0.043591657,-0.01345655,0,0.034220312,0.024517605057680993,-1.10E-17,0.062459900149286374,775
2019,Steamer,pitching,Standard,R/BF,0.080716407,0.043908527,-0.022592094,0,0.07885304,0.042472637213620316,-0.014596789,0,0.033122034,0.023216745,4.88810081409484e-18,0.12167364767808442,775
2019,ZiPS,pitching,Standard,R/BF,0.080705403,0.04484005,-0.024539267,0,0.07801298,0.042788874,-0.013222651,0.019871443276035072,0.033233498,0.023894197,0,0.11575208347540134,775
2019,Davenport,pitching,Standard,SO/BF,0.067704481,0.047338727,-0.002596544,0.25640892757028666,0.068196671,0.047537742369274084,0.008580863,0.24555829157688103,0.043654370185895734,0.032660265,-1.22E-18,0.45583059334481846,775
2019,Davenport,pitching,Fantasy,SO/BF,0.045081636188037774,0.034305067,-0.015075649,0.44294586561564453,0.04250707,0.032737102,-0.001331282,0.5047546455896756,0.03992013,0.030083475308063996,-4.14E-17,0.5253244363362457,366
2019,Marcel,pitching,Standard,SO/BF,0.070513422,0.048944903,0.004129619,0.193428399,0.071153054,0.04952867,0.010376323000569057,0.17872911454057194,0.04691558,0.034951757,-1.59E-17,0.37148904590956267,775
2019,Marcel,pitching,Fantasy,SO/BF,0.048340962,0.036213826,-0.01212706,0.359485975,0.046854424017257826,0.035698752848574204,-0.002356695,0.3982733188386989,0.043579984,0.032779909,-2.03E-17,0.4342987744769623,366
2019,Steamer,pitching,Standard,SO/BF,0.067618513,0.046753543,-0.004939908,0.25829608393686765,0.068056232,0.046621342,0.009153692,0.24866237312827855,0.042125719,0.031250026361978454,6.11012601761855e-18,0.4932738445275072,775
2019,Steamer,pitching,Fantasy,SO/BF,0.042986871,0.032795170573235645,-0.017296214,0.4935113322354483,0.039357754946312516,0.030261848203678263,-0.000566391,0.575420817,0.037223504815397455,0.028146827,-2.03E-17,0.5872876083863763,366
2019,ZiPS,pitching,Standard,SO/BF,0.069127058,0.049177676,-0.012230219,0.22483261164057788,0.068693053,0.047879969,0.009474363,0.23453563933570165,0.043398379945725804,0.032409403,-2.08E-17,0.46219392518367064,775
2019,ZiPS,pitching,Fantasy,SO/BF,0.048266893,0.037314441,-0.024893949,0.3614472835796009,0.041357328568924566,0.031816273,-0.000666565,0.5311833594268196,0.039008286,0.029524630502362096,-2.56E-17,0.5467615701088563,366
2019,Davenport,pitching,Standard,SV/G,0.082788483,0.028025762518649036,-0.00565772,0.3131330108635949,0.082595682,0.031392625,-0.0003516,0.3163284840242292,0.066997633,0.026140255,2.7495567079283476e-18,0.4660475433312292,775
2019,Davenport,pitching,Fantasy,SV/G,0.083304169,0.033862603,-0.008081578,0.5162979007602668,0.082934463,0.036925136261482194,-0.001962773,0.5205817383734183,0.06665721,0.026465943846929324,7.521408242195952e-19,0.5272051321923727,366
2019,Marcel,pitching,Standard,SV/G,0.084050641,0.050636049,0.017652863427676163,0.29202999130958196,0.082181138,0.039810912184941455,0.00092346,0.3231738928275665,0.071339859,0.033905744298613406,-2.44E-18,0.39459199584494387,775
2019,Marcel,pitching,Fantasy,SV/G,0.092453974,0.054204735,0.006666516,0.4042066398601055,0.092551299,0.046395634,-0.007902415,0.4029516064206381,0.074345135,0.035439204,4.512844945317571e-18,0.41185609585587657,366
2019,Steamer,pitching,Standard,SV/G,0.083053843,0.027183213734894237,-0.010817873,0.3087227441448047,0.082348234,0.033133736,-0.000563092,0.32041876966535854,0.066309302,0.027743216592082915,-4.28E-18,0.4769627943256266,775
2019,Steamer,pitching,Fantasy,SV/G,0.082782858,0.031612597,-0.016116782,0.5223329018795683,0.081344034,0.036380671,-0.004858073,0.5387929858078802,0.065182614,0.027756496815909262,4.512844945317571e-18,0.5478921521176592,366
2019,ZiPS,pitching,Standard,SV/G,0.09240373,0.030390543515558643,-0.00812446,0.14431917570100372,0.092048645,0.035576598,0.000714599,0.15088287806954082,0.074264407,0.028902647585829676,-4.89E-18,0.34393767388055285,775
2019,ZiPS,pitching,Fantasy,SV/G,0.094851987,0.035054889,-0.013676597,0.3728991877652533,0.093941319,0.039278447,-0.003888598,0.38488289935616393,0.074348203,0.029037182318958632,1.5042816484391903e-18,0.41180754555560983,366
2019,Davenport,pitching,Standard,W/G,0.13865105939388098,0.09048607,0.020700823917535964,0.067346825,0.13712390092491566,0.092191685,0.002715151,0.087778911,0.13273977511689092,0.094674243,-4.64E-17,0.37190990805184243,775
2019,Davenport,pitching,Fantasy,W/G,0.1299705746860228,0.091188384,0.016912648,0.2856679468583476,0.12886607960381172,0.091185097,-0.000392232,0.29775720423093843,0.13136347609685647,0.094781334,-6.02E-17,0.36102258678946764,366
2019,Marcel,pitching,Standard,W/G,0.13218075960229378,0.10048730659166027,0.030338749766774517,0.15236227876424846,0.14497781784354305,0.11810966369035163,0.066837521,0,0.1347879296139738,0.10646910326987016,4.88810081409484e-18,0.35237770347633446,775
2019,Marcel,pitching,Fantasy,W/G,0.12354178252689359,0.087571295,-0.023287382,0.35458688513317427,0.12620103278931616,0.10321513164149564,0.034733712901826995,0.3265026711487615,0.13121592893567552,0.10516078230760409,2.4068506375027045e-17,0.3624571766621907,366
2019,Steamer,pitching,Standard,W/G,0.13372253483943702,0.093136914,0.039431288,0.13247302115510395,0.13067993480768403,0.090262086,0.027392618,0.17150172796732277,0.1223150220399149,0.088938003,2.6884554477521622e-17,0.46669042229862145,775
2019,Steamer,pitching,Fantasy,W/G,0.11271679168516462,0.080158226,0.013192788918670154,0.46273654946412557,0.11243314876632415,0.080032788,0.010497023062095769,0.46543710953306505,0.11942408467345716,0.087962022,-2.41E-17,0.47189523593319394,366
2019,ZiPS,pitching,Standard,W/G,0.14393892457353114,0.10681661899113273,0.06692547,0,0.13173520540782216,0.095508451,0.033388155,0.15806707304258127,0.12265751402282583,0.091363088,-3.91E-17,0.4636996207586922,775
2019,ZiPS,pitching,Fantasy,W/G,0.11857783360061197,0.086232084,0.034317735,0.4054107093934257,0.11417349138236788,0.082961309,0.012352750503649229,0.4487601280669379,0.12040419636743577,0.090093722,3.0085632968783807e-18,0.46319136969237185,366
2019,Davenport,pitching,Standard,WHIP,1.103725823797303,0.37038202645559287,-0.209851706,0,1.0977969207964184,0.3647430769202156,-0.176025918,0,0.30143502847901554,0.17853085042569994,-1.08E-16,0.1171422088784757,775
2019,Davenport,pitching,Fantasy,WHIP,0.1999348178310923,0.15913184680418996,-0.006303794,0.17217112489577446,0.20010418170353278,0.15910203460451577,-0.010367737,0.1707680307399838,0.17914355991010625,0.14199738318856236,1.083082786876217e-16,0.21930879699489614,366
2019,Marcel,pitching,Standard,WHIP,1.1141609366425722,0.3812002573888101,-0.229516087,0,1.1059581938210388,0.37258417381695835,-0.185651738,0,0.30790443698364744,0.18253986359363425,-7.82E-17,0.078839702,775
2019,Marcel,pitching,Fantasy,WHIP,0.21062298505999646,0.16461841820471054,-0.013392492,0.081296787,0.210378418,0.16436420307696398,-0.008740475,0.083429069,0.1878904268992597,0.14519232014907352,2.2865081056275693e-16,0.14121155647449435,366
2019,Steamer,pitching,Standard,WHIP,1.099583900054703,0.3645236589416785,-0.18888175,0,1.0972860070077803,0.36258712530853804,-0.175008981,0,0.29890221726582017,0.17359797403098345,-4.89E-17,0.13191632219682348,775
2019,Steamer,pitching,Fantasy,WHIP,0.19422807227153033,0.1539508038989606,0.013371703641741164,0.21875417822077403,0.1940123639723353,0.15361670381921114,-0.009749655,0.22048850659338637,0.1742313444594887,0.13713823003343895,2.5873644353154074e-16,0.2615357744172353,366
2019,ZiPS,pitching,Standard,WHIP,1.0911583566020302,0.3610013635226699,-0.161254974,0.008435062,1.0910354995860576,0.3609013508137799,-0.160421535,0.008658337,0.29929981026410896,0.17650988337990817,-2.35E-16,0.12960537551489137,775
2019,ZiPS,pitching,Fantasy,WHIP,0.20210999269889904,0.1613171253253724,0.025238737,0.154060545,0.20058073522543632,0.1598558027476136,-0.004601741,0.1668136508749839,0.17939131048762372,0.1412190043305095,8.423977231259466e-17,0.21714795524910024,366
2019,Davenport,pitching,Standard,wOBA,0.23381295959070145,0.2191291472690858,-0.218307845,0,0.085052592,0.05425216,-0.01495856,0,0.044554422,0.032959957334522165,-1.22E-17,0,775
2019,Marcel,pitching,Standard,wOBA,0.084516977,0.053780484,-0.027073361,0,0.081999732,0.051827217,-0.017714496,0,0.041850556,0.031365324,3.177265529161646e-17,0.097290318,775
2019,Steamer,pitching,Standard,wOBA,0.089947785,0.058795278240655044,-0.042703187,0,0.081103953,0.050572698891428784,-0.017629788,0.013055682577728822,0.040056527,0.029618878,-4.89E-18,0.1730252957150613,775
2019,ZiPS,pitching,Standard,wOBA,0.090458702,0.060031752,-0.044288378,0,0.080373749,0.050788215,-0.015447432,0.030747212018800707,0.040489107,0.030597147516613642,2.932860488456904e-17,0.15506746220524192,775
2020,Marcel,batting,Standard,1B/(BIP-HR),0.10410913538897557,0.066839893,0.012309690259261796,0,0.1036789897159094,0.066572428,0.007883483,0.001022554,0.054309798,0.040581379038687714,-6.84E-18,0.035214508,581
2020,Razzball,batting,Standard,1B/(BIP-HR),0.10398799975047292,0.066623458,0.011774604059055466,0,0.1036874665214456,0.066444701,0.00873086,0.000859194,0.053948965,0.040329773399525884,-1.03E-17,0.047991951,581
2020,Steamer,batting,Standard,1B/(BIP-HR),0.10480066555547136,0.066718334,0.012726534605224266,0,0.10438816600320024,0.066437365,0.008699102,0,0.053422216,0.039706041,6.83810037121386e-18,0.0664917,581
2020,ZiPS,batting,Standard,1B/(BIP-HR),0.10421067471931143,0.067124178,0.012230808457017468,0,0.10380417995340326,0.066758754,0.008064473,0,0.053957215262231316,0.04069261,1.709525092803465e-18,0.047700755257733984,581
2020,Marcel,batting,Standard,2B/(BIP-HR),0.053146605963835955,0.037009022,0.007458026,0,0.052686562,0.036042058,0.002633289,0.002948855,0.032396988,0.024704143112020592,5.128575278410395e-18,0,581
2020,Razzball,batting,Standard,2B/(BIP-HR),0.052826003,0.036192083,0.006212624,0,0.052545329961818876,0.035566225,0.003003633,0.008287088,0.03175321,0.023698873,6.410719098012994e-18,0.014170897063497057,581
2020,Steamer,batting,Standard,2B/(BIP-HR),0.052955584809943064,0.036295045617002045,0.005635209,0,0.052702364,0.035621667,0.00223624,0.002350681,0.031850719020213275,0.02390075,1.0684531830021656e-17,0.008106943,581
2020,ZiPS,batting,Standard,2B/(BIP-HR),0.053432210080743774,0.036787997751194804,0.005343673,0,0.053198352,0.03611768,0.001902206,0,0.032721337,0.024874654,1.1111913103222522e-17,0,581
2020,Marcel,batting,Standard,3B/(BIP-HR),0.010866287593578206,0.007820875,0.00226886,0,0.010656751800174556,0.007121203,0.000798674,0,0.008856666,0.006546119,8.013398872516242e-19,0.036224420707676175,581
2020,Razzball,batting,Standard,3B/(BIP-HR),0.010274004553880587,0.007086677,0.001185657,0.049807095,0.010223620657970115,0.00684887,0.000610764,0.059103768,0.008640227,0.006577937,1.2821438196025987e-18,0.08275416,581
2020,Steamer,batting,Standard,3B/(BIP-HR),0.010338694759799264,0.007218617,0.001595458,0.037803656,0.010252825472140025,0.006844012,0.000881651,0.053720559,0.008469836,0.006296885,4.2738127320086625e-19,0.11857493732723645,581
2020,ZiPS,batting,Standard,3B/(BIP-HR),0.011300578285578873,0.007196759,0.001962855,0,0.011148375,0.007270326,0.000660306,0,0.009226441,0.006636514,5.342265915010828e-19,0,581
2020,Marcel,batting,Standard,AVG,0.084499338,0.060024338,0.029545267,0,0.08076907,0.056877130942838895,0.016013348472332593,0.028027845,0.047868195,0.036983879,-1.71E-17,0.099016727,581
2020,Razzball,batting,Standard,AVG,0.084835857,0.060599815,0.027983584,0,0.081690598,0.058111832,0.016103173006823106,0.005722063,0.048072426151703034,0.037740141,3.41905018560693e-18,0.091312176,581
2020,Steamer,batting,Standard,AVG,0.083592924,0.059685909,0.027995168989792665,0,0.08003294,0.056473359,0.014185340595927942,0.045664251,0.047226657,0.037164781180072465,1.367620074242772e-17,0.12300516805160466,581
2020,ZiPS,batting,Standard,AVG,0.082539523,0.058646541,0.024215819761142184,0,0.079973286,0.056231378,0.013013819450347007,0.047086382275865146,0.047227921129039285,0.037068923,-1.03E-17,0.12295821407762508,581
2020,Marcel,batting,Standard,BABIP,0.11251671871851089,0.07446829,0.022036576,0,0.11091636768441733,0.073104819,0.011315446143069985,0.001197076,0.059317243,0.044614515516415335,-4.79E-17,0.035556605,581
2020,Razzball,batting,Standard,BABIP,0.1122926768926024,0.073835883,0.019172884683579822,0,0.11133036942788264,0.073108518,0.012345257402430948,0,0.058952149,0.0443254,-3.42E-18,0.047392245523479315,581
2020,Steamer,batting,Standard,BABIP,0.1130927796231923,0.073921191,0.019957201693732288,0,0.1119434153106359,0.072832917,0.011816993185827145,0,0.058672132,0.043978882,1.025715055682079e-17,0.056420362,581
2020,ZiPS,batting,Standard,BABIP,0.11259402180209084,0.074164778,0.019537336324344123,0,0.11139407102124513,0.073243147,0.010626985638789213,0,0.05963431,0.045037748,-1.03E-17,0.025218626001519473,581
2020,Marcel,batting,Standard,BB/PA,0.050744663157300904,0.035209485,0.00297477,0.10158491565117911,0.051094756,0.035578373275174574,0.006671021,0.089145627,0.032861189603199954,0.024690552204648924,-1.37E-17,0.3179886214598817,581
2020,Razzball,batting,Standard,BB/PA,0.050686177254553356,0.035721919,0.002989972,0.10365466382804445,0.051020730902183405,0.036024252,0.006554872,0.091782975,0.033217258,0.025095745,-8.65E-18,0.30312861780138445,581
2020,Steamer,batting,Standard,BB/PA,0.048225435,0.033142993,-0.002539907,0.18857461307020773,0.048272125,0.033296134120738737,0.003310076,0.18700266939108956,0.030951642,0.023200925107615455,-1.23E-18,0.3949483588081437,581
2020,ZiPS,batting,Standard,BB/PA,0.048607708356278596,0.033484740590202955,-0.002608939,0.17565960888138832,0.048737908198785776,0.033823525,0.004413723,0.1712375640000039,0.031437775,0.023650308099041655,4.701194005209529e-18,0.3757929697853598,581
2020,Marcel,batting,Standard,HBP/PA,0.029670633,0.012498201334770725,-0.002330543,0.028482075,0.029592272353635433,0.012842933740337441,-0.000887429,0.033606914,0.012306074483367744,0.008437624,0,0.19818822734640573,581
2020,Razzball,batting,Standard,HBP/PA,0.029768670847708543,0.012826307976721824,-0.002128888,0.022051304806436356,0.029707012920224835,0.013131845,-0.000930062,0.026098233475869814,0.012687788835955548,0.008855714,2.1369063660043313e-19,0.1476749868284417,581
2020,Steamer,batting,Standard,HBP/PA,0.029741465,0.012146404497033825,-0.002941266,0.023838028960841307,0.029615985584002528,0.012597186811082926,-0.001096783,0.03205749,0.012200983467428256,0.008396334,-1.50E-18,0.2118243254803951,581
2020,ZiPS,batting,Standard,HBP/PA,0.029941720613453307,0.011854225,-0.003292928,0.010648331241343567,0.029775333,0.012363326547408715,-0.000952474,0.021613522,0.011999202,0.008142083,-6.94E-19,0.23767869222709492,581
2020,Marcel,batting,Standard,HR/BIP,0.054141354,0.031047575,0.005011776,0.081115455,0.054150778738823506,0.031069957796450456,0.005112585,0.080795516,0.029548978677546453,0.022393702,7.692862917615593e-18,0.2678142991014758,581
2020,Razzball,batting,Standard,HR/BIP,0.054953638,0.031971487,0.006018773,0.053336535,0.054853126,0.031771283,0.005018837,0.056796328535115514,0.030184093316270543,0.023209442442635272,-1.28E-18,0.23600139859363622,581
2020,Steamer,batting,Standard,HR/BIP,0.054048503,0.028740817,0.002088691,0.084264481,0.054064349,0.028819397895649558,0.002464905,0.08372746,0.028371886954928528,0.021256740610168887,8.547625464017325e-18,0.3249860698250093,581
2020,ZiPS,batting,Standard,HR/BIP,0.054347033,0.028885847843804862,0.001414047,0.07412066,0.054402931,0.029151257,0.002842271,0.072215053,0.029128011888936482,0.021657826,-2.14E-18,0.2885277261815353,581
2020,Marcel,batting,Standard,OBP,0.091264693,0.063778753,0.026980906,0,0.089204807,0.062456436655745795,0.018873860780976814,0.029685183386458425,0.050104005284106704,0.039574361394485606,0,0.1369082416973374,581
2020,Razzball,batting,Standard,OBP,0.092787885,0.065062111,0.025756474,0,0.091104532,0.063988097,0.018810637,0,0.051283692,0.040147555373733435,-1.20E-17,0.09578719,581
2020,Steamer,batting,Standard,OBP,0.088730402,0.062332097,0.020770162289212548,0.039978319735900936,0.087462847,0.061497105,0.01442446,0.067211109,0.049730536,0.039220034,7.009052880494207e-17,0.14972703761854467,581
2020,ZiPS,batting,Standard,OBP,0.088582954,0.062191715336318315,0.017120298878702474,0.043166289,0.088086558,0.061902951,0.014332009582232406,0.053859953,0.049965643,0.039490824703478346,4.444765241289009e-17,0.14166850482616355,581
2020,Marcel,batting,Standard,PA,264.9585457785182,239.30636833046472,223.18244406196214,0,264.9585457785182,239.30636833046472,223.18244406196214,0,264.9585457785182,239.30636833046472,223.18244406196214,0,581
2020,Razzball,batting,Standard,PA,74.85348856553242,52.184165232358005,-28.99311532,0.12092046159277359,74.85348856553242,52.184165232358005,-28.99311532,0.12092046159277359,74.85348856553242,52.184165232358005,-28.99311532,0.12092046159277359,581
2020,Steamer,batting,Standard,PA,50.166833112373354,36.86804693167878,-3.814904809,0.6051451719954211,50.166833112373354,36.86804693167878,-3.814904809,0.6051451719954211,50.166833112373354,36.86804693167878,-3.814904809,0.6051451719954211,581
2020,ZiPS,batting,Standard,PA,91.05533488,73.34939759036145,59.10843373493976,0,91.05533488,73.34939759036145,59.10843373493976,0,91.05533488,73.34939759036145,59.10843373493976,0,581
2020,Marcel,batting,Standard,R/PA,0.071452597,0.042940535,0.004898964,0.009049325,0.071345965,0.042760605501592296,0.002961934,0.012004782037669082,0.03390936,0.026048115717914048,6.83810037121386e-18,0.062568087,581
2020,Razzball,batting,Standard,R/PA,0.071941256,0.044049042,0.006218098,0,0.071759252,0.043848549,0.003537043,0.000525281,0.034891490535576074,0.026948739,-3.42E-18,0.007479226,581
2020,Steamer,batting,Standard,R/PA,0.072167482,0.043153657563429114,-0.003945269,0,0.072060112,0.043159105,0.000281812,0,0.034716194475085185,0.026566761,-1.54E-17,0.017427092,581
2020,ZiPS,batting,Standard,R/PA,0.07149358,0.042762533,-0.000526916,0.007912245,0.071493554,0.0428097,0.000523418,0.007912958,0.034177984,0.026314144053184368,5.128575278410395e-18,0.047656879,581
2020,Marcel,batting,Standard,RBI/PA,0.059447728,0.045364368060111196,0.013830240382969315,0.032137848793823864,0.059066601,0.045003868169012105,0.012087455,0.044508233,0.040534336104979134,0.031921855,1.6240488381632918e-17,0.11687319963756937,581
2020,Razzball,batting,Standard,RBI/PA,0.060616272,0.046655055,0.01795817,0,0.059014188,0.045442439345107125,0.011438435,0.046203217,0.041405945086664765,0.033032449,2.136906366004331e-17,0.078485147,581
2020,Steamer,batting,Standard,RBI/PA,0.057544994,0.043709305,0.012499045642870603,0.093102751,0.056955001,0.04316302,0.009416575,0.11160377028811064,0.039593587,0.031173756720020013,1.025715055682079e-17,0.157389955,581
2020,ZiPS,batting,Standard,RBI/PA,0.057833560289677025,0.044466639192480194,0.012192558,0.083984459,0.057002158655232636,0.043809563,0.007292727,0.11013200033902504,0.04093156,0.032593668,5.983337824812128e-18,0.099479641,581
2020,Marcel,batting,Standard,SB/TOF,0.11640780863828806,0.059358296407181974,-0.004931972,0.17374523094368832,0.11642353952323561,0.059219566,-0.005290274,0.17352190233556042,0.068425292,0.041743255825646725,3.41905018560693e-18,0.36312158607710243,581
2020,Razzball,batting,Standard,SB/TOF,0.1215235869364611,0.062093012,-0.001842696,0.099526552,0.12158999113503018,0.061164436,-0.004420327,0.098542191,0.076057637,0.043884378,6.7312550529136435e-18,0.21311935906276958,581
2020,Steamer,batting,Standard,SB/TOF,0.10921345578446083,0.054879661197583446,-0.000696693,0.27271932035253577,0.10924303144548608,0.054165925,-0.002635598,0.272325363,0.062158733,0.037411343,-3.42E-18,0.47443369109835987,581
2020,ZiPS,batting,Standard,SB/TOF,0.10489649595076067,0.051162886017906466,0.000174612,0.32907849352669705,0.10497074436924285,0.051235093,-0.003951304,0.3281283666336121,0.060100172,0.037066921,-4.27E-19,0.5086684700481933,581
2020,Marcel,batting,Standard,SLG,0.15559105587306796,0.11529877397271142,0.058538801948118044,0,0.14811192332881085,0.10928647440858726,0.033990535,0.055723540410036354,0.096350551,0.075605173,-1.30E-16,0.13345821075662434,581
2020,Razzball,batting,Standard,SLG,0.15794512004982744,0.11733145013424962,0.055825301560775434,0,0.15144712253896123,0.1117412893992987,0.033257094,0.012718106113578043,0.098467443,0.077184035,-5.47E-17,0.094962823,581
2020,Steamer,batting,Standard,SLG,0.1514377872157797,0.11260238622553052,0.049010283060791984,0.012839816071971377,0.14556368612270876,0.10760341126174791,0.025639640530195795,0.08793622,0.096094405,0.075968689,-2.39E-17,0.138059461,581
2020,ZiPS,batting,Standard,SLG,0.1497146773822065,0.11138585160598956,0.041302871,0.03517649,0.1459885673793314,0.10834626236843356,0.024578534810693057,0.082604061,0.09776402,0.077109223,-4.79E-17,0.10784727713514186,581
2020,Marcel,batting,Standard,SO/PA,0.097566694,0.066022067,-0.025081127,0.12125140302236204,0.094891633,0.064508893,-0.010687623,0.16877745649335207,0.056401507142476874,0.042236970330156366,3.41905018560693e-17,0.3943270800720756,581
2020,Razzball,batting,Standard,SO/PA,0.10073799050338984,0.070187638,-0.024156471,0.063197513,0.098319798,0.068624966,-0.010108171,0.1076331539271752,0.060753212061001906,0.046605751,-1.37E-17,0.2972591062263653,581
2020,Steamer,batting,Standard,SO/PA,0.09596218,0.065420519,-0.025300783,0.14991632668886956,0.092900963,0.063192856,-0.007872655,0.20328699982830856,0.054771233,0.041426413899080076,-1.37E-17,0.42883474799356547,581
2020,ZiPS,batting,Standard,SO/PA,0.093243088,0.06365817,-0.021673059,0.19740812291484988,0.090928681,0.061731292,-0.006593412,0.23675626489801083,0.053865815756370054,0.040589847378588735,-6.84E-18,0.4475624117386152,581
2020,Marcel,batting,Standard,wOBA,0.093992811,0.066754884,0.033076724,0,0.090536151,0.064221986,0.021359208678760604,0.040743239514035134,0.053501920790844426,0.041873446,2.051430111364158e-17,0.1344155541504194,581
2020,Razzball,batting,Standard,wOBA,0.095048975,0.067729724,0.031101698610775885,0,0.092336935,0.065684241,0.021427029863843993,0.002204071,0.054936267,0.042962223,6.154290334092474e-17,0.087382087,581
2020,Steamer,batting,Standard,wOBA,0.090813876,0.065343358,0.025550648127285008,0.034849055,0.088644245,0.063576134,0.016231997985947752,0.080414936,0.053549109,0.04226562,7.180005389774553e-17,0.13288799988395483,581
2020,ZiPS,batting,Standard,wOBA,0.090405319,0.064902968,0.022572459,0.043513631,0.088964193,0.063973128,0.015843668110890923,0.07376475,0.054150281,0.042832122,6.154290334092474e-17,0.11330935722087643,581
2020,Marcel,pitching,Standard,1B/(BIP-HR),0.10013595232108188,0.067124531,-0.00875469,0,0.10016996841529617,0.067132171,-0.009135547,0,0.059934912,0.042317527,-3.26E-17,0,708
2020,Razzball,pitching,Standard,1B/(BIP-HR),0.18292431088233504,0.1485814900222639,-0.11416414,0,0.14592815476418325,0.11990188174279773,0.029447812314012573,0,0.11733729722678378,0.099887783,-3.60E-17,0,708
2020,Steamer,pitching,Standard,1B/(BIP-HR),0.12091183828284456,0.098273169,0.067625047,0,0.10073145965970876,0.067412548,-0.010015054,0,0.059754104,0.041959307579078974,-2.06E-17,0,708
2020,ZiPS,pitching,Standard,1B/(BIP-HR),0.11885179141319493,0.094843853,0.06065518,0,0.10270586917563623,0.068944455,-0.010089505,0,0.061114841,0.043325503701385985,1.3707531300270207e-17,0,708
2020,Marcel,pitching,Standard,2B/(BIP-HR),0.058629167854773026,0.039290351,-0.001850337,0,0.058734197,0.039221815509519545,-0.003968672,0,0.034612644,0.025345585548769246,4.2836035313344394e-18,0,708
2020,Razzball,pitching,Standard,2B/(BIP-HR),0.075288213,0.056837213724650004,-0.036357439,0,0.06643452,0.049256614,0.00819108,0,0.045929672165660504,0.035988547,9.423927768935767e-18,0,708
2020,Steamer,pitching,Standard,2B/(BIP-HR),0.091980141,0.070878198,-0.070614184,0,0.05905428,0.039589093,-0.003663975,0,0.035044899,0.025658830107994177,9.423927768935767e-18,0,708
2020,ZiPS,pitching,Standard,2B/(BIP-HR),0.090390469,0.070177968,-0.068996505,0,0.058453807832192624,0.039732911233301985,-0.002632179,0.00214796,0.035543982,0.026019996034996672,1.0280648475202656e-17,0,708
2020,Marcel,pitching,Standard,3B/(BIP-HR),0.015305139587125918,0.009356728,0.001077919,0,0.015267253355623725,0.008910431,6.0297157668132004e-05,0,0.010745086657763107,0.007373219,-7.50E-19,0,708
2020,Razzball,pitching,Standard,3B/(BIP-HR),0.015572039612635598,0.007824526,-0.002823518,0,0.015348272865551658,0.009748506,0.001026311,0,0.010866715255427926,0.007742864,-3.75E-19,0,708
2020,Steamer,pitching,Standard,3B/(BIP-HR),0.016074960872973356,0.005866178,-0.005783944,0,0.014998345,0.008722531,1.8116801548971175e-06,0,0.010403972,0.007140553,-4.28E-19,0,708
2020,ZiPS,pitching,Standard,3B/(BIP-HR),0.016020430733219335,0.005940189,-0.005644146,0,0.014993535074534667,0.008783108,9.097819089957773e-05,0,0.010398337820951915,0.007151822,-2.14E-19,0,708
2020,Marcel,pitching,Standard,BABIP,0.11395869393650818,0.077088651,-0.009527109,0,0.11430643910963596,0.077087934,-0.013043922,0,0.06747712,0.048729053,3.4268828250675517e-18,0,708
2020,Razzball,pitching,Standard,BABIP,0.11442644891885337,0.077113977,-0.010828142,0,0.11479967872832414,0.077188014,-0.014240881,0,0.067137202,0.048092454,0,0,708
2020,Steamer,pitching,Standard,BABIP,0.11402332094313185,0.076968509,-0.008773081,0,0.11450509611282358,0.076898976,-0.013677217,0,0.066951972,0.047884192,-1.88E-17,0.004843032,708
2020,ZiPS,pitching,Standard,BABIP,0.11437134106076889,0.07734457,-0.013985471,0,0.1142135937843273,0.077288905,-0.012630706,0,0.067510517,0.048756737310248786,-2.40E-17,0,708
2020,Marcel,pitching,Standard,BB/BF,0.06607927,0.043050841068274046,-0.021108709,0,0.064151846,0.042358732,-0.013948732,0.013219976140949163,0.03758175,0.02640878,5.997044943868216e-18,0.15662246176568106,708
2020,Razzball,pitching,Standard,BB/BF,0.065486804,0.043239906,-0.018537529,0,0.06414395,0.042725178,-0.013021707,0.013462873,0.037931797099170425,0.026832847,-9.42E-18,0.14083838539369942,708
2020,Steamer,pitching,Standard,BB/BF,0.062412354236204746,0.041095980208521746,-0.0173785,0.066007992,0.061029911,0.040487757389955345,-0.011461253,0.10692588284608406,0.036284970883675306,0.025618486,1.7991134831604648e-17,0.21382073438108895,708
2020,ZiPS,pitching,Standard,BB/BF,0.062142614371611934,0.041201324,-0.013672733,0.074063784,0.061352059,0.040826103,-0.009450624,0.097472759,0.037729379,0.026157047235923502,0,0.14998353284063337,708
2020,Marcel,pitching,Standard,BF,231.24840509451533,182.98870056497177,157.72033898305085,0,231.24840509451533,182.98870056497177,157.72033898305085,0,231.24840509451533,182.98870056497177,157.72033898305085,0,708
2020,Marcel,pitching,Fantasy,BF,319.34758144970783,285.56666666666666,258.4555555555556,0,319.34758144970783,285.56666666666666,258.4555555555556,0,319.34758144970783,285.56666666666666,258.4555555555556,0,90
2020,Razzball,pitching,Standard,BF,72.41514623305544,54.68290960451977,-27.00833333,0.090624845,72.41514623305544,54.68290960451977,-27.00833333,0.090624845,72.41514623305544,54.68290960451977,-27.00833333,0.090624845,708
2020,Razzball,pitching,Fantasy,BF,92.16340440278404,58.99555555555556,-44.70666667,0,92.16340440278404,58.99555555555556,-44.70666667,0,92.16340440278404,58.99555555555556,-44.70666667,0,90
2020,Steamer,pitching,Standard,BF,63.88180125169132,44.86475419796119,1.449720550391633,0.2923173192689402,63.88180125169132,44.86475419796119,1.449720550391633,0.2923173192689402,63.88180125169132,44.86475419796119,1.449720550391633,0.2923173192689402,708
2020,Steamer,pitching,Fantasy,BF,59.42325288413693,41.69179925918579,-12.66315478,0,59.42325288413693,41.69179925918579,-12.66315478,0,59.42325288413693,41.69179925918579,-12.66315478,0,90
2020,ZiPS,pitching,Standard,BF,85.4355491,66.09180790960453,50.37994350282486,0,85.4355491,66.09180790960453,50.37994350282486,0,85.4355491,66.09180790960453,50.37994350282486,0,708
2020,ZiPS,pitching,Fantasy,BF,56.18066096680126,42.888888888888886,-31.35555556,0,56.18066096680126,42.888888888888886,-31.35555556,0,56.18066096680126,42.888888888888886,-31.35555556,0,90
2020,Marcel,pitching,Standard,ER/BF,0.098636582,0.062512435,-0.022749065,0,0.097844617,0.062498697727506755,-0.019024032,0,0.054366586,0.038450776103786395,1.0280648475202656e-17,0.029668973,708
2020,Razzball,pitching,Standard,ER/BF,0.09914252,0.062434082296443504,-0.021802511,0,0.098914599,0.062440055,-0.020741457,0,0.054092746,0.037673155,1.3707531300270207e-17,0.039419295,708
2020,Steamer,pitching,Standard,ER/BF,0.097857257,0.061886575212266766,-0.020391761,0,0.09782933,0.061885973,-0.02025732,0,0.053697185253438855,0.037332310418789656,0,0.053416703,708
2020,ZiPS,pitching,Standard,ER/BF,0.098966412,0.062764007,-0.02267775,0,0.098206117,0.062726688,-0.019088502,0,0.054055525,0.037775165,-1.03E-17,0.0407408,708
2020,Marcel,pitching,Standard,ERA,7.943036104739446,3.5972320250260705,-1.962963944,0,7.859663553022767,3.6050402445246945,-1.592393184,0,3.3224031348852154,1.891615905,-1.21E-15,0.026504997795502194,708
2020,Marcel,pitching,Fantasy,ERA,1.2901063114090605,1.0626421061939366,0.13985595928587258,0,1.2826908374470882,1.0316595257701653,-0.021935795,0.005023286,1.2747400512316487,1.0278260336386607,8.09282668731916e-16,0.011050569515486663,90
2020,Razzball,pitching,Standard,ERA,7.947173302067469,3.590825324,-1.833491256,0,7.905866030029709,3.5957363932732322,-1.645249032,0,3.3215371286798017,1.8464475541076522,-5.48E-16,0.027012427,708
2020,Razzball,pitching,Fantasy,ERA,1.2990060792678544,1.0658382353434281,0.3484695184697053,0,1.251596093346421,0.9894740786744516,-0.022516487,0.052678640580233194,1.2450354599420688,0.987773465,7.248789548150905e-16,0.056603493,90
2020,Steamer,pitching,Standard,ERA,7.900779318498304,3.5710409810791894,-1.854896565,0,7.855029398794567,3.580171813424184,-1.649185946,0,3.3073313156963247,1.845744391299349,-9.87E-16,0.03531733,708
2020,Steamer,pitching,Fantasy,ERA,1.2941253382288675,1.0787551395180677,0.4292080155041528,0,1.2209823179353974,0.971759351,-0.016029667,0.098454436,1.2149903577387036,0.9674417434065649,8.142475930799645e-16,0.10158605354572114,90
2020,ZiPS,pitching,Standard,ERA,7.9152178128692405,3.612643332433348,-1.840660558,0,7.859739812314011,3.623551638160859,-1.585202884,0,3.3207760231546053,1.8744205667991611,-3.29E-16,0.027458282031951886,708
2020,ZiPS,pitching,Fantasy,ERA,1.2134191441154512,0.9986768437980392,0.24607644321712555,0.10958879451974401,1.188281298565744,0.9400817452590134,-0.01341794,0.14609912998775787,1.1778561434733714,0.9316803297980112,1.0525639617862956e-15,0.1556639638665186,90
2020,Marcel,pitching,Standard,HBP/BF,0.02135687,0.013085191,-0.003045391,0,0.021175481921334744,0.013356509169933606,-0.001248811,0.008261703,0.012815640235343073,0.009207283,3.21270264850083e-19,0.010877094987345126,708
2020,Razzball,pitching,Standard,HBP/BF,0.021371955,0.013193066585518753,-0.002669046,0,0.021228396759644434,0.013468979343339176,-0.001004088,0.003299054,0.012746967034226512,0.009106721,5.354504414168049e-19,0.021449214990917453,708
2020,Steamer,pitching,Standard,HBP/BF,0.021385863,0.012904517,-0.003769959,0,0.021093482,0.0132315,-0.001338825,0.015927621,0.012643755078716096,0.009014998,5.354504414168049e-19,0.037231675,708
2020,ZiPS,pitching,Standard,HBP/BF,0.021621760621006007,0.013227780957030751,-0.003554182,0,0.021364435255625785,0.013533587882014196,-0.001253304,0,0.013156549284071091,0.009445996,1.8205315008171367e-18,0,708
2020,Marcel,pitching,Standard,HLD/G,0.11677677494206402,0.093676475,0.025688216938309322,0.11675161178733173,0.11408677542835541,0.081145233,-0.006233911,0.1569748907742231,0.093953792,0.067678332,-1.03E-17,0.22695744849927213,708
2020,Razzball,pitching,Standard,HLD/G,0.11188454000392027,0.075374556,-0.01245742,0.18920686874252324,0.11119018688295293,0.080079128,0.000542835,0.19923917222561183,0.090599595,0.061060397,-1.29E-17,0.28116818409863686,708
2020,Steamer,pitching,Standard,HLD/G,0.11180642587614041,0.069740324,0.000212637,0.19033861204240687,0.11181859887150047,0.070383014,0.001663551,0.190162298,0.085879593,0.049989541757260544,-3.43E-18,0.35411569291340594,708
2020,ZiPS,pitching,Standard,HLD/G,0.14636620037115902,0.07873699,-0.075239682,0,0.12635459249922554,0.092384189,-0.014262824,0,0.10748644691443436,0.082650147,-8.57E-18,0,708
2020,Marcel,pitching,Standard,HR/BIP,0.066513958,0.038997825,-0.010826715,0,0.066080653,0.039175078,-0.007730713,0,0.034765891,0.023766718918211027,8.567207062668879e-19,0.022892868,708
2020,Razzball,pitching,Standard,HR/BIP,0.066412775,0.038951486,-0.00946722,0,0.066239118,0.039047798,-0.008160407,0,0.034611946258981764,0.023410633959293842,-2.57E-18,0.031527023509897445,708
2020,Steamer,pitching,Standard,HR/BIP,0.065809769,0.03854851,-0.009451868,0.005178612,0.065659154,0.038612276,-0.008338863,0.009726978,0.034122459,0.023096019381149097,5.140324237601328e-18,0.0587259,708
2020,ZiPS,pitching,Standard,HR/BIP,0.067000071,0.039009508,-0.012024404,0,0.06645334,0.039180125103946216,-0.008463052,0,0.035136888,0.023830240604518063,-3.43E-18,0.001927568,708
2020,Marcel,pitching,Standard,L/G,0.17478083082763077,0.12626162336014068,0.004489881,0.12439064726402504,0.18071645855925944,0.1407995807425174,0.046154725,0.063908703,0.15861240519412165,0.12421192165279564,2.0561296950405312e-17,0.21370440043717054,708
2020,Razzball,pitching,Standard,L/G,0.1810183466229081,0.14058749160016748,0.054626482,0.060778597354334885,0.1745294744798451,0.13025346,0.026018227,0.12690730437929976,0.1511908796800641,0.11698488558596319,2.3988179775472863e-17,0.2855649851626494,708
2020,Steamer,pitching,Standard,L/G,0.16411583023626375,0.10851141382417069,0.013279624021352115,0.22798855077801294,0.16366247573235818,0.10683361913341098,0.005267698,0.23224787729344765,0.13877966784212514,0.10242037741629609,6.8537656501351034e-18,0.3980461021675954,708
2020,ZiPS,pitching,Standard,L/G,0.1846171745020865,0.1295566814356124,0.039574082805060806,0.023062022232551826,0.18226796586614652,0.12637408995746613,0.026537111555531012,0.047766433,0.15865028435359804,0.11502671374110669,3.084194542560797e-17,0.21332879585760756,708
2020,Marcel,pitching,Standard,R/BF,0.10073287763562114,0.064678597,-0.02489169,0,0.099585223,0.064471891,-0.019740826,0,0.055626536968964524,0.039580719,-3.43E-18,0.022426913644521096,708
2020,Razzball,pitching,Standard,R/BF,0.10086932815420928,0.064229509,-0.023613614,0,0.10036386431795317,0.064201973,-0.021351502,0,0.05526069,0.038881220507425096,-3.43E-18,0.035243318,708
2020,Steamer,pitching,Standard,R/BF,0.10001993095424863,0.063684275,-0.023134757,0,0.099587564,0.063710347,-0.021187571,0,0.055024452,0.038569513,6.8537656501351034e-18,0.043474297,708
2020,ZiPS,pitching,Standard,R/BF,0.10124936916443328,0.064730403,-0.02627941,0,0.099760625,0.064407282,-0.019782694,0,0.055308631061225945,0.038918982779866676,0,0.033568654,708
2020,Marcel,pitching,Standard,SO/BF,0.078944079,0.059184559,0.006507073,0.1337598714970003,0.079441063,0.059737693,0.011002583,0.12281890249386862,0.062170987146364376,0.047299676,3.769571107574307e-17,0.22150081731194393,708
2020,Marcel,pitching,Fantasy,SO/BF,0.048530996539080884,0.037406475,-0.004453257,0.4120664464429933,0.048330939,0.038128477199009546,0.000673435,0.4169036950568338,0.048477537,0.038209634,6.671617092690258e-18,0.42475029647301143,90
2020,Razzball,pitching,Standard,SO/BF,0.080364419,0.061217529,0.007332756,0.10230916712195215,0.081501059,0.062254412,0.015419212620157599,0.076736477,0.063075404,0.048846181930409335,-3.43E-18,0.19868603859643885,708
2020,Razzball,pitching,Fantasy,SO/BF,0.049357541,0.03695703,-0.015947891,0.3918693936407639,0.046711797,0.038084923843054445,0.000400469,0.455318049,0.046989061,0.038316728,-1.24E-17,0.45953342487288384,90
2020,Steamer,pitching,Standard,SO/BF,0.075818643,0.057786500850998505,-0.006003059,0.2009918894067373,0.07641561,0.057523493,0.011265681740445739,0.18836018179946878,0.058979385378324395,0.04556711,1.0280648475202656e-17,0.29937904967624807,708
2020,Steamer,pitching,Fantasy,SO/BF,0.049436169978311885,0.03613213,-0.019305721,0.3899302919689974,0.045511280920828526,0.036582493587517056,0.000229435,0.4829554727236809,0.045922311588206664,0.036912056,-8.07E-17,0.4837943089136937,90
2020,ZiPS,pitching,Standard,SO/BF,0.076605955,0.058559247,0.001098411,0.18431170261176621,0.077418291,0.058884098,0.011239485497584816,0.1669207141314435,0.059286536,0.045998689,-1.37E-17,0.2920627139242882,708
2020,ZiPS,pitching,Fantasy,SO/BF,0.044816333,0.034140442518784335,-0.009168261,0.4986252524593032,0.043869282492552404,0.034528387,0.000259394,0.5195912704679146,0.04413343,0.034573459233839955,-3.77E-17,0.5232280709500321,90
2020,Marcel,pitching,Standard,SV/G,0.086763055,0.05615937,0.016510603449584296,0.18164648818608997,0.085179148,0.044683693512484614,-0.000509539,0.21125273433736136,0.076781425,0.037881099,5.5686845907347714e-18,0.23830900266943544,708
2020,Marcel,pitching,Fantasy,SV/G,0.033610600680013925,0.030429201655425873,0.029147150373374595,0,0.016736738530244443,0.00968489,-4.81E-05,0,0.016002653328913284,0.009261475,-6.30E-19,0,90
2020,Razzball,pitching,Standard,SV/G,0.084198585,0.038978741,-0.007320053,0.22930797912894363,0.083893766,0.045004812,0.001531521,0.2348780439450825,0.075949357,0.035974434,-4.28E-19,0.254728198,708
2020,Razzball,pitching,Fantasy,SV/G,0.008787347,0.000997095,-0.000854757,0,0.008746496,0.001715816,-0.000119701,0,0.00813838,0.00158718,6.1819126403925e-20,0,90
2020,Steamer,pitching,Standard,SV/G,0.079516543,0.030041990794763895,-0.009807013,0.3126368285859581,0.078909638,0.037029420857151066,0.00016698,0.3230892962966947,0.06810324,0.030876548231797453,-3.86E-18,0.40075829544694686,708
2020,Steamer,pitching,Fantasy,SV/G,0.008784105,0.000925926,-0.000925926,0,0.008736066,0.001708786,-0.000125274,0,0.008128959,0.001585919,1.1636541440738822e-19,0,90
2020,ZiPS,pitching,Standard,SV/G,0.086668363,0.032350169,-0.00737503,0.18343179233248152,0.086372524,0.038707360775459596,0.001788538,0.18899691856451784,0.071148406,0.031195914,1.285081059400332e-18,0.3459712514104868,708
2020,ZiPS,pitching,Fantasy,SV/G,0.009159237,0.001208155,-0.000643696,0,0.009137236,0.001731316,-0.000108646,0,0.008531342,0.001591023,1.8182096001154412e-20,0,90
2020,Marcel,pitching,Standard,W/G,0.14472959606761907,0.11172049432451406,0.028477365445535266,0.1397681660050175,0.15234663641382098,0.12282493145138074,0.055441879,0.046838372,0.1507857771049199,0.1177715950614458,-1.03E-17,0.2660988491494479,708
2020,Marcel,pitching,Fantasy,W/G,0.19977401703987122,0.16317812560302525,-0.117799067,0,0.16134895399909763,0.1290928196205773,0.000668799,0,0.15984916720734665,0.12786187124668424,-1.64E-17,0,90
2020,Razzball,pitching,Standard,W/G,0.15971696569727722,0.13200586739824716,0.074353144,0,0.1465619730022532,0.11646103593909031,0.038720704,0.11784801501108577,0.1494849010325334,0.11656794250610543,-3.43E-18,0.27870741415847056,708
2020,Razzball,pitching,Fantasy,W/G,0.1666774194838395,0.13656202347258423,-0.015136411,0,0.16599196176295403,0.13680755854400506,-0.001039304,0,0.16451723618251882,0.13570601274903335,-2.67E-17,0,90
2020,Steamer,pitching,Standard,W/G,0.1399951297081735,0.1006368980554214,0.027497459,0.19512828672618343,0.13828871867824527,0.097997165,0.01677032,0.21462998623510765,0.14166418917950327,0.10721271670726888,-1.71E-17,0.35220592399440454,708
2020,Steamer,pitching,Fantasy,W/G,0.1633542150649749,0.13468048821665368,-0.019372726,0,0.1622098111537511,0.1346338442717505,-0.001650989,0,0.16053309363175314,0.13367313049294408,3.5685393751599056e-17,0,90
2020,ZiPS,pitching,Standard,W/G,0.15773061529481328,0.11908022667158515,0.062477611,0,0.1468228677392997,0.10695045703828938,0.024113469,0.11470458497658143,0.14665840200977906,0.11233468354734165,-1.37E-17,0.3057263081421473,708
2020,ZiPS,pitching,Fantasy,W/G,0.1616918343380178,0.1330791316065139,-0.00392331,0,0.16164508336279013,0.13353218593602267,-0.000525403,0,0.15991140732139145,0.13133412498774263,4.2201856958412795e-17,0,90
2020,Marcel,pitching,Standard,WHIP,1.1893519436351458,0.5477961375627309,-0.321549734,0,1.1762915416164135,0.5442997271364948,-0.269254482,0,0.4888189509213588,0.2818150666334188,-1.10E-16,0.036473721,708
2020,Marcel,pitching,Fantasy,WHIP,0.21717295301106998,0.17303245964170255,0.040374356,0.022847942634452778,0.2134020758467635,0.16881559491244819,-0.002538318,0.056486852,0.21312926836169926,0.16927195406855877,-1.57E-16,0.056856741,90
2020,Razzball,pitching,Standard,WHIP,1.1860732040290078,0.5499898771444957,-0.297350288,0,1.181094815483009,0.5491566420400856,-0.276825778,0,0.4911223239797265,0.28252871945491176,4.1122593900810624e-17,0.027371825926567728,708
2020,Razzball,pitching,Fantasy,WHIP,0.2273710589579457,0.1811304993337195,0.074865961,0,0.2146998141181276,0.16525547988841446,-0.001823122,0.044976597,0.2138960901769053,0.1653473217850102,4.654616576295529e-18,0.050057826507848735,90
2020,Steamer,pitching,Standard,WHIP,1.165050152623925,0.5420166357724028,-0.276026875,0,1.162836703142818,0.5418562568128082,-0.266529878,0,0.4860251422619336,0.28072203306303384,-5.48E-17,0.047456173,708
2020,Steamer,pitching,Fantasy,WHIP,0.2332323133820492,0.18691215466728847,0.093228248,0,0.21378933518974985,0.16291570340852274,-0.000272158,0.05305937,0.213358233,0.16347729899908947,-1.33E-16,0.054829219,90
2020,ZiPS,pitching,Standard,WHIP,1.166190352938673,0.5491994399355298,-0.264719814,0,1.1634719576543284,0.5489654030690302,-0.252475022,0,0.4932359205682118,0.2887260874306015,9.595271910189145e-17,0.018982196523050776,708
2020,ZiPS,pitching,Fantasy,WHIP,0.23032560212362835,0.17910389954953684,0.0585311,0,0.2227645741223819,0.17146176443599195,0.000249351,0,0.22137766942115136,0.1714208412301386,-7.42E-17,0,90
2020,Marcel,pitching,Standard,wOBA,0.11315379174301497,0.074966054,-0.027185321,0,0.11268657066278188,0.074820076,-0.025169909,0,0.065779893,0.047991241,-2.40E-17,0.034471036685439715,708
2020,Razzball,pitching,Standard,wOBA,0.17501248150127463,0.14097996336290278,-0.116018446,0,0.13122046072108312,0.10300208144916229,0.007051278,0,0.10213664725996283,0.083685479,-5.83E-17,0,708
2020,Steamer,pitching,Standard,wOBA,0.11495974460179618,0.076045191,-0.038290267,0,0.11133188711638695,0.074320517,-0.025400606,0,0.06495029,0.047605565689664425,-3.08E-17,0.058671591662153966,708
2020,ZiPS,pitching,Standard,wOBA,0.11809552457447056,0.078912914,-0.044944924,0,0.11177838593904801,0.075034018,-0.023830669,0,0.065917779,0.047920755,-1.37E-17,0.030418972535808386,708
2021,Davenport,batting,Standard,1B/(BIP-HR),0.090026045,0.05538426,0.02144148,0,0.08876201,0.054250874,0.015288643837296593,0,0.040438679,0.030088984,6.421896724940181e-18,0,661
2021,Marcel,batting,Standard,1B/(BIP-HR),0.086449195,0.052229888,0.014319623,0,0.08592551,0.051789509,0.010713613720709354,0.010915243636694494,0.037739947,0.028285060573194194,1.1559414104892326e-17,0.091721803,661
2021,Razzball,batting,Standard,1B/(BIP-HR),0.086661233,0.051819249,0.011222192143461157,0,0.086792451,0.051912035,0.012194175526579762,0,0.037474993637590076,0.027971859900630107,-3.85E-18,0.1044301969553878,661
2021,Steamer,batting,Standard,1B/(BIP-HR),0.085955034,0.051144269,0.013677902367190757,0.010235423313414982,0.085633108,0.050851414,0.011482436818420053,0.017635434789545434,0.035988544405853154,0.026487615,6.421896724940181e-18,0.17406690416843007,661
2021,ZiPS,batting,Standard,1B/(BIP-HR),0.085861696,0.051849455415538974,0.012886473503073701,0.012383799406525564,0.085524021,0.05151256,0.010401365750862951,0.020136691,0.037155065,0.028110148699811804,-3.08E-17,0.11965608398218752,661
2021,Davenport,batting,Standard,2B/(BIP-HR),0.047430159,0.028612713677753965,0.006449911,0,0.047038267,0.027908857525475856,0.002140075,0,0.021785283689187477,0.015508245834988147,3.853138034964109e-18,0,661
2021,Marcel,batting,Standard,2B/(BIP-HR),0.047134604,0.029071791070551006,0.005935809,0,0.046872527309230125,0.028640966822600603,0.003255259,0,0.021875076,0.016092442308050927,7.385181233681209e-18,0,661
2021,Razzball,batting,Standard,2B/(BIP-HR),0.046910895,0.029082951,0.004725688,0,0.046857379,0.029002611080789324,0.004161012,0,0.022028677575065693,0.016532345740412457,1.2843793449880362e-18,0,661
2021,Steamer,batting,Standard,2B/(BIP-HR),0.046499099028077376,0.027738349290281492,0.002061874,0,0.046520311,0.027795289120388488,0.002494888,0,0.020785398,0.015247049169179874,1.027503475990429e-17,0.042921489,661
2021,ZiPS,batting,Standard,2B/(BIP-HR),0.047030242,0.02846406,0.003757541,0,0.046938207,0.028237116704778617,0.002338948,0,0.021765271,0.015785376631005422,-5.78E-18,0,661
2021,Davenport,batting,Standard,3B/(BIP-HR),0.013084923305236787,0.006631947,0.000230392,0,0.013095122773979487,0.00656119,-0.000565776,0,0.007117989,0.004831066,9.03079226944713e-20,0,661
2021,Marcel,batting,Standard,3B/(BIP-HR),0.012587729050634731,0.006950977,0.001032265,0.016974721,0.012546859650217769,0.006564345,-0.000195797,0.023347663,0.006875086,0.0046048,-3.21E-19,0.034985864,661
2021,Razzball,batting,Standard,3B/(BIP-HR),0.012509140817180334,0.006656452,0.000307219,0.029210933,0.012505645331193275,0.006516793,-8.33E-05,0.029753400950764286,0.006602715,0.004497431,6.823265270248942e-19,0.10993339061711727,661
2021,Steamer,batting,Standard,3B/(BIP-HR),0.012354439285263157,0.0064419,0.000195982,0.053074106,0.012353039575072633,0.006351201,-6.19E-05,0.05328866,0.006435926,0.004329829,-3.21E-19,0.1543327990249025,661
2021,ZiPS,batting,Standard,3B/(BIP-HR),0.013036000236924833,0.007507418,0.002116905,0,0.012862971254859782,0.006918183,3.914545402745882e-06,0,0.007222678,0.004908712,-6.22E-19,0,661
2021,Davenport,batting,Standard,AVG,0.078436815,0.048449239,0.026790315052276158,0,0.076117549,0.046766226,0.018954374322735324,0.008870575,0.034227274,0.025195454997933815,1.7981310829832507e-17,0.19347737069343585,661
2021,Davenport,batting,Fantasy,AVG,0.027398613,0.021048547079981928,0.003398044,0.17449981484653432,0.027225081753712327,0.020936872,0.001437981,0.1849234359455596,0.026707635,0.020620653,-1.40E-17,0.17625375466389082,262
2021,Marcel,batting,Standard,AVG,0.078842848,0.04890285,0.027129416145448056,0,0.076539525,0.047109439,0.019445036072364388,0,0.034636272661103515,0.025586771154514708,6.421896724940181e-18,0.17408711577592384,661
2021,Marcel,batting,Fantasy,AVG,0.027581682601284598,0.021531995,0.003029132,0.16343144963798006,0.027451898,0.021379050867750875,0.00142588,0.17128580655699654,0.027075879816940502,0.021098345781021762,-1.75E-17,0.15338154035181162,262
2021,Razzball,batting,Standard,AVG,0.07916621,0.048038394516293874,0.023952332180401634,0,0.07837829,0.047542052,0.021203346034059652,0,0.033799708,0.024682043076952632,0,0.21350159833994375,661
2021,Razzball,batting,Fantasy,AVG,0.026667898470924583,0.020695181997609467,-0.00194458,0.2179444418577796,0.026642889656532085,0.020674930066031792,0.001564657,0.21941055749984384,0.02582671,0.020042186621372193,-9.65E-18,0.22969847388326836,262
2021,Steamer,batting,Standard,AVG,0.074961186,0.045816874150490766,0.019639315,0.038755914,0.074143267,0.045262317,0.016240301249841195,0.059618181,0.032645098240483235,0.024084353498135373,7.44940020093061e-17,0.2663179375010867,661
2021,Steamer,batting,Fantasy,AVG,0.025937957,0.020189911,-0.001177846,0.2601706367291502,0.025940503913112596,0.020147367359831116,0.001232653,0.26002535755311806,0.025149272,0.019544499353052504,-3.07E-17,0.2695787408948318,262
2021,ZiPS,batting,Standard,AVG,0.074524716,0.045655931,0.019364216445603658,0.049917226,0.073546843,0.044972208,0.015171608628337855,0.07468659,0.032908062,0.024514250951022578,7.192524331933003e-17,0.2544503619940701,661
2021,ZiPS,batting,Fantasy,AVG,0.026389026,0.020396747923986255,0.00054123,0.23421521801205125,0.026407050412541783,0.020418484996080507,0.001115601,0.2331687376716739,0.026037785,0.020124751,-1.58E-17,0.21705608727642156,262
2021,Davenport,batting,Standard,BABIP,0.098074246,0.061102549355893196,0.028121782703939377,0,0.095457226,0.058764808798782354,0.016862943,0,0.04335001,0.031352243,1.1559414104892326e-17,0.018868802734085532,661
2021,Marcel,batting,Standard,BABIP,0.094638754,0.058296932816676396,0.021287697024234293,0,0.093236395,0.05687217,0.013773076406267978,0.010623411385467518,0.041351993466682065,0.030031143,3.8531380349641086e-17,0.10722589160780038,661
2021,Razzball,batting,Standard,BABIP,0.094247362,0.056864129,0.016255099969018715,0,0.094250252,0.056866384,0.016271851772881447,0,0.040534321,0.029428354,3.8531380349641086e-17,0.142183316,661
2021,Steamer,batting,Standard,BABIP,0.093575581,0.056554351,0.015935758214963406,0.003411767,0.093252783,0.056247326610904494,0.013915474368610342,0.010275578656155027,0.039825595,0.028598523229051424,3.210948362470091e-17,0.17191823588914423,661
2021,ZiPS,batting,Standard,BABIP,0.093907277,0.057373593289003925,0.01876092,0,0.092892518,0.056334597851060715,0.012744228262936351,0.017908036028255747,0.040282406037970085,0.029341713,5.779707052446163e-17,0.15281259401510772,661
2021,Davenport,batting,Standard,BB/PA,0.054704813,0.028008588,0.000378939,0.10782369753123733,0.054711149,0.028054799470362792,0.000914826,0.10761700346503134,0.022334811317024656,0.016859107834987525,-4.82E-18,0.49777959896413015,661
2021,Marcel,batting,Standard,BB/PA,0.054910326,0.029496700030248256,0.002409423,0.1011077039589483,0.054927119008951704,0.029540748,0.002765831,0.10055781043049705,0.023268334331904034,0.017708730103117364,-7.39E-18,0.454919852,661
2021,Razzball,batting,Standard,BB/PA,0.055296189,0.029693135007824337,0.002556906,0.088430009,0.055251612152490456,0.029530778888626416,0.001268807,0.089899143,0.023731911,0.017834485313675593,-2.36E-17,0.4329841436271932,661
2021,Steamer,batting,Standard,BB/PA,0.055034894,0.027761613,-0.001705144,0.097024669,0.055037501056490856,0.027757532962521696,-0.001787306,0.096939123,0.022173684819084653,0.016603304,-7.14E-18,0.5049996399511363,661
2021,ZiPS,batting,Standard,BB/PA,0.055044743464168544,0.027962529727516287,-0.00494082,0.096701439,0.054823146429456356,0.027704058,-0.000255545,0.10395972976974244,0.022387132,0.016618257477890072,1.6054741812350453e-19,0.4954238909861939,661
2021,Davenport,batting,Standard,HBP/PA,0.020440421990750492,0.011794122495439515,-0.011722543,0,0.016745128141150013,0.010386451749832982,8.050355462464879e-05,0,0.010222621,0.007424904,8.027370906175226e-20,0.002862416,661
2021,Marcel,batting,Standard,HBP/PA,0.01571692,0.009011223,-0.000564973,0.11594652500826153,0.015707731068294886,0.009192553,0.000174504,0.11697989471319448,0.008522373,0.005923226,9.080963337610725e-19,0.30697073486623605,661
2021,Razzball,batting,Standard,HBP/PA,0.016000178323782588,0.009433186,-0.000176369,0.083793595,0.015999575,0.009507459,0.000108557,0.083862743,0.008761081,0.006140239,8.027370906175226e-19,0.267604067,661
2021,Steamer,batting,Standard,HBP/PA,0.015292325938847613,0.008749036,-0.000546293,0.1630668508068276,0.015282565378631065,0.008882339,-2.75E-06,0.1641348805438957,0.008371201,0.005841341,9.632845087410272e-19,0.3313389221039382,661
2021,ZiPS,batting,Standard,HBP/PA,0.014746281107947653,0.008300035,-0.000975272,0.22176869801782462,0.014714373137551893,0.008483066,0.00010548,0.2251329246572582,0.007971949,0.005597136,-1.10E-19,0.39359941182103964,661
2021,Davenport,batting,Standard,HR/BIP,0.032012414,0.024108389714144852,0.008801082,0.17618755777415374,0.031179292,0.022978275837743152,0.00498123,0.21850896906335848,0.023040825564381327,0.017297094,7.947097197113474e-18,0.3691350845242768,661
2021,Davenport,batting,Fantasy,HR/BIP,0.023081402903622737,0.017561226234256978,0.003275786,0.354577383,0.022852599,0.017047942942606104,0.000469991,0.36730999647596163,0.022194700995964028,0.016752006990069308,2.19264400842474e-18,0.39648131722822166,262
2021,Marcel,batting,Standard,HR/BIP,0.033083720946472835,0.025186704,0.008905436,0.12012659375227974,0.032628228,0.024548095607661975,0.007026768,0.14418779983507368,0.022843754,0.017219209722794625,5.057243670890393e-18,0.37988068169493217,661
2021,Marcel,batting,Fantasy,HR/BIP,0.021845603446408055,0.016453419273984072,0.000676024,0.42184023161577433,0.021841194138533266,0.016421297351403116,0.000514179,0.42207359913547704,0.021305540118619938,0.016123571,4.467512167165408e-18,0.4438688536719314,262
2021,Razzball,batting,Standard,HR/BIP,0.033592188,0.025198288,0.009021182,0.092873052,0.032918257523481396,0.024345381,0.006046349,0.1289057029737094,0.022536677347056402,0.016881151,9.873666214595528e-18,0.3964405174601179,661
2021,Razzball,batting,Fantasy,HR/BIP,0.021505879992357934,0.016370450013698537,0.002573271,0.43968246723383997,0.021353171,0.016016918761290216,0.000277038,0.4476116363332453,0.020589830057598468,0.015619538,-1.95E-18,0.4806051420801565,262
2021,Steamer,batting,Standard,HR/BIP,0.030053763,0.021742695727199633,0.004889018,0.27391209538641426,0.029842315143609154,0.021373322858427402,0.003352255,0.28409314942937314,0.021001098,0.015813837,4.736148834643384e-18,0.4758877726092198,661
2021,Steamer,batting,Fantasy,HR/BIP,0.020332101444440618,0.015372513355889137,0.001466378,0.49917694641075816,0.020279252499445358,0.015165453461459723,6.323334074299225e-05,0.5017771273288836,0.019688911335508857,0.014955174558616845,7.783886229907827e-18,0.5250635212218617,262
2021,ZiPS,batting,Standard,HR/BIP,0.030955807,0.022675793949654816,0.004670566,0.22967185398494683,0.030850082,0.022498652056707633,0.003908928,0.2349247837745604,0.022010597194690524,0.016595041043466926,1.6857478902967975e-18,0.42428975819131953,661
2021,ZiPS,batting,Fantasy,HR/BIP,0.021177402,0.016002537,0.000677069,0.4566681889415002,0.021166691,0.015923752601105776,6.996238428601381e-05,0.45721763335302623,0.020654888495047333,0.015673765,-2.63E-18,0.47731765470053766,262
2021,Davenport,batting,Standard,OBP,0.08539898,0.049967577,0.017275884699748948,0.033324409,0.085548433,0.050087551,0.018000130815039442,0.029937987,0.035644915070144535,0.025810279197716002,-1.80E-17,0.26436499122443324,661
2021,Marcel,batting,Standard,OBP,0.087869169,0.053091584244038904,0.026224605724872195,0,0.086227356,0.051440218,0.020047345097778307,0.014479813356301552,0.037010902,0.027399011694694202,-8.99E-18,0.20690253495012734,661
2021,Razzball,batting,Standard,OBP,0.088537734,0.05254253,0.023645922664312737,0,0.087721601,0.051791666,0.020378385293643525,0,0.036191787816929825,0.026312756,-1.54E-17,0.24161926053938032,661
2021,Steamer,batting,Standard,OBP,0.084233028,0.049406853387744115,0.016212953906875296,0.059540264,0.083754544,0.048885484,0.013508532705102353,0.070194449,0.034640177,0.025388302,4.366889772959323e-17,0.3052517991695217,661
2021,ZiPS,batting,Standard,OBP,0.083091245,0.048635566007626724,0.013247319309808207,0.084863424,0.083181842,0.048721523,0.013804176302996237,0.082866735,0.035101217046814834,0.025688175810613886,-6.42E-18,0.28663537368211933,661
2021,Davenport,batting,Standard,PA,147.4228227224524,104.09889526055268,-5.781222191,0.5111260907965235,147.4228227224524,104.09889526055268,-5.781222191,0.5111260907965235,147.4228227224524,104.09889526055268,-5.781222191,0.5111260907965235,661
2021,Davenport,batting,Fantasy,PA,152.54063461935732,109.67960584655704,-38.09181959,0,152.54063461935732,109.67960584655704,-38.09181959,0,152.54063461935732,109.67960584655704,-38.09181959,0,262
2021,Marcel,batting,Standard,PA,171.2335374774311,139.85325264750378,-31.25113464,0.34045402758444787,171.2335374774311,139.85325264750378,-31.25113464,0.34045402758444787,171.2335374774311,139.85325264750378,-31.25113464,0.34045402758444787,661
2021,Marcel,batting,Fantasy,PA,214.94927503877435,184.44274809160305,-183.0763359,0,214.94927503877435,184.44274809160305,-183.0763359,0,214.94927503877435,184.44274809160305,-183.0763359,0,262
2021,Razzball,batting,Standard,PA,170.6570199460998,119.51891074130106,-42.8774584,0.3448877350965691,170.6570199460998,119.51891074130106,-42.8774584,0.3448877350965691,170.6570199460998,119.51891074130106,-42.8774584,0.3448877350965691,661
2021,Razzball,batting,Fantasy,PA,202.40578809272012,143.96564885496184,-67.04961832,0,202.40578809272012,143.96564885496184,-67.04961832,0,202.40578809272012,143.96564885496184,-67.04961832,0,262
2021,Steamer,batting,Standard,PA,147.37480605197527,105.02581782997466,-6.8190942,0.5114444984097916,147.37480605197527,105.02581782997466,-6.8190942,0.5114444984097916,147.37480605197527,105.02581782997466,-6.8190942,0.5114444984097916,661
2021,Steamer,batting,Fantasy,PA,153.55276835643406,115.59144584459203,-30.35058807,0,153.55276835643406,115.59144584459203,-30.35058807,0,153.55276835643406,115.59144584459203,-30.35058807,0,262
2021,ZiPS,batting,Standard,PA,258.61639300167764,211.78517397881998,178.26323751891073,0,258.61639300167764,211.78517397881998,178.26323751891073,0,258.61639300167764,211.78517397881998,178.26323751891073,0,661
2021,ZiPS,batting,Fantasy,PA,110.77676817100333,87.30916030534351,14.782442748091603,0.11310153029157399,110.77676817100333,87.30916030534351,14.782442748091603,0.11310153029157399,110.77676817100333,87.30916030534351,14.782442748091603,0.11310153029157399,262
2021,Davenport,batting,Standard,R/PA,0.061193257,0.035691394,0.008154982,0,0.060669638,0.034514095,0.001641358,0,0.027944864,0.021664621,-1.28E-18,0,661
2021,Davenport,batting,Fantasy,R/PA,0.026085270679580184,0.020991068,0.004984086,0,0.025609541818902907,0.020392399,0.000498395,0,0.024955499,0.019909429723928906,8.77057603369896e-18,0,262
2021,Marcel,batting,Standard,R/PA,0.060040645980747175,0.033830530866368544,0.008490919,0.006770038,0.059632636,0.033151616,0.004823676,0.020223272,0.024837200451123847,0.019182475945137466,7.064086397434199e-18,0.1589638284948376,661
2021,Marcel,batting,Fantasy,R/PA,0.021347079063713695,0.017222704,0.001151068,0.16736002057210464,0.021348565498902565,0.017222496,0.001178313,0.1672440601213273,0.020674678065400704,0.016616852,-6.58E-18,0.18226697440258854,262
2021,Razzball,batting,Standard,R/PA,0.060604772342183186,0.034653338,0.007892564,0,0.060282177487555745,0.034176269265119553,0.004826495,0,0.025609000202288495,0.019961114,-1.80E-17,0.10588241403688714,661
2021,Razzball,batting,Fantasy,R/PA,0.022593287945034925,0.018001019243869675,0.001175956,0.067305926,0.022588465,0.017999971918776562,0.001079337,0.067704072,0.021937500692253645,0.017551146294778164,-4.39E-18,0.079320822,262
2021,Steamer,batting,Standard,R/PA,0.059985554,0.032579655,-0.00150413,0.008591937,0.059970078394957674,0.032733927,0.000637207,0.009103412,0.024433757,0.018851242169688143,-2.57E-18,0.18606468911582685,661
2021,Steamer,batting,Fantasy,R/PA,0.021398243105576444,0.017190691,-0.003525541,0.16336394417110867,0.021115796074508197,0.017123640417124535,0.00064921,0.18530460606964094,0.020335551878960717,0.016513677303095137,2.455761289435709e-17,0.2088734626874118,262
2021,ZiPS,batting,Standard,R/PA,0.059014695,0.032293779,0.001088524,0.040423889102511046,0.059018326055830274,0.032304937,0.001270243,0.04030579,0.024454577542484927,0.018629469436122294,-1.41E-17,0.18467695238724124,661
2021,ZiPS,batting,Fantasy,R/PA,0.021156469194227853,0.016803974055282507,-0.001609856,0.18216306060733956,0.021109258,0.016661827,0.000772156,0.18580902717986292,0.020371263,0.016034572,1.710262326571297e-17,0.20609241405301593,262
2021,Davenport,batting,Standard,RBI/PA,0.052708434,0.039471766,0.016622987455647966,0,0.051311807114815665,0.038643907,0.011447544,0,0.033470741,0.026216362773395424,6.421896724940181e-19,0,661
2021,Davenport,batting,Fantasy,RBI/PA,0.030850047891949794,0.024111752,0.003644185,0,0.030635505729929683,0.024198266,-0.000298059,0,0.030239298735769683,0.023890291217824423,1.3594392852233388e-17,0,262
2021,Marcel,batting,Standard,RBI/PA,0.051611237,0.038035661,0.018002014158875184,0,0.050664585,0.03729714,0.015074911,0,0.029012021,0.022675104122149035,8.348465742422235e-18,0.24493250505115527,661
2021,Marcel,batting,Fantasy,RBI/PA,0.024039555026509733,0.019336231325430452,-6.03E-05,0.31750728048571064,0.024055264735567145,0.019362511,0.000871317,0.31661497899759705,0.023925257480767865,0.019242494466815616,0,0.3475635188676245,262
2021,Razzball,batting,Standard,RBI/PA,0.052093170736300896,0.037629365,0.019322337383246898,0,0.050491994781534204,0.036330776733927046,0.014460145974681657,0,0.028416895,0.021505009570398928,-5.14E-18,0.2755922972556427,661
2021,Razzball,batting,Fantasy,RBI/PA,0.024440874,0.019232097943925865,0.002557874,0.29452986202750064,0.024312612647892806,0.018972424844370925,0.000538087,0.3019147922459031,0.023820012,0.018630617,6.57793202527422e-19,0.3532909216919756,262
2021,Steamer,batting,Standard,RBI/PA,0.047642957714249735,0.034441049,0.014612106525345838,0.10635554902119815,0.046704063,0.033558564840605064,0.011177285524723081,0.14123041496201127,0.027142347,0.021032133176171565,0,0.339116951,661
2021,Steamer,batting,Fantasy,RBI/PA,0.023861940974144947,0.019220073534356064,0.001545804,0.3275550941787162,0.023817307509687923,0.019093931847217804,0.000511292,0.3300683411818245,0.023415135219743137,0.018879709059748173,-7.89E-18,0.3750887597468092,262
2021,ZiPS,batting,Standard,RBI/PA,0.050683620121998806,0.037371295,0.016442235917811934,0,0.048739943720795625,0.03574029,0.008780654,0.064729191,0.030641909,0.023507617767840383,-1.41E-17,0.15771037852634984,661
2021,ZiPS,batting,Fantasy,RBI/PA,0.028306384280889094,0.022503602586735384,0.006948263,0.053732399919038665,0.027440734,0.021641602701970644,0.000144337,0.11072392380954599,0.026823746,0.020965757304077074,1.8418209670767817e-17,0.1799056089658455,262
2021,Davenport,batting,Standard,SB/TOF,0.060914849,0.03734484,0.005720679,0.4165387550439402,0.060863407441719544,0.037278146,0.005144093,0.4175237870280091,0.042767758,0.028409882786924558,5.619159634322659e-18,0.550918362,661
2021,Davenport,batting,Fantasy,SB/TOF,0.036562539507528996,0.026285750256908626,-0.000551785,0.5511745367666003,0.036560549165122344,0.026409972393042387,0.000398657,0.5512234005517813,0.035906085,0.025918796036954295,1.09632200421237e-18,0.5762972105959986,262
2021,Marcel,batting,Standard,SB/TOF,0.064847545,0.042946749,0.006657495,0.3387697027927954,0.064641925,0.041984344,0.004206731,0.34295634694011234,0.045402551160497025,0.031204430709080723,2.5687586899760724e-18,0.49388076532115033,661
2021,Marcel,batting,Fantasy,SB/TOF,0.036843834,0.027988238772781854,0.002864734,0.5442418772004383,0.036741967,0.027451390617059816,0.00084304,0.5467585887065161,0.036644656,0.027285810986233238,8.77057603369896e-19,0.5586872245749742,262
2021,Razzball,batting,Standard,SB/TOF,0.06879391,0.044496867,0.009109862,0.25584112990834296,0.068336306,0.042673679,0.004498691,0.2657082157902406,0.048329866,0.03095541,8.18791832429873e-18,0.42651307715484454,661
2021,Razzball,batting,Fantasy,SB/TOF,0.036499318,0.027936713079871524,0.004324499,0.552725348,0.036252137,0.027135116,0.000847625,0.5587629249378359,0.035616636,0.026586707622293083,-7.02E-18,0.583100847,262
2021,Steamer,batting,Standard,SB/TOF,0.061720414,0.041536703686199127,0.012563562904863823,0.401004813,0.060910931,0.039598531,0.007653433,0.4166138196350485,0.041418816,0.028223121,1.3164888286127372e-17,0.5788006483881963,661
2021,Steamer,batting,Fantasy,SB/TOF,0.034902844,0.026390907,0.003313125,0.590997083,0.034754372278511296,0.025849079,0.000796679,0.5944693534448606,0.034246698,0.025351314,1.534850805897318e-18,0.6145548158605905,262
2021,ZiPS,batting,Standard,SB/TOF,0.064350364,0.04078881,0.016749821,0.34887003220418233,0.062610988,0.038959096,0.007728064,0.3835941056722748,0.041875680322588794,0.028525655152915132,3.6925906168406045e-18,0.5694574474914982,661
2021,ZiPS,batting,Fantasy,SB/TOF,0.035163643,0.02583183,0.007348477,0.5848619891240765,0.034387878579714565,0.025588205593614338,0.000211024,0.6029771051745589,0.034246984,0.025352130696834493,-5.04E-18,0.6145483723471468,262
2021,Davenport,batting,Standard,SLG,0.13576568045371293,0.092541437,0.052065889,0.007814492,0.1295098797818261,0.086812129,0.032424462206704925,0.097143604,0.069500455,0.051891669,-1.03E-17,0.2767442894119838,661
2021,Marcel,batting,Standard,SLG,0.14158890754260753,0.097135816,0.057491513,0,0.13532684802520367,0.091092702,0.039638505786937554,0.014218164412102996,0.071752838,0.053680916,5.908144986944967e-17,0.22910586246235998,661
2021,Razzball,batting,Standard,SLG,0.1420438031846251,0.096038689,0.051920476,0,0.1382293488028193,0.092658073,0.040331709,0,0.070468143,0.052446534,5.651269117947359e-17,0.2564635951163302,661
2021,Steamer,batting,Standard,SLG,0.12916916806516546,0.086551337,0.035764919,0.10188778486701067,0.1271088070915042,0.084903407,0.027406281619265487,0.13031062533250348,0.067527586,0.050950492,1.5412552139856434e-17,0.31722277687274436,661
2021,ZiPS,batting,Standard,SLG,0.13120939096057688,0.088399549,0.036593563,0.073292415,0.12892881208962245,0.086621977,0.027309762829724898,0.1052270615722456,0.069777673,0.052461589,5.908144986944967e-17,0.27096305018016653,661
2021,Davenport,batting,Standard,SO/PA,0.096084263,0.056445586,-0.015586707,0.2322059084677497,0.096432334,0.056645111672732715,-0.017605537,0.22663306810547235,0.04249048,0.031469807,-2.06E-17,0.5751845281015976,661
2021,Marcel,batting,Standard,SO/PA,0.10448493272539809,0.063699462,-0.024598364,0.092080017,0.10393758314635197,0.063325199,-0.02215851,0.1015674701655076,0.048162491199428586,0.035079508,-1.67E-17,0.45419824503894646,661
2021,Razzball,batting,Standard,SO/PA,0.1061915076068724,0.063956353,-0.024603511,0.062179302,0.10603258092104034,0.063869052,-0.023908256,0.064984295,0.048316326,0.034519186,-1.67E-17,0.45070601287246814,661
2021,Steamer,batting,Standard,SO/PA,0.096341733,0.056768889,-0.017244461,0.22808558351664787,0.096344756,0.056771008,-0.01726134,0.22803714696463107,0.042532078,0.031397611309064676,-2.18E-17,0.5743523391742393,661
2021,ZiPS,batting,Standard,SO/PA,0.094888606,0.056813526,-0.014616736,0.2511956216750195,0.095090786,0.05695559,-0.015876365,0.24800125718533172,0.042775707,0.031370737,-1.93E-17,0.5694620472432554,661
2021,Davenport,batting,Standard,wOBA,0.084470477,0.053933966781431524,0.027511772591028317,0.020551637489748753,0.08239034,0.052034243,0.020243625738514338,0.068196691,0.038050291,0.028134255,-1.28E-17,0.28731118600146077,661
2021,Marcel,batting,Standard,wOBA,0.08783503,0.056697802,0.032606754,0,0.084949558,0.054156893785500766,0.023762056028788187,0.009410083,0.03972469,0.029557033250643492,-2.06E-17,0.22320749383245508,661
2021,Razzball,batting,Standard,wOBA,0.088459865,0.056005461,0.028852556,0,0.08710883,0.05495695,0.024398168,0,0.039153605,0.028735775,5.137517379952145e-17,0.2453814132966402,661
2021,Steamer,batting,Standard,wOBA,0.081568905,0.051128584,0.019168922,0.086684307,0.080930557,0.050586237,0.016239345,0.10092336351734288,0.037329657,0.027464359173713915,4.495327707458127e-17,0.31405073870662414,661
2021,ZiPS,batting,Standard,wOBA,0.081417493,0.051495486,0.018994958881276645,0.090071843,0.080821417,0.051053105,0.016251205,0.10334666203056797,0.038144075,0.027978605296580163,2.3118828209784652e-17,0.2837936676752141,661
2021,Davenport,pitching,Standard,1B/(BIP-HR),0.2381188383793582,0.2198136814534116,-0.218707763,0,0.094264907,0.054224743,-0.004286874,0,0.040912280520669905,0.028094230413915778,2.450689073150025e-17,0,849
2021,Marcel,pitching,Standard,1B/(BIP-HR),0.089132241,0.0517108,-0.005767456,0,0.089253622,0.051730514,-0.007410552,0,0.038418631,0.027599393,2.2621745290615616e-17,0,849
2021,Razzball,pitching,Standard,1B/(BIP-HR),0.17467270412086877,0.13936613290757874,-0.112401623,0,0.13996635242697597,0.11429607454534783,0.041402309,0,0.10364515690460036,0.088311447,1.916564531566045e-17,0,849
2021,Steamer,pitching,Standard,1B/(BIP-HR),0.11389878818086216,0.091264284,0.071357792,0,0.089195696,0.051043382252208516,-0.008652909,0,0.037599863,0.026608534508487325,6.346656317644936e-17,0.025828503657821522,849
2021,ZiPS,pitching,Standard,1B/(BIP-HR),0.10802591360853567,0.082889795,0.057277762508250576,0,0.092392063,0.053888811,-0.012142382,0,0.039998512,0.028420719853030456,1.63379271543335e-17,0,849
2021,Davenport,pitching,Standard,2B/(BIP-HR),0.078919206,0.06777798,-0.066932058,0,0.041815931,0.029185071214038596,0.000481093,0,0.022890266,0.016527399637977218,6.2838181362821156e-18,0,849
2021,Marcel,pitching,Standard,2B/(BIP-HR),0.041612576409999893,0.029040856,0.00089067,0,0.041603946,0.02896775,-0.000274025,0,0.023093121483009307,0.017137120550092023,1.5081163527077076e-17,0,849
2021,Razzball,pitching,Standard,2B/(BIP-HR),0.063100319,0.051778282,-0.033509792,0,0.055489964,0.042990797100989096,0.014845606982125534,0,0.037355334,0.029686494,5.655436322653904e-18,0,849
2021,Steamer,pitching,Standard,2B/(BIP-HR),0.079139935,0.067677499,-0.066932058,0,0.042228591,0.029385035,0.000158055,0,0.023287152,0.016681058938748487,6.912199949910327e-18,0,849
2021,ZiPS,pitching,Standard,2B/(BIP-HR),0.07659833,0.065652553,-0.060550718,0,0.047097839,0.032664506659913765,0.004158345,0,0.026752765851968854,0.018403485563136698,6.912199949910327e-18,0,849
2021,Davenport,pitching,Standard,3B/(BIP-HR),0.038465443,0.007232016,-0.00704058,0,0.037836678701925516,0.008362189,-0.001262432,0,0.008418524,0.004734456,1.1782159005528965e-19,0,849
2021,Marcel,pitching,Standard,3B/(BIP-HR),0.038123198,0.008423151,-0.000929413,0,0.038145254531054884,0.008345403,-0.001595632,0,0.008892824,0.005128414,2.9455397513822416e-19,0,849
2021,Razzball,pitching,Standard,3B/(BIP-HR),0.038085782,0.00837488,-0.004175875,0,0.037856173,0.009304221,-3.12E-05,0,0.008751132,0.005172229,2.356431801105793e-19,0,849
2021,Steamer,pitching,Standard,3B/(BIP-HR),0.038467000208840106,0.007232016,-0.00704058,0,0.037839196,0.008355035,-0.001290121,0,0.008447646,0.004756436,1.3745852173117126e-19,0,849
2021,ZiPS,pitching,Standard,3B/(BIP-HR),0.038411065180814385,0.007495254,-0.00649362,0,0.037870042,0.008590855,-0.000947246,0,0.008489817,0.00479878,-7.85E-20,0,849
2021,Davenport,pitching,Standard,BABIP,0.098580633,0.056990448955717844,-0.009019622,0,0.098328374,0.057026643492490266,-0.005628633,0.002156158,0.04196777,0.030276742909567205,2.010821803610277e-17,0.003064878,849
2021,Marcel,pitching,Standard,BABIP,0.098604574,0.058031916,-0.005806199,0,0.098869977,0.058008657,-0.00928021,0,0.042763756,0.031162104475951274,-1.89E-17,0,849
2021,Razzball,pitching,Standard,BABIP,0.098774009,0.05756876,-0.005496218,0,0.099280177,0.057578340810807205,-0.011421778,0,0.041779663,0.030133692468911975,2.5135272545128462e-17,0.011981699868360729,849
2021,Steamer,pitching,Standard,BABIP,0.097763841,0.056832177871532795,-0.002614846,0.013581105765550383,0.098217498,0.056794791825904765,-0.009784975,0.004405236,0.041023259,0.029674010535136495,1.8851454408846346e-17,0.047433221519137314,849
2021,ZiPS,pitching,Standard,BABIP,0.098591763,0.057241679,-0.009766576,0,0.098512525,0.057225380818925094,-0.008931283,0,0.041474569,0.030114824,1.5081163527077076e-17,0.026358934824464497,849
2021,Davenport,pitching,Standard,BB/BF,0.056824841,0.032947278,-0.010240785,0.07505211,0.056649111,0.032871655,-0.009215906,0.080764035,0.02602384,0.019172486,-8.48E-18,0.2976520903004025,849
2021,Marcel,pitching,Standard,BB/BF,0.059186969,0.034696608,-0.014505356,0,0.058833867,0.034517635,-0.012989689,0.008493421,0.027817422,0.020424164874089327,1.2567636272564231e-17,0.1975032074635581,849
2021,Razzball,pitching,Standard,BB/BF,0.058966822043405275,0.034811438,-0.012611229,0.00400707,0.059033111769171635,0.03484428,-0.012917635,0.001766447,0.028141435,0.020757481591652093,-6.60E-18,0.17869964537407923,849
2021,Steamer,pitching,Standard,BB/BF,0.056259644173779724,0.032796034,-0.005326416,0.093360215,0.056673941,0.032829190586830585,-0.008669416,0.079958023,0.025839018778829107,0.019002506,1.5709545340705289e-18,0.30759280278621415,849
2021,ZiPS,pitching,Standard,BB/BF,0.056769155,0.033474075,-0.007571756,0.076864029,0.056876766,0.033523704,-0.008340326,0.073360939,0.026878030402574873,0.019515832,-7.54E-18,0.2507885256856329,849
2021,Davenport,pitching,Standard,BF,151.40159320952992,109.98704358068316,1.6348645465253229,0.41592094647334166,151.40159320952992,109.98704358068316,1.6348645465253229,0.41592094647334166,151.40159320952992,109.98704358068316,1.6348645465253229,0.41592094647334166,849
2021,Davenport,pitching,Fantasy,BF,176.0250158883316,130.37759103641457,-22.85546218,0.019047446306516225,176.0250158883316,130.37759103641457,-22.85546218,0.019047446306516225,176.0250158883316,130.37759103641457,-22.85546218,0.019047446306516225,357
2021,Marcel,pitching,Standard,BF,156.38615716591195,120.36866902237927,-37.15076561,0.3768288244953819,156.38615716591195,120.36866902237927,-37.15076561,0.3768288244953819,156.38615716591195,120.36866902237927,-37.15076561,0.3768288244953819,849
2021,Marcel,pitching,Fantasy,BF,200.53211426487434,164.33893557422968,-143.6554622,0,200.53211426487434,164.33893557422968,-143.6554622,0,200.53211426487434,164.33893557422968,-143.6554622,0,357
2021,Razzball,pitching,Standard,BF,161.2867243997749,116.9236749116608,-48.87137809,0.33716110482205797,161.2867243997749,116.9236749116608,-48.87137809,0.33716110482205797,161.2867243997749,116.9236749116608,-48.87137809,0.33716110482205797,849
2021,Razzball,pitching,Fantasy,BF,208.64317005107927,158.36106442577028,-85.89663866,0,208.64317005107927,158.36106442577028,-85.89663866,0,208.64317005107927,158.36106442577028,-85.89663866,0,357
2021,Steamer,pitching,Standard,BF,149.9344638653854,104.78926712716847,13.290567631154234,0.42718592182811255,149.9344638653854,104.78926712716847,13.290567631154234,0.42718592182811255,149.9344638653854,104.78926712716847,13.290567631154234,0.42718592182811255,849
2021,Steamer,pitching,Fantasy,BF,167.48996942719157,121.32933046437111,-6.994842763,0.11186941911627224,167.48996942719157,121.32933046437111,-6.994842763,0.11186941911627224,167.48996942719157,121.32933046437111,-6.994842763,0.11186941911627224,357
2021,ZiPS,pitching,Standard,BF,219.27934103089092,171.05677259824864,118.13168414040645,0,219.27934103089092,171.05677259824864,118.13168414040645,0,219.27934103089092,171.05677259824864,118.13168414040645,0,849
2021,ZiPS,pitching,Fantasy,BF,151.19581820599473,113.36274529037689,18.83669456246854,0.2762663312932855,151.19581820599473,113.36274529037689,18.83669456246854,0.2762663312932855,151.19581820599473,113.36274529037689,18.83669456246854,0.2762663312932855,357
2021,Davenport,pitching,Standard,ER/BF,0.075709054,0.046068624,-0.008870124,0.013748663696154129,0.076673515,0.045983391,-0.015021522,0,0.034350027,0.024292029630392828,1.5081163527077076e-17,0.10038647246816812,849
2021,Marcel,pitching,Standard,ER/BF,0.077212503,0.047158678,-0.014806991,0,0.07733623,0.047175894,-0.015439197,0,0.036150222,0.026369413,1.0054109018051385e-17,0.003622859,849
2021,Razzball,pitching,Standard,ER/BF,0.077459477,0.046155772,-0.016765586,0,0.077498563,0.046165294880790346,-0.016945254,0,0.034697733,0.024589569734962534,-7.54E-18,0.082081692,849
2021,Steamer,pitching,Standard,ER/BF,0.076280072,0.045884547,-0.012684492,0,0.076684164,0.045939143802963274,-0.014923406,0,0.033765362,0.023723463,2.5135272545128463e-18,0.13075009255602765,849
2021,ZiPS,pitching,Standard,ER/BF,0.076065639,0.045961231,-0.01343193,0.004436412,0.07631677,0.045990057,-0.014787986,0,0.034290274,0.024537681,-6.28E-18,0.10351351728215163,849
2021,Davenport,pitching,Standard,ERA,5.160246559050357,2.377147982996342,-0.715659779,0,5.201700871876512,2.366126879673822,-0.970420697,0,1.7651821938381913,1.1124073177030631,8.043287214441108e-17,0.085037439,849
2021,Davenport,pitching,Fantasy,ERA,1.302746824991682,1.0485326631957128,0.47788825233972443,0,1.2119693402524234,0.9444667795570885,0.009877925,0.12972745456408108,1.1135513485877133,0.8629139164064062,-7.22E-16,0.14020320308635292,357
2021,Marcel,pitching,Standard,ERA,5.2418512696210975,2.413375615415478,-1.054521339,0,5.2330494792048885,2.412527018153199,-1.009860076,0,1.8333497698307823,1.195741640294522,-3.22E-16,0.013005109138124471,849
2021,Marcel,pitching,Fantasy,ERA,1.3240134801197254,1.0508025897344664,0.19864900737157115,0,1.3091755477086264,1.0229921042277668,0.019757209,0,1.2133586932615963,0.9584532621874936,5.1578393193139566e-17,0,357
2021,Razzball,pitching,Standard,ERA,5.252621315055687,2.3738888668437856,-1.093141095,0,5.249123669317437,2.373525797,-1.07620912,0,1.7876146881415627,1.128861108823105,-3.22E-16,0.061634404,849
2021,Razzball,pitching,Fantasy,ERA,1.233004563204585,0.9716623863686815,0.16785882502531818,0.099255988,1.2219208207686054,0.9393792224065988,-0.031093801,0.11537716421316879,1.1211545745831746,0.8635884882792934,-3.09E-16,0.12842189247997082,357
2021,Steamer,pitching,Standard,ERA,5.193487878121012,2.3720321555016795,-0.897110394,0,5.207329320855149,2.370597083134438,-0.974047932,0,1.7451267152472039,1.0903870304367183,-8.04E-17,0.10571039683668937,849
2021,Steamer,pitching,Fantasy,ERA,1.180446838882197,0.9504026496817631,0.2821671105244082,0.17440912687534604,1.1463890687848286,0.8930788340078938,-0.019272671,0.2213611145906641,1.0517600443964499,0.8152512378371034,-1.55E-16,0.2329765125135218,357
2021,ZiPS,pitching,Standard,ERA,5.183864265885766,2.376853737866016,-0.853453185,0,5.203558708088036,2.376805962360403,-0.96589691,0,1.7679154766926402,1.1273810797844561,-5.63E-16,0.082201712,849
2021,ZiPS,pitching,Fantasy,ERA,1.2459010793319527,1.0079310395625423,0.33370625507927887,0.080314922,1.2004391283738898,0.9418907468670963,0.012019406373705821,0.1462075661698291,1.109797360403037,0.8695194729548056,0,0.14599050061648322,357
2021,Davenport,pitching,Standard,HBP/BF,0.024941797215590877,0.014264589627932001,-0.013964813,0,0.020810441,0.011549783848568024,-0.002448917,0,0.009947384,0.006722316,7.854772670352644e-19,0.002199472,849
2021,Marcel,pitching,Standard,HBP/BF,0.020719730692268713,0.011084506426925617,-0.003073058,0,0.020630832,0.011181079053284101,-0.002401601,0,0.009613582,0.006233441,1.767323850829345e-18,0.06804186,849
2021,Razzball,pitching,Standard,HBP/BF,0.020659124186299616,0.011178815422784236,-0.003215245,0,0.020527314,0.011298497238892119,-0.00221563,0.003493745,0.009611025,0.006325892,7.854772670352645e-20,0.068537513,849
2021,Steamer,pitching,Standard,HBP/BF,0.020626019509944894,0.010979107035034056,-0.003781343,0,0.020420769411718755,0.011121428252473139,-0.002423571,0.013811405,0.009504403,0.006239951,5.891079502764483e-19,0.089089731,849
2021,ZiPS,pitching,Standard,HBP/BF,0.020474366904521986,0.011094312876332457,-0.002792512,0.0086278,0.020387891808143942,0.011186850875224714,-0.00206508,0.016984391,0.009582048,0.006219871,1.1782159005528965e-19,0.074145829,849
2021,Marcel,pitching,Standard,HLD/G,0.10654504751687811,0.088575827,0.030792808386299473,0.082357394,0.10220011047831871,0.07343839,-0.006419695,0.15567477350619408,0.085099768,0.062571305,-6.28E-18,0.25286178914214363,849
2021,Razzball,pitching,Standard,HLD/G,0.10092220087103117,0.068141083,-0.001500705,0.17665763913990307,0.10107005880026036,0.070961645,0.005667298,0.17424336611574676,0.077580134,0.050024418,2.5135272545128463e-18,0.3790662733288982,849
2021,Steamer,pitching,Standard,HLD/G,0.10176179625775886,0.061178412,-0.010227301,0.16290150067348796,0.10127096627704689,0.064305728,-0.002223315,0.17095721841281708,0.07769509,0.047661158,5.0270545090256926e-18,0.377224753,849
2021,ZiPS,pitching,Standard,HLD/G,0.132069883,0.076062629,-0.065919438,0,0.11468243969993007,0.086164251,-0.007414875,0,0.099140401,0.076729754,0,0,849
2021,Davenport,pitching,Standard,HR/BIP,0.045950557,0.027715235,-0.003475045,0,0.046247011,0.027517844731134316,-0.0062776,0,0.021190263198124108,0.014799124497899958,1.2567636272564232e-18,0.06513823,849
2021,Marcel,pitching,Standard,HR/BIP,0.045734616,0.028070318,-0.00357487,0.003018533,0.045860018,0.027956000929384536,-0.004926043,0,0.021615939,0.015415934301649526,-1.13E-17,0.027201461409410488,849
2021,Razzball,pitching,Standard,HR/BIP,0.045988405,0.027683997,-0.004427899,0,0.046178712,0.027551967,-0.006094778,0,0.021060901,0.014536290128150244,-8.17E-18,0.076517671,849
2021,Steamer,pitching,Standard,HR/BIP,0.04539753,0.027374204,-0.002871471,0.017660811,0.045624813,0.027143171670481775,-0.005378952,0.007800039,0.020538729910206773,0.014125057,1.2567636272564232e-18,0.1217425023873564,849
2021,ZiPS,pitching,Standard,HR/BIP,0.045715545,0.027667484,-0.00373801,0.003849808,0.045900369463713474,0.027531296283464957,-0.005559278,0,0.021210496990992166,0.014866653278705353,-5.03E-18,0.063352048,849
2021,Davenport,pitching,Standard,L/G,0.17618820084437686,0.10369408570732405,-0.005595318,0.005477376,0.17716220988165907,0.10475521324119048,-0.019377153,0,0.12604580980181118,0.089119592,-2.51E-18,0.2800298290497829,849
2021,Marcel,pitching,Standard,L/G,0.16780980922387195,0.11634236874868471,-0.005150613,0.097814769,0.17337804803828302,0.13340243318881936,0.043890139,0.036949094,0.13076921106329709,0.10364939562441944,-2.51E-18,0.22505891722826354,849
2021,Razzball,pitching,Standard,L/G,0.1712346188427604,0.12731562482160758,0.046697271962554764,0.060613815878706956,0.16619531452130007,0.12034850417272644,0.021913992957770884,0.1150910710962304,0.1224343109346822,0.092613046,-5.03E-18,0.32069633038696344,849
2021,Steamer,pitching,Standard,L/G,0.15729848523886875,0.10009147778665275,0.011885696175959682,0.20729772117123813,0.15685484427378635,0.098904962,0.001377856,0.21176285349865165,0.11926471248734244,0.084484625,-1.76E-17,0.355412901,849
2021,ZiPS,pitching,Standard,L/G,0.16529304455844107,0.11473798707417611,0.034365146,0.12467328380630949,0.16318991475828618,0.1115869047972795,0.022138676,0.14680626665817897,0.11812017282576785,0.087289288,-4.15E-17,0.3677252691040491,849
2021,Davenport,pitching,Standard,R/BF,0.1115588659186279,0.072033517,-0.052119849,0,0.1059649591234255,0.069690991,-0.038725581,0,0.058409799374162776,0.041154045,2.5135272545128463e-18,0,849
2021,Marcel,pitching,Standard,R/BF,0.077996894,0.048068102779314996,-0.0165133,0,0.078026959,0.048074608119885974,-0.016654725,0,0.037079682,0.026937806685621544,7.540581763538538e-18,0,849
2021,Razzball,pitching,Standard,R/BF,0.078206533,0.04725743,-0.018876108,0,0.07800463,0.047193249569292293,-0.01802132,0,0.035498697,0.025207921232704787,1.2567636272564231e-17,0.078702016,849
2021,Steamer,pitching,Standard,R/BF,0.077240633,0.047314608973641266,-0.015456079,0,0.077409622,0.047360826,-0.016279575,0,0.034804985832116414,0.024665331,1.759469078158992e-17,0.11435798853354706,849
2021,ZiPS,pitching,Standard,R/BF,0.077161275,0.047228971051996096,-0.016522048,0,0.077026163,0.047188951,-0.015879091,0,0.035307076,0.025350807,1.2567636272564231e-17,0.088621482,849
2021,Davenport,pitching,Standard,SO/BF,0.067244715,0.049477959,-0.000316932,0.2168114373209078,0.068277575,0.049604776,0.011835367057353914,0.19256756736791747,0.045349094991088745,0.034839937477375314,-3.27E-17,0.3821037497731433,849
2021,Davenport,pitching,Fantasy,SO/BF,0.045718169,0.035880257125172184,-0.015717842,0.35754856280320324,0.042938105,0.033343694,-0.000761864,0.4333062833193442,0.040350156,0.031486854,-1.69E-17,0.4543802491965869,357
2021,Marcel,pitching,Standard,SO/BF,0.071907953,0.052673025701562334,0.014295972948722596,0.1044210716524383,0.071752911,0.052533835,0.013494495351131154,0.10827885000979776,0.047984744,0.036961987,-4.40E-17,0.30819343037663793,849
2021,Marcel,pitching,Fantasy,SO/BF,0.045846457,0.035739457,-0.00466529,0.353937997,0.045641705,0.035740314,-0.001741428,0.3596957759294005,0.042924598203379564,0.033804645,2.417737180928417e-17,0.3825353092361916,357
2021,Razzball,pitching,Standard,SO/BF,0.07182218,0.052062654065660866,0.015636567411305306,0.10655630945242078,0.071915816,0.052125626836687124,0.016061173232202897,0.10422519138389263,0.046540898,0.035237522015818985,-1.76E-17,0.34919956308014544,849
2021,Razzball,pitching,Fantasy,SO/BF,0.043702564746605235,0.033812749,-0.003739562,0.4129481092749041,0.043547598,0.033651292,0.000680741,0.4171040439084407,0.040809934057097486,0.031324117,-1.53E-17,0.4418750508982192,357
2021,Steamer,pitching,Standard,SO/BF,0.06744824,0.048202347847942445,0.004372481,0.21206342021299251,0.068120129,0.048715376,0.01049788,0.19628709181134807,0.043465251,0.032620812,-2.70E-17,0.4323734641594842,849
2021,Steamer,pitching,Fantasy,SO/BF,0.041262248,0.031923999301548794,-0.008498889,0.47667871008675344,0.040377918165809955,0.031358923041066494,0.000185255,0.49886990086088223,0.037814785,0.029174883753865857,1.128277351099928e-17,0.5207932484086395,357
2021,ZiPS,pitching,Standard,SO/BF,0.070464221,0.051026980516264094,0.006182171,0.1400220182849915,0.071223032,0.051276187,0.012071992679081454,0.12140054190137028,0.047303592,0.035748238,-1.76E-17,0.3276946758315673,849
2021,ZiPS,pitching,Fantasy,SO/BF,0.046192977184510826,0.035594177,-0.009027555,0.3441348587763663,0.045306847,0.034658391,-0.000644977,0.3690567156604494,0.042043003,0.032181992,4.029561968214028e-18,0.40763811855943444,357
2021,Davenport,pitching,Standard,SV/G,0.065690481,0.025596193,0.001314336,0.3315708465246481,0.065708964,0.026076512562184073,0.002038654,0.33119465196270015,0.062115496168355745,0.023706804,-6.28E-19,0.4658166484679154,849
2021,Davenport,pitching,Fantasy,SV/G,0.077278762,0.033391956,-3.29E-05,0.5171914032013256,0.077296691,0.034262313,0.00166504,0.5169673585242719,0.062894334,0.023892065276387184,7.656167739606654e-18,0.5440236326901958,357
2021,Marcel,pitching,Standard,SV/G,0.071074374,0.052046470298784946,0.024652578169616923,0.2175140017625008,0.066747134,0.037324739706914516,0.0033709,0.30989409637738385,0.067574415,0.035494177,-4.40E-18,0.3677992335386179,849
2021,Marcel,pitching,Fantasy,SV/G,0.086218722,0.057464277,0.009244204,0.3990230106352316,0.086172568,0.047321788127730524,-0.008803338,0.39966626018819895,0.071696605,0.038375828,6.447299149142446e-18,0.4074616365593565,357
2021,Razzball,pitching,Standard,SV/G,0.062687082,0.031135475711971783,-0.00243271,0.3912953732128567,0.063133108,0.037685606023645395,0.007876367,0.3826025475124839,0.061416333,0.031166033709211047,-1.89E-18,0.4777743596552647,849
2021,Razzball,pitching,Fantasy,SV/G,0.080382029,0.03395547,-0.021485418,0.4776367649494706,0.077770924,0.041018447,-0.006976337,0.5110221402349397,0.064540069,0.033071588,1.0476861117356474e-17,0.5198486638017539,357
2021,Steamer,pitching,Standard,SV/G,0.058465217912744505,0.022141771528866813,-0.007315541,0.47052478032845146,0.058014436,0.027422541716239757,0.001005086,0.4786580881236049,0.056411244,0.026082325387250353,0,0.5594230403054494,849
2021,Steamer,pitching,Fantasy,SV/G,0.071943507,0.030690934,-0.012331961,0.5815554812810633,0.070945388,0.035105448,-0.00307526,0.5930856379335852,0.058508107,0.027052369226836757,8.865036330070862e-18,0.6054051713353186,357
2021,ZiPS,pitching,Standard,SV/G,0.06684135,0.026673574990040198,-0.001784075,0.30794449968736815,0.066886204,0.029799452708519688,0.003030027,0.30701538995927324,0.064075142,0.026739126,3.1419090681410578e-18,0.4315796988839591,849
2021,ZiPS,pitching,Fantasy,SV/G,0.08127765,0.034469194,-0.00743006,0.4659315110212099,0.080947102,0.03755395,-0.001258041,0.4702666877510505,0.065833553,0.027456707725248348,6.447299149142446e-18,0.5004098361820793,357
2021,Davenport,pitching,Standard,W/G,0.13520863522481527,0.087211591,0.014580873638838332,0.086867462,0.13457284634967712,0.087722696,0.006409197,0.095434881,0.11822692299102495,0.085833107,-5.03E-18,0.39115280289836796,849
2021,Davenport,pitching,Fantasy,W/G,0.1131305473208602,0.082767095,0.012864510424323785,0.3320408921434449,0.11251602970251008,0.082478612,0.005179945,0.33927780241660976,0.11497702432028128,0.085406016,2.256554702199856e-17,0.37805743158406546,357
2021,Marcel,pitching,Standard,W/G,0.13381141903576377,0.10103537907079847,0.025984695257469773,0.10564217108076224,0.14720378307589785,0.11951504140383543,0.066623286,0,0.12651808997933697,0.10048046122228758,0,0.302762413,849
2021,Marcel,pitching,Fantasy,W/G,0.12035098122782224,0.087434632,-0.035098494,0.24405644197784948,0.11924068489645007,0.098419815,0.031078715642857524,0.25793999783776667,0.12119223860917337,0.097818939,1.2894598298284891e-17,0.30900044319475617,357
2021,Razzball,pitching,Standard,W/G,0.1503675088043027,0.12021962991877454,0.079893617,0,0.13287185301217885,0.10470573831646965,0.037782690353898245,0.11815766630807467,0.1126205771009156,0.088743045,1.2567636272564231e-17,0.4475270301864217,849
2021,Razzball,pitching,Fantasy,W/G,0.11972607412071945,0.092754063,0.043591759,0.2518863420433879,0.11189450458728864,0.090425564,0.009289175,0.34655714270711235,0.11226087635414755,0.089178969,-1.29E-17,0.40709514047486095,357
2021,Steamer,pitching,Standard,W/G,0.12594858928252006,0.084471606,0.023126384133251382,0.20766001066590678,0.12588836769310785,0.084405115,0.022796131716957716,0.2084175350848141,0.10870967796027592,0.076881634,1.2567636272564231e-17,0.48523150867402465,849
2021,Steamer,pitching,Fantasy,W/G,0.1004361064316242,0.07023515,-0.003272781,0.4735345976368577,0.10043597151783268,0.069431954,0.003268638,0.47353601201657347,0.10686522442858025,0.076467699,0,0.46271964939211596,357
2021,ZiPS,pitching,Standard,W/G,0.14816447221511514,0.11027169483990547,0.07030152,0,0.13475508822411617,0.096493091,0.03388992,0.092983253,0.11707042998575004,0.087051426,2.2621745290615616e-17,0.40300600227943084,849
2021,ZiPS,pitching,Fantasy,W/G,0.11448461358162597,0.083752839,0.035448041,0.3159555166862462,0.1094877549070881,0.080832144,0.011722003217196644,0.37436476385605844,0.11451175479509201,0.08550451,-2.58E-17,0.3830807905832575,357
2021,Davenport,pitching,Standard,WHIP,0.796087048,0.3645256208543368,-0.108842143,0.017367097552644095,0.8023693667589303,0.3648273465052135,-0.14794805,0.001797012,0.2671560619822516,0.17587254936505528,-1.51E-16,0.14000690237482438,849
2021,Davenport,pitching,Fantasy,WHIP,0.20873233548905773,0.16748114291047808,0.076002778,0,0.1945810302886892,0.15631652275950958,0.008307328,0.12655144044910616,0.17976396663285976,0.14259747176770385,1.9341897447427337e-16,0.17728122957699244,357
2021,Marcel,pitching,Standard,WHIP,0.8187180344527023,0.3765343669927042,-0.182526707,0,0.8173129561167103,0.3758692483807487,-0.17611714,0,0.27896211926841663,0.18757521648938322,-2.21E-16,0.062318458806006394,849
2021,Marcel,pitching,Fantasy,WHIP,0.2038797006627804,0.16552707425682447,0.028823464431621693,0.041075731,0.2018925491559543,0.16267202598228347,-0.004945823,0.059677303,0.18976339011427146,0.15135306921292124,2.707865642639827e-16,0.083207648,357
2021,Razzball,pitching,Standard,WHIP,0.8201200475202641,0.37716499575759577,-0.170478712,0,0.8248151769297544,0.3787286524022073,-0.191797224,0,0.28054962,0.18885171442078802,-2.41E-16,0.051615892098914706,849
2021,Razzball,pitching,Fantasy,WHIP,0.20734797011512096,0.17145789315953433,0.049132662438180943,0.008173034,0.20181828381906208,0.162844013,-0.012306807,0.060368964,0.18950117722998291,0.15198171576905156,1.6762977787770358e-16,0.085739524,357
2021,Steamer,pitching,Standard,WHIP,0.7990616041177583,0.36957902310183555,-0.106126306,0.010010219062086767,0.8072984760517208,0.3697902067888723,-0.15650615,0,0.26653251422885627,0.1763923602320281,-6.03E-17,0.14401670065143657,849
2021,Steamer,pitching,Fantasy,WHIP,0.19993612760129298,0.16531589734856608,0.077496107,0.077813228,0.1844392977772075,0.14951256023044934,-0.007003284,0.21522844014548181,0.17171137713109624,0.13808392297996877,-9.03E-17,0.24933829076985814,357
2021,ZiPS,pitching,Standard,WHIP,0.7983670482029512,0.3685214513745274,-0.117082134,0.011730497991905842,0.8049098968989002,0.37013567609067444,-0.155557785,0,0.2734266955319485,0.18228050081279348,-2.01E-16,0.099161939,849
2021,ZiPS,pitching,Fantasy,WHIP,0.20895338164681404,0.16799063740721812,0.06986333,0,0.19692832941308983,0.15781212428451685,0.000368866,0.10535090051974161,0.18428395941959755,0.1461582852687031,2.5789196596569783e-17,0.13538813677778405,357
2021,Davenport,pitching,Standard,wOBA,0.21877964401433372,0.20123357754451318,-0.199910479,0,0.090603957,0.05820368,-0.017571116,0,0.046418503456689415,0.034561102,7.540581763538538e-18,0,849
2021,Marcel,pitching,Standard,wOBA,0.087611534,0.056176261,-0.018464309,0,0.088219221,0.056512778,-0.02116083,0,0.043992612,0.033017897,1.759469078158992e-17,0.059373304,849
2021,Razzball,pitching,Standard,wOBA,0.15354924191810354,0.12481931677131936,-0.108400112,0,0.11031693261596115,0.088186079,0.018521347,0,0.083217216,0.067838555,6.2838181362821156e-18,0,849
2021,Steamer,pitching,Standard,wOBA,0.088642963,0.056396618,-0.027751287,0,0.086354516,0.054827073,-0.019226584,0.008901945,0.041058935,0.030357173074281242,-5.78E-17,0.18064298860595718,849
2021,ZiPS,pitching,Standard,wOBA,0.089704213,0.057776426,-0.032212845,0,0.085663304,0.054570119,-0.018138996,0.024704655673660203,0.042047765,0.03138349,-2.76E-17,0.14070230977197806,849
2022,Davenport,batting,Standard,1B/(BIP-HR),0.095741032,0.055074589,0.009237365,0.013217148079018748,0.095480005,0.054698833,0.005951066,0.018590501791615366,0.038031557,0.027874723,-1.75E-17,0.08632077,690
2022,Marcel,batting,Standard,1B/(BIP-HR),0.095900357,0.054062991,0.007198835,0.009930155,0.09573544,0.053771464040285634,0.004496577,0.013332416931373658,0.036708881143509266,0.026413818,-7.12E-17,0.1487681908290116,690
2022,Razzball,batting,Standard,1B/(BIP-HR),0.096179322,0.054721895,0.004356651,0.004161741,0.096298803,0.054857303,0.006479041,0.001685988,0.037371683,0.027269227473928025,-1.37E-17,0.11775163503190689,690
2022,Steamer,batting,Standard,1B/(BIP-HR),0.095058891,0.053436163,0.002454844,0.027228426347455703,0.095148373,0.053517389,0.004800665,0.025396161454570687,0.035933271,0.025743583548939266,-4.25E-17,0.18435899795684974,690
2022,ZiPS,batting,Standard,1B/(BIP-HR),0.095256324,0.053857554208122646,0.00678677,0.023183423515435453,0.095089136,0.053623052,0.003773166,0.026609308710507706,0.036545866,0.026145904,-5.25E-17,0.15631161091703816,690
2022,Davenport,batting,Standard,2B/(BIP-HR),0.04345213,0.028532000649398054,0.006933356,0,0.043226354311533294,0.028244886478651723,0.005338679,0,0.022391813,0.016699962795385454,1.4051140089517818e-17,0,690
2022,Marcel,batting,Standard,2B/(BIP-HR),0.04338008,0.028699756944385348,0.009990046,0,0.042721751,0.027966063875374276,0.006566402,0,0.021135482,0.015663089310583255,7.80618893862101e-18,0.039036905,690
2022,Razzball,batting,Standard,2B/(BIP-HR),0.043328706731254066,0.028725531209652388,0.010193205411287005,0,0.042627406,0.027857213536532397,0.006604572,0,0.021478756161462265,0.015755628,1.3738892531972978e-17,0.007568245,690
2022,Steamer,batting,Standard,2B/(BIP-HR),0.042921269372351675,0.028075161066180347,0.009663823,0,0.042337542,0.027360341,0.006604665,0,0.020633670462519047,0.015055392101017993,1.592462543478686e-17,0.084126746,690
2022,ZiPS,batting,Standard,2B/(BIP-HR),0.043255716,0.028089802,0.007890323,0,0.042901195,0.027668303,0.005631407,0,0.021278491396487742,0.015602532107541723,1.1865407186703935e-17,0.025988545,690
2022,Davenport,batting,Standard,3B/(BIP-HR),0.008777047,0.005518344,0.000606703,0,0.008763717,0.005495988,0.000366444,0,0.006193325,0.004255554,-5.85E-20,0.001269909,690
2022,Marcel,batting,Standard,3B/(BIP-HR),0.008440087,0.005971453,0.001519783,0,0.008329438,0.005699067,0.000673949,0,0.005961509,0.004280286,5.464332257034707e-19,0.074635717,690
2022,Razzball,batting,Standard,3B/(BIP-HR),0.008436963,0.005812496,0.001314564,0,0.008357213,0.005569507,0.000623487,0,0.005905762,0.004168931,2.341856681586303e-19,0.091861062,690
2022,Steamer,batting,Standard,3B/(BIP-HR),0.008262354,0.00580937,0.00145257,0.004813688,0.008176012,0.005577582,0.000831042,0.025504612367650448,0.00575257,0.004100929,4.09824919277603e-19,0.1383634145854742,690
2022,ZiPS,batting,Standard,3B/(BIP-HR),0.008528656,0.005936227,0.002202571,0,0.008264418,0.005528608,0.000643385,0.00431642,0.005845163,0.004098534,5.854641703965758e-20,0.11040249913581679,690
2022,Davenport,batting,Standard,AVG,0.072726585,0.046921446,0.019988659020513534,0.048071763433039316,0.071933231,0.046249852,0.016875423614846508,0.068727144,0.033064865,0.024960936182597374,-3.00E-17,0.2286453872065427,690
2022,Davenport,batting,Fantasy,AVG,0.026873119346868788,0.021664161091261076,4.2649599275658676e-05,0.21826536075049896,0.026890806554250815,0.021712605204609665,0.000976091,0.21723598617759832,0.026786278130709662,0.021575536445735455,5.66020278596419e-17,0.2103150128761333,277
2022,Marcel,batting,Standard,AVG,0.076941952,0.049620043,0.028868514815719674,0,0.073822621,0.046750789,0.019055354288059406,0.019163236029101305,0.032689163,0.024267767,-4.25E-17,0.24607497676993018,690
2022,Marcel,batting,Fantasy,AVG,0.026706342036308138,0.021573986,0.006807296,0.22793830097843415,0.025845889092088552,0.020675402,0.001058564,0.27688703662508085,0.025659071080374986,0.020459673007454052,6.159632443549265e-17,0.2753788709214158,277
2022,Razzball,batting,Standard,AVG,0.077180687,0.049546344839170454,0.028919632687725405,0,0.074073636,0.046930878,0.019141325217028132,0.012481721,0.032246776,0.024088438063861402,-2.50E-18,0.266342825,690
2022,Razzball,batting,Fantasy,AVG,0.025580964,0.020511245,0.006639998,0.29163514380091926,0.024722328315605585,0.019990093278225263,0.000947296,0.3383901935658722,0.024618476264979563,0.019879995922898946,4.161913813208963e-17,0.33296062297685614,277
2022,Steamer,batting,Standard,AVG,0.073401282,0.047360043,0.025473288046696067,0.030327435888632626,0.070700699,0.044959444,0.016116111684633578,0.1003672976926131,0.031610379,0.023727958052636097,-1.25E-17,0.295014834,690
2022,Steamer,batting,Fantasy,AVG,0.025456157105103832,0.020378485165443726,0.006243739,0.29853035926660476,0.024696983133004644,0.019835987216663745,0.000953579,0.3397460550038165,0.024617590700365885,0.019737825538436952,5.493726233435831e-17,0.333008611,277
2022,ZiPS,batting,Standard,AVG,0.073159469,0.047065644,0.023923252,0.036705905,0.070596509,0.044630966,0.014278698853373501,0.10301688518600327,0.031414714659204354,0.023532909,-1.75E-17,0.30371538169047785,690
2022,ZiPS,batting,Fantasy,AVG,0.025652956217964065,0.020753240589779086,0.007251637,0.2876424453770461,0.024614311,0.019825200402015988,0.000613506,0.34415899851375253,0.024620920033314887,0.019826486020343065,4.6613434707940383e-17,0.3328281882480475,277
2022,Davenport,batting,Standard,BABIP,0.10557838414135488,0.062628559,0.016777423494063616,0.016302158,0.10488651017755093,0.062014289,0.011656189704408444,0.029152609,0.042168161,0.031317169,2.872677529412532e-17,0.099131205,690
2022,Marcel,batting,Standard,BABIP,0.10693552084574888,0.062227305159116085,0.018708664,0,0.10593841118603513,0.061424299,0.011736927247542918,0.009581812,0.041242336,0.029740809515224533,3.8718697135560206e-17,0.13825507856380703,690
2022,Razzball,batting,Standard,BABIP,0.10684303938417344,0.061725914,0.015864419695466054,0,0.10654407473246888,0.061516490254470355,0.013707100642505144,0,0.040780275,0.028940554,1.5612377877242019e-16,0.15745613602509656,690
2022,Steamer,batting,Standard,BABIP,0.10543884114502296,0.060702449,0.013571237,0.018900748,0.10527535120996206,0.060592505,0.012236373,0.021940908258956004,0.040363769,0.028588961726768863,5.745355058825063e-17,0.174578728,690
2022,ZiPS,batting,Standard,BABIP,0.1057970824471552,0.061204681,0.016879663235890144,0.012222613799312443,0.10492407281805563,0.060494106,0.010047956675640417,0.028457112,0.040423304,0.02895804,1.1490710117650127e-16,0.17214200178427475,690
2022,Davenport,batting,Standard,BB/PA,0.042900548551359025,0.029112902390144583,0.007932318,0.078850046,0.042190640133963495,0.028048140028892228,0.001585786,0.10908376429015143,0.022304867,0.017118373647314642,-5.46E-19,0.4444248289481677,690
2022,Marcel,batting,Standard,BB/PA,0.042757954,0.029692746,0.008248765,0.084963361,0.041987933,0.028455135963705483,0.001669116,0.11762411558267272,0.023026519,0.017518870513765796,1.4051140089517817e-18,0.4078931141259782,690
2022,Razzball,batting,Standard,BB/PA,0.042605987,0.029090253,0.008068954,0.09145612,0.041838191,0.027887025205315306,0.000521625,0.1239065405172659,0.022551301132901335,0.016920674209590474,-3.59E-18,0.4320805408117925,690
2022,Steamer,batting,Standard,BB/PA,0.042749468,0.028537010867806013,0.006906671,0.085326548,0.042188605433909954,0.027446284230573735,-0.000252024,0.10916969347234273,0.022199591488100228,0.016453569858815957,5.620456035807127e-18,0.4496569243744911,690
2022,ZiPS,batting,Standard,BB/PA,0.042873439601765394,0.028347268114910826,0.002572573,0.080013832,0.04279623,0.02811578,-5.98E-05,0.083324418,0.023247399799774006,0.017371965,1.2177654744248775e-17,0.3964791058864793,690
2022,Davenport,batting,Standard,HBP/PA,0.015475927264016786,0.008343119,-0.002105435,0,0.015404,0.008435722,-0.001487197,0,0.008952376,0.006101211,2.146701958120778e-18,0.012366577225578546,690
2022,Marcel,batting,Standard,HBP/PA,0.013548083659447542,0.008628825,0.000768385,0.070805957,0.013532209270897077,0.008544805,0.000400665,0.072982168,0.007438374,0.005287524,9.757736173276263e-19,0.3181713922525444,690
2022,Razzball,batting,Standard,HBP/PA,0.013421903680373274,0.008540094,0.000861723,0.088033441,0.013397408919212362,0.008389256,0.000292632,0.091359053,0.007379981,0.005239779,1.0928664514069415e-18,0.3288344418552883,690
2022,Steamer,batting,Standard,HBP/PA,0.013313446293817774,0.008442677,0.000865114,0.10271241475285986,0.013290934139115978,0.008315264,0.000386652,0.10574435676991134,0.007261641,0.005161432,-1.25E-18,0.3501865890312419,690
2022,ZiPS,batting,Standard,HBP/PA,0.013552632879336697,0.008298198,0.000458568,0.070181836,0.013551134843419887,0.008292235,0.000411925,0.070387379,0.00741879,0.00523665,-3.12E-19,0.32175708421016214,690
2022,Davenport,batting,Standard,HR/BIP,0.035707743,0.023778277118240373,0.010073503184020477,0.058547215,0.03445282,0.021782416437511363,0.003664607,0.12355778262526551,0.020382708,0.015123806,2.6541042391311432e-18,0.3748917778470958,690
2022,Davenport,batting,Fantasy,HR/BIP,0.019062585,0.015099996781787908,0.006207149,0.3919897475652524,0.018026305,0.013837109377167962,0.000307004,0.4562981973076875,0.01793426,0.013771948147246697,-3.23E-18,0.47064618465344976,277
2022,Marcel,batting,Standard,HR/BIP,0.037203716387477555,0.026367224875618926,0.013402114,0,0.034901193,0.022656055059299695,0.003686925,0.10059710027877733,0.020962512088158847,0.015614337268835038,6.557198708441648e-18,0.33882247957384204,690
2022,Marcel,batting,Fantasy,HR/BIP,0.021038832757464425,0.017170953,0.009732202,0.2593882265878277,0.018656358,0.014219284695940495,0.000378131,0.41762719966353357,0.018427620913474427,0.013929936548671666,-2.60E-18,0.44112119528834903,277
2022,Razzball,batting,Standard,HR/BIP,0.037100675,0.025753559198486084,0.014434675194214238,0,0.034310327,0.021456298541714488,0.003016346,0.13079251089530175,0.019735092817377304,0.014629762590954738,1.561237787724202e-18,0.4139835949259961,690
2022,Razzball,batting,Fantasy,HR/BIP,0.020710687,0.016757292805019516,0.011319157496453715,0.2823109091399275,0.017344018995304127,0.013203281214285056,7.589507668690618e-05,0.49667696112589566,0.017154404,0.013072215,9.364306079720167e-19,0.5156822426986818,277
2022,Steamer,batting,Standard,HR/BIP,0.03665976,0.025501703,0.014958702980452305,0.007677177,0.033615746,0.020882275,0.003137377,0.1656289249940207,0.019482936234192248,0.014430022684153039,4.683713363172606e-19,0.4288630663005477,690
2022,Steamer,batting,Fantasy,HR/BIP,0.020901067476745375,0.017080444,0.011567387277715039,0.269055734,0.017408643,0.013224689916881648,0.000103254,0.49291922668955723,0.017278412406376793,0.013123095887509694,-3.28E-18,0.5086547389004046,277
2022,ZiPS,batting,Standard,HR/BIP,0.036120122,0.024189337,0.011349413181528673,0.036676477,0.034385671,0.021192196055693863,0.002553494,0.12697083245952567,0.020407608897889614,0.01505499,2.8102280179035635e-18,0.3733635219878544,690
2022,ZiPS,batting,Fantasy,HR/BIP,0.020555742702639983,0.016459888456699302,0.008953221,0.2930093423474319,0.018503498363294246,0.014092943,3.2518197445066694e-05,0.427131396,0.018257723286175923,0.013899969000406678,1.404645911958025e-18,0.4513791083121893,277
2022,Davenport,batting,Standard,OBP,0.082493814,0.052834754,0.024235151695921043,0.00210848,0.080379012,0.050823957,0.015585211274388267,0.052616331737308064,0.03673245,0.027476774893919746,4.121667759591893e-17,0.20303310059402546,690
2022,Marcel,batting,Standard,OBP,0.086115418,0.054664661,0.033232462825470044,0,0.081701648,0.050209343,0.019070675504653915,0.021181443,0.035414367,0.026094448379404035,3.746970690538085e-17,0.259202609,690
2022,Razzball,batting,Standard,OBP,0.086294532,0.054581788,0.033090422,0,0.081738731,0.050049134,0.018150753342619192,0.020292700704854116,0.034978256,0.025568255,-6.24E-18,0.2773354003783175,690
2022,Steamer,batting,Standard,OBP,0.083147529,0.052981387392804065,0.029144404,0,0.079292555,0.048878526,0.014939680132732055,0.0780542,0.034787318,0.025450842,7.49394138107617e-18,0.2852035736629427,690
2022,ZiPS,batting,Standard,OBP,0.082047874,0.051879318,0.024257547254270477,0.012868000822748749,0.079536832,0.049293024,0.013516013285654762,0.072364963,0.035045454,0.025852191,-4.12E-17,0.27455604006438494,690
2022,Davenport,batting,Standard,PA,142.97161469569983,104.27101449275362,-6.665217391,0.5472156074371193,142.97161469569983,104.27101449275362,-6.665217391,0.5472156074371193,142.97161469569983,104.27101449275362,-6.665217391,0.5472156074371193,690
2022,Davenport,batting,Fantasy,PA,145.7340934468657,107.42238267148015,-46.50541516,0,145.7340934468657,107.42238267148015,-46.50541516,0,145.7340934468657,107.42238267148015,-46.50541516,0,277
2022,Marcel,batting,Standard,PA,169.67130200666722,133.47826086956522,14.457971014492754,0.36231149381988415,169.67130200666722,133.47826086956522,14.457971014492754,0.36231149381988415,169.67130200666722,133.47826086956522,14.457971014492754,0.36231149381988415,690
2022,Marcel,batting,Fantasy,PA,169.66190631627845,124.28880866425993,-93.29963899,0,169.66190631627845,124.28880866425993,-93.29963899,0,169.66190631627845,124.28880866425993,-93.29963899,0,277
2022,Razzball,batting,Standard,PA,153.45601739704546,109.64492753623189,-27.04782609,0.47837349588199174,153.45601739704546,109.64492753623189,-27.04782609,0.47837349588199174,153.45601739704546,109.64492753623189,-27.04782609,0.47837349588199174,690
2022,Razzball,batting,Fantasy,PA,175.43444783555088,129.12996389891697,-50.67509025,0,175.43444783555088,129.12996389891697,-50.67509025,0,175.43444783555088,129.12996389891697,-50.67509025,0,277
2022,Steamer,batting,Standard,PA,150.37423046983307,108.51440488912057,-1.960892545,0.49911429192163403,150.37423046983307,108.51440488912057,-1.960892545,0.49911429192163403,150.37423046983307,108.51440488912057,-1.960892545,0.49911429192163403,690
2022,Steamer,batting,Fantasy,PA,154.93983972005532,116.00371836583106,-28.93238105,0,154.93983972005532,116.00371836583106,-28.93238105,0,154.93983972005532,116.00371836583106,-28.93238105,0,277
2022,ZiPS,batting,Standard,PA,245.1863739505409,201.16376811594202,166.4623188405797,0,245.1863739505409,201.16376811594202,166.4623188405797,0,245.1863739505409,201.16376811594202,166.4623188405797,0,690
2022,ZiPS,batting,Fantasy,PA,104.43347251004064,82.18411552,-0.63898917,0.1518971872548418,104.43347251004064,82.18411552,-0.63898917,0.1518971872548418,104.43347251004064,82.18411552,-0.63898917,0.1518971872548418,277
2022,Davenport,batting,Standard,R/PA,0.052218453,0.034552076,0.012791479767102374,0,0.050813245,0.033034657,0.004340624,0.003079893,0.028130426023971943,0.021038014314600267,9.055179168800372e-18,0,690
2022,Davenport,batting,Fantasy,R/PA,0.026761561,0.021113944290788982,0.007769749,0,0.025610150907976602,0.020129809,-0.000260212,0,0.024955173,0.019529059,-8.53E-18,0,277
2022,Marcel,batting,Standard,R/PA,0.052595656,0.034533857948357796,0.01797533,0,0.049817883,0.031308802,0.006215378,0.041753979,0.024207554,0.017536291409201387,4.059218248082925e-18,0.16171092734668602,690
2022,Marcel,batting,Fantasy,R/PA,0.022742411276241745,0.017967300311817175,0.010765708789861286,0,0.020037743,0.015577806711432834,0.000440873,0.20547942905494399,0.019579133,0.015204698478882324,-2.87E-17,0.22192718783143062,277
2022,Razzball,batting,Standard,R/PA,0.053089145,0.035417538,0.019736397211883715,0,0.049509439738882645,0.030942888,0.004717274,0.053583031,0.024092222,0.017631004,1.561237787724202e-17,0.1696796340857153,690
2022,Razzball,batting,Fantasy,R/PA,0.025273033,0.019878670361000154,0.014815999,0,0.020477086,0.015943913937081496,0.000314113,0.17025656372229403,0.019917858113701104,0.015598637152845096,2.143385613802616e-17,0.1947725002553169,277
2022,Steamer,batting,Standard,R/PA,0.051863103273239605,0.033856269,0.015306583937606241,0,0.049762662,0.031304656,0.004564274,0.043877121,0.024541741011790463,0.018075655172191403,5.3082084782622865e-18,0.1384058854909772,690
2022,Steamer,batting,Fantasy,R/PA,0.022932352531427874,0.017770638,0.010152454465924958,0,0.020566058,0.016111929272223418,0.000377228,0.1630304359821575,0.020076963519557234,0.0158204,-1.04E-17,0.18185667889367418,277
2022,ZiPS,batting,Standard,R/PA,0.05249592,0.033888971,0.015179781765135987,0,0.050506934,0.031690465,0.005055145,0.015062887654946566,0.024322936,0.017879927,1.9047101010235266e-17,0.1537006716689756,690
2022,ZiPS,batting,Fantasy,R/PA,0.022421535,0.017767514340207298,0.009323886,0.005194437,0.020391132780896878,0.016128467623528583,8.900576355321765e-05,0.17720766506372543,0.019923451599075256,0.015772150144384853,1.1653358676985096e-17,0.1943201764517416,277
2022,Davenport,batting,Standard,RBI/PA,0.086174029,0.042888371555064676,0.014509759112605491,0,0.085140585,0.040959817193460694,0.005786977,0,0.03290371,0.025172084,9.991921841434892e-18,0,690
2022,Davenport,batting,Fantasy,RBI/PA,0.030096512,0.023704108,0.007557865,0,0.029133147258617233,0.023184157182976953,-0.000248154,0,0.029109245122880986,0.023156509,9.988593151701511e-18,0,277
2022,Marcel,batting,Standard,RBI/PA,0.083983643,0.041458124,0.019039876,0,0.082198119,0.038035603,0.008111441,0.021555195845820774,0.028383172,0.021189583618806556,7.49394138107617e-18,0.20201937850242235,690
2022,Marcel,batting,Fantasy,RBI/PA,0.025358789326194214,0.020395914410861356,0.009522775,0.11577913426705189,0.023519765483412492,0.018595244196363114,0.000891303,0.23937656534502172,0.023450514310886746,0.018531300907156472,1.664765525283585e-18,0.25632317051065523,277
2022,Razzball,batting,Standard,RBI/PA,0.08399689,0.041046187,0.020757820030476746,0,0.081660882,0.036544084,0.006626407,0.034303393,0.027065967120084196,0.019994871771978992,-2.50E-18,0.2743660734641332,690
2022,Razzball,batting,Fantasy,RBI/PA,0.025553853,0.019690857384139147,0.012777845526193595,0.10212366223058822,0.022131597,0.017155382651926884,0.000285463,0.3265129838398414,0.022105310145598616,0.017267179,-1.37E-17,0.3391958957523592,277
2022,Steamer,batting,Standard,RBI/PA,0.084609669,0.041683068762106514,0.022111426540004135,0,0.081932811,0.036213342,0.006565407,0.027861197,0.026466345629879443,0.019523707928792513,9.367426726345213e-18,0.30616142828370807,690
2022,Steamer,batting,Fantasy,RBI/PA,0.025257623507891465,0.019944123,0.013843483535389433,0.12282004584091255,0.021132765374693774,0.016703449748044906,0.000536902,0.3859321072831028,0.021075479489305413,0.016653106,-4.12E-17,0.3993320847712334,277
2022,ZiPS,batting,Standard,RBI/PA,0.084817948,0.040803172,0.015700375150795517,0,0.083439723,0.037592451,0.003821625,0,0.029822406,0.022245269,6.869446265986489e-18,0.11904073756785838,690
2022,ZiPS,batting,Fantasy,RBI/PA,0.027729095618722437,0.021498868,0.011439391563358514,0,0.025260881642923956,0.019756920246300894,0.000262825,0.12259372565120052,0.025344707,0.020010361783591474,-1.66E-17,0.13133156570582405,277
2022,Davenport,batting,Standard,SB/TOF,0.17305867694348426,0.050356147,-0.013016577,0.17461337341477434,0.17266749104427528,0.05233688,-0.005847058,0.17834060273472718,0.062434723,0.032821399,1.561237787724202e-18,0.404020543,690
2022,Davenport,batting,Fantasy,SB/TOF,0.041403447801278546,0.028149075606590756,-0.004286919,0.5659543109417879,0.04120099,0.028951785522864176,0.001285981,0.5701887965706494,0.040720738396102546,0.028703364,3.121435359906722e-18,0.5732513258928331,277
2022,Marcel,batting,Standard,SB/TOF,0.17845684636635162,0.056365347,-0.011896726,0.12231819016553658,0.17817915012979357,0.057998133,-0.006518866,0.12504758169589902,0.066471511,0.036507867231690506,-1.28E-17,0.3244616321288297,690
2022,Marcel,batting,Fantasy,SB/TOF,0.045498296472437444,0.031325547,-0.003754163,0.47585348296907226,0.045345765,0.032266543952872005,0.000487029,0.4793619490740332,0.044537599,0.031624084966322054,5.514535802501876e-18,0.48950146888490365,277
2022,Razzball,batting,Standard,SB/TOF,0.1860725369177105,0.058299221,-0.008358489,0.045809195,0.18597395982106532,0.059107472599373566,-0.005760997,0.046819945,0.066608357,0.034979838,-5.46E-18,0.3216772947217398,690
2022,Razzball,batting,Fantasy,SB/TOF,0.041786217782097165,0.029479540206424168,-0.001067988,0.557891812,0.041786221211483995,0.029980406899793574,0.001068122,0.5578917392493308,0.041255767598180317,0.029638809,5.6185836478321e-18,0.5619635655040076,277
2022,Steamer,batting,Standard,SB/TOF,0.17364506799095863,0.053365058,-0.008411524,0.16901042616707163,0.17349586855301874,0.054631845928414025,-0.004354366,0.17043781957740023,0.062360847065485676,0.033043896,-2.03E-18,0.40543008916721957,690
2022,Steamer,batting,Fantasy,SB/TOF,0.040591082007432486,0.028237357,-0.002279331,0.5828198000231005,0.040542786,0.028973317,0.001129995,0.5838119510123709,0.040077196,0.028738499,2.4451243652602657e-18,0.5866332330424321,277
2022,ZiPS,batting,Standard,SB/TOF,0.1661901965276634,0.052189862,-0.002010787,0.2388303342476359,0.16620403109313664,0.052040333,-0.002939693,0.23870360126214263,0.060302367173503395,0.031184529125514428,-6.24E-19,0.44403476282268695,690
2022,ZiPS,batting,Fantasy,SB/TOF,0.039438324,0.027411216,0.002412681,0.6061785734184046,0.039375311,0.027281387801488234,0.000924516,0.6074360368304246,0.038631313,0.027124506,2.3410765199300416e-18,0.615921656,277
2022,Davenport,batting,Standard,SLG,0.14396827495208764,0.091965638,0.047506012,0.007023954,0.13934730221419173,0.086690237,0.030783560242300046,0.069744384,0.067652734,0.049606324,-3.75E-17,0.24972104429678244,690
2022,Marcel,batting,Standard,SLG,0.15440390048104824,0.10299840719584348,0.071174787,0,0.14155400157244796,0.08919689,0.035536196,0.040048101451604645,0.067664994,0.050715956,2.497980460358723e-18,0.24944908261427123,690
2022,Razzball,batting,Standard,SLG,0.15454600022685583,0.10339550819759885,0.073816481,0,0.13977097007236805,0.086241224,0.033171232874290246,0.064079136,0.064330332,0.046759206759734676,4.995960920717446e-18,0.32160342229837746,690
2022,Steamer,batting,Standard,SLG,0.15067558892752617,0.10067468411002294,0.07033156,0,0.13649740212231393,0.083953291,0.029579317,0.10740604429850709,0.064128806,0.047256318,-4.50E-17,0.32584715137205533,690
2022,ZiPS,batting,Standard,SLG,0.1469182190628609,0.095515066,0.058770084,0,0.13708979000184485,0.083815694,0.025740439455948536,0.099641659,0.065203988,0.048279034,2.497980460358723e-18,0.3030519964931455,690
2022,Davenport,batting,Standard,SO/PA,0.10070028427399402,0.057826958,-0.018753558,0.2756173679639744,0.10128792052090581,0.058140193549662975,-0.021688512,0.2671384346109871,0.040811296,0.031181319039198876,1.62368729923317e-17,0.6212632506516649,690
2022,Marcel,batting,Standard,SO/PA,0.11384664706579589,0.067011938,-0.029545947,0.074136155,0.11381710005980018,0.066996069,-0.029431891,0.074616678,0.048365024522356866,0.035557028,0,0.4680883493542122,690
2022,Razzball,batting,Standard,SO/PA,0.11393156648898561,0.065393339,-0.031836627,0.072754417,0.11275568640364414,0.064567833,-0.027331553,0.091795724,0.045542252,0.032968044,1.62368729923317e-17,0.5283653782765952,690
2022,Steamer,batting,Standard,SO/PA,0.10096516511948263,0.056891833,-0.024791781,0.2718015408607981,0.10004904303388265,0.056245807340378776,-0.020747985,0.28495641642956504,0.040116328,0.030159977793411227,-9.99E-18,0.6340522964792732,690
2022,ZiPS,batting,Standard,SO/PA,0.099615008,0.056329498,-0.02163601,0.29114698923985605,0.099345031,0.056149626,-0.020356873,0.2949840549184253,0.040478034,0.030421578643221227,2.497980460358723e-18,0.6274234638452436,690
2022,Davenport,batting,Standard,wOBA,0.089514606,0.056894056,0.030248085,0,0.086218139,0.053316328021849754,0.018320736741478952,0.066581031,0.039482773,0.029308102,9.991921841434892e-18,0.23144576962138186,690
2022,Marcel,batting,Standard,wOBA,0.094865094,0.06137625,0.042129238,0,0.087885128,0.05390224,0.022344625871929338,0.030137615716709365,0.038509687,0.028801462,7.244143335040298e-17,0.26886223116543706,690
2022,Razzball,batting,Standard,wOBA,0.094765554,0.061061543,0.042188735,0,0.087499257,0.053039761,0.021342425,0.038635521668850537,0.037175279,0.027202139255341266,1.3239296439901234e-16,0.31865399174781306,690
2022,Steamer,batting,Standard,wOBA,0.09141578,0.059038662359034294,0.038746259,0,0.084785985,0.051701622,0.018250781,0.097333181,0.037216857712099205,0.027537611,8.742931611255531e-17,0.31712905305052064,690
2022,ZiPS,batting,Standard,wOBA,0.089688124,0.056856864633859236,0.033068095,0,0.084890219,0.051485973964992146,0.015996516,0.095112389,0.037489411,0.027786983264597862,8.493133565219658e-17,0.3070905884137559,690
2022,Davenport,pitching,Standard,1B/(BIP-HR),0.22791131064792136,0.21598731192278348,-0.214809822,0,0.076165688,0.048512092163352206,0.00095185,0,0.040852625024147535,0.028688243034952737,-4.72E-17,0,806
2022,Marcel,pitching,Standard,1B/(BIP-HR),0.070702341,0.046431804279570915,-0.00190025,0,0.070687283,0.046454881088441376,-0.001217333,0,0.038038810919261826,0.028121699431408635,-4.09E-17,0,806
2022,Razzball,pitching,Standard,1B/(BIP-HR),0.17876932018382335,0.15050970473420885,-0.1279384,0,0.133047562,0.1039189096906165,0.04595017,0,0.092531022,0.070301399,-4.28E-17,0,806
2022,Steamer,pitching,Standard,1B/(BIP-HR),0.10285255557167365,0.088166953,0.076052522,0,0.069275284,0.045180041,-0.002098278,0.031414483,0.037067356,0.027098402652358734,-7.61E-17,0.048251472,806
2022,ZiPS,pitching,Standard,1B/(BIP-HR),0.10204005595497476,0.086191564,0.071786557,0,0.072600477,0.047711567,-0.003459187,0,0.039312861,0.028542182,-1.82E-17,0,806
2022,Davenport,pitching,Standard,2B/(BIP-HR),0.086295565,0.069752596,-0.069115245,0,0.051751601,0.031123951559626526,-0.00286719,0,0.023950268773907935,0.016958095493322087,1.2579943646129148e-18,0,806
2022,Marcel,pitching,Standard,2B/(BIP-HR),0.050831361821641774,0.030480243,-0.001926938,0.006542696,0.050911056251405365,0.030340685036565035,-0.003438225,0.00342513,0.023547101826098954,0.016418193729472428,2.5159887292258296e-18,0.002473554,806
2022,Razzball,pitching,Standard,2B/(BIP-HR),0.07328359,0.05722905,-0.042442006,0,0.060737518,0.042111043925525476,0.010949217775182379,0,0.034974275,0.025479857,-1.57E-19,0,806
2022,Steamer,pitching,Standard,2B/(BIP-HR),0.086166121,0.069620796,-0.069445564,0,0.051104818387580186,0.030593166657130324,-0.003128645,0,0.02360493,0.016772379076246294,1.8869915469193724e-18,0,806
2022,ZiPS,pitching,Standard,2B/(BIP-HR),0.084231387,0.068084338,-0.066059797,0,0.052267507,0.032243172,-0.000928654,0,0.025183723,0.01758219,1.8869915469193724e-18,0,806
2022,Davenport,pitching,Standard,3B/(BIP-HR),0.011442017228109945,0.005591228,-0.005443881,0,0.010064240390898694,0.006442014,-7.09E-05,0,0.006227043,0.004507024,-9.04E-19,0,806
2022,Marcel,pitching,Standard,3B/(BIP-HR),0.010488751632848218,0.006518049,-8.00E-05,0,0.010498017762278097,0.006493671,-0.000448173,0,0.00685075,0.00484606,-6.29E-19,0,806
2022,Razzball,pitching,Standard,3B/(BIP-HR),0.010889286571071133,0.006425063,-0.003280561,0,0.010436300704576677,0.007264699,0.001049709,0,0.006539699,0.004789744,-7.96E-19,0,806
2022,Steamer,pitching,Standard,3B/(BIP-HR),0.011404522229031853,0.005564438,-0.005470672,0,0.010007165133908327,0.00641328,-9.21E-05,0,0.006220147,0.004508433,-6.68E-19,0,806
2022,ZiPS,pitching,Standard,3B/(BIP-HR),0.011362201540004096,0.005705692,-0.005196071,0,0.010104846898288982,0.006570936,8.636012853860018e-05,0,0.006265155,0.004545501,-9.04E-19,0,806
2022,Davenport,pitching,Standard,BABIP,0.07659962,0.052100277542903806,-0.013483791,0,0.075404311,0.051584983768260054,0.00034769,0,0.043352382,0.031959580997459026,1.509593237535498e-17,0,806
2022,Marcel,pitching,Standard,BABIP,0.075140783,0.050853813893378626,-0.003907143,0,0.075212496,0.050839394,-0.005103731,0,0.042287483060665106,0.030875669,-6.29E-18,0.004666187,806
2022,Razzball,pitching,Standard,BABIP,0.074946256,0.050760929,-0.001100259,0,0.075247892,0.050474022,-0.006820151,0,0.041990459529739156,0.030576086995364155,-5.79E-17,0.018599355,806
2022,Steamer,pitching,Standard,BABIP,0.074183955,0.050026499673637655,0.001136286,0.015735120708012418,0.074365716,0.0495885,-0.005318992,0.010906041310116077,0.04113937,0.029593897209922903,-3.02E-17,0.057979513,806
2022,ZiPS,pitching,Standard,BABIP,0.074591741,0.050535388932360474,0.00053069,0.004884454,0.07471378,0.050273431,-0.004301481,0.001625587,0.041713907,0.030103828561730165,-4.53E-17,0.031483943127440295,806
2022,Davenport,pitching,Standard,BB/BF,0.050802109,0.031213297,-0.007358848,0.098101633,0.051488731,0.031354941,-0.011152927,0.073557457,0.025640504471236027,0.018576896379414922,8.805960552290404e-18,0.24685960103272997,806
2022,Marcel,pitching,Standard,BB/BF,0.051927658,0.031832707,-0.008483874,0.057694809,0.052461214302155626,0.032017406,-0.01129927,0.038230956,0.026025260761675256,0.018601121650093665,4.402980276145202e-18,0.22408706447001014,806
2022,Razzball,pitching,Standard,BB/BF,0.053020494638944864,0.032400196,-0.008960644,0.017615125531704412,0.053496877318644435,0.032498804,-0.011447103,0,0.025935284,0.018388008,1.2579943646129149e-17,0.22944287706419153,806
2022,Steamer,pitching,Standard,BB/BF,0.048818357269923375,0.029887297762504626,-0.003171786,0.16716217784218979,0.049318460123932054,0.029665812,-0.007690171,0.15001133688623025,0.024015682,0.016898367198273142,1.0692952099209776e-17,0.3392872761224641,806
2022,ZiPS,pitching,Standard,BB/BF,0.049055432,0.030340095,-0.002476667,0.15905356371832702,0.049515885,0.030174488,-0.007177834,0.14319259842362608,0.024191819360657427,0.016758798,9.43495773459686e-18,0.3295600656665092,806
2022,Davenport,pitching,Standard,BF,143.51226661848523,103.29007444168735,-4.012655087,0.5115065592481093,143.51226661848523,103.29007444168735,-4.012655087,0.5115065592481093,143.51226661848523,103.29007444168735,-4.012655087,0.5115065592481093,806
2022,Davenport,pitching,Fantasy,BF,156.46187193185773,115.86565096952909,-47.12714681,0.2956437609864181,156.46187193185773,115.86565096952909,-47.12714681,0.2956437609864181,156.46187193185773,115.86565096952909,-47.12714681,0.2956437609864181,361
2022,Marcel,pitching,Standard,BF,158.22461027060663,119.98511166253101,6.558312655086849,0.40621563432827934,158.22461027060663,119.98511166253101,6.558312655086849,0.40621563432827934,158.22461027060663,119.98511166253101,6.558312655086849,0.40621563432827934,806
2022,Marcel,pitching,Fantasy,BF,168.63454396499714,127.37673130193906,-77.89196676,0.1817831723767953,168.63454396499714,127.37673130193906,-77.89196676,0.1817831723767953,168.63454396499714,127.37673130193906,-77.89196676,0.1817831723767953,361
2022,Razzball,pitching,Standard,BF,157.29896248232183,109.8486352,-26.00223325,0.4131428429617665,157.29896248232183,109.8486352,-26.00223325,0.4131428429617665,157.29896248232183,109.8486352,-26.00223325,0.4131428429617665,806
2022,Razzball,pitching,Fantasy,BF,184.34795046895766,132.5908587257618,-61.0833795,0.022195685510459473,184.34795046895766,132.5908587257618,-61.0833795,0.022195685510459473,184.34795046895766,132.5908587257618,-61.0833795,0.022195685510459473,361
2022,Steamer,pitching,Standard,BF,149.5860638669656,104.10037630130871,19.91811291514792,0.46928305008366145,149.5860638669656,104.10037630130871,19.91811291514792,0.46928305008366145,149.5860638669656,104.10037630130871,19.91811291514792,0.46928305008366145,806
2022,Steamer,pitching,Fantasy,BF,158.47783509775726,113.4332447104837,-9.524717305,0.2773759994435283,158.47783509775726,113.4332447104837,-9.524717305,0.2773759994435283,158.47783509775726,113.4332447104837,-9.524717305,0.2773759994435283,361
2022,ZiPS,pitching,Standard,BF,202.75845253513276,159.8684863523573,105.6650124069479,0.024923644957004054,202.75845253513276,159.8684863523573,105.6650124069479,0.024923644957004054,202.75845253513276,159.8684863523573,105.6650124069479,0.024923644957004054,806
2022,ZiPS,pitching,Fantasy,BF,139.02662213421522,105.39889196675901,1.2825484764542936,0.4438764785628514,139.02662213421522,105.39889196675901,1.2825484764542936,0.4438764785628514,139.02662213421522,105.39889196675901,1.2825484764542936,0.4438764785628514,361
2022,Davenport,pitching,Standard,ER/BF,0.061063578209215416,0.040552148,-0.002644808,0.016601401,0.061749996,0.040392109,-0.009554915,0,0.032228075,0.023203596,1.1321949281516233e-17,0.077307825,806
2022,Marcel,pitching,Standard,ER/BF,0.061592029278227524,0.041128712,-0.004835575,0,0.062267167115409285,0.041024787,-0.010344313,0,0.033493992509817855,0.024196657,2.390189292764538e-17,0.003397555,806
2022,Razzball,pitching,Standard,ER/BF,0.062335898451778775,0.041114566030407015,-0.006652143,0,0.063362083,0.041079873,-0.013162081,0,0.033102295,0.023424122567691934,1.0063954916903318e-17,0.026570918744706518,806
2022,Steamer,pitching,Standard,ER/BF,0.060876541,0.040811319,-0.000293329,0.022616442,0.061659810649985956,0.040023135,-0.009801275,0,0.032068368,0.022615148899556053,7.54796618767749e-18,0.086429983,806
2022,ZiPS,pitching,Standard,ER/BF,0.060733816667285244,0.040488114,-0.001428861,0.027194014,0.061314002657179976,0.040112976,-0.008535343,0.008518939,0.032729659844999474,0.023231497186975664,2.5159887292258296e-18,0.048363494,806
2022,Davenport,pitching,Standard,ERA,3.7621829934222175,1.9978763978839462,-0.413619072,0.000920264,3.799403981779259,1.9900090664428733,-0.672703856,0,1.5742580091155978,1.0399498113961774,2.4153491800567966e-16,0.074363087,806
2022,Davenport,pitching,Fantasy,ERA,1.2319499024951157,0.9872982707115071,0.4628247737037989,0,1.1419136659500655,0.9172597415152992,0.021749239,0.092896924,1.0527801588061452,0.8439111440626317,8.090240300420777e-16,0.11728508965318307,361
2022,Marcel,pitching,Standard,ERA,3.7850956473365533,2.024359002535561,-0.546304306,0,3.8139051444235204,2.0189136794468374,-0.719285608,0,1.6249382238470989,1.085831607,1.610232786704531e-16,0.013805554931562991,806
2022,Marcel,pitching,Fantasy,ERA,1.2871663044394066,1.0304897406960103,0.34944008591092984,0,1.238826261648414,0.9757646930937477,-0.001336004,0,1.133216919591086,0.8928184703651076,-3.03E-16,0,361
2022,Razzball,pitching,Standard,ERA,3.829727159626007,2.0300238168473044,-0.588626424,0,3.876259572770731,2.0235697589605026,-0.839678049,0,1.618286652924787,1.0564321618992079,6.440931146818124e-16,0.021862866003999337,806
2022,Razzball,pitching,Fantasy,ERA,1.2395822174027016,1.0014881229575643,0.4171905371099648,0,1.1683910095040135,0.8990006374506921,-0.051199821,0.050343573,1.072443667047906,0.8285678008607401,-1.52E-16,0.084002987,361
2022,Steamer,pitching,Standard,ERA,3.747338434061978,2.0131484991668818,-0.300734611,0.008788908,3.797541266216702,1.9767138309935774,-0.684993164,0,1.5715419248735767,1.018486513629174,4.830698360113593e-16,0.077554354,806
2022,Steamer,pitching,Fantasy,ERA,1.248874744846349,1.0169548306738578,0.5562120544100548,0,1.1182922583635087,0.8643372553581702,-0.016164661,0.1300370932297794,1.0359956437990536,0.7973895291655881,8.090240300420777e-16,0.14520703702229498,361
2022,ZiPS,pitching,Standard,ERA,3.738218740953209,2.0044831812178314,-0.338710264,0.013607549827915455,3.7745359487296177,1.9821839939488177,-0.622548726,0,1.594311005718328,1.0420058839831456,-1.61E-16,0.050631254,806
2022,ZiPS,pitching,Fantasy,ERA,1.3149265432948685,1.0310032093987613,0.4763596918262217,0,1.2260216841909364,0.9439010489633066,0.031873372,0,1.1206175730262395,0.8564992700150992,5.0564001877629855e-17,0,361
2022,Davenport,pitching,Standard,HBP/BF,0.022968031330760297,0.013377284238006335,-0.013182005,0,0.018913847,0.011032983,-0.001992083,0,0.009649635,0.006728085,4.717478867298431e-19,0,806
2022,Marcel,pitching,Standard,HBP/BF,0.018565024,0.010680631752844779,-0.001883456,0.014760815294924345,0.018559532,0.010690991082906588,-0.001828524,0.015343695697553672,0.009218108,0.006277441,-4.72E-19,0.082255714,806
2022,Razzball,pitching,Standard,HBP/BF,0.018704472527924208,0.010639578,-0.002560759,0,0.018616309128293013,0.010756246,-0.001807529,0.009309928,0.009267977,0.006346697,-7.08E-19,0.072298942,806
2022,Steamer,pitching,Standard,HBP/BF,0.018591929,0.010548370913093744,-0.002737448,0.011903022433828014,0.018484691530442205,0.010667293236791503,-0.001875527,0.023268797338916958,0.009167741,0.006303599,-7.86E-20,0.09225711,806
2022,ZiPS,pitching,Standard,HBP/BF,0.018502396504103628,0.010674671557281896,-0.001696628,0.021396839,0.018491074711150902,0.010695882,-0.001568348,0.022594106258133295,0.009278051,0.006300484,1.5724929557661436e-18,0.070281189,806
2022,Marcel,pitching,Standard,HLD/G,0.10625548361310302,0.085194716,0.023240619,0.1335157065028887,0.10392309934814402,0.073652254,-0.00706464,0.17113811137400758,0.085638879,0.06240801,1.2579943646129148e-18,0.27699302887642563,806
2022,Razzball,pitching,Standard,HLD/G,0.10616541634162134,0.071584604,0.00966148,0.1349840316643911,0.10584044784266884,0.071678973,0.004944591,0.14027149207297274,0.084076356,0.051644140378094325,-5.66E-18,0.30313557954171944,806
2022,Steamer,pitching,Standard,HLD/G,0.10523421030153203,0.061472171,-0.020299021,0.15009206694935495,0.10344575420769798,0.06652057,-0.006231796,0.17873496961631996,0.077936587,0.052047289939119584,3.773983093838745e-18,0.40119791984513353,806
2022,ZiPS,pitching,Standard,HLD/G,0.1126728913688736,0.066730004,-0.014632871,0.025690653945332542,0.11196671578066343,0.069301561,-0.007448887,0.037865319,0.090902902,0.054153086,8.805960552290404e-18,0.18537820233215618,806
2022,Davenport,pitching,Standard,HR/BIP,0.039529021,0.024843418,0.001803414,0,0.039640235339982476,0.024165537623558633,-0.003472327,0,0.019440903382457977,0.013588145610552074,-9.43E-18,0.038041149,806
2022,Marcel,pitching,Standard,HR/BIP,0.039795329,0.025700263696511624,0.003840217,0,0.039762144,0.024500427806839562,-0.003479542,0,0.020161866,0.014225855341064306,-6.29E-19,0,806
2022,Razzball,pitching,Standard,HR/BIP,0.040292380950676575,0.025683519206691978,0.002376508,0,0.040618036851595124,0.024466780543621756,-0.005656567,0,0.019909739034457228,0.013761103167644787,-3.77E-18,0,806
2022,Steamer,pitching,Standard,HR/BIP,0.039576968,0.02585752,0.006125298,0,0.03926193,0.023731971856993588,-0.00356118,0.002880008,0.019069129731297436,0.013232935,-1.26E-18,0.07448096,806
2022,ZiPS,pitching,Standard,HR/BIP,0.039855735,0.025746667,0.005199434,0,0.039647172,0.024304439007060127,-0.003233069,0,0.020290081089901792,0.014248839063008502,-1.26E-18,0,806
2022,Davenport,pitching,Standard,L/G,0.17484099923861257,0.099745357,-0.0142552,0.10499588572811547,0.17441160641612405,0.10136240408092619,-0.00729686,0.10938657706613286,0.12564469151421384,0.084886334,1.0063954916903318e-17,0.36426645550147574,806
2022,Marcel,pitching,Standard,L/G,0.1730247414300258,0.11887881350507225,-0.010328721,0.12349400716135484,0.1788483637004302,0.13840117119925185,0.046431224,0.063498636,0.13712883358896844,0.10838305197282276,1.509593237535498e-17,0.24274107132765532,806
2022,Razzball,pitching,Standard,L/G,0.17355660481240068,0.12443935435413582,0.032287101586860815,0.11809711491029184,0.17309476740610436,0.12375821925398603,0.029704551,0.1227843906341003,0.1249966085870449,0.08978757,2.7675876021484126e-17,0.3708078456742496,806
2022,Steamer,pitching,Standard,L/G,0.15954760801152565,0.09667314,-0.002374985,0.25472068619431476,0.15954133224564757,0.097357065,0.001907361,0.2547793157978204,0.1212868813856072,0.084703491,-1.51E-17,0.4076007535031194,806
2022,ZiPS,pitching,Standard,L/G,0.16155725486723305,0.10893006208666627,0.015705160788818468,0.2358275044385867,0.1630845071341378,0.1122535233253239,0.027248155,0.221311281,0.1205826700472704,0.087225429,1.0063954916903318e-17,0.41445991536250737,806
2022,Davenport,pitching,Standard,R/BF,0.09370544,0.061303933513468085,-0.036715779,0,0.091445624,0.060683952,-0.030490018,0,0.051492021,0.034671225517136466,1.0063954916903318e-17,0,806
2022,Marcel,pitching,Standard,R/BF,0.06370388,0.042532999,-0.005979096,0,0.064368297,0.042601416513846725,-0.010992859,0,0.034506543,0.024916241558430516,1.2579943646129148e-18,0,806
2022,Razzball,pitching,Standard,R/BF,0.064421751,0.042425945126369276,-0.008766825,0,0.06531824,0.04254537,-0.013898475,0,0.033986344,0.024213037776435648,0,0.026087765837427224,806
2022,Steamer,pitching,Standard,R/BF,0.062834857,0.041635959927148185,-0.003078255,0.022111677,0.063690261,0.041395689,-0.010849228,0,0.032973490270728885,0.023378708,1.0063954916903318e-17,0.083271453,806
2022,ZiPS,pitching,Standard,R/BF,0.062963836,0.041653763,-0.004344782,0.018093008901626795,0.063495975,0.041607438,-0.009282852,0.001425694,0.033800618,0.024150835241044177,3.773983093838745e-18,0.036703034,806
2022,Davenport,pitching,Standard,SO/BF,0.063599682,0.046476198,0.002085392,0.18686030720816993,0.063992271,0.046899841,0.007378355,0.1767905902601129,0.045458332534253625,0.034068721,-2.01E-17,0.3496870039259815,806
2022,Davenport,pitching,Fantasy,SO/BF,0.048565161128021436,0.036098523,-0.01322023,0.3013883051857845,0.047035272,0.035377742,-0.005340081,0.3447100461533025,0.042414251,0.031897471,-6.32E-18,0.391962033,361
2022,Marcel,pitching,Standard,SO/BF,0.066581722,0.049838347,0.018278088809027464,0.10882023457066115,0.064477775,0.047670203,0.007638477,0.16425197352872545,0.046231976,0.034330485,1.1321949281516233e-17,0.3273636306607203,806
2022,Marcel,pitching,Fantasy,SO/BF,0.047582004,0.036938812860511705,0.003308383,0.3293875135576315,0.047704164622266246,0.035972535624828834,-0.004752436,0.32593966225402715,0.042725934,0.03173075,1.106087541073153e-17,0.38299280099013944,361
2022,Razzball,pitching,Standard,SO/BF,0.064972001,0.048126957,0.013911314498582064,0.15139075370395672,0.064377724,0.047588852220306725,0.010800699783439912,0.1668436412029819,0.043937721,0.033225381446502555,1.0063954916903318e-17,0.3924661349666537,806
2022,Razzball,pitching,Fantasy,SO/BF,0.043488125,0.033462573,-0.003499971,0.4398200614675245,0.043430026,0.033475804,-0.002683276,0.4413158229671855,0.039234193827057846,0.030038579729328333,1.4221125528083397e-17,0.4797206809531741,361
2022,Steamer,pitching,Standard,SO/BF,0.062051655,0.04524984,0.005262,0.22596248769017313,0.062109663621349176,0.045326781,0.00590687,0.2245145947759668,0.041848887433526716,0.031508712,-5.03E-18,0.4488583095669909,806
2022,Steamer,pitching,Fantasy,SO/BF,0.041653301,0.031490839,-0.006583919,0.48609240981521284,0.041273693,0.031435341,-0.003445032,0.49541673529361296,0.037154706,0.028321748146064633,-3.00E-17,0.5334107231483747,361
2022,ZiPS,pitching,Standard,SO/BF,0.064446948,0.047222241,0.014399975299513023,0.16505092841164704,0.063033346,0.045623088137801436,0.005210841,0.20127735965652416,0.044071954,0.032754613296298106,-1.89E-18,0.3887483638352155,806
2022,ZiPS,pitching,Fantasy,SO/BF,0.044380576089838183,0.034098842,0.003182416,0.41659243767185294,0.044433947604095976,0.033322447,-0.003855897,0.41518839696473553,0.040126601,0.029968254,-3.63E-17,0.4557833395846367,361
2022,Davenport,pitching,Standard,SV/G,0.063895074,0.025632684678233698,-0.005438908,0.4822027213475255,0.063666844,0.028452598,-0.000684298,0.48589520687793086,0.057897804,0.025111123306456658,0,0.5659456963515237,806
2022,Davenport,pitching,Fantasy,SV/G,0.069946394,0.030786889399138644,-0.006712762,0.6000036466731322,0.069655465,0.033109592250134066,-0.002108783,0.6033241450476496,0.056300174,0.023709223,3.950312646689833e-18,0.6148510903171165,361
2022,Marcel,pitching,Standard,SV/G,0.07336182,0.050058410473646384,0.018599060288441265,0.317401707,0.071028312,0.040147885,0.002998249,0.36013553956780087,0.06638247,0.034152754,-1.89E-18,0.429406658,806
2022,Marcel,pitching,Fantasy,SV/G,0.081291778,0.051060106830702154,0.006210252,0.4597203474849261,0.081462123,0.043003285,-0.008141963,0.45745368687469334,0.066723493,0.033952662,5.530437705365765e-18,0.4590380239273415,361
2022,Razzball,pitching,Standard,SV/G,0.06229893,0.031982553,-0.003943388,0.507749477,0.062391944,0.037300787,0.005210397,0.5062785023893843,0.057191375444196044,0.029525061,-1.89E-18,0.5764731375872051,806
2022,Razzball,pitching,Fantasy,SV/G,0.07201573,0.031952541,-0.017667021,0.5759860889093489,0.070091192,0.037470594759453885,-0.006215585,0.5983458441033169,0.057245174,0.029103956553437497,2.3701875880138994e-18,0.6018131050425286,361
2022,Steamer,pitching,Standard,SV/G,0.06259647,0.023900497948521143,-0.012241363,0.503036268,0.061398801,0.030176933253493812,-0.001160025,0.5218713263614212,0.058024544,0.02763809,-1.89E-18,0.5640433004851364,806
2022,Steamer,pitching,Fantasy,SV/G,0.073950264,0.030149546,-0.016366031,0.5528998366555054,0.07231689,0.035174717,-0.005379411,0.5724323305194239,0.058568022308195224,0.026967146691854793,7.900625293379665e-19,0.5831975001983504,361
2022,ZiPS,pitching,Standard,SV/G,0.068640386,0.02707568,-0.006784235,0.40243597736082126,0.06830744,0.031455301,0.000655403,0.40821899565870756,0.062446858,0.027138839638986487,1.8869915469193724e-18,0.49505850465276324,806
2022,ZiPS,pitching,Fantasy,SV/G,0.074567574,0.030816222342544494,-0.012425165,0.5454042181313874,0.073635682,0.034944003,-0.004034257,0.556695648,0.059822968,0.026106234739313092,1.580125058675933e-18,0.5651443580562561,361
2022,Davenport,pitching,Standard,W/G,0.12908555069937802,0.082611665,0.008335527,0.19726976697976384,0.12943264815098404,0.083842799,0.012617924514525125,0.1929470489967019,0.11716017851108976,0.086766285,1.2579943646129149e-17,0.46878926921611164,806
2022,Davenport,pitching,Fantasy,W/G,0.10866272504821393,0.080576727,0.0052553,0.4648116117835769,0.10909781358498324,0.08124255,0.011061794,0.46051721349392216,0.11422607675815981,0.088110173,7.268575269909292e-17,0.4757290830427634,361
2022,Marcel,pitching,Standard,W/G,0.13467301002000537,0.1006701122159414,0.017768201773930868,0.12627353581076395,0.14943354467235262,0.12322599377114106,0.067151125,0,0.13525952367221195,0.10857447787280088,2.5159887292258296e-18,0.2919849369946049,806
2022,Marcel,pitching,Fantasy,W/G,0.1292905303397967,0.092930159,-0.034101939,0.24233202357225048,0.12996681179761554,0.1083561805436593,0.036582416,0.23438500839324705,0.13437645636311055,0.10937624911555056,4.424350164292612e-17,0.27444287105480236,361
2022,Razzball,pitching,Standard,W/G,0.1501690586596641,0.11816307690242216,0.068432796,0,0.13946021766451636,0.11027195864267612,0.039767495,0.063052981,0.12306428984606087,0.095449116,5.031977458451659e-18,0.4139011222204071,806
2022,Razzball,pitching,Fantasy,W/G,0.12140701470956432,0.090742895,0.029497366861958876,0.3319129422881697,0.11809696792961089,0.090154483,0.008793479,0.36784585058836194,0.12352226250229201,0.094732328,6.636525246438919e-17,0.38692201544712335,361
2022,Steamer,pitching,Standard,W/G,0.1199844952056004,0.080033644,0.011864209454169838,0.30647101946977284,0.12143746734665332,0.08227903,0.022170675492622176,0.28957250921396815,0.11128274663940212,0.079233758,1.7611921104580808e-17,0.5207496238213751,806
2022,Steamer,pitching,Fantasy,W/G,0.10207574720115581,0.070463654,-0.011405546,0.5277297014660137,0.10156891908003798,0.070703143,0.005183979,0.5324079063854654,0.11174579535737202,0.081260741,6.320500234703732e-18,0.4982497156407686,361
2022,ZiPS,pitching,Standard,W/G,0.13469998711840667,0.10029763163667837,0.053034609102497285,0.1259234587526198,0.1278199999940924,0.092790454,0.031725945713966495,0.21293249455346053,0.11664005432716147,0.085649948,-1.01E-17,0.4734953434854152,806
2022,ZiPS,pitching,Fantasy,W/G,0.10937503863785096,0.079503187,0.023222926569804535,0.45777200425721665,0.10741058703856536,0.077039417,0.010650796,0.4770746710206767,0.11686737904809058,0.086062499,3.160250117351866e-18,0.45120284153798085,361
2022,Davenport,pitching,Standard,WHIP,0.7004413597638457,0.31482112842813254,-0.106749999,0.002951362,0.7022906984021378,0.3152643933278189,-0.118278015,0,0.26142137113291536,0.17293182549015831,-1.71E-16,0.11194090933986456,806
2022,Davenport,pitching,Fantasy,WHIP,0.21076667190012785,0.16616196615068432,0.052800568,0.020745619,0.20467683566483705,0.1622059894021621,0.016059796,0.076516723,0.18869352728672958,0.1488324391516575,-2.53E-17,0.13872304580272232,361
2022,Marcel,pitching,Standard,WHIP,0.7088226832975693,0.32414043253902364,-0.13351903,0,0.7100813509507923,0.32452894846118385,-0.140047349,0,0.26554896039902065,0.17870782023546355,-4.13E-16,0.083676343,806
2022,Marcel,pitching,Fantasy,WHIP,0.210263268,0.1690643833463751,0.037998956,0.025417820536149605,0.20680161086130522,0.1645632846356908,-0.000430324,0.057243615975709816,0.19106668663915385,0.15190808115606824,2.5282000938814928e-17,0.11692260950725941,361
2022,Razzball,pitching,Standard,WHIP,0.7151125318820761,0.3302865240274865,-0.116372945,0,0.7232492643345234,0.33162150352900066,-0.158890615,0,0.2696852379397981,0.1787437644638066,-4.03E-17,0.054908108,806
2022,Razzball,pitching,Fantasy,WHIP,0.21762643895859254,0.17724513788157076,0.071873917,0,0.20553703286289235,0.16149978044412144,-0.00707565,0.068738148,0.189107228,0.14767616599645209,0,0.1349422922848712,361
2022,Steamer,pitching,Standard,WHIP,0.6893306727444066,0.31766272828852005,-0.057339354,0.034331673903898574,0.6979475728244179,0.31327966275559527,-0.123457845,0.010038323589700804,0.2562309686391036,0.16781871383451255,8.051163933522655e-17,0.14685485295360923,806
2022,Steamer,pitching,Fantasy,WHIP,0.21398227708288564,0.17409395854734622,0.096264577,0,0.19110877883508065,0.14941296306145557,0.001009572,0.19489426152430034,0.17756359898170934,0.1382534354313904,-2.46E-16,0.23732993795400736,361
2022,ZiPS,pitching,Standard,WHIP,0.6955239627943147,0.31869496408580467,-0.072414446,0.016901633706688846,0.7010772870795761,0.31675785914931737,-0.114015927,0.001140108,0.2609988458671102,0.17063317645497678,-2.31E-16,0.11480926068334418,806
2022,ZiPS,pitching,Fantasy,WHIP,0.22186734131640704,0.1721347804798854,0.076057741,0,0.20862460978469471,0.16004735546399412,0.00915918,0.040549171804744044,0.18977985165328748,0.14516808362264422,6.320500234703732e-18,0.12877761318467196,361
2022,Davenport,pitching,Standard,wOBA,0.21111847811992576,0.19610004774454465,-0.19550025,0,0.080781966,0.054175962,-0.013231104,0,0.047548918,0.034866938,0,0,806
2022,Marcel,pitching,Standard,wOBA,0.07757331,0.051647224,-0.008470205,0,0.07860031,0.052025382,-0.015235966,0,0.043526945,0.032321972,2.5159887292258297e-17,0.06489159,806
2022,Razzball,pitching,Standard,wOBA,0.15098143626276203,0.12753967810722544,-0.115436356,0,0.099757233,0.076684647,0.021946836,0,0.073170244,0.056301307,0,0,806
2022,Steamer,pitching,Standard,wOBA,0.076608041,0.049649754,-0.015417225,0.024200486497764184,0.076235581,0.049499136,-0.013444802,0.033665882,0.041538491,0.030201720472445993,5.031977458451659e-18,0.1483777081053278,806
2022,ZiPS,pitching,Standard,wOBA,0.077736999,0.050889628,-0.018657628,0,0.076309886,0.050019782,-0.011325404,0.031781241,0.042787473,0.03125393,-5.54E-17,0.096394524,806
2023,Davenport,batting,Standard,1B/(BIP-HR),0.084413896,0.049731951,0.016141170470248333,0,0.08322697,0.048512871,0.007846026,0,0.037004960686841816,0.027224029446678257,-9.88E-18,0,655
2023,Marcel,batting,Standard,1B/(BIP-HR),0.082156798,0.046811893,0.006533708,0,0.082258909,0.046888932,0.007712203,0,0.035490701,0.026286165,-1.73E-17,0.042583144,655
2023,Razzball,batting,Standard,1B/(BIP-HR),0.082828738,0.047499875869324436,0.001930722,0,0.083202316,0.047617289,0.008108842,0,0.035348800339856386,0.026124637,7.410371879583226e-18,0.050223821,655
2023,Steamer,batting,Standard,1B/(BIP-HR),0.081657727,0.046672972,0.003116424,0.007906898,0.081840779,0.046740681,0.006296094,0.003453968,0.03443602,0.025193428940694786,-3.95E-17,0.09864097,655
2023,ZiPS,batting,Standard,1B/(BIP-HR),0.083235971,0.047916175,0.007665956,0,0.083301262,0.047979786,0.008345077,0,0.035577061791284476,0.026441659852164873,3.211161147819398e-17,0.037918042086144244,655
2023,Davenport,batting,Standard,2B/(BIP-HR),0.049961822,0.025295483612256517,0.000873428,0,0.05005379,0.025502527339847744,0.003156135,0,0.021192052,0.015759823,-6.18E-19,0,655
2023,Marcel,batting,Standard,2B/(BIP-HR),0.049820642,0.025942738999588558,0.003119579,0,0.049880781,0.026041978563329474,0.003965813,0,0.021489700676360753,0.016229121452435782,2.161358464878441e-18,0,655
2023,Razzball,batting,Standard,2B/(BIP-HR),0.049754149,0.026152460137599975,0.004365296,0,0.049757080672381326,0.026155763447396473,0.004398583,0,0.021217323,0.015912455569011445,-1.39E-17,0,655
2023,Steamer,batting,Standard,2B/(BIP-HR),0.049098091,0.024997550142721318,0.002256173,0,0.049195187,0.025162635400701315,0.003825463,0,0.020436876533953742,0.015134952961027405,-3.09E-19,0.032063086,655
2023,ZiPS,batting,Standard,2B/(BIP-HR),0.049727114,0.025952036921918817,0.003817037,0,0.049709324,0.025920591083504994,0.003577818,0,0.021347003888805272,0.016108777882266088,-8.34E-18,0,655
2023,Davenport,batting,Standard,3B/(BIP-HR),0.010989717913834915,0.005925226,-0.000528365,0,0.010977240990895807,0.006150186,7.133751858994739e-05,0,0.006823886,0.004656404,-9.26E-19,0.087018956,655
2023,Marcel,batting,Standard,3B/(BIP-HR),0.010656875606435362,0.006253469,0.000517263,0.010922086111784912,0.010658639480784082,0.006266513,0.000552412,0.010594644260110697,0.006726739,0.0045312,-5.02E-19,0.1128290616685047,655
2023,Razzball,batting,Standard,3B/(BIP-HR),0.010595915933518054,0.006193134,0.000507107,0.022205209,0.010602446,0.006236446,0.000628961,0.020999575737645104,0.006383792,0.004373216,-9.26E-19,0.20098377355030628,655
2023,Steamer,batting,Standard,3B/(BIP-HR),0.010502146400799757,0.006037343,0.000168593,0.039434803,0.010515008853111216,0.006164574,0.000546586,0.037080467,0.006368935,0.004381062,2.315741212369758e-19,0.20469853395908377,655
2023,ZiPS,batting,Standard,3B/(BIP-HR),0.010946724179214088,0.006516428,0.001437097,0,0.010881617495126459,0.006385992,0.000802544,0,0.006558686,0.004424896,-7.72E-20,0.15660334823120625,655
2023,Davenport,batting,Standard,AVG,0.07169595,0.042248484,0.011075110932733431,0.064204483,0.071929712,0.042478953,0.012499291781601292,0.058092283,0.031690728,0.023810563,-1.24E-17,0.17390217133936603,655
2023,Davenport,batting,Fantasy,AVG,0.026612645,0.021031296906705996,-0.004574859,0.073698668,0.026220827975636737,0.020901515,0.000477781,0.10077368682412491,0.025685572656213705,0.020497780687996445,-1.02E-16,0.12326111449496502,293
2023,Marcel,batting,Standard,AVG,0.074659705,0.044009375,0.016869528,0,0.074545514,0.043916975194898254,0.016356744315332756,0,0.032448532,0.024080270529525917,-6.18E-18,0.1339216970950704,655
2023,Marcel,batting,Fantasy,AVG,0.026630981,0.021174263915821428,-0.003495165,0.072421815,0.026414609,0.020961466266951823,0.000859414,0.087433412,0.0259917,0.020574824,-5.84E-17,0.10223814002244114,293
2023,Razzball,batting,Standard,AVG,0.074487039,0.043408125,0.016493321,0,0.074354796,0.043290363,0.015885412,0,0.031066665422646352,0.022952963,-1.61E-17,0.20611730820689633,655
2023,Razzball,batting,Fantasy,AVG,0.025084541596366684,0.01988035,-0.003364679,0.17702140043063874,0.024872710465498007,0.019684696897587988,0.000859399,0.19086230679253202,0.024160092027017122,0.019054748442208808,-9.39E-17,0.2243086794811413,293
2023,Steamer,batting,Standard,AVG,0.071085336,0.041604333,0.011135147512484664,0.080076421,0.071234733,0.041720513179353845,0.012052122887912867,0.076205636,0.030530104,0.022689966,-3.71E-18,0.23330326481878383,655
2023,Steamer,batting,Fantasy,AVG,0.025301934964511667,0.020042628,-0.004082748,0.1626950198055851,0.024975595461635407,0.019861213245524357,0.000511159,0.1841545292165272,0.024183860670901412,0.019194135871792858,-6.70E-17,0.22278168198918724,293
2023,ZiPS,batting,Standard,AVG,0.072048733,0.042313825,0.013864519993324425,0.054972594,0.071896367,0.042172317,0.013049619286811243,0.058965388,0.030830829249848424,0.022995443475391595,-1.24E-18,0.2181247514534863,655
2023,ZiPS,batting,Fantasy,AVG,0.025448584527655298,0.020100031,-0.002679682,0.1529608824562816,0.025313003,0.020020221445010138,0.00054624,0.16196229804552087,0.024639298,0.019490999641800538,-6.15E-17,0.19323241683429215,293
2023,Davenport,batting,Standard,BABIP,0.094950709,0.055814414786293474,0.016486234,0,0.094161901,0.054971238967423584,0.011073498261529488,0.007105989,0.040745721386597926,0.029641325,-5.93E-17,0.055140979,655
2023,Marcel,batting,Standard,BABIP,0.094722762,0.054854364,0.010170549211677616,0,0.09496602,0.055080479809865995,0.012230427741668508,0,0.040480062,0.029700187,-4.69E-17,0.067421642,655
2023,Razzball,batting,Standard,BABIP,0.095238194,0.054349164306676856,0.006803124,0,0.095898883,0.054899321,0.013136386375972883,0,0.039601393,0.028426076543863855,-3.46E-17,0.107467733,655
2023,Steamer,batting,Standard,BABIP,0.093219627,0.053462307,0.00554119,0.026878257291272023,0.093664312,0.053889984222883436,0.010668142810464836,0.017571960076542825,0.039198103453196666,0.028231576,-2.96E-17,0.12555378744666312,655
2023,ZiPS,batting,Standard,BABIP,0.094856166,0.05476616,0.012920090508084962,0,0.094829849,0.054742058,0.012725438716595818,0,0.039484686,0.028830002000949144,-1.14E-16,0.11272066501323807,655
2023,Davenport,batting,Standard,BB/PA,0.038900865,0.025503932446525147,-0.001659955,0.22429151514651524,0.038896905,0.025749487815944345,0.001564417,0.22444942254636469,0.022078642889838986,0.016844129,4.091142808519906e-18,0.5103708200205916,655
2023,Marcel,batting,Standard,BB/PA,0.040388338,0.027134821155295398,0.004253156,0.163834993,0.04033077,0.027032385,0.003666405,0.16621695696086647,0.023367684142029093,0.017338863,-2.59E-18,0.45152872224314433,655
2023,Razzball,batting,Standard,BB/PA,0.039271703,0.026021493831735264,0.003175802,0.20943151339339505,0.039243044,0.025969122333927494,0.0027992,0.21058496713032093,0.021857057132083735,0.016473679623401814,-2.70E-19,0.5201495383214256,655
2023,Steamer,batting,Standard,BB/PA,0.03821196,0.025075079571781383,0.000292005,0.25152265365973503,0.038237628506731375,0.025157490738353404,0.001430945,0.2505167562788876,0.021800341494103533,0.016453145209247736,-4.67E-18,0.5226365808855172,655
2023,ZiPS,batting,Standard,BB/PA,0.038498424710533156,0.025470191,0.002144096,0.24025832975083228,0.038480293806216787,0.025436988315649625,0.001789261,0.2409737647327772,0.021885633,0.016496187,2.933272202335027e-18,0.5188939956351215,655
2023,Davenport,batting,Standard,HBP/PA,0.017238573,0.010975096499296977,-0.010940067,0,0.013332576,0.009289516,0.000523671,0,0.00979018,0.007117534,6.657755985563055e-19,0.000902456,655
2023,Marcel,batting,Standard,HBP/PA,0.012257103218146296,0.008200073,0.000648948,0.15173260578554226,0.012251116428913382,0.008167844,0.00052384,0.1525610491428553,0.008215111,0.005721561,2.4122304295518315e-19,0.29651729738557475,655
2023,Razzball,batting,Standard,HBP/PA,0.012198912895413612,0.008163765,0.000426573,0.15976774794705328,0.012200338358399457,0.00817389,0.000465559,0.15957137143992395,0.008116672,0.00566293,3.232388775599454e-19,0.31327541972352557,655
2023,Steamer,batting,Standard,HBP/PA,0.012133764,0.008007575,0.000211169,0.16871833701831263,0.012138926,0.008059367,0.000412174,0.16801089298492822,0.008042403,0.005611098,4.3420147731932965e-20,0.3257852334738067,655
2023,ZiPS,batting,Standard,HBP/PA,0.011957953299492846,0.007887253,0.0010974,0.1926333738216952,0.011924220920835303,0.007794909,0.000631414,0.1971819755931471,0.007654065,0.005415218,1.5920720835042088e-18,0.38932399796454786,655
2023,Davenport,batting,Standard,HR/BIP,0.028848072,0.021226823,0.000292239,0.24369895673592945,0.029418847248390674,0.022317437629461673,0.005774318,0.21347518493229678,0.020897950479355634,0.015824965441741428,4.322716929756882e-18,0.41514354962405087,655
2023,Davenport,batting,Fantasy,HR/BIP,0.020077661273269404,0.014688617241166891,-0.007543146,0.4072908390763256,0.018606879,0.014542547,-5.02E-05,0.4909476311753206,0.018069941,0.014171502260733044,-5.72E-18,0.5007629262935673,293
2023,Marcel,batting,Standard,HR/BIP,0.030037051590122026,0.023034660522898064,0.005761248,0.18007198087533138,0.030051524799098117,0.023054237597616656,0.005836236,0.17928163375644168,0.021467523050016004,0.016366582132409206,-3.71E-18,0.3828286341612698,655
2023,Marcel,batting,Fantasy,HR/BIP,0.019068834,0.014760318201721181,-0.001674795,0.46535726,0.018995632567649762,0.014812689560827407,0.000136246,0.4694541588555189,0.018632376140225296,0.014489457010188833,-1.38E-18,0.46920132075855836,293
2023,Razzball,batting,Standard,HR/BIP,0.028687988189584287,0.021770947069351253,0.006241146,0.25206937976629396,0.028512880521403185,0.021515496588177706,0.005379182,0.26117205222917705,0.019960198701763607,0.015070451664273453,-6.33E-18,0.4664543133065153,655
2023,Razzball,batting,Fantasy,HR/BIP,0.017742234905071038,0.013607428580344789,-0.000612431,0.5371587651942475,0.017731689429105704,0.013665893021693503,3.135150346555328e-05,0.5377088008144033,0.017409233,0.013441097139650195,-1.63E-18,0.5366036356434192,293
2023,Steamer,batting,Standard,HR/BIP,0.027290242,0.020088989681684915,0.001562955,0.32317576917238655,0.027489756,0.020512363618676525,0.003656806,0.31324329273596685,0.019909978772756312,0.015041557467363277,-1.31E-18,0.46913574140462544,655
2023,Steamer,batting,Fantasy,HR/BIP,0.018158991625305522,0.013716770230309748,-0.003362104,0.5151595447645003,0.017846647,0.013818552137490241,-0.000239981,0.5316951221166469,0.017593671424068275,0.013652533211618776,-3.75E-18,0.526732914,293
2023,ZiPS,batting,Standard,HR/BIP,0.027375723758187188,0.020197664,0.003747922,0.3189290658288636,0.027355353104216572,0.020168387438635058,0.00359611,0.31994227728485625,0.019627757,0.014658806,6.020927152161372e-18,0.4840789566629795,655
2023,ZiPS,batting,Fantasy,HR/BIP,0.017161841,0.013191505,-0.000937898,0.5669449131973697,0.01713689,0.013205643071170454,-0.000154454,0.568203219,0.017033566189862546,0.013103839835717402,3.9439539063060625e-19,0.5563867466174419,293
2023,Davenport,batting,Standard,OBP,0.076394347,0.044999016,0.001966083,0.11709135810148297,0.077447403,0.045367997117950726,0.012879027704324522,0.092582746,0.033377732,0.025088515712884552,3.705185939791613e-18,0.28809869332378535,655
2023,Marcel,batting,Standard,OBP,0.081865021,0.048395994822587524,0.019240896891089574,0,0.081624542,0.04816639,0.018190555316964754,0,0.034797545,0.026204141,-2.10E-17,0.22624516388366012,655
2023,Razzball,batting,Standard,OBP,0.080555477,0.046868506,0.017937146,0.018289441633080994,0.080358117,0.046719134,0.017028898,0.0230939,0.032879951225846374,0.024624616,3.705185939791613e-18,0.30917430210720254,655
2023,Steamer,batting,Standard,OBP,0.076460433,0.044760295,0.010686255830033893,0.11556315015686569,0.076728392,0.044940342,0.012459710211694099,0.10935319232321383,0.032415665,0.024427867164562727,1.9760991678888602e-17,0.32854637320076197,655
2023,ZiPS,batting,Standard,OBP,0.077834342,0.045548756,0.01532585,0.083492899,0.077567394,0.04530146,0.013906744951818066,0.089768785,0.03240144,0.024476253,-6.67E-17,0.32913555099134995,655
2023,Davenport,batting,Standard,PA,143.01227702452746,106.89017170082491,-12.47803296,0.5621117354765299,143.01227702452746,106.89017170082491,-12.47803296,0.5621117354765299,143.01227702452746,106.89017170082491,-12.47803296,0.5621117354765299,655
2023,Davenport,batting,Fantasy,PA,140.78315026785953,109.06155436011815,-53.36189566,0,140.78315026785953,109.06155436011815,-53.36189566,0,140.78315026785953,109.06155436011815,-53.36189566,0,293
2023,Marcel,batting,Standard,PA,180.29833207663992,146.3404580152672,33.65038167938931,0.3040146766959154,180.29833207663992,146.3404580152672,33.65038167938931,0.3040146766959154,180.29833207663992,146.3404580152672,33.65038167938931,0.3040146766959154,655
2023,Marcel,batting,Fantasy,PA,160.71026226070455,121.06484641638225,-70.79180887,0,160.71026226070455,121.06484641638225,-70.79180887,0,160.71026226070455,121.06484641638225,-70.79180887,0,293
2023,Razzball,batting,Standard,PA,147.15352112207833,109.37709923664121,-20.65343511,0.5363844649082582,147.15352112207833,109.37709923664121,-20.65343511,0.5363844649082582,147.15352112207833,109.37709923664121,-20.65343511,0.5363844649082582,655
2023,Razzball,batting,Fantasy,PA,158.62697996031778,124.09556313993174,-71.41979522,0,158.62697996031778,124.09556313993174,-71.41979522,0,158.62697996031778,124.09556313993174,-71.41979522,0,293
2023,Steamer,batting,Standard,PA,144.1891369593637,105.70271736538137,-4.853909077,0.5548752446669862,144.1891369593637,105.70271736538137,-4.853909077,0.5548752446669862,144.1891369593637,105.70271736538137,-4.853909077,0.5548752446669862,655
2023,Steamer,batting,Fantasy,PA,142.94540189073993,107.42228420277098,-36.81935289,0,142.94540189073993,107.42228420277098,-36.81935289,0,142.94540189073993,107.42228420277098,-36.81935289,0,293
2023,ZiPS,batting,Standard,PA,245.42723615009564,198.94961832061068,162.45496183206106,0,245.42723615009564,198.94961832061068,162.45496183206106,0,245.42723615009564,198.94961832061068,162.45496183206106,0,655
2023,ZiPS,batting,Fantasy,PA,100.87812401327089,82.64163822525597,7.979522184300341,0.3365716642235477,100.87812401327089,82.64163822525597,7.979522184300341,0.3365716642235477,100.87812401327089,82.64163822525597,7.979522184300341,0.3365716642235477,293
2023,Davenport,batting,Standard,R/PA,0.09425629,0.035176291,-0.004426362,0,0.094153254,0.035277851,-0.000423831,0,0.027079747,0.021010706832373483,-1.93E-17,0,655
2023,Davenport,batting,Fantasy,R/PA,0.025265069763380815,0.020600066416159912,-0.006000834,0,0.024554495167665082,0.020000247531597584,-0.000780703,0,0.024157596388738968,0.019655174,-4.73E-18,0,293
2023,Marcel,batting,Standard,R/PA,0.092528282,0.034055993755207285,0.00273263,0.026141994,0.09252209,0.034030090085290975,0.002514263,0.026272321837101265,0.024920043740708088,0.018674912732282414,7.410371879583226e-18,0.14058312987454802,655
2023,Marcel,batting,Fantasy,R/PA,0.020671417,0.016651833310945163,-0.001420916,0.13620772113923896,0.020631906,0.016689555,0.000622121,0.1395067073795927,0.020617482159943794,0.016575049675227185,-2.64E-17,0.14552958203291655,293
2023,Razzball,batting,Standard,R/PA,0.093483011,0.034503056,0.004941069,0.005941297,0.093359255,0.033970423,0.001136298,0.008571508,0.0250777,0.018450039,-3.21E-17,0.12967455107377301,655
2023,Razzball,batting,Fantasy,R/PA,0.021370322,0.016606715140927434,0.002045584,0.076810356,0.021272352450216567,0.016515139760370695,8.21047637188013e-05,0.085255424,0.020947102987229942,0.016297968263432872,-2.01E-17,0.11798958606981769,293
2023,Steamer,batting,Standard,R/PA,0.094170662,0.033283215,-0.005172635,0,0.09403164,0.033389979,-0.000769343,0,0.024653725482045242,0.018249696179007197,-1.36E-17,0.15885399691311308,655
2023,Steamer,batting,Fantasy,R/PA,0.021681715190141605,0.017036406,-0.005843774,0.049710188,0.020879898787352025,0.016525437192820295,-0.000151956,0.11869632475461389,0.020530175,0.016272921829558157,-1.54E-17,0.1527509364096581,293
2023,ZiPS,batting,Standard,R/PA,0.092546045,0.033115242,0.00348427,0.025768050719277014,0.09248249,0.032745844,0.000617059,0.027105665,0.023788949,0.017786576888838213,-9.26E-18,0.21682866689312186,655
2023,ZiPS,batting,Fantasy,R/PA,0.019870131,0.016129331,0.001786682,0.20187615948152704,0.019793252592822396,0.016006196,0.000378098,0.2080402007459835,0.019631130827003476,0.015835659307257888,-8.68E-18,0.22533058164777575,293
2023,Davenport,batting,Standard,RBI/PA,0.051051427059414164,0.036146859,0.002349137,0,0.051541609,0.036453487,0.007470454,0,0.033012806,0.025873892075762298,6.1753098996526885e-18,0,655
2023,Davenport,batting,Fantasy,RBI/PA,0.031180468006672783,0.024989390965612254,-0.007511635,0,0.030264412,0.024014398,-0.000371113,0,0.030251924,0.024209379,1.6959001797116068e-17,0,293
2023,Marcel,batting,Standard,RBI/PA,0.05079237,0.035439618,0.009029672,0.005386743,0.050978024,0.035581741,0.010021431279985806,0,0.029564810565469234,0.022638335097583902,6.175309899652688e-19,0.13296664898649224,655
2023,Marcel,batting,Fantasy,RBI/PA,0.025922863,0.020686817,-0.002559912,0.15707867672284415,0.025803171,0.020601801,0.000601646,0.1648446179709283,0.025546174183598103,0.020332466672980654,6.704721640720306e-18,0.17459522767139168,293
2023,Razzball,batting,Standard,RBI/PA,0.049940154,0.034507891034914015,0.010566722651276924,0.038482837469317244,0.049612371872890935,0.034267059,0.008889552,0.051063232,0.027990375418955663,0.021731959326983775,2.4701239598610753e-18,0.2228532254542107,655
2023,Razzball,batting,Fantasy,RBI/PA,0.023936738,0.019520132,0.00028882,0.2812943479044475,0.023936744,0.019520114652750987,0.000289285,0.28129401122776376,0.023748086901432406,0.019303386523889354,1.26206525001794e-17,0.2866995525918501,293
2023,Steamer,batting,Standard,RBI/PA,0.047948857889617225,0.033028429,0.004893279,0.11363249161968103,0.048240356,0.033281833,0.007209936,0.10282263979891326,0.027698576,0.02120708,1.6982102224044895e-17,0.2389722852016678,655
2023,Steamer,batting,Fantasy,RBI/PA,0.024131513,0.019224962,-0.00340232,0.26955043848817584,0.023891639,0.019065897170916137,0.000237135,0.2840000598309895,0.023699429,0.018870617,-3.94E-19,0.2896195768803579,293
2023,ZiPS,batting,Standard,RBI/PA,0.051878098,0.036607573,0.015926279,0,0.050064631341061865,0.03486433,0.008293164,0.033683625787490845,0.029444050857658922,0.022773382045698697,-4.32E-18,0.14003511,655
2023,ZiPS,batting,Fantasy,RBI/PA,0.025975383,0.021249971,0.006451036,0.15365967958237314,0.025164262538741655,0.020420113825707967,0.000368054,0.20569091468884282,0.02508036,0.020378555,5.127140078197881e-18,0.204421983,293
2023,Davenport,batting,Standard,SB/TOF,0.17798436548369037,0.071264387,0.026338558,0.16463873738483858,0.17613276513031445,0.064062115,-0.006167354,0.1819291283879556,0.075091007,0.043557842,2.439247410362812e-17,0.4444305162096819,655
2023,Davenport,batting,Fantasy,SB/TOF,0.063722433,0.047919568,0.033330304380678806,0.4763192229338783,0.054310727,0.038915515880165966,-0.000125691,0.6195889135378643,0.053529339,0.038339715906879394,-5.13E-18,0.6234983944509279,293
2023,Marcel,batting,Standard,SB/TOF,0.18714354575792602,0.068141557,-0.024361586,0.076450175,0.18558956995263756,0.072911106,-0.003777381,0.091724177,0.084890626,0.049662790997423725,1.327691628425328e-17,0.2899613404503276,655
2023,Marcel,batting,Fantasy,SB/TOF,0.071558101,0.043745292,-0.022598725,0.3396114182235501,0.067898328,0.046200852,-0.000568797,0.4054339527545746,0.066959756,0.045380092,2.3910220556980503e-18,0.4108704570917938,293
2023,Razzball,batting,Standard,SB/TOF,0.18000544513906663,0.063719957,-0.019152219,0.1455593371267332,0.1789934031451155,0.06783681,-0.00186697,0.15514014677976373,0.075759782,0.044206320822875976,5.249013414704785e-18,0.43449042713704866,655
2023,Razzball,batting,Fantasy,SB/TOF,0.058973958,0.03860043,-0.019323424,0.5514586447854133,0.055718717,0.040464415055103585,-0.00020601,0.5996091383421553,0.054641312908729034,0.039730214295520934,-6.11E-18,0.6076936627935399,293
2023,Steamer,batting,Standard,SB/TOF,0.17652129753164508,0.060210114,-0.016172391,0.17831597202391958,0.17584156658524253,0.062989716,-0.004694069,0.184631909,0.073342553,0.041558738997327434,9.533134657588839e-18,0.47000158465242026,655
2023,Steamer,batting,Fantasy,SB/TOF,0.056455534,0.036647798,-0.012259743,0.5889496978624171,0.055111835,0.038236062,-0.000623234,0.6082836610088607,0.054152803,0.037632946,-1.50E-17,0.6146769815506036,293
2023,ZiPS,batting,Standard,SB/TOF,0.17743072614383062,0.057284771000901326,-0.023883974,0.1698276150290009,0.17584968422647312,0.061613026352087014,-0.003448633,0.18455662524779204,0.071492707,0.040048905,7.564754627074543e-18,0.49639965967336563,655
2023,ZiPS,batting,Fantasy,SB/TOF,0.056598510320195985,0.035619425,-0.021707518,0.5868650458435413,0.05227229,0.036798182,-0.000466141,0.6476088463395627,0.051592177,0.03636942,-1.01E-17,0.6502555961807771,293
2023,Davenport,batting,Standard,SLG,0.1213372971077195,0.08223502,0.011514464,0.12813250145724975,0.12400852995539458,0.084403262,0.028070602,0.08932173,0.066873413,0.051180612759053876,-9.88E-18,0.2511461928960288,655
2023,Marcel,batting,Standard,SLG,0.13087887617169577,0.089661681,0.037294753,0,0.13024269329726237,0.089169014,0.034996821597121794,0,0.069623313,0.053362354,7.410371879583226e-18,0.18829271198816455,655
2023,Razzball,batting,Standard,SLG,0.12921408979261587,0.087195407,0.039626998042336395,0.011261145811072293,0.12738587837162005,0.085730269,0.033184032,0.039041953706113186,0.06610393,0.050347852,-3.71E-17,0.26828049288050515,655
2023,Steamer,batting,Standard,SLG,0.11993820317660181,0.081300868,0.021145588309460568,0.14812292303409913,0.12059357716235626,0.081843968,0.024592156809327526,0.13878772533282957,0.065004925,0.049516361,-1.48E-17,0.2924085222276638,655
2023,ZiPS,batting,Standard,SLG,0.12149962211290906,0.082619837,0.028586651,0.12579817283356498,0.12077160361234758,0.08212458,0.025314396951423207,0.13624311664074473,0.06491195,0.049616892,-3.95E-17,0.2944311746443431,655
2023,Davenport,batting,Standard,SO/PA,0.085300913,0.04995089,-0.002635611,0.2837170869919031,0.085591967,0.049823633290114744,-0.007528987,0.2788206966561355,0.039633136,0.030118229051735626,-3.71E-18,0.6166745256502171,655
2023,Marcel,batting,Standard,SO/PA,0.092759819,0.056615211,-0.020917648,0.1529734489795619,0.091867366,0.056053246529392545,-0.016515957,0.1691937317377138,0.045101047,0.034420374534247435,-3.46E-17,0.5036088075855216,655
2023,Razzball,batting,Standard,SO/PA,0.090290907,0.053099981,-0.023369199,0.19746262782315827,0.08835675,0.051627475,-0.014162869,0.23147729830653996,0.04019332,0.030269806,1.7290867719027527e-17,0.6057619097868403,655
2023,Steamer,batting,Standard,SO/PA,0.086001932,0.050577715,-0.016470953,0.2718956031742924,0.08502211,0.049808812,-0.010184262,0.288391714,0.038993724,0.029457371884417813,-2.47E-18,0.6289433366264545,655
2023,ZiPS,batting,Standard,SO/PA,0.08456837,0.048753866,-0.011970951,0.29596677914649183,0.084235298,0.048447702,-0.009331665,0.3015015130024563,0.038143458750135736,0.028214187256361198,3.0876549498263442e-18,0.6449488205111971,655
2023,Davenport,batting,Standard,wOBA,0.076692488,0.04822703,0.006048891,0.12599420723677923,0.078136291,0.049100704,0.016128587579847583,0.092776605,0.036420306,0.027776741878109634,-3.71E-17,0.2764359759876174,655
2023,Marcel,batting,Standard,wOBA,0.082998531,0.051959311,0.022735150750952095,0,0.082601191,0.051633193,0.021238822753629732,0,0.038091448,0.028795835182206492,-2.47E-18,0.2085112788111475,655
2023,Razzball,batting,Standard,wOBA,0.081883903,0.050783858017610935,0.021915045596401738,0.003664225,0.081421476,0.050394802363698976,0.020118459204514282,0.014885762468111019,0.036232047,0.02745462,4.816741721729097e-17,0.28389694389820264,655
2023,Steamer,batting,Standard,wOBA,0.076341821,0.047670301,0.011888214,0.13396849520405107,0.076856026,0.048064776,0.014835927012138334,0.12226278795322465,0.035507087,0.026942953775280137,-4.82E-17,0.3122670103805978,655
2023,ZiPS,batting,Standard,wOBA,0.077860155,0.048700248,0.018282077,0.099177575,0.077317468,0.048226175,0.015812067,0.11169131906932728,0.035188758,0.026731841371836356,-2.47E-18,0.32454310063887104,655
2023,Davenport,pitching,Standard,1B/(BIP-HR),0.23288587474084477,0.2183425075101297,-0.217698266,0,0.082725171,0.0531136,0.000398168,0,0.041534214,0.029163202,1.2427303632058507e-17,0,803
2023,Marcel,pitching,Standard,1B/(BIP-HR),0.080564569,0.052385141,-0.003544714,0,0.080509793,0.052363841,-0.00193439,0,0.039939467,0.029240371,4.535965825701355e-17,0,803
2023,Razzball,pitching,Standard,1B/(BIP-HR),0.1951397029574701,0.17161432996444292,-0.149204958,0,0.13227688457520112,0.094468275,0.040985241242333034,0,0.081876009,0.0557641,5.902969225227791e-18,0,803
2023,Steamer,pitching,Standard,1B/(BIP-HR),0.10915983647030729,0.089103722,0.072896746,0,0.081311756,0.051848753,-0.003109228,0,0.039259004,0.027976688,1.988368581129361e-17,0.00360887,803
2023,ZiPS,pitching,Standard,1B/(BIP-HR),0.10806734300473386,0.086119321,0.06728847,0,0.084600395,0.054314271018265435,-0.002532656,0,0.041204272,0.029795092147478375,-1.30E-17,0,803
2023,Davenport,pitching,Standard,2B/(BIP-HR),0.090669906,0.072211666,-0.071620005,0,0.055659434,0.029970568336278862,-0.002523065,0,0.022874643430298006,0.016306624851459336,3.106825908014627e-19,0,803
2023,Marcel,pitching,Standard,2B/(BIP-HR),0.055189800202927464,0.029851992,-0.005171111,0,0.055016576753784976,0.029847385,-0.002765874,0,0.022949705769855423,0.016974103790967424,-2.80E-18,0,803
2023,Razzball,pitching,Standard,2B/(BIP-HR),0.079685914,0.06261551,-0.049920072,0,0.062965525,0.038835186,0.010335662,0,0.032039813,0.022008587,6.213651816029254e-19,0,803
2023,Steamer,pitching,Standard,2B/(BIP-HR),0.090814864,0.072563459,-0.071706458,0,0.055789017,0.029982360639461695,-0.002625076,0,0.022925377,0.016291179543345406,-3.11E-19,0,803
2023,ZiPS,pitching,Standard,2B/(BIP-HR),0.090413468,0.071937072,-0.070063834,0,0.057168719,0.031202376046216045,-0.001614969,0,0.024472930257890123,0.016988813275219634,0,0,803
2023,Davenport,pitching,Standard,3B/(BIP-HR),0.019965988,0.007235842,-0.007145692,0,0.0186784,0.007888974,-0.001141434,0.000362323,0.007317929,0.004688132,-6.21E-19,0.003442063,803
2023,Marcel,pitching,Standard,3B/(BIP-HR),0.019156527905551467,0.007873907,-0.002102328,0,0.019091323784721958,0.008076922,-0.001387756,0,0.007859174,0.005069671,-4.66E-19,0,803
2023,Razzball,pitching,Standard,3B/(BIP-HR),0.019394295,0.007954259,-0.005260051,0,0.018667382,0.00859969,-2.41E-05,0.001541396,0.007512329,0.004914304,-4.66E-19,0,803
2023,Steamer,pitching,Standard,3B/(BIP-HR),0.020024788,0.007258379,-0.007153204,0,0.018738916876344644,0.007902794,-0.001150298,0,0.007329466,0.004684491,-3.88E-19,0.000297348,803
2023,ZiPS,pitching,Standard,3B/(BIP-HR),0.019920044,0.007310967,-0.007010466,0,0.018675932872636178,0.007956307,-0.001062524,0.00062643,0.007332235,0.004693935,-3.11E-19,0,803
2023,Davenport,pitching,Standard,BABIP,0.092953839,0.057865931,-0.014429707,0,0.091848787,0.056515781,-0.002000021,0.001696391,0.042607134,0.030096703207685305,2.1126416174499462e-17,0,803
2023,Marcel,pitching,Standard,BABIP,0.09267963,0.056864928,-0.010818153,0,0.092247197,0.056395848,-0.00608802,0,0.042344247,0.030056878318933968,2.3611876900911164e-17,0,803
2023,Razzball,pitching,Standard,BABIP,0.092246103,0.056436287,-0.005162663,0,0.092296594,0.056502597,-0.005997572,0,0.042627711,0.030014517258377182,6.2136518160292536e-18,0,803
2023,Steamer,pitching,Standard,BABIP,0.091743173,0.055002914827951666,-0.005962916,0.003990912,0.091807686,0.055038851,-0.006884602,0.002589655,0.040830749,0.028039995441841915,-4.97E-17,0.034114551,803
2023,ZiPS,pitching,Standard,BABIP,0.091812181,0.055713114,-0.00978583,0.002491984,0.091437737,0.055235023319943365,-0.005210148,0.010611804773006384,0.041556469,0.028812337,-2.24E-17,0,803
2023,Davenport,pitching,Standard,BB/BF,0.055342372,0.032582554405141524,-0.015554746,0.073620521,0.054091588,0.031805961,-0.010250456,0.1150212393004012,0.026003558,0.018474596801309123,-5.28E-18,0.2608037075122762,803
2023,Marcel,pitching,Standard,BB/BF,0.057785626739253325,0.033456134,-0.015761428,0,0.056933432,0.032994378851159065,-0.012274348,0.019589130384662368,0.026982534583705066,0.01929841,-7.15E-18,0.20409778763106246,803
2023,Razzball,pitching,Standard,BB/BF,0.057132828,0.033504589,-0.015854669,0.012709786979818394,0.056002187078622624,0.032772142,-0.01111105,0.051399467,0.026954829230401267,0.019054816,-1.55E-18,0.2057313948218542,803
2023,Steamer,pitching,Standard,BB/BF,0.055314700665891336,0.032555796410629154,-0.014213857,0.074546672,0.054270762,0.031957576,-0.009361261,0.1091486836587241,0.026324567067734343,0.018703342,-6.52E-18,0.2424405811039927,803
2023,ZiPS,pitching,Standard,BB/BF,0.054248996066986147,0.032195469,-0.010699047,0.10986311072798571,0.05381563,0.03200869,-0.008224234,0.12402796521433124,0.026732142318639674,0.019128384718410312,-1.03E-17,0.2188008603020889,803
2023,Davenport,pitching,Standard,BF,156.22971834496454,108.95778331257785,-6.999128269,0.42610913354200497,156.22971834496454,108.95778331257785,-6.999128269,0.42610913354200497,156.22971834496454,108.95778331257785,-6.999128269,0.42610913354200497,803
2023,Davenport,pitching,Fantasy,BF,172.2498448110568,124.3288770053476,-54.31604278,0.13872661340951264,172.2498448110568,124.3288770053476,-54.31604278,0.13872661340951264,172.2498448110568,124.3288770053476,-54.31604278,0.13872661340951264,374
2023,Marcel,pitching,Standard,BF,176.61566225683646,126.88293897882939,11.209215442092155,0.2665670085335349,176.61566225683646,126.88293897882939,11.209215442092155,0.2665670085335349,176.61566225683646,126.88293897882939,11.209215442092155,0.2665670085335349,803
2023,Marcel,pitching,Fantasy,BF,187.38127792153628,132.6577540106952,-65.96256684,0,187.38127792153628,132.6577540106952,-65.96256684,0,187.38127792153628,132.6577540106952,-65.96256684,0,374
2023,Razzball,pitching,Standard,BF,161.79490530395668,111.90261519302614,-17.20473225,0.3844948406566384,161.79490530395668,111.90261519302614,-17.20473225,0.3844948406566384,161.79490530395668,111.90261519302614,-17.20473225,0.3844948406566384,803
2023,Razzball,pitching,Fantasy,BF,182.3862514168279,131.24064171122996,-55.12406417,0.034377128407444335,182.3862514168279,131.24064171122996,-55.12406417,0.034377128407444335,182.3862514168279,131.24064171122996,-55.12406417,0.034377128407444335,374
2023,Steamer,pitching,Standard,BF,163.39290086720987,111.35948704188668,24.05861550280047,0.37227651110622173,163.39290086720987,111.35948704188668,24.05861550280047,0.37227651110622173,163.39290086720987,111.35948704188668,24.05861550280047,0.37227651110622173,803
2023,Steamer,pitching,Fantasy,BF,170.4360686965688,117.50566561336824,-16.4464035,0.156769386,170.4360686965688,117.50566561336824,-16.4464035,0.156769386,170.4360686965688,117.50566561336824,-16.4464035,0.156769386,374
2023,ZiPS,pitching,Standard,BF,203.72503323261208,159.63262764632628,105.70485678704857,0.024132605,203.72503323261208,159.63262764632628,105.70485678704857,0.024132605,203.72503323261208,159.63262764632628,105.70485678704857,0.024132605,803
2023,ZiPS,pitching,Fantasy,BF,143.22438548979878,104.02139037433155,-2.096256684,0.40453356795672146,143.22438548979878,104.02139037433155,-2.096256684,0.40453356795672146,143.22438548979878,104.02139037433155,-2.096256684,0.40453356795672146,374
2023,Davenport,pitching,Standard,ER/BF,0.06825715,0.040066816913137945,-0.013574442,0,0.067158199,0.039488081,-0.005954037,0.020253204854974505,0.031396768,0.021748866,1.615549472167606e-17,0.10616084570530127,803
2023,Marcel,pitching,Standard,ER/BF,0.06897819,0.041086461061927135,-0.014799155,0,0.067845462,0.040591334979750156,-0.008001944,9.812132774755788e-05,0.033013760543953614,0.023638738122011258,-1.62E-17,0.011721220501765273,803
2023,Razzball,pitching,Standard,ER/BF,0.068138082,0.039586211,-0.014589913,0,0.067082888,0.039000655,-0.008377421,0.022449339,0.031501702,0.021883878,-4.97E-18,0.10017610825414625,803
2023,Steamer,pitching,Standard,ER/BF,0.068302336,0.039470687,-0.01463389,0,0.067248541,0.038852383,-0.008444401,0.017615501191800442,0.030690842271956637,0.021137999534779368,-1.12E-17,0.14590320753194885,803
2023,ZiPS,pitching,Standard,ER/BF,0.068057169,0.039871089857995284,-0.013245715,0,0.06714978,0.039417436,-0.007263865,0.020498821328955086,0.031483164891153895,0.021947964557635532,-6.21E-18,0.10123480824833575,803
2023,Davenport,pitching,Standard,ERA,5.962927693568194,2.208248495119046,-1.08986838,0,5.9086707709002315,2.1844470197672643,-0.73735791,0.004108909,1.7392791731893826,1.0002020909768454,-5.57E-16,0.083588307,803
2023,Davenport,pitching,Fantasy,ERA,1.1201431902828842,0.8610707329538053,-0.179168696,0.12711792581960457,1.1067166967995987,0.8625234795378568,0.046930819389196604,0.14791795702141985,1.0260530299484103,0.7914746693506799,1.4716544303980715e-16,0.15426935196412794,374
2023,Marcel,pitching,Standard,ERA,6.014606098,2.2557878535910314,-1.206026887,0,5.952429647835059,2.236836087368219,-0.842871905,0,1.7978099318977658,1.0843572147860772,-3.18E-16,0.020871753777633728,803
2023,Marcel,pitching,Fantasy,ERA,1.2268375535142777,0.9534687807370374,-0.183005189,0,1.213782096804304,0.9601725873782649,0.040342226,0,1.129681730727055,0.8833199160616602,6.867720675191e-16,0,374
2023,Razzball,pitching,Standard,ERA,5.992596164762278,2.190885771182646,-1.186164645,0,5.936503602838826,2.1675189091306692,-0.858983584,0,1.739904291825461,1.003822295136909,-6.36E-16,0.082929449,803
2023,Razzball,pitching,Fantasy,ERA,1.1166790813140346,0.8572120338428196,-0.145514846,0.1325084563732868,1.1074248150693513,0.8571498946914863,0.024333529490541406,0.14682722098304302,1.0314651031226132,0.7923487241912365,7.848823628789716e-16,0.14532395153559996,374
2023,Steamer,pitching,Standard,ERA,5.9928385759017395,2.189342428098599,-1.15940893,0,5.941000315853255,2.1643056526696167,-0.851821357,0,1.7220929045370403,0.9759358628597004,-8.75E-16,0.10160943259093247,803
2023,Steamer,pitching,Fantasy,ERA,1.0608208056881767,0.8211070031435874,-0.123066874,0.21712478042812666,1.0538105956396506,0.8204851356378803,0.017928895,0.22743752347030177,0.9844318527061406,0.7615785609199597,3.4338603375955e-16,0.22149076331937279,374
2023,ZiPS,pitching,Standard,ERA,5.9736671657925235,2.195477601407999,-1.094350978,0,5.925603115497986,2.182292451251417,-0.790997433,0,1.7416233963832872,1.0067100440298744,-7.95E-16,0.081116339,803
2023,ZiPS,pitching,Fantasy,ERA,1.1357764502748802,0.8740798510235195,-0.116749255,0.10258317426034214,1.1307361288190636,0.8765276339870705,0.046972720223952984,0.11053057033920499,1.0503309275252573,0.8018398629225931,1.962205907197429e-16,0.11377343900354264,374
2023,Davenport,pitching,Standard,HBP/BF,0.021678655,0.013372512934933233,-0.013142029,0,0.017332965,0.010576883,-0.001783403,0,0.009339436,0.006446955,-7.77E-20,0,803
2023,Marcel,pitching,Standard,HBP/BF,0.017091419,0.010163190580568107,-0.001907132,0.008972296,0.017081970027965594,0.010175607158724457,-0.001820505,0.010067794482974124,0.008989325,0.006041237,-3.11E-19,0.067347731,803
2023,Razzball,pitching,Standard,HBP/BF,0.017136960972077685,0.010059674755278827,-0.002859601,0.003683879,0.016972950468649734,0.010176778,-0.001607151,0.022663248747469167,0.008853663,0.005937154,-6.21E-19,0.095285512,803
2023,Steamer,pitching,Standard,HBP/BF,0.017113737,0.009952516,-0.00324876,0.006382448,0.016900887,0.010072723275435123,-0.00182056,0.030944697983756986,0.008812666,0.005919861,3.106825908014627e-19,0.10364457315038866,803
2023,ZiPS,pitching,Standard,HBP/BF,0.016592686209357697,0.010031278819239722,-0.001041308,0.065965447,0.016605814820922847,0.010005243978177808,-0.001232953,0.064486792,0.008759916,0.006080783,-3.88E-19,0.11434322756980297,803
2023,Marcel,pitching,Standard,HLD/G,0.11041394460352315,0.086900614,0.026016405753794557,0.10146184087976928,0.10742593983164189,0.074348835,-0.005093796,0.14943599863891843,0.088774372,0.061404277,8.699112542440955e-18,0.2782276752638473,803
2023,Razzball,pitching,Standard,HLD/G,0.10092145998518381,0.064882224,-0.002624944,0.24931848197804563,0.10098446194878596,0.067658284,0.004428409,0.24838093763697044,0.07842461,0.047419901702577316,8.699112542440955e-18,0.43671298194719477,803
2023,Steamer,pitching,Standard,HLD/G,0.10509087125683277,0.061522569,-0.021678281,0.1860107686565925,0.10292059487969403,0.067278801,-0.004301801,0.21928369454079688,0.078830338,0.05107781,1.739822508488191e-17,0.43086960093299087,803
2023,ZiPS,pitching,Standard,HLD/G,0.11563048632188455,0.066879183,-0.010406069,0.014552757205325673,0.11527740709485482,0.068866492,-0.005172763,0.020561721,0.091998513,0.051968369,9.941842905646806e-18,0.2248484467206111,803
2023,Davenport,pitching,Standard,HR/BIP,0.035459809,0.023783150414171464,-0.008013942,0,0.034556674,0.023396492383775693,-0.000994457,0,0.019327586046830623,0.014324895026662135,-1.86E-18,0,803
2023,Marcel,pitching,Standard,HR/BIP,0.034933142,0.023358472937628307,-0.00305038,0,0.034803232,0.023402712195060023,-0.000495332,0,0.019419255,0.014301738,-1.12E-17,0,803
2023,Razzball,pitching,Standard,HR/BIP,0.034348066082412636,0.022690293475917406,-0.00289343,0.007469015,0.034231414,0.022788521,-0.000609905,0.014199196703196248,0.018110220362541316,0.013249031315124372,-1.37E-17,0.11384940636675245,803
2023,Steamer,pitching,Standard,HR/BIP,0.034380476,0.022461496,-0.004025578,0.00559507,0.034159808177887024,0.022508484030328017,-0.001039536,0.018319102,0.018014039,0.013078838,-5.59E-18,0.12323692189639002,803
2023,ZiPS,pitching,Standard,HR/BIP,0.035165323281871524,0.023526005067629148,-0.002308826,0,0.035091525,0.023645306645814077,-0.000381861,0,0.019290522563365175,0.014309800885229962,-6.21E-19,0,803
2023,Davenport,pitching,Standard,L/G,0.15501186720059998,0.092544496,-0.01484665,0.1828516507090734,0.15433184602036815,0.094745696,-0.003172181,0.19000541697598994,0.12286714244985836,0.086078436,-1.74E-17,0.33010969419954306,803
2023,Marcel,pitching,Standard,L/G,0.16013946048478678,0.11579458940368186,-0.001475296,0.12789709214298084,0.16790457204601267,0.1324958847936215,0.050492326,0.041270574946377536,0.1298331933007476,0.10298159913080282,-2.49E-18,0.25199645696677964,803
2023,Razzball,pitching,Standard,L/G,0.1604395510492474,0.11609165059104301,0.020022035355982917,0.12462550540958861,0.16354259933122145,0.12010101153953295,0.037499522062615656,0.09043696,0.12284959623559977,0.090250154,-5.22E-17,0.3303010097835958,803
2023,Steamer,pitching,Standard,L/G,0.15827658455363783,0.099085839,0.000325848,0.1480691352634338,0.15865744460716755,0.10064892934577595,0.010991528015781401,0.14396420949010946,0.1251112248701616,0.08764607,-3.73E-17,0.30541607326656484,803
2023,ZiPS,pitching,Standard,L/G,0.15122245724118158,0.10665832432685188,0.025254393017416627,0.22231522994121788,0.151992674,0.10779124583346586,0.029518229,0.2143731349862854,0.11688029297151037,0.085779099,-1.24E-17,0.3938016355713917,803
2023,Davenport,pitching,Standard,R/BF,0.10092394089439932,0.062236113700587375,-0.048529157,0,0.092681173,0.058486448238095234,-0.027554258,0,0.049585909664861025,0.033855732454468164,-2.49E-18,0,803
2023,Marcel,pitching,Standard,R/BF,0.071162082,0.042194664,-0.015361462,0,0.070051645,0.041607626,-0.008897501,0.000626467,0.033706620282645205,0.024031776,-4.97E-18,0.011997257200194067,803
2023,Razzball,pitching,Standard,R/BF,0.070840039,0.041177311,-0.0164009,0,0.069568389,0.040467171562237544,-0.009509945,0.014367395,0.032488879752990835,0.022802126771994034,1.2427303632058507e-18,0.082096118,803
2023,Steamer,pitching,Standard,R/BF,0.071065599,0.041185045936956814,-0.016754347,0,0.069743289,0.040381084,-0.009721885,0.009405268,0.031711915,0.021928437,-3.73E-18,0.125474132,803
2023,ZiPS,pitching,Standard,R/BF,0.070642272,0.041353013,-0.014772821,0,0.069570647,0.04075885,-0.008245033,0.014303417,0.032458759435907224,0.022634337,1.2427303632058507e-17,0.0837973,803
2023,Davenport,pitching,Standard,SO/BF,0.069972604,0.048296999,-0.006748045,0.16967466018406974,0.069732231,0.048027204,0.003457579,0.17536960078426378,0.042059021185570894,0.031742982355044524,-3.85E-17,0.39233279998777537,803
2023,Davenport,pitching,Fantasy,SO/BF,0.042528944,0.032706986,-0.015622729,0.3534877641949201,0.03968068,0.03036186,-0.003148798,0.4371848805528318,0.037109602,0.028646567074641457,1.8395680379975894e-17,0.4510031355169375,374
2023,Marcel,pitching,Standard,SO/BF,0.071686414,0.050476682105624116,0.010055867767929784,0.12850292827197474,0.071195764,0.049924168252114945,0.005569139,0.14039184400923976,0.043868601,0.033576112712363666,-2.11E-17,0.3389184409057311,803
2023,Marcel,pitching,Fantasy,SO/BF,0.041583454,0.032551617,-0.001369406,0.3819143469276144,0.041670254,0.032598314,-0.003016895,0.3793313219633291,0.038792289347020406,0.030657641977450464,9.197840189987947e-18,0.40008726349270674,374
2023,Razzball,pitching,Standard,SO/BF,0.070861736,0.048894878074016136,0.007469882,0.14843893121768614,0.071063196,0.049021946,0.009186475,0.1435900732002231,0.042184137,0.031658255324734194,1.3670033995264358e-17,0.3887120715749409,803
2023,Razzball,pitching,Fantasy,SO/BF,0.039047231,0.030182847432736682,-0.00664207,0.4550106324228399,0.038489106886714655,0.029470529,-0.000917706,0.4704789713481884,0.036436032,0.027900289,2.7593520569963843e-17,0.4707517610344185,374
2023,Steamer,pitching,Standard,SO/BF,0.069932552,0.046554422,-0.002119971,0.1706249356485049,0.069962072,0.046679807206369446,0.002936661,0.16992459259306725,0.041058558034978564,0.030807860051644962,-1.37E-17,0.42089827534383306,803
2023,Steamer,pitching,Fantasy,SO/BF,0.039323124,0.030603898,-0.008685788,0.44728203631429697,0.038385649,0.029590612549528963,-0.001610222,0.4733218406821855,0.036251644,0.027982344899853427,6.898380142490961e-18,0.47609484540257707,374
2023,ZiPS,pitching,Standard,SO/BF,0.069865778,0.047936891,0.007156696,0.17220801397123808,0.069629405,0.047627272,0.004271472,0.17779977201527908,0.041332847,0.031646593,6.213651816029254e-19,0.41313514159948683,803
2023,ZiPS,pitching,Fantasy,SO/BF,0.038931531,0.030754422841596324,-0.000904888,0.4582355303250938,0.038952753917717325,0.030755711,-0.001572171,0.4576447121120748,0.036670224,0.028946118,3.0659467299959825e-17,0.4639264341328523,374
2023,Davenport,pitching,Standard,SV/G,0.07201473,0.025665575037635033,-0.005618153,0.48627064958212607,0.071831858,0.027610687686732083,-0.002293068,0.48887643073826015,0.055062112,0.022398802455322928,2.4854607264117014e-18,0.6510349441496244,803
2023,Davenport,pitching,Fantasy,SV/G,0.067889469,0.028980690660401185,-0.002643605,0.6629262299156132,0.067838256,0.030043709676829292,-0.000193857,0.66343459,0.054815238,0.021196599,-4.60E-18,0.6799548289010139,374
2023,Marcel,pitching,Standard,SV/G,0.087538214,0.053148492,0.016695234610271746,0.24092083210629478,0.085943115,0.043361606760198554,0.001418064,0.2683322931879035,0.072875007,0.035812965,-1.24E-18,0.38872949914373256,803
2023,Marcel,pitching,Fantasy,SV/G,0.091410088,0.053253518,0.00514573,0.3889054798167383,0.091652123,0.046045488,-0.008413435,0.38566510048883373,0.074812174,0.036373705126855733,-1.53E-18,0.4038532064008634,374
2023,Razzball,pitching,Standard,SV/G,0.071577793,0.031475741054342504,-0.006802829,0.49248565971309344,0.071324133,0.037226137798452914,0.003167018,0.4960763796612486,0.053422622,0.027552670304942364,6.2136518160292536e-18,0.6715066219769258,803
2023,Razzball,pitching,Fantasy,SV/G,0.067558003,0.02978991,-0.016895924,0.6662096795077133,0.065606015,0.034636036,-0.005053485,0.6852197671715896,0.052872670049653646,0.026949478904960723,-7.66E-19,0.7022367133479852,374
2023,Steamer,pitching,Standard,SV/G,0.068058332,0.023376516787272886,-0.012305624,0.5411673503262081,0.067010906,0.028482854,-0.003154898,0.5551816498057985,0.049184119,0.023684822366136258,5.592286634426328e-18,0.7215635989912256,803
2023,Steamer,pitching,Fantasy,SV/G,0.061680214402832945,0.026292819460439692,-0.011679616,0.7217649223077431,0.060654508030608435,0.029620483771411722,-0.00330665,0.7309417573836628,0.04883485,0.022612809592090482,-7.66E-19,0.7459797264222813,374
2023,ZiPS,pitching,Standard,SV/G,0.070188172,0.024864476,-0.007164605,0.5120002744160324,0.069867199,0.027546381299187097,-0.002525377,0.5164533531114903,0.05280131,0.022263875,4.970921452823403e-18,0.679103036,803
2023,ZiPS,pitching,Fantasy,SV/G,0.065903709,0.027413225,-0.005204681,0.6823565913044352,0.065709543,0.029138996484663244,-0.001238489,0.684225523,0.053061445,0.021140949594659435,7.664866824989957e-19,0.7001066651251646,374
2023,Davenport,pitching,Standard,W/G,0.13110137830815433,0.081187991,-0.00534307,0.25419953731801026,0.13117974592292184,0.083975277,0.007007335,0.25330764628330715,0.1099578825962081,0.081635645,-4.72E-17,0.4962741025651142,803
2023,Davenport,pitching,Fantasy,W/G,0.10064669789608503,0.074367258,-0.00968772,0.5129699907287085,0.10032219292090187,0.074966587,0.005351309,0.5161054910932383,0.10594099121369173,0.081311078,1.5329733649979912e-17,0.5049221185877363,374
2023,Marcel,pitching,Standard,W/G,0.13780797897131136,0.10103367514390177,0.016334867335650267,0.17594374452795192,0.14892347903424108,0.11983603302025773,0.058770668,0.037646832888979076,0.1257274177806973,0.10259830516840558,-3.23E-17,0.3414306195226918,803
2023,Marcel,pitching,Fantasy,W/G,0.1174855857555848,0.086907525,-0.031591958,0.3363702705139564,0.11668821668968672,0.098374219,0.028483834689184567,0.3453477485539874,0.12049139209676973,0.10040477467250948,1.5329733649979913e-18,0.35959088616638013,374
2023,Razzball,pitching,Standard,W/G,0.1441528136418298,0.10706430990238716,0.042421362,0.098315965,0.1429564163907763,0.10595730140522838,0.038158554,0.11322092044968457,0.11716884130434721,0.088535666,0,0.4280397951028747,803
2023,Razzball,pitching,Fantasy,W/G,0.10678086865023877,0.07846222,-0.001482346,0.45179428418448697,0.10693794565498614,0.078230754,0.005980607,0.4501802526048091,0.11274501502273696,0.084766463,-6.13E-18,0.4392876039856459,374
2023,Steamer,pitching,Standard,W/G,0.12351978343194832,0.082969391,0.005373044,0.33796465495363903,0.12485680943825868,0.085620711,0.018998830534779406,0.3235548317192102,0.10986742747376642,0.081971348,-3.48E-17,0.4971025260516069,803
2023,Steamer,pitching,Fantasy,W/G,0.10130473775349276,0.073995987,-0.015783861,0.5065806535868339,0.10014633612983992,0.073364839,0.003971024,0.5178004610636726,0.10885103845809364,0.083001477,-2.30E-17,0.4773504111568211,374
2023,ZiPS,pitching,Standard,W/G,0.13148892147516208,0.092808294,0.038471376,0.24978376272568992,0.12863537828758018,0.089590351,0.027161937894889167,0.2819924857903673,0.11179028355047956,0.08204394,-2.49E-17,0.47934546180722526,803
2023,ZiPS,pitching,Fantasy,W/G,0.10180024787658948,0.073134702,0.011781922014133096,0.5017419415610671,0.10160619345996531,0.073047926,0.009967034,0.5036397173149951,0.10891805580750288,0.080563113,2.7593520569963843e-17,0.4767066437994014,374
2023,Davenport,pitching,Standard,WHIP,0.9510680453476837,0.3812538539908526,-0.1981621,0,0.942352748,0.37806521090396833,-0.150885695,0.013263229369288032,0.2773975935945432,0.17040388169458115,1.988368581129361e-17,0.085347945,803
2023,Davenport,pitching,Fantasy,WHIP,0.19426257238974606,0.1511470420409671,-0.010651704,0.002488601,0.19460795828033822,0.15178302199345756,0.015740686,0,0.18067474054839816,0.13829567454611688,1.042421888198634e-16,0.044509095523363906,374
2023,Marcel,pitching,Standard,WHIP,0.9721279329431296,0.3925331255840879,-0.238042884,0,0.9592300782539885,0.3839202488567975,-0.178196632,0,0.28293282049196455,0.1764225799643911,-1.69E-16,0.048481594,803
2023,Marcel,pitching,Fantasy,WHIP,0.19628484609788882,0.1523725636758645,-0.03303048,0,0.1934881755245121,0.1510676401966151,0.000972547,0.010425591241998822,0.18273136074791413,0.14191854939456872,-1.23E-17,0.022632588047208246,374
2023,Razzball,pitching,Standard,WHIP,0.9625681034844955,0.3841323034187347,-0.213972207,0,0.955917744,0.38096702653264275,-0.181729152,0,0.27869358660858456,0.17178755810076274,0,0.076781529,803
2023,Razzball,pitching,Fantasy,WHIP,0.1849783925280136,0.14555383047676004,-0.003821303,0.095556174,0.1849390565467209,0.1457287586018704,-0.000226472,0.095940796,0.17530275232055012,0.1369149773834402,-1.10E-16,0.10048347272424452,374
2023,Steamer,pitching,Standard,WHIP,0.9499175172938984,0.37862648773133284,-0.189015688,0,0.9456820337505062,0.3771829820268766,-0.166427611,0.006278729,0.274337168,0.16902214612636543,1.4912764358470209e-16,0.10541865344873969,803
2023,Steamer,pitching,Fantasy,WHIP,0.180852896,0.14406946464959774,0.005309037,0.1354491668941744,0.18078293680555035,0.1438934645773621,0.001698813,0.13611790876850005,0.17109526564333585,0.1347063829265555,7.358272151990358e-17,0.14314435428757133,374
2023,ZiPS,pitching,Standard,WHIP,0.949348674,0.3805863089184529,-0.198748446,0,0.9412091405906072,0.377106646,-0.155282601,0.015656717064792658,0.27561842563891353,0.1708441691951308,0,0.097043079,803
2023,ZiPS,pitching,Fantasy,WHIP,0.1896427245380715,0.14979535847296518,-0.01681627,0.049369008,0.18897426712454846,0.15007683883146558,0.00544955,0.056058813119521766,0.1780445518822481,0.13920217620890374,-1.53E-16,0.072125893,374
2023,Davenport,pitching,Standard,wOBA,0.22956205643970495,0.21602846263736555,-0.214291342,0,0.082869416,0.054130625704532837,-0.009454185,0,0.043968297559131696,0.032013134,-4.97E-18,0,803
2023,Marcel,pitching,Standard,wOBA,0.083020455,0.052722981,-0.021750538,0,0.081035846,0.051402002,-0.012144889,0.007082958,0.041015477,0.029922409598599303,-7.46E-18,0.064476804,803
2023,Razzball,pitching,Standard,wOBA,0.1798187559350077,0.15738329800979228,-0.143723714,0,0.11083819545041286,0.078252438,0.024633847073079817,0,0.070713467,0.048846566420955764,-2.49E-18,0,803
2023,Steamer,pitching,Standard,wOBA,0.085594833,0.055649705,-0.033676637,0,0.079481508,0.0498141,-0.011178131,0.04480769,0.038603660131952516,0.027750107774530904,-3.48E-17,0.17126440587989333,803
2023,ZiPS,pitching,Standard,wOBA,0.085805583,0.056590249348168954,-0.034608931,0,0.079031849,0.050094868,-0.009011834,0.055584934603077785,0.039376542,0.028756812953054368,1.1184573268852656e-17,0.13774808330209343,803
2024,Davenport,batting,Standard,1B/(BIP-HR),0.071126282,0.048845017,0.017385603590155303,0,0.070155873,0.048165098,0.012851372299214757,0,0.038459806865921015,0.029312432,-3.74E-18,0,651
2024,Marcel,batting,Standard,1B/(BIP-HR),0.068488432,0.045640633997688376,0.012820954886680986,0,0.068341564,0.045554281,0.012011700860384259,0,0.035249458,0.026301955208678524,3.614110721389625e-17,0.020456832385591928,651
2024,Razzball,batting,Standard,1B/(BIP-HR),0.068039594,0.044621293,0.012735636307127948,0,0.067874458,0.044508924,0.01182168,0,0.033609915636467765,0.024709596,2.6171146603166253e-17,0.10945977501253645,651
2024,Steamer,batting,Standard,1B/(BIP-HR),0.06716,0.043958500337299075,0.012505071893086512,0.016277596,0.066940836,0.043795418350619814,0.011268838059453015,0.022687513033520457,0.033239738,0.024258474129196836,-3.74E-18,0.12896848046552545,651
2024,ZiPS,batting,Standard,1B/(BIP-HR),0.069336638,0.045867117,0.016123660408768527,0,0.068757322,0.045444284553424065,0.013415382938774697,0,0.034015325,0.025176838537595527,-9.97E-18,0.087846464,651
2024,Davenport,batting,Standard,2B/(BIP-HR),0.038735962,0.027237203024632603,0.005280825,0,0.038415424,0.026709262506979584,0.001776855,0,0.022498955832525633,0.017069579717319493,-1.37E-17,0,651
2024,Marcel,batting,Standard,2B/(BIP-HR),0.038514592,0.026853061880505725,0.007118631,0,0.038003044,0.026128230761671128,0.003395948,0.014852433259468056,0.020923971243104227,0.015808209,-2.18E-17,0,651
2024,Razzball,batting,Standard,2B/(BIP-HR),0.038867163,0.027328739,0.008116064,0,0.038181473695191974,0.026422571898585736,0.003610965,0.005579886,0.021496908,0.016235146656942593,-1.50E-17,0,651
2024,Steamer,batting,Standard,2B/(BIP-HR),0.038198513929863474,0.026212238,0.007417458,0.004692077,0.037640609013302566,0.025445285,0.003564781,0.033553518534948146,0.019863741,0.014746614780297365,-1.59E-17,0.087528296,651
2024,ZiPS,batting,Standard,2B/(BIP-HR),0.038635574,0.026655438186935592,0.007638924,0,0.03800852,0.025751995,0.003208291,0.014568508380415346,0.020597605890083453,0.015449482966474604,-1.43E-17,0.018860390271663974,651
2024,Davenport,batting,Standard,3B/(BIP-HR),0.015513523,0.006142138,5.9946672480154683e-05,0,0.015513435119996402,0.006128927,-2.94E-05,0,0.006547159,0.004530222,1.207299917705586e-18,0.14081026298690924,651
2024,Marcel,batting,Standard,3B/(BIP-HR),0.015194449169978998,0.006437214,0.000506961,0.009522391,0.015187644433734264,0.00635537,0.000224203,0.010409350667182515,0.006434481,0.004613269,1.207299917705586e-18,0.17012955606947178,651
2024,Razzball,batting,Standard,3B/(BIP-HR),0.015189450210744184,0.006236768,0.000401036,0.010174016,0.015185525071712695,0.006174036,0.00020397,0.010685517,0.006195938,0.004395916,3.115612690853125e-19,0.23051984653112867,651
2024,Steamer,batting,Standard,3B/(BIP-HR),0.015220306069798299,0.006242593,0.000378614,0.006148466,0.01521707,0.006186251,0.000211786,0.006571028,0.006197473,0.004390377,1.927785352465371e-18,0.23013847936780252,651
2024,ZiPS,batting,Standard,3B/(BIP-HR),0.015494013,0.006578988,0.001230976,0,0.015450466310202304,0.006408675,0.00040962,0,0.006209209,0.004373188,1.3630805522482423e-19,0.22722018948495404,651
2024,Davenport,batting,Standard,AVG,0.064512986,0.043258339,0.018430132,0.014950082221969696,0.063641003,0.042630793250367664,0.015097075,0.041398764,0.033984058,0.026068637813986186,-1.37E-17,0.06055924,651
2024,Davenport,batting,Fantasy,AVG,0.029174704654949066,0.023405189,-0.000955085,0,0.029163242,0.023310805570500776,0.000493443,0,0.028207692474905316,0.022563380055012346,1.8494294033251065e-17,0,286
2024,Marcel,batting,Standard,AVG,0.066676659,0.043476410127571086,0.023849806037149368,0,0.064816923,0.042172752,0.018007496644537106,0.005646582,0.032539141,0.024733251194204477,-2.87E-17,0.138746336,651
2024,Marcel,batting,Fantasy,AVG,0.027131011,0.021220067766800695,0.00179978,0.066724309,0.027087718,0.021221742306855498,0.000944423,0.069700367,0.026422795883943338,0.020676138,9.327556990683146e-17,0.092710239,286
2024,Razzball,batting,Standard,AVG,0.066529581,0.042914076289166624,0.023827534809610352,0,0.064092465,0.040953821158307514,0.015792732407584956,0.027750109,0.030688695435194088,0.022660843,2.118616629780125e-17,0.23391708039278059,651
2024,Razzball,batting,Fantasy,AVG,0.024592286611477086,0.019273804720025788,0.004174275,0.2332110668680455,0.024243011,0.018999245583972185,0.000606282,0.2548372774645573,0.023714182792243996,0.018516407702305095,-8.04E-18,0.26918946954055945,286
2024,Steamer,batting,Standard,AVG,0.063300899,0.041404765737374435,0.020975322,0.051617119,0.061252576,0.039737891548285977,0.013595528181110912,0.11200061472298484,0.030471878032033498,0.022519308,-2.74E-17,0.2447036813520045,651
2024,Steamer,batting,Fantasy,AVG,0.024514381686839143,0.019208774,0.00393752,0.23806153208423342,0.024204749,0.018935548467637082,0.000647309,0.2571875659431352,0.023674698,0.018472213459202764,5.3070582878024795e-17,0.27162108287153985,286
2024,ZiPS,batting,Standard,AVG,0.064739383,0.04210792,0.021850938869829035,0.008024224,0.062742998,0.040766936,0.014931831942864881,0.068260545,0.030996192066589514,0.023230544928330987,-3.12E-17,0.2184880702421349,651
2024,ZiPS,batting,Fantasy,AVG,0.024559741422694778,0.019420827283431804,0.003117239,0.2352392457183199,0.024371871,0.019330433474669527,0.000724155,0.24689458634835781,0.023883321249723886,0.018846364,4.8245984434568e-17,0.25872746232331933,286
2024,Davenport,batting,Standard,BABIP,0.081584032,0.054769205,0.022726376,0,0.07970315,0.053554658844418936,0.014598839452421424,0,0.042196123,0.031849966,-1.62E-17,0,651
2024,Marcel,batting,Standard,BABIP,0.079416716,0.051596695621681045,0.020446547,0,0.078315441,0.050965195,0.015631852,0,0.039384859,0.029646874,-5.86E-17,0.010027853658534203,651
2024,Razzball,batting,Standard,BABIP,0.079119199,0.050344456,0.021252736,0,0.077798924,0.049424918,0.015636615318111162,0.001397536,0.036834940047321296,0.026744172,1.1216205687071252e-17,0.13406695435957805,651
2024,Steamer,batting,Standard,BABIP,0.078516008,0.050109927,0.020301144134710385,0,0.077323938,0.049328394,0.015045405038300638,0.013553872839803027,0.03674819,0.026748466355071603,-2.49E-18,0.1381408951946922,651
2024,ZiPS,batting,Standard,BABIP,0.08128379,0.051476048923450035,0.024993561,0,0.079199176,0.050136557001232256,0.017033294,0,0.037284800754730583,0.027310172,1.993992122146e-17,0.11278672362538411,651
2024,Davenport,batting,Standard,BB/PA,0.035562019,0.02531391,0.007404482,0.1974243721752339,0.034859776,0.024571190614442972,0.002318008,0.2288083115932502,0.020978362305564758,0.016492541,-9.39E-18,0.4677160472265781,651
2024,Marcel,batting,Standard,BB/PA,0.036913358,0.026201379,0.007684814,0.13527052038939102,0.036291088,0.025575732422866888,0.003674701,0.16417928316414776,0.021472687,0.016814184,-1.76E-17,0.4423354780352857,651
2024,Razzball,batting,Standard,BB/PA,0.037078523,0.026549394829583836,0.010336335163065301,0.1275149648588717,0.035758859179936965,0.025301822595494895,0.003273988,0.1885150766122331,0.021250042061527426,0.016594674996477828,-2.38E-18,0.4538401153135476,651
2024,Steamer,batting,Standard,BB/PA,0.03683988,0.026355551,0.010304083999045253,0.13870967374701337,0.035503806114781905,0.024963498152295295,0.003085062,0.20004976201288316,0.021211512,0.016598607,-1.09E-17,0.45581891019688014,651
2024,ZiPS,batting,Standard,BB/PA,0.035921997219992265,0.025295122,0.007387033,0.18109392043687722,0.035266227,0.024564253,0.002808053,0.21071990963000153,0.020930462,0.016149614715001676,-2.40E-18,0.47014400519929234,651
2024,Davenport,batting,Standard,HBP/PA,0.016436023175396636,0.010535529797654306,-0.01053553,0,0.012626676,0.008752356,0.000536179,0,0.009122786,0.006567786,6.620676968062891e-19,0,651
2024,Marcel,batting,Standard,HBP/PA,0.011765928059603983,0.007979809,0.000945966,0.1301225013789874,0.011734949615447559,0.007842819,0.000408449,0.13469706217568134,0.007602897,0.00528924,8.957386486202735e-19,0.3054505422250883,651
2024,Razzball,batting,Standard,HBP/PA,0.011585890048134368,0.007717278,0.000861492,0.15653993508987352,0.011561898501730889,0.007604973,0.000432223,0.16002951757162276,0.00723685,0.0050432,7.204854347597853e-19,0.37071976728166267,651
2024,Steamer,batting,Standard,HBP/PA,0.011300156115070214,0.00757955,0.000869999,0.1976301401370255,0.011277849405777016,0.007485547,0.000503247,0.20079479827343139,0.007173945,0.005003656,3.8945158635664064e-20,0.38161200111180715,651
2024,ZiPS,batting,Standard,HBP/PA,0.011478066873498732,0.00785491,0.001798582,0.17216607298472564,0.011367887270836591,0.007619978,0.000847194,0.18798278554794012,0.007411865,0.005243899,1.2413769315117921e-18,0.33991482818244556,651
2024,Davenport,batting,Standard,HR/BIP,0.047381313,0.02279626,0.006677811,0.07436443,0.04705363,0.021904657086428293,0.003694379,0.087123306,0.018631336,0.013471896489404993,1.24624507634125e-18,0.4456283559087909,651
2024,Davenport,batting,Fantasy,HR/BIP,0.015473004562751917,0.012384096,0.002245508,0.5251453673884023,0.015326293236741605,0.012100159307460978,0.000723671,0.5341075921122916,0.015058235559654291,0.011849437,7.689203769259275e-18,0.5615277859095683,286
2024,Marcel,batting,Standard,HR/BIP,0.047869289,0.023536469,0.007425095,0.055200179402546845,0.047446689970969486,0.022380239555621607,0.003853778,0.071808283,0.019158612056571486,0.013876561745129684,-4.98E-18,0.41380636200430776,651
2024,Marcel,batting,Fantasy,HR/BIP,0.016480527792015552,0.012970276175589697,0.00312127,0.4612917780372383,0.016206057302520116,0.012525047,0.000877965,0.47908590066949097,0.015799771867960843,0.01217823,7.035872730041166e-18,0.5172797290130762,286
2024,Razzball,batting,Standard,HR/BIP,0.047363466,0.022653612,0.007487002,0.075061623,0.046852256926061445,0.021170837,0.002809141,0.094920182,0.018307433281781048,0.013165716455462708,-6.54E-18,0.46473612480440984,651
2024,Razzball,batting,Fantasy,HR/BIP,0.015794388250446992,0.012524354322792999,0.004309502,0.505214469,0.015205786053414156,0.011767031,0.000570119,0.5414052027708971,0.014923117626246797,0.011539301953149837,5.930235586748983e-18,0.5693613270543237,286
2024,Steamer,batting,Standard,HR/BIP,0.047209058322998876,0.021975092,0.006424365,0.081082497,0.046812674,0.020645024854587968,0.002000921,0.096448855,0.018211649660021992,0.013118557303341973,-1.11E-17,0.47032242321644224,651
2024,Steamer,batting,Fantasy,HR/BIP,0.015732319,0.012435738763108573,0.004203889,0.5090956495912935,0.015171496,0.011759072,0.000584048,0.543471177,0.014884860951922686,0.011533311755973155,1.2463545978930067e-17,0.5715664542399734,286
2024,ZiPS,batting,Standard,HR/BIP,0.047280501,0.021608717918529655,0.004728093,0.078299149,0.047099365,0.020993978344625727,0.002293311,0.085347861,0.018335011806697964,0.013152153081487475,-3.12E-18,0.4631222550112756,651
2024,ZiPS,batting,Fantasy,HR/BIP,0.015229187850486197,0.011977223,0.002205535,0.5399925562154911,0.015081165584036924,0.011774276206215859,0.000614636,0.5488913147447207,0.014658416204985274,0.011424306141453337,1.3468670654650233e-17,0.5845028955722782,286
2024,Davenport,batting,Standard,OBP,0.069643182,0.045012471,0.015981715,0.082833131,0.069637477,0.045009605,0.015956836239069867,0.082983386,0.035032498,0.026048026100028654,2.7417391679507503e-17,0.20403980308897107,651
2024,Marcel,batting,Standard,OBP,0.074792189,0.047511341694289826,0.028497659,0,0.071915721,0.045212506,0.019751354,0.022000077451500122,0.034081912,0.025291047364675145,-3.74E-18,0.24664956355297585,651
2024,Razzball,batting,Standard,OBP,0.075708346,0.04844647,0.030431268,0,0.071481136,0.04464115,0.017431616842397194,0.033784414,0.033241099,0.024327709913174764,-1.12E-17,0.2833619248930891,651
2024,Steamer,batting,Standard,OBP,0.072613626,0.046870209,0.027824454800503606,0.002925989,0.068808951,0.043458381340314454,0.015366630668353256,0.10467435818740334,0.033034319,0.024193433,-5.36E-17,0.2922500250402291,651
2024,ZiPS,batting,Standard,OBP,0.073456201,0.047090905042037765,0.027149664,0,0.070264078,0.044408914,0.016683266093553705,0.066406447,0.033353894,0.024578720294618214,-3.24E-17,0.2784902020165607,651
2024,Davenport,batting,Standard,PA,145.06701548390893,105.73317251124192,-8.802315007,0.5512418967560833,145.06701548390893,105.73317251124192,-8.802315007,0.5512418967560833,145.06701548390893,105.73317251124192,-8.802315007,0.5512418967560833,651
2024,Davenport,batting,Fantasy,PA,149.0156044907666,111.81863497927597,-55.57387973,0,149.0156044907666,111.81863497927597,-55.57387973,0,149.0156044907666,111.81863497927597,-55.57387973,0,286
2024,Marcel,batting,Standard,PA,174.15487395673964,140.04608294930875,40.546851,0.3532354348856307,174.15487395673964,140.04608294930875,40.546851,0.3532354348856307,174.15487395673964,140.04608294930875,40.546851,0.3532354348856307,651
2024,Marcel,batting,Fantasy,PA,151.81023072851892,115.61888111888112,-55.40909091,0,151.81023072851892,115.61888111888112,-55.40909091,0,151.81023072851892,115.61888111888112,-55.40909091,0,286
2024,Razzball,batting,Standard,PA,143.90964587238483,105.10752688172043,-11.47004608,0.5583738714839177,143.90964587238483,105.10752688172043,-11.47004608,0.5583738714839177,143.90964587238483,105.10752688172043,-11.47004608,0.5583738714839177,651
2024,Razzball,batting,Fantasy,PA,152.67320783820713,116.75874125874125,-62.84265734,0,152.67320783820713,116.75874125874125,-62.84265734,0,152.67320783820713,116.75874125874125,-62.84265734,0,286
2024,Steamer,batting,Standard,PA,151.2582673374961,106.67201086050171,-3.013583306,0.5121197993694112,151.2582673374961,106.67201086050171,-3.013583306,0.5121197993694112,151.2582673374961,106.67201086050171,-3.013583306,0.5121197993694112,651
2024,Steamer,batting,Fantasy,PA,155.93918839707857,115.91938632518261,-38.22435083,0,155.93918839707857,115.91938632518261,-38.22435083,0,155.93918839707857,115.91938632518261,-38.22435083,0,286
2024,ZiPS,batting,Standard,PA,255.87727172885832,206.9078341013825,174.67127496159753,0,255.87727172885832,206.9078341013825,174.67127496159753,0,255.87727172885832,206.9078341013825,174.67127496159753,0,651
2024,ZiPS,batting,Fantasy,PA,103.99080446168023,82.54895104895105,10.5,0.2705635050512136,103.99080446168023,82.54895104895105,10.5,0.2705635050512136,103.99080446168023,82.54895104895105,10.5,0.2705635050512136,286
2024,Davenport,batting,Standard,R/PA,0.058406737,0.032047306,0.007160303,0.018766693384462352,0.057972191,0.030962040743314347,0.000835392,0.033313143,0.024053649052920723,0.018538195394071248,6.231225381706251e-18,0.13884407812348787,651
2024,Davenport,batting,Fantasy,R/PA,0.020948198648837662,0.016930000883723775,0.005235689,0.055584826,0.020296832987958806,0.016470705108190164,0.000739488,0.11340322866974939,0.020150180846925554,0.016427960820205447,-9.65E-18,0.13414709050806572,286
2024,Marcel,batting,Standard,R/PA,0.05833061,0.032388973,0.007410827,0.021322893160498513,0.057894764071028865,0.031406384,0.002064942,0.035893596042014475,0.024147617160781985,0.018591522285629127,-1.87E-18,0.13210254331974203,651
2024,Marcel,batting,Fantasy,R/PA,0.020829764607368125,0.016821580673460325,0.004257008,0.066233448,0.020403557403423048,0.016477635052411402,0.000740391,0.1040549435693322,0.020153936,0.016339978415365497,6.432797924609067e-18,0.13382435037205476,286
2024,Razzball,batting,Standard,R/PA,0.059348949,0.033179979,0.007930407,0,0.058822386189724574,0.031773509370341804,0.000816564,0.00475119,0.024398831,0.018699620398479253,4.361857767194375e-18,0.11395072300992803,651
2024,Razzball,batting,Fantasy,R/PA,0.021310742434746923,0.017372770425847263,0.006148173,0.02261257,0.020407664,0.016665552,0.000353586,0.10369428626150168,0.020173083612316907,0.016487633049883144,-6.03E-19,0.13217770910491733,286
2024,Steamer,batting,Standard,R/PA,0.0585179,0.031704669911104155,0.003564457,0.015028080157508339,0.058415382,0.031176087452799317,-0.000847101,0.018476220984287473,0.023890682517309917,0.018232292070184127,-6.23E-18,0.15047343112347777,651
2024,Steamer,batting,Fantasy,R/PA,0.020299993,0.016411525363013692,0.003797838,0.11312717752301482,0.019942404343175176,0.01617983,0.000182657,0.14409685092984048,0.019649912946958774,0.015995414867296075,-2.37E-17,0.1766064028917651,286
2024,ZiPS,batting,Standard,R/PA,0.058317258127691125,0.032425649,0.008528932,0.021770885658273453,0.057695123282813676,0.030884785,0.000753216,0.042531264,0.023580482096937826,0.018062017,7.4774704580475e-18,0.1723909868977116,651
2024,ZiPS,batting,Fantasy,R/PA,0.020374858187796708,0.016581719792134977,0.006971578,0.1065736059994905,0.019155153825010155,0.015544488796163124,0.000622873,0.21033865910968086,0.019044355797782006,0.015478154139261775,-3.22E-17,0.22657394688455135,286
2024,Davenport,batting,Standard,RBI/PA,0.051046016948627336,0.035220555,0.016433921490838253,0,0.049318707532872284,0.033680361,0.009834269,0.062007009,0.027662481,0.020711692,0,0.1772136971430066,651
2024,Davenport,batting,Fantasy,RBI/PA,0.023986166467220196,0.018229291269790854,0.005266613,0.11419789062573549,0.023429723813428283,0.017858945662355716,0.001163182,0.15481970766638042,0.022984259692695703,0.017652525325027594,1.2865595849218133e-17,0.20578995777855247,286
2024,Marcel,batting,Standard,RBI/PA,0.051640019,0.035817866,0.015812595457033812,0,0.050314767,0.034569714,0.010720186085059523,0.023736264699595666,0.028081648338951624,0.021028706529618794,-1.06E-17,0.15208957326901695,651
2024,Marcel,batting,Fantasy,RBI/PA,0.024308552,0.018681001226533184,0.004378591,0.090226699,0.023947700498906165,0.018407581,0.001326174,0.11703668645861454,0.02340425,0.018100395,1.2061496108642e-18,0.17649966174441512,286
2024,Razzball,batting,Standard,RBI/PA,0.050959857,0.035163797,0.017443788650843388,0,0.048722593,0.032755562,0.009014979,0.08454498,0.026396356627169434,0.019661552,1.620118599243625e-17,0.25080864495175526,651
2024,Razzball,batting,Fantasy,RBI/PA,0.023335879021510676,0.018150692,0.007661075,0.16157667370347695,0.022057802,0.016953004297395175,0.00082186,0.25090053317334815,0.021699475628848747,0.016821740747961205,-4.02E-19,0.29209853270818953,286
2024,Steamer,batting,Standard,RBI/PA,0.049130123,0.033619937578101035,0.015046805,0.069166669,0.047425337995441734,0.03186888,0.007861299,0.132644595,0.025763736266727913,0.019388546164584686,3.73873522902375e-18,0.28628886497278994,651
2024,Steamer,batting,Fantasy,RBI/PA,0.022578432050034652,0.017475713,0.006640686,0.21512123061181854,0.021597371419448737,0.016743445771953715,0.000871534,0.2818472670928672,0.021200756764683543,0.016612462632487755,5.2266483137448664e-18,0.3242639933089987,286
2024,ZiPS,batting,Standard,RBI/PA,0.053051405231934086,0.037046446,0.021765299958439878,0,0.049239017,0.033130539,0.009151911,0.065035831,0.027039872814055302,0.020129253703631587,-1.25E-17,0.21383433612298097,651
2024,ZiPS,batting,Fantasy,RBI/PA,0.025556766731859658,0.019518525,0.011627584047658816,0,0.022769079368484386,0.017445559465047205,0.000695241,0.20181058308542688,0.022307256,0.017298275060457426,-8.85E-18,0.25188799840107057,286
2024,Davenport,batting,Standard,SB/TOF,0.2974595543452993,0.075055958,-0.019315536,0.11422969565855878,0.29738422268109765,0.075372661,-0.018118482,0.1146782816992401,0.082220036,0.041077321,7.4774704580475e-18,0.43307970987864786,651
2024,Davenport,batting,Fantasy,SB/TOF,0.052760866059069635,0.037667855,-0.000660312,0.6331872227784502,0.052759084,0.037697371221633566,-0.000497973,0.6332120004179073,0.052230174,0.037082719219985176,1.7891219227818966e-17,0.6334781975554393,286
2024,Marcel,batting,Standard,SB/TOF,0.30713577004437215,0.081154383,-0.031433499,0.05566504,0.3060524181341368,0.084763575,-0.017993505,0.062315146,0.087964255,0.046763001,-6.70E-18,0.35109797275137067,651
2024,Marcel,batting,Fantasy,SB/TOF,0.063074984,0.041551631823300704,-0.014679256,0.47575425243918934,0.061348504,0.044137235,-0.000816039,0.5040606441617119,0.058622102,0.042382485,1.8896343903539133e-17,0.5382789790064104,286
2024,Razzball,batting,Standard,SB/TOF,0.3033379867712875,0.077685747,-0.02956765,0.078874361,0.30236515264552044,0.080631423,-0.016881861,0.084773164,0.084614103,0.043436457,6.387006016248907e-18,0.3995841020569524,651
2024,Razzball,batting,Fantasy,SB/TOF,0.057909359889913095,0.038706224583930526,-0.01368906,0.5581059516196284,0.056277046908440674,0.040438682858373584,-0.001001207,0.5826665229311221,0.055026312,0.03936949,2.1157874423909508e-17,0.5931843161420578,286
2024,Steamer,batting,Standard,SB/TOF,0.30063010177069094,0.075540008,-0.031613978,0.095246653,0.29948158982298495,0.078720275,-0.017612728,0.10214639573451456,0.084065739,0.043369645,1.0748863783443282e-17,0.40734119254615664,651
2024,Steamer,batting,Fantasy,SB/TOF,0.058111170047806734,0.038766838296527134,-0.014766439,0.5550206438664882,0.056210604,0.040593621,-0.000878434,0.583651381,0.054940381,0.039492992,2.0605055852263416e-17,0.5944539207537375,286
2024,ZiPS,batting,Standard,SB/TOF,0.29872585942403235,0.073036335,-0.032107361,0.10667207715614824,0.29746076750753675,0.076293022,-0.016632852,0.11422247057360246,0.081803902,0.041029633,-6.23E-19,0.43880381962508974,651
2024,ZiPS,batting,Fantasy,SB/TOF,0.05491156,0.036748453140820474,-0.015843179,0.6026729044054693,0.052580876489725654,0.038080633,-0.000689557,0.6356856601041205,0.051511162948341224,0.037257911,8.14150987333335e-18,0.6434999572290778,286
2024,Davenport,batting,Standard,SLG,0.12762255483995072,0.084402345,0.037736064,0.043925369045236695,0.12489697651040593,0.082039262,0.02712469,0.084326225,0.066793883,0.050287116522648216,9.96996061073e-18,0.26112966705594165,651
2024,Marcel,batting,Standard,SLG,0.13302519298857038,0.090374799,0.051145387,0,0.12721573798514457,0.08466263,0.033226384513873726,0.050010929,0.067049999,0.050974393,7.72671947331575e-17,0.25545251631453514,651
2024,Razzball,batting,Standard,SLG,0.13236204044698155,0.088790885,0.051110965,0,0.12518154962903502,0.080740965,0.027623203,0.080148814,0.064159258,0.047510718,3.4894862137555e-17,0.3182682458887055,651
2024,Steamer,batting,Standard,SLG,0.12654823435317888,0.084586946,0.044497937,0.059954,0.12066508636221501,0.077779886,0.022927579,0.14532661133717062,0.062928057,0.046722323539301926,1.3210197809217252e-16,0.34418174421584147,651
2024,ZiPS,batting,Standard,SLG,0.12761327119196042,0.084022071,0.041570616,0.044064459,0.12317362505215787,0.079256282,0.024793366868697656,0.10942116051590822,0.063513162,0.047092324289035814,9.720711595461751e-17,0.33192945035371324,651
2024,Davenport,batting,Standard,SO/PA,0.08211332,0.047996550451494355,-0.005566092,0.3186444625176552,0.082814873,0.048072709,-0.012111447,0.3069521188627077,0.038374951930517744,0.028946879,1.5578063454265626e-17,0.6276440562905832,651
2024,Marcel,batting,Standard,SO/PA,0.092417114,0.054913989,-0.020114334,0.13691938438497275,0.09209444,0.054750293050543464,-0.018575507,0.14293573722225583,0.043252458,0.031813813,-2.99E-17,0.5269748960550853,651
2024,Razzball,batting,Standard,SO/PA,0.089633021,0.050526953,-0.01652264,0.18813722113938924,0.089247048,0.050345300337766116,-0.01428127,0.19511417750237958,0.038906649,0.028105986,2.5548024064995628e-17,0.6172543525873657,651
2024,Steamer,batting,Standard,SO/PA,0.082446056,0.047481774918198986,-0.011781573,0.313111371,0.082224198,0.047357078019841396,-0.010112964,0.31680315859365016,0.037648848,0.027708465829043107,-6.23E-18,0.6416016699185879,651
2024,ZiPS,batting,Standard,SO/PA,0.082664879,0.047251486,-0.011431034,0.3094603368665728,0.082431809,0.047076065064070964,-0.009601536,0.3133487369808382,0.037614751,0.027461671467694102,3.73873522902375e-18,0.6422505361958948,651
2024,Davenport,batting,Standard,wOBA,0.076531975,0.049650925,0.023063530795785242,0.044696658,0.075127934,0.048811506,0.017860284,0.079426753,0.038314866,0.028754182012196875,1.74474310687775e-17,0.23648383320217126,651
2024,Marcel,batting,Standard,wOBA,0.08078873,0.05304536,0.032805484,0,0.076996621,0.049584035,0.021860022848191253,0.033061635879771734,0.03772145,0.028323671,2.7417391679507503e-17,0.259951199,651
2024,Razzball,batting,Standard,wOBA,0.080881941,0.052580138,0.032901335074614804,0,0.076282824,0.048064845713929445,0.018965198,0.050906538399974055,0.036304466651025276,0.026853755427460824,8.4744665191205e-17,0.31450588194899787,651
2024,Steamer,batting,Standard,wOBA,0.077115282,0.050156723,0.029335449,0.030079017883738013,0.07314242,0.04643364,0.016236238675955302,0.12744240252523253,0.035820454140410934,0.026609908373456025,9.346838072559376e-17,0.3326621065830091,651
2024,ZiPS,batting,Standard,wOBA,0.078373841,0.050584336,0.029187562998372732,0,0.074801049,0.047471897,0.017454277,0.087420229,0.036205721,0.026942278230514805,7.4774704580475e-17,0.3182297972454392,651
2024,Davenport,pitching,Standard,1B/(BIP-HR),0.23712391402961577,0.2208324973128507,-0.219834768,0,0.088971046,0.052439280740467935,-0.003927069,0,0.042576248598862554,0.029098339405319987,-1.19E-17,0,802
2024,Marcel,pitching,Standard,1B/(BIP-HR),0.084150489,0.050131430258386976,-0.005884784,0,0.084232323,0.05017184,-0.006957745,0,0.038818498,0.028319116453387413,-8.12E-18,0,802
2024,Razzball,pitching,Standard,1B/(BIP-HR),0.2066946361881269,0.1804915075097469,-0.165324896,0,0.1271414649140824,0.086674606,0.027831650695664494,0,0.07556659,0.050556289887234526,-1.50E-17,0,802
2024,Steamer,pitching,Standard,1B/(BIP-HR),0.10906727738001058,0.087710254,0.070225291,0,0.083758133,0.049100485774950596,-0.007165564,0.004220922,0.037563193,0.026986161122946693,-8.31E-17,0.044895309783201776,802
2024,ZiPS,pitching,Standard,1B/(BIP-HR),0.10838150913570435,0.086562036,0.067964995,0,0.084788364,0.050200643,-0.00785848,0,0.038755718,0.027896811641563306,-4.81E-17,0,802
2024,Davenport,pitching,Standard,2B/(BIP-HR),0.079065838,0.066520305,-0.065754344,0,0.043915358,0.028549538,-0.000886393,0,0.022689193512652552,0.016058749,1.1243753181258729e-17,0,802
2024,Marcel,pitching,Standard,2B/(BIP-HR),0.043472601,0.028306203954526956,0.000661464,0,0.043503871,0.02811933,-0.001776873,0,0.022422931,0.016255272051107314,2.7484729998632445e-17,0,802
2024,Razzball,pitching,Standard,2B/(BIP-HR),0.071409463,0.058904442818789635,-0.049377236,0,0.052307877,0.036248391088193194,0.008655291,0,0.030367672,0.021032191818650244,1.0619100226744354e-17,0,802
2024,Steamer,pitching,Standard,2B/(BIP-HR),0.07931808,0.066697812,-0.066243213,0,0.043648342135604416,0.028155901944489144,-0.001408293,0,0.02268342,0.016035083554943687,1.1243753181258729e-17,0,802
2024,ZiPS,pitching,Standard,2B/(BIP-HR),0.07890298,0.066249105,-0.065021041,0,0.044700910336452154,0.028830384066640884,-0.000476226,0,0.022959758401064016,0.016109637439471164,1.1868406135773102e-17,0,802
2024,Davenport,pitching,Standard,3B/(BIP-HR),0.010192720907087695,0.005625273,-0.005445946,0,0.008624186,0.006398935,0.000378621,0,0.006259175,0.004635377,-6.25E-19,0,802
2024,Marcel,pitching,Standard,3B/(BIP-HR),0.00900547,0.006284581,-0.000131483,0,0.009004687,0.006347206,5.6319221883307884e-05,0,0.006629327,0.004828717,-5.86E-19,0,802
2024,Razzball,pitching,Standard,3B/(BIP-HR),0.009888081,0.006292791,-0.003975427,0,0.009137631,0.007089146,0.00123538,0,0.006525668,0.004883858,-6.25E-19,0,802
2024,Steamer,pitching,Standard,3B/(BIP-HR),0.010200457243365449,0.005606776,-0.005489842,0,0.008603547,0.0063787,0.000331759,0,0.006279966,0.004654971,-6.25E-19,0,802
2024,ZiPS,pitching,Standard,3B/(BIP-HR),0.010171811968364907,0.005658111,-0.005380102,0,0.008642503,0.006416738,0.00041545,0,0.006253517,0.004616869,-3.90E-19,0,802
2024,Davenport,pitching,Standard,BABIP,0.09201421,0.057532147389305434,-0.010192843,0,0.091511931,0.056988904,-0.003422391,0,0.044230794,0.032093252,7.495835454172485e-18,0,802
2024,Marcel,pitching,Standard,BABIP,0.090288392,0.055324484,-0.005354803,0,0.090546301,0.055385007724029385,-0.008678299,0,0.042269228,0.029999819792264095,-6.25E-18,0,802
2024,Razzball,pitching,Standard,BABIP,0.090393675,0.056554353,0.00098936,0,0.090712574,0.056368727,-0.007663773,0,0.043051217760943956,0.030355717,1.1243753181258729e-17,0,802
2024,Steamer,pitching,Standard,BABIP,0.089097029,0.054243154,-0.001507764,0.017710527588432057,0.089464738,0.054196808,-0.008242098,0.009585849,0.040619475,0.028675522,-8.75E-18,0.058333758,802
2024,ZiPS,pitching,Standard,BABIP,0.089456785,0.054568499903352705,-0.002436148,0.009761921,0.089773583,0.054617170168369235,-0.007919256,0.00273594,0.041308885,0.029223848698679115,-1.37E-17,0.026097819962706104,802
2024,Davenport,pitching,Standard,BB/BF,0.049116462755359205,0.029547046932111673,-0.004160005,0.095433834,0.049320912,0.029583498539615425,-0.006118092,0.087887588,0.024274952379383295,0.017954881045128518,-5.62E-18,0.24523123011728287,802
2024,Marcel,pitching,Standard,BB/BF,0.050718556,0.030522877,-0.008235552,0.035460686186965074,0.050821323,0.030564140832895773,-0.008846429,0.031547971,0.025048302,0.018367161016834357,-9.37E-19,0.19637444411828786,802
2024,Razzball,pitching,Standard,BB/BF,0.049891169920200186,0.029977124991927846,-0.006103102,0.066673599,0.050220506925721387,0.030102618348608032,-0.008379638,0.054310953,0.024582337163308855,0.017947782,1.2493059090287476e-17,0.22599549074569103,802
2024,Steamer,pitching,Standard,BB/BF,0.048658429,0.029357256986387255,-0.002972498,0.11222617164127868,0.048938019,0.029342488,-0.006010224,0.1019945925856961,0.023956515,0.017648309118077896,9.99444727222998e-18,0.2649033814643026,802
2024,ZiPS,pitching,Standard,BB/BF,0.048504051286471866,0.029407108127406822,-0.001028833,0.11785047717666375,0.048777524,0.029246745116546038,-0.005259504,0.10787505753664495,0.024415094294939453,0.017658124489582646,1.3430038522059037e-17,0.23649135174024372,802
2024,Davenport,pitching,Standard,BF,151.44606856333965,109.80162094763091,-6.780673317,0.469971224,151.44606856333965,109.80162094763091,-6.780673317,0.469971224,151.44606856333965,109.80162094763091,-6.780673317,0.469971224,802
2024,Davenport,pitching,Fantasy,BF,164.5192554311157,122.45516304347827,-63.76059783,0.2315233344549006,164.5192554311157,122.45516304347827,-63.76059783,0.2315233344549006,164.5192554311157,122.45516304347827,-63.76059783,0.2315233344549006,368
2024,Marcel,pitching,Standard,BF,177.25740332188934,129.39650872817955,13.618453865336658,0.2739070714882421,177.25740332188934,129.39650872817955,13.618453865336658,0.2739070714882421,177.25740332188934,129.39650872817955,13.618453865336658,0.2739070714882421,802
2024,Marcel,pitching,Fantasy,BF,186.4332772007886,132.4320652173913,-70.3125,0.013166050460260315,186.4332772007886,132.4320652173913,-70.3125,0.013166050460260315,186.4332772007886,132.4320652173913,-70.3125,0.013166050460260315,368
2024,Razzball,pitching,Standard,BF,153.20900162702947,109.41845386533664,-3.520698254,0.45755962650521187,153.20900162702947,109.41845386533664,-3.520698254,0.45755962650521187,153.20900162702947,109.41845386533664,-3.520698254,0.45755962650521187,802
2024,Razzball,pitching,Fantasy,BF,166.68885106884676,121.01603260869564,-51.06983696,0.21112113584427472,166.68885106884676,121.01603260869564,-51.06983696,0.21112113584427472,166.68885106884676,121.01603260869564,-51.06983696,0.21112113584427472,368
2024,Steamer,pitching,Standard,BF,160.53999679943348,112.72939391802076,32.766154522907705,0.4044065112923526,160.53999679943348,112.72939391802076,32.766154522907705,0.4044065112923526,160.53999679943348,112.72939391802076,32.766154522907705,0.4044065112923526,802
2024,Steamer,pitching,Fantasy,BF,162.46324652666658,111.9319975104021,-11.16338287,0.2506107319594084,162.46324652666658,111.9319975104021,-11.16338287,0.2506107319594084,162.46324652666658,111.9319975104021,-11.16338287,0.2506107319594084,368
2024,ZiPS,pitching,Standard,BF,208.8921018718489,164.9002493765586,109.62593516209476,0,208.8921018718489,164.9002493765586,109.62593516209476,0,208.8921018718489,164.9002493765586,109.62593516209476,0,802
2024,ZiPS,pitching,Fantasy,BF,141.47669380963194,105.95923913043478,-4.638586957,0.43171391965655526,141.47669380963194,105.95923913043478,-4.638586957,0.43171391965655526,141.47669380963194,105.95923913043478,-4.638586957,0.43171391965655526,368
2024,Davenport,pitching,Standard,ER/BF,0.071787096,0.044024386870436756,-0.005333245,0,0.072354655,0.043798309,-0.010500115,0,0.033279392,0.022728857,-7.50E-18,0,802
2024,Marcel,pitching,Standard,ER/BF,0.071812988,0.043269837,-0.010901431,0,0.071943595,0.04327763,-0.011731017,0,0.033254549,0.022665228300423407,-1.62E-17,0,802
2024,Razzball,pitching,Standard,ER/BF,0.071172996,0.042508569360712026,-0.010249289,0.004788509,0.07147458,0.042477438,-0.012168321,0,0.032119561,0.021643274342943573,0,0.065269487,802
2024,Steamer,pitching,Standard,ER/BF,0.070892853,0.042680657697850136,-0.008369247,0.012607569670748608,0.071262575,0.042644794,-0.011072588,0.002281787,0.032022109012129076,0.021625369,-5.00E-18,0.070932916,802
2024,ZiPS,pitching,Standard,ER/BF,0.070359396,0.043162269,-0.005388823,0.027411585413573247,0.070843491,0.042903041,-0.009868888,0.013982127,0.032505756,0.022227064472023023,-5.00E-18,0.042656609,802
2024,Davenport,pitching,Standard,ERA,6.750686508513481,2.376431195102163,-0.69872507,0,6.775785220081459,2.3623622232918273,-0.909787742,0,1.9192425143435003,1.0369363727514154,-6.40E-16,0.001129139,802
2024,Davenport,pitching,Fantasy,ERA,1.178201579939675,0.9310843960534498,0.36212369110853776,0,1.121281471802305,0.8686816752738445,-0.015708077,0.009631586,1.020967433385788,0.7864517445721005,6.919833334368259e-16,0.022717910070981118,368
2024,Marcel,pitching,Standard,ERA,6.786785207374893,2.3396426841613307,-1.021710729,0,6.783314596317484,2.3398063621027223,-0.998396852,0,1.917639728,1.0298625747906387,-8.80E-16,0.002796785,802
2024,Marcel,pitching,Fantasy,ERA,1.1656295767214657,0.9014314924685586,0.13983489717456796,0,1.1573078717247367,0.8832991158280082,-0.014933127,0,1.0469226965891623,0.786868743,9.885476191954657e-16,0,368
2024,Razzball,pitching,Standard,ERA,6.774649508,2.309338115951832,-0.989933091,0,6.780664682463438,2.3078102994641965,-1.030293698,0,1.8821016604827578,0.9898545134376968,-5.60E-16,0.039415025530405434,802
2024,Razzball,pitching,Fantasy,ERA,1.0902909664774743,0.8545558923746901,0.17849896522105338,0.063619595,1.076722249242922,0.8190880509731558,-0.049581156,0.086781157,0.9715654190277296,0.7251375513109772,1.581676190712745e-15,0.11500613853390684,368
2024,Steamer,pitching,Standard,ERA,6.728194297184393,2.3151049721092427,-0.86074225,0,6.741701729995351,2.311713724304066,-0.960635694,0,1.8743631156610088,0.9898803531771491,-4.80E-16,0.047297966,802
2024,Steamer,pitching,Fantasy,ERA,1.0967526802814287,0.8594031113274209,0.23283800789180872,0.052487609,1.072640523523735,0.8197668162433618,-0.043643888,0.093691841,0.9745872318380805,0.7353523222443646,4.9427380959773284e-17,0.10949247041458787,368
2024,ZiPS,pitching,Standard,ERA,6.699251064531826,2.335285248766008,-0.7230066,0.008225148,6.720466530283253,2.32349669,-0.898578935,0.001933614,1.887097549236332,1.0121350188543787,-1.20E-15,0.034308664890285945,802
2024,ZiPS,pitching,Fantasy,ERA,1.1709910996403827,0.9218175255768218,0.355822678,0,1.1157842224305046,0.8558911738219084,0.019080195,0.019318638297495805,1.0097834689158316,0.7633983849738437,-2.47E-16,0.044011486,368
2024,Davenport,pitching,Standard,HBP/BF,0.022302729935443476,0.012715737955714825,-0.012454551,0,0.018562126786737868,0.010114754844789174,-0.00150221,0,0.009039633,0.006338198,1.5616323862859344e-19,0,802
2024,Marcel,pitching,Standard,HBP/BF,0.018095299716371277,0.009581425,-0.001265049,0.034274744,0.018108772649309955,0.009562059,-0.001445035,0.032836139262387154,0.008178668,0.005674566,-1.83E-18,0.17780801432888116,802
2024,Razzball,pitching,Standard,HBP/BF,0.018210121982854235,0.009675776,-0.001925235,0.021979996,0.018163864204694947,0.009737289,-0.001422656,0.026942464,0.008364429,0.005826428,-5.47E-19,0.14003514260815786,802
2024,Steamer,pitching,Standard,HBP/BF,0.018125924620180252,0.00956576,-0.001975026,0.031003146731564235,0.018076309491311473,0.009635345,-0.001450706,0.036300654,0.00830268,0.005789761,-1.72E-18,0.1526853629362438,802
2024,ZiPS,pitching,Standard,HBP/BF,0.017661743492762758,0.009734063,-0.00011433,0.079997148,0.017676773867849774,0.009665853,-0.000737714,0.078430613,0.008152818,0.005946774,-7.81E-19,0.1829972315130758,802
2024,Marcel,pitching,Standard,HLD/G,0.10926539832183228,0.088336687,0.031603926,0.14234190678091085,0.10468423637695494,0.073141357,-0.004320902,0.21275218774379212,0.088343682,0.060841389,1.2493059090287476e-17,0.3135100253409273,802
2024,Razzball,pitching,Standard,HLD/G,0.10629690859085507,0.072266438,0.020459784,0.1883100812697467,0.10473426044601074,0.071921026,0.009425248,0.21199962461476807,0.084591191,0.054935550995901666,6.246529545143738e-18,0.3705902119868394,802
2024,Steamer,pitching,Standard,HLD/G,0.099506069,0.059518956230053946,-0.01993805,0.28870784237783975,0.097582152,0.065200383,-0.004283048,0.3159471363616576,0.079177871,0.052303816,-6.25E-18,0.4485694178350791,802
2024,ZiPS,pitching,Standard,HLD/G,0.11484030353898934,0.065355223,-0.008305687,0.052590911,0.11459233913917458,0.067320268,-0.003477544,0.056677805,0.093069796,0.052592900604863095,0,0.23809516228335204,802
2024,Davenport,pitching,Standard,HR/BIP,0.054519526528261586,0.025921687265167873,-0.003530221,0,0.054637759,0.025849974930906666,-0.005036709,0,0.020242494242795023,0.013764345,-4.37E-18,0,802
2024,Marcel,pitching,Standard,HR/BIP,0.053766798096464764,0.024957170459255454,-0.004156659,0.014399000287908081,0.053884504,0.024908887208048652,-0.005472572,0.010078922901596399,0.019542246816777388,0.013052067968371895,-5.62E-18,0.00747127,802
2024,Razzball,pitching,Standard,HR/BIP,0.053887262816615954,0.024600746911529754,-0.002844842,0.009977567,0.054107807,0.024386783788047484,-0.005648961,0.001857281,0.018685577271189736,0.012162944721919828,-3.12E-19,0.092582528,802
2024,Steamer,pitching,Standard,HR/BIP,0.053602316,0.024328105334244468,-0.002607893,0.020420023359835282,0.053802121,0.024155653265662522,-0.005316108,0.013103570949613563,0.018466062,0.011959543,7.495835454172485e-18,0.11377767972219976,802
2024,ZiPS,pitching,Standard,HR/BIP,0.053679683,0.025304551542576614,-0.002029875,0.01759023,0.053830355,0.025107453429359973,-0.004507676,0.012067492346999664,0.019785310368223133,0.013353823,-2.50E-18,0,802
2024,Davenport,pitching,Standard,L/G,0.16567136590250336,0.097655727,-0.017419057,0.16896065771381774,0.16477161969551923,0.10172651915629935,0.002471585,0.17796274543069834,0.12225153227629099,0.083700592,-4.00E-17,0.4020372449635675,802
2024,Marcel,pitching,Standard,L/G,0.16835354258270444,0.12065740711407884,-0.003139348,0.14183421068166502,0.17574153553049965,0.13899245338663002,0.050517596,0.064862416,0.1356782980600866,0.10829358065868537,-3.00E-17,0.2634770462773153,802
2024,Razzball,pitching,Standard,L/G,0.16724644965379573,0.11737553925598351,0.013829125374241507,0.1530836971466656,0.17102173620152503,0.12332076798781463,0.038318455608242666,0.11441693976868372,0.12291449484020378,0.086781023,-3.00E-17,0.3955342292017904,802
2024,Steamer,pitching,Standard,L/G,0.15717779107020166,0.097074675,-0.009351562,0.25198718106615525,0.15734331078652652,0.10186155160459931,0.011811483930248374,0.2504109270711483,0.12490420383245043,0.085960661,-4.50E-17,0.3758059526795733,802
2024,ZiPS,pitching,Standard,L/G,0.15853344619835494,0.11066559898652635,0.023215541,0.239028347,0.1594530270425194,0.11227899327490881,0.028833584664342014,0.2301746377359073,0.12361423956013178,0.090635704,-6.62E-17,0.38863226522796723,802
2024,Davenport,pitching,Standard,R/BF,0.10785900881717803,0.06442048,-0.041397455,0,0.10468150521631825,0.063477011,-0.032224231,0,0.051772525,0.034634654516617076,-6.25E-18,0,802
2024,Marcel,pitching,Standard,R/BF,0.080890614,0.045534136,-0.013707937,0,0.080924016,0.045536739601335884,-0.013903684,0,0.034396437173795424,0.023535732366097444,-2.50E-18,0,802
2024,Razzball,pitching,Standard,R/BF,0.080594409,0.044649607,-0.013920273,0,0.080702738,0.044670419972840755,-0.014534345,0,0.03336389,0.022590419,1.7490282726402467e-17,0.048515429,802
2024,Steamer,pitching,Standard,R/BF,0.080053949,0.044612522843586945,-0.012479765,0.003501023,0.080248532,0.044659853,-0.01367248,0,0.033196047983912305,0.022371198447489884,3.7479177270862424e-18,0.058064513387676375,802
2024,ZiPS,pitching,Standard,R/BF,0.079326126,0.044889220120226295,-0.008504886,0.021538314,0.079806453,0.044818858406637775,-0.012197082,0.009653078,0.033551128,0.022903122,-6.25E-18,0.037805974309038315,802
2024,Davenport,pitching,Standard,SO/BF,0.064777424,0.046098956,-0.002098155,0.186275309,0.065062894,0.046532583,0.006439546,0.17908744256754117,0.043178684,0.031644923341285915,1.1243753181258729e-17,0.32109557726768845,802
2024,Davenport,pitching,Fantasy,SO/BF,0.042236428,0.031879013,-0.014170731,0.30804159453471447,0.039923336,0.030363432128258996,-0.003281231,0.38175692438905584,0.037513382693761546,0.027900308760493372,-1.24E-17,0.3919765085564839,368
2024,Marcel,pitching,Standard,SO/BF,0.067462685,0.049155411,0.013504888822036983,0.11741327421707293,0.06677844,0.048386154,0.009514629,0.13522588443425732,0.043915867,0.032791274,-9.99E-18,0.29771603563500815,802
2024,Marcel,pitching,Fantasy,SO/BF,0.040737528,0.031288715,-0.001506291,0.3562830298749705,0.040788628,0.031258636,-0.002536714,0.3546670887168053,0.03796833,0.02888425,-2.16E-17,0.37713933409694256,368
2024,Razzball,pitching,Standard,SO/BF,0.066114904,0.047408727,0.009684758,0.15232594828717205,0.06647344,0.047709173746825054,0.011888323791050974,0.1431072763797996,0.042068662542857786,0.031323036,-8.75E-18,0.35555295458285996,802
2024,Razzball,pitching,Fantasy,SO/BF,0.037226506925538944,0.028739471779578547,-0.005717619,0.4624607328662039,0.036785461,0.028359778290517574,0.000220248,0.47512240644466885,0.034822831,0.026676096465380675,-1.54E-17,0.47606662267319333,368
2024,Steamer,pitching,Standard,SO/BF,0.064032328,0.045450523,0.002467744,0.2048872465349889,0.064399628,0.045963977,0.007298139,0.1957392872886362,0.041783155589419405,0.031044876970396287,7.495835454172485e-18,0.3642705959835051,802
2024,Steamer,pitching,Fantasy,SO/BF,0.036987333,0.028458909219169704,-0.007275182,0.4693457253003446,0.036266153094762096,0.028123653,-0.000315108,0.4898374179751943,0.034714372,0.026709978512721423,8.495331102461032e-18,0.4793252389743493,368
2024,ZiPS,pitching,Standard,SO/BF,0.064707004,0.046912543,0.006779251,0.18804357903463476,0.064883793,0.047117384,0.008298704,0.1836007474481851,0.042869868,0.031938183,1.311771204480185e-17,0.3307719683740028,802
2024,ZiPS,pitching,Fantasy,SO/BF,0.038439728639413896,0.029281882,-0.004821671,0.4268527047975825,0.038139978,0.029248607501094145,-0.000541921,0.4357565953438073,0.036210314369754124,0.027494834855395892,1.6604510791173836e-17,0.4334835900251711,368
2024,Davenport,pitching,Standard,SV/G,0.066207454,0.026287057838908265,-0.006162761,0.5245786361469666,0.065962632,0.028503731,-0.002370983,0.5280881542961633,0.057505239,0.024322421,3.4355912498290557e-18,0.6014836932921057,802
2024,Davenport,pitching,Fantasy,SV/G,0.069341923,0.030082122757356566,-0.005122706,0.6383153390622971,0.069181283,0.031460341,-0.001997442,0.6399891793681216,0.056954524455781065,0.022899155,3.861514137482288e-18,0.6344290635526124,368
2024,Marcel,pitching,Standard,SV/G,0.077243347,0.050970882,0.018855793879513975,0.3528766152724142,0.074906977,0.039413259751666464,0.000248003,0.39143150182654296,0.067650336,0.033423471,-8.75E-18,0.44846740107880045,802
2024,Marcel,pitching,Fantasy,SV/G,0.085228251,0.051919931,0.009948503,0.45360656361586693,0.084990902,0.043010279,-0.007653201,0.45664557972361475,0.068879769,0.033415723451383966,-4.63E-18,0.4653143033621808,368
2024,Razzball,pitching,Standard,SV/G,0.064491786,0.028781949893601458,-0.00593161,0.5488990676051483,0.064267088,0.03357614,0.002500426,0.5520369840789148,0.054959312351733944,0.026001266,2.498611818057495e-18,0.6359895504871591,802
2024,Razzball,pitching,Fantasy,SV/G,0.069331543,0.028921759770400172,-0.014131323,0.6384236212364524,0.068014976,0.033060378929039395,-0.004343783,0.6520254969753985,0.054768138,0.025304228,2.3169084824893726e-18,0.6619576240915606,368
2024,Steamer,pitching,Standard,SV/G,0.06008383,0.022365509567764456,-0.011324728,0.6084563897675042,0.059057109734471314,0.027288428,-0.002434138,0.621723555,0.049530616,0.023444231,3.7479177270862424e-18,0.7043494223129253,802
2024,Steamer,pitching,Fantasy,SV/G,0.061592737,0.025777621063972373,-0.011636444,0.7146372139369888,0.060582554,0.029065395880040337,-0.003462272,0.7239209351898777,0.048864257,0.022229809,7.723028274964576e-19,0.7309098535261651,368
2024,ZiPS,pitching,Standard,SV/G,0.064667329,0.02437564,-0.006907642,0.546439982,0.064332893,0.027120955,-0.002138512,0.5511191431541616,0.054034702272895516,0.022741092731315873,-2.81E-18,0.6481344113357805,802
2024,ZiPS,pitching,Fantasy,SV/G,0.066788176,0.028385654,-0.004628981,0.6644652603084915,0.066632522,0.030076200629201997,-0.000812424,0.6660274048266526,0.053469962,0.021393894,7.723028274964576e-19,0.6777930189107673,368
2024,Davenport,pitching,Standard,W/G,0.13682167958727876,0.084447431,0.001750254,0.22289085973228862,0.1386244424261352,0.090843658,0.022352347094256004,0.20227756362748095,0.1163539494594077,0.083995485,3.997778908891992e-17,0.46869141344723986,802
2024,Davenport,pitching,Fantasy,W/G,0.10370672983562305,0.073906858,-0.013044418,0.49192958600578374,0.10394581903088443,0.076592028,0.014825799,0.4895842382732606,0.10840127057895578,0.08138849,9.26763392995749e-18,0.4968227429798797,368
2024,Marcel,pitching,Standard,W/G,0.1441939617855804,0.1073151692818934,0.020622048111127757,0.13688963684866073,0.15778077572466062,0.12910337165317054,0.067291481,0,0.1345685897250924,0.11016077797547588,1.998889454445996e-17,0.2893234619970435,802
2024,Marcel,pitching,Fantasy,W/G,0.1251381231034232,0.091926359,-0.033094489,0.260242632,0.1255340115510731,0.10639686584396556,0.034561299,0.2555546175292729,0.12762090353238925,0.10691056776229785,-3.86E-17,0.30257760634050823,368
2024,Razzball,pitching,Standard,W/G,0.14572259691938627,0.10823104736571242,0.042404467,0.1184925507712763,0.14650060713912544,0.10899783756959634,0.045005459906608605,0.10905472007505068,0.11750406794625406,0.087756591,0,0.45813589853137326,802
2024,Razzball,pitching,Fantasy,W/G,0.1055444856775981,0.076732259,-0.00626568,0.473763313,0.10589137343145222,0.076895146,0.010611468426122251,0.4702985176312082,0.10893733532328012,0.081368703,-7.72E-18,0.49183382480784055,368
2024,Steamer,pitching,Standard,W/G,0.12510457107002818,0.081948935,0.005295495,0.35029151469685105,0.12782035045248394,0.086865162,0.026738185285056598,0.32177750498767166,0.11011784292370798,0.078841683,3.4980565452804933e-17,0.5241172452081126,802
2024,Steamer,pitching,Fantasy,W/G,0.10075949456955142,0.070537131,-0.025072585,0.5203968945592942,0.097816535,0.068789133,0.006650814,0.5480040168101563,0.10518293004554508,0.076554757,-4.63E-17,0.52625702,368
2024,ZiPS,pitching,Standard,W/G,0.13804197397022688,0.09832049,0.032864544,0.2089671772998879,0.13958688208711748,0.10037425646113372,0.038845711403039336,0.1911622813160303,0.11893727909891687,0.087971027,5.24708481792074e-17,0.4448369232160275,802
2024,ZiPS,pitching,Fantasy,W/G,0.10396438934101747,0.075353363,-0.003809407,0.4894018466047495,0.1051476617022404,0.078145729,0.016184811,0.47771294216839644,0.11173202214809083,0.084896216,-3.71E-17,0.4654263158347448,368
2024,Davenport,pitching,Standard,WHIP,0.968913166,0.3581425975236848,-0.091989145,0.002557296,0.9719605616669168,0.3587176942693049,-0.119902513,0,0.2939945658426969,0.17586252596043425,1.2992781453898976e-16,0.017092825909115206,802
2024,Davenport,pitching,Fantasy,WHIP,0.21302488410171613,0.1637903900445815,0.063951382,0,0.20380616316595188,0.15936432724121496,0.015720372229928392,0,0.18570392430990226,0.14350281386132838,-2.35E-16,0,368
2024,Marcel,pitching,Standard,WHIP,0.9806514903557736,0.35711687863307434,-0.162179328,0,0.9803107961306845,0.3568834363859935,-0.160106358,0,0.29170061497825756,0.17268822176099394,-8.00E-17,0.032371640498158105,802
2024,Marcel,pitching,Fantasy,WHIP,0.19653773700962912,0.15378760127890737,0.024805769433214376,0,0.19500800023433051,0.15346623616924324,-0.004045279,0.011305443302483842,0.17930046130767904,0.14011960399702114,-1.24E-17,0.041374575110746825,368
2024,Razzball,pitching,Standard,WHIP,0.9759320949945308,0.3541547305071912,-0.12710818,0,0.981621957,0.35625903119010627,-0.165211084,0,0.28770995452969617,0.1684315410802643,-5.00E-17,0.058666151,802
2024,Razzball,pitching,Fantasy,WHIP,0.19644877056912435,0.155083835,0.062506403,0,0.18640932814338415,0.14754120651916694,-0.007960435,0.096574036,0.16993468253955973,0.13321684685442634,0,0.13890676264841761,368
2024,Steamer,pitching,Standard,WHIP,0.9615691279911067,0.3485699978203841,-0.095303127,0.017620557,0.9674522299804785,0.3497041909646444,-0.142938152,0.005562935,0.28292192552399714,0.16635910940373022,-8.00E-17,0.089736541,802
2024,Steamer,pitching,Fantasy,WHIP,0.1946695055941558,0.1526457931693301,0.070256922,0.014734813890676102,0.1815998881207905,0.14503250252707042,-0.004282301,0.14259020821007962,0.16755561053015783,0.13324019041377952,-7.41E-17,0.16284846365952965,368
2024,ZiPS,pitching,Standard,WHIP,0.9599774665452364,0.35144503832828466,-0.093956129,0.020870081815279717,0.9650428448765976,0.3519665048530987,-0.136303743,0.010509946032000173,0.2865029547431801,0.17100197577327161,1.499167090834497e-16,0.066547745,802
2024,ZiPS,pitching,Fantasy,WHIP,0.2039930850928098,0.1591169280288484,0.0713564,0,0.1911313061665729,0.15109815789147538,0.003119819,0.050224547,0.17497341651917836,0.1381554820553691,-2.29E-16,0.087085147,368
2024,Davenport,pitching,Standard,wOBA,0.21959553504646498,0.20115932138449055,-0.198695284,0,0.094339618,0.059091463913688934,-0.012553112,0,0.048564969,0.034348217,7.495835454172485e-18,0,802
2024,Marcel,pitching,Standard,wOBA,0.090529779,0.054914004292746205,-0.015431416,0,0.091003475,0.055182801,-0.018003336,0,0.042640617,0.030618131,1.998889454445996e-17,0.038360895,802
2024,Razzball,pitching,Standard,wOBA,0.18384900567814177,0.15899254197673815,-0.147061266,0,0.11094941816508634,0.076754197,0.011676150029558964,0,0.068233528,0.047034373076188525,-9.99E-18,0,802
2024,Steamer,pitching,Standard,wOBA,0.091294818,0.055231075591219404,-0.024514974,0,0.089319892,0.053659066,-0.015629564,0.020952408,0.040723726735276744,0.029008642479311734,4.99722363611499e-18,0.12287765021856756,802
2024,ZiPS,pitching,Standard,wOBA,0.091440935,0.055761336052530516,-0.024469828,0,0.089216955,0.054102241,-0.014035419,0.023207735523231188,0.041621894748916206,0.029959866614077787,-1.75E-17,0.083760857,802
2025,ATC,batting,Standard,1B/(BIP-HR),0.085896065,0.049284838046567574,0.011008086,0,0.085922213,0.049304552491014966,0.011210289171006999,0,0.034951192,0.025136802745957636,1.7402410117075038e-17,0.07871572,668
2025,Marcel,batting,Standard,1B/(BIP-HR),0.086059519,0.049625369,0.010423060824528542,0,0.085987727,0.049572793916937974,0.009812668,0,0.036572414,0.026325687,1.615938082299825e-17,0,668
2025,OOPSY,batting,Standard,1B/(BIP-HR),0.085563037,0.048954292132721594,0.008186549,0,0.085624565,0.048991878,0.00880638,0,0.034848553,0.025172802,-2.36E-17,0.084118744,668
2025,Razzball,batting,Standard,1B/(BIP-HR),0.085760961,0.049740687,0.00772352,0,0.086128242,0.049970975,0.011080808506992267,0,0.035848776300121225,0.026203631935809157,4.972117176307154e-18,0.03078897,668
2025,Steamer,batting,Standard,1B/(BIP-HR),0.085536824,0.048920658327529044,0.011510426767561597,0,0.08532636,0.048746670799095816,0.009824943,0.00382062,0.034654540654023874,0.024924164,-6.22E-18,0.094288317,668
2025,The BAT,batting,Standard,1B/(BIP-HR),0.085436752,0.049033785833486915,0.007889666,0.001241329,0.08564005,0.049192332,0.009850198,0,0.035079962,0.025537228,-2.24E-17,0.071914694,668
2025,The BAT X,batting,Standard,1B/(BIP-HR),0.085466402,0.048895678,0.008303518,0.000547976,0.08567253,0.049048292,0.010209060076260342,0,0.034701130981585705,0.025122796108547767,-2.36E-17,0.091851362,668
2025,ZiPS,batting,Standard,1B/(BIP-HR),0.08728183,0.050420503,0.013014860900886355,0,0.087006311,0.050205452,0.011016671142539427,0,0.035705681,0.02597546,3.7290878822303655e-18,0.038511001,668
2025,ATC,batting,Standard,2B/(BIP-HR),0.038113429,0.024831605957716017,0.006872262,0,0.037820599,0.024520045,0.004999222,0.005576102,0.018985267439153672,0.013864853175440976,-3.11E-18,0.073535877,668
2025,Marcel,batting,Standard,2B/(BIP-HR),0.038572923,0.025536582273193886,0.007219842,0,0.038163596234602574,0.025063211535998223,0.00455146,0,0.020051017389739627,0.014776105745574168,-1.24E-18,0,668
2025,OOPSY,batting,Standard,2B/(BIP-HR),0.037732732317499316,0.024675869,0.007620363,0.010191298266169047,0.03722148,0.024066445,0.004444036,0.036832006,0.018740887312153644,0.013762881602244528,-8.08E-18,0.097233435,668
2025,Razzball,batting,Standard,2B/(BIP-HR),0.038599550365174796,0.025682805,0.007178265,0,0.038257198,0.02535895,0.005021497,0,0.020471827,0.015447863502812544,-5.59E-18,0,668
2025,Steamer,batting,Standard,2B/(BIP-HR),0.037896067435009506,0.024889711293118493,0.007284192,0.001603506,0.037508013,0.024420252,0.004878376,0.021945913587156696,0.019126184133410842,0.014060859030559442,2.1753012646343798e-18,0.059731618,668
2025,The BAT,batting,Standard,2B/(BIP-HR),0.037623795,0.024444236444763682,0.005673565,0.015898339436537068,0.037527667,0.024331961780130536,0.004996512,0.020920667963861383,0.018820186,0.0138237,1.2430292940767884e-18,0.089577503,668
2025,The BAT X,batting,Standard,2B/(BIP-HR),0.037623491241745896,0.024466383,0.005642527,0.015914246957810962,0.037512003,0.024333155,0.004843696,0.021737811,0.018953522258237966,0.013923893274219423,9.322719705575913e-18,0.07663156,668
2025,ZiPS,batting,Standard,2B/(BIP-HR),0.038667615,0.025504161734175343,0.008132019,0,0.038068505,0.024756336,0.004489584,0,0.019998214934143475,0.014675412771856671,4.661359852787956e-18,0,668
2025,ATC,batting,Standard,3B/(BIP-HR),0.007623739,0.005152162,0.000942314,0.08818111,0.007575008,0.004907972,0.000383789,0.099800727,0.006009199,0.004107976,-6.70E-19,0.21732289613678235,668
2025,Marcel,batting,Standard,3B/(BIP-HR),0.008024446,0.005713747,0.001666489,0,0.007873089,0.005405946,0.000609073,0.027560074,0.006288243,0.004437793,-1.94E-19,0.1429461104438886,668
2025,OOPSY,batting,Standard,3B/(BIP-HR),0.007709049,0.005481988,0.001714502,0.067660387,0.007557367,0.005073488,0.000789859,0.10398856026686032,0.005820439,0.004042502,6.215146470383942e-19,0.2657213225808329,668
2025,Razzball,batting,Standard,3B/(BIP-HR),0.00761181,0.005268122,0.001147724,0.091032537,0.007557879,0.005120269,0.000706513,0.10386720327911203,0.005944565,0.004120296,1.5537866175959855e-19,0.23406890554413307,668
2025,Steamer,batting,Standard,3B/(BIP-HR),0.007577023,0.005368156,0.001369449,0.099321587,0.007492562,0.005132009,0.000776272,0.11928940405844946,0.00586759,0.004101484,-8.55E-19,0.2537762780217351,668
2025,The BAT,batting,Standard,3B/(BIP-HR),0.007604749,0.005251497,0.001186803,0.092718167,0.007536554,0.005007753,0.000613144,0.10891708199264116,0.005862874,0.004033605,5.049806507186953e-19,0.2549754232919026,668
2025,The BAT X,batting,Standard,3B/(BIP-HR),0.007665144,0.005317749,0.00123343,0.078249946,0.007597003,0.005094134,0.000693806,0.094565362,0.006027729,0.004132322,2.3306799263939784e-19,0.2124885285164293,668
2025,ZiPS,batting,Standard,3B/(BIP-HR),0.008347658,0.006040159,0.002661371,0,0.008001112,0.005635235,0.001190499,0,0.006080132,0.004423368,-1.17E-19,0.1987361628323966,668
2025,ATC,batting,Standard,AVG,0.067211965,0.042953453,0.020701925746059294,0,0.066969285,0.042780499705861987,0.019899916,0,0.030484225,0.022125176,-1.12E-17,0.22369570358503188,668
2025,ATC,batting,Fantasy,AVG,0.02382033,0.018734553568195086,-0.003382773,0.18055585267797813,0.023582666715582994,0.018850129660697493,0.000420933,0.19682603279331268,0.022893223,0.018300132644760398,1.6147437021484973e-18,0.1963955532011742,277
2025,Marcel,batting,Standard,AVG,0.068844112,0.045192932,0.024253637,0,0.067824203,0.044374963362162345,0.021186072,0,0.03240936,0.023917705373575765,1.2430292940767884e-18,0.12254956171552145,668
2025,Marcel,batting,Fantasy,AVG,0.025518608629370464,0.020142632778874785,-0.001874895,0.05954552,0.025456571454818257,0.020173711,0.000594034,0.064112558,0.024804276991832235,0.019711122323983244,4.036859255371244e-18,0.056631005,277
2025,OOPSY,batting,Standard,AVG,0.063875821,0.041248235446869355,0.016902239083021447,0.081511419,0.063546715,0.040986699079287287,0.015612499906352393,0.090951657,0.030562014265965876,0.022365580104156388,4.972117176307154e-18,0.21972871737584054,668
2025,OOPSY,batting,Fantasy,AVG,0.024414052359690835,0.019252655183408598,-0.002064741,0.13919745933771088,0.024327356,0.019349438864020643,0.000193573,0.14530014180666573,0.023587219249235132,0.018796940142656562,6.62044917880884e-17,0.1469353587122011,277
2025,Razzball,batting,Standard,AVG,0.067570763,0.043038424,0.019762280969544264,0,0.067894762,0.043253949646510255,0.020843187602869233,0,0.030669345165503265,0.022105380570180456,7.458175764460731e-18,0.21423861622823948,668
2025,Razzball,batting,Fantasy,AVG,0.023694848594276487,0.018568166134896556,-0.005419659,0.1891665199346959,0.023076519,0.018328329436040812,0.00067276,0.23093259133405253,0.022449641874201055,0.017798181215056004,1.4532693319336477e-17,0.22723527716614844,277
2025,Steamer,batting,Standard,AVG,0.064840595,0.041981674012146857,0.020750316810874078,0.05355639,0.063672297,0.040952891,0.016746173863713874,0.087355165,0.030180307,0.021980133132798774,1.9888468705228615e-17,0.23909754318532683,668
2025,Steamer,batting,Fantasy,AVG,0.023485461578483458,0.018705104352450475,0.000600503,0.20343357494819747,0.023483964008683716,0.018699086222265664,0.000538762,0.20353515913755604,0.022785824547559896,0.018137089689560196,-1.45E-17,0.20391773061565888,277
2025,The BAT,batting,Standard,AVG,0.065956884,0.042033058,0.01720857,0.020688116694548953,0.066378786,0.04230216,0.018760798401614875,0.008119453,0.030558970983006136,0.021917008428896607,-3.73E-18,0.21988410425906557,668
2025,The BAT,batting,Fantasy,AVG,0.024385154728101623,0.018666944715243564,-0.005714714,0.14123402685364383,0.023707762,0.018612147056952705,0.000283101,0.18828251123181272,0.022969005491810527,0.018052442526221065,-2.91E-17,0.19106647111621633,277
2025,The BAT X,batting,Standard,AVG,0.06601114,0.042109648465703295,0.017642557071625594,0.019076283373682612,0.066400634,0.042365389,0.019048184503484503,0.00746641,0.030465012767040018,0.022032827982404413,-2.49E-18,0.2246738999923512,668
2025,The BAT X,batting,Fantasy,AVG,0.024201799,0.018758480476407307,-0.005504143,0.154099845,0.023571793,0.018787039079731723,0.000444887,0.19756654314700783,0.022904415223693974,0.018261191,6.458974808593989e-18,0.1956096168344711,277
2025,ZiPS,batting,Standard,AVG,0.066032717,0.042659445,0.021726026720999807,0.018434928945475493,0.064792502,0.041626296,0.017600252924854464,0.054959829,0.030181383,0.021740741,-1.99E-17,0.2390432848821702,668
2025,ZiPS,batting,Fantasy,AVG,0.023061548,0.018310042746812104,0.000426687,0.23193013985114508,0.023063476,0.018318515387326775,0.000520563,0.23180171563163443,0.022379108292886512,0.017784782,5.490128587304891e-17,0.23208348266405854,277
2025,ATC,batting,Standard,BABIP,0.0909753,0.053886769,0.018822661324949645,0,0.090540324,0.053546116,0.016593300582299308,0,0.037972538,0.02704498,-9.57E-17,0.10193473607793946,668
2025,Marcel,batting,Standard,BABIP,0.090933914,0.054990989,0.019309391450131504,0,0.090112823,0.054350799636510905,0.0149732,0,0.040179464847879015,0.029345786898236047,-6.22E-17,0,668
2025,OOPSY,batting,Standard,BABIP,0.089888189,0.052735081,0.017521415,0,0.089274946,0.05229364,0.014040275621438265,0.000215698,0.037746675649539874,0.02684437,-7.09E-17,0.11258641372916955,668
2025,Razzball,batting,Standard,BABIP,0.090159089,0.053145472,0.016049508924787858,0,0.090297347,0.05323998,0.016808818071400177,0,0.037934086,0.026881114199478858,-1.08E-16,0.1037526216206538,668
2025,Steamer,batting,Standard,BABIP,0.090081581,0.053272473,0.020164068011060125,0,0.089149982,0.052421093,0.015479591406638842,0.003012667,0.037800196,0.026798406534303817,-7.21E-17,0.11006814032778234,668
2025,The BAT,batting,Standard,BABIP,0.089622929,0.053011996,0.014750034563357778,0,0.089742482,0.053099982,0.015459855,0,0.038044035,0.027026628014375904,-6.71E-17,0.098549681,668
2025,The BAT X,batting,Standard,BABIP,0.08965172,0.052972697774552824,0.015179474688835178,0,0.089749477,0.053045548997574875,0.015746561925050643,0,0.037735926,0.026865001614072823,-9.07E-17,0.11309177497025691,668
2025,ZiPS,batting,Standard,BABIP,0.092848016,0.055276574,0.023808250685319308,0,0.09128364,0.053855892,0.016696753879363955,0,0.038444742715497485,0.027418840609741077,-2.98E-17,0.079460195,668
2025,ATC,batting,Standard,BB/PA,0.041726791,0.027947252174920282,0.005270351,0.1603015010345048,0.041668719,0.02786798,0.004788914,0.16263710369523465,0.022405780580808412,0.01713254,-4.51E-18,0.49412924625513543,668
2025,Marcel,batting,Standard,BB/PA,0.042391797,0.028745443020051942,0.00573582,0.1333234139814009,0.042375080144706506,0.028721985802358994,0.005610935,0.13400681180268303,0.023549599205555143,0.017907162180666278,-1.21E-17,0.4411613239112452,668
2025,OOPSY,batting,Standard,BB/PA,0.041451561,0.027487576,0.005175212,0.1713422455794249,0.041326357004851315,0.027314877773816432,0.004051995,0.17634060425891773,0.022466138900785766,0.017437958,-3.11E-19,0.4914000723793198,668
2025,Razzball,batting,Standard,BB/PA,0.042758088765012886,0.02895538,0.007870362,0.11828144592613221,0.04236603,0.02844124,0.005344995,0.13437666313469043,0.023210428780522027,0.017848762,5.36056383070615e-18,0.4571426257015958,668
2025,Steamer,batting,Standard,BB/PA,0.041638343,0.027776455,0.006825517,0.1638575307772786,0.041310565,0.027332495729615366,0.004404419,0.17696995471002575,0.022668709882986415,0.017467923,-4.97E-18,0.48218691180738227,668
2025,The BAT,batting,Standard,BB/PA,0.041468829951452894,0.027452655255351854,0.001873764,0.17065167008965865,0.041619084,0.02769768,0.00399941,0.16463082953490216,0.022237225129930312,0.016964853049611376,-6.45E-18,0.5017118025502025,668
2025,The BAT X,batting,Standard,BB/PA,0.041473318379838114,0.027501341,0.001765109,0.17047212935785672,0.041619762,0.027710528882167185,0.003909485,0.16460360225808646,0.022353981986092574,0.017050337422069368,-8.55E-19,0.49646552773582975,668
2025,ZiPS,batting,Standard,BB/PA,0.041671746,0.02745633,0.006447999,0.162515445,0.041386762,0.027092551551939972,0.00423159,0.17393102174446184,0.022007672050285615,0.016805407714838065,-8.93E-18,0.5119462812971345,668
2025,ATC,batting,Standard,HBP/PA,0.023826869743303194,0.009122591,-0.000698927,0.030622767,0.023841901131580995,0.009039805,-0.001097737,0.029399301,0.007704935,0.005257623,6.700704788382687e-19,0.28001183708494837,668
2025,Marcel,batting,Standard,HBP/PA,0.023964292635821987,0.009502555,-0.000175988,0.019408639,0.023975306007109818,0.009356073,-0.000747628,0.018507122355449046,0.008054956,0.005505452,-1.07E-19,0.21311052536157082,668
2025,OOPSY,batting,Standard,HBP/PA,0.023587035916768594,0.008894573,-0.000295925,0.050039448,0.023592833,0.008832505,-0.000600895,0.049572444,0.007542098,0.005219692,2.13645659919448e-19,0.3101228425482868,668
2025,Razzball,batting,Standard,HBP/PA,0.02372906,0.00917522,-0.000260571,0.038565093,0.023741449,0.00904438,-0.000809963,0.037560843,0.007651261,0.005229323,-5.73E-19,0.29000791821306815,668
2025,Steamer,batting,Standard,HBP/PA,0.023639878,0.009054882,-0.000175327,0.04577831,0.023649827311449625,0.008926342,-0.000707994,0.044974908,0.007534071,0.00515805,-3.79E-19,0.31159050599528193,668
2025,The BAT,batting,Standard,HBP/PA,0.023616114,0.009009936,-0.000403576,0.047695754785109123,0.023629207,0.008905355,-0.000883982,0.046639585,0.007563242,0.005196161,-2.14E-19,0.30624935313034984,668
2025,The BAT X,batting,Standard,HBP/PA,0.023616277981232215,0.009010184,-0.000403089,0.047682557706987705,0.023629363,0.00890544,-0.00088356,0.046626989,0.007563326,0.005195757,9.71116635997491e-19,0.306234006,668
2025,ZiPS,batting,Standard,HBP/PA,0.023720474,0.009507365,0.001201685,0.039260718272759565,0.023691403850330677,0.00912269,-0.000256501,0.041614076504945086,0.007752349,0.005383561,-1.61E-18,0.2711232528183134,668
2025,ATC,batting,Standard,HR/BIP,0.026811012205141625,0.020442048,0.005847954,0.22388108985533184,0.026942107,0.020571734200442972,0.006422251,0.21627274950148245,0.019503424,0.014641582836596743,-7.30E-18,0.47753874109317385,668
2025,ATC,batting,Fantasy,HR/BIP,0.016809476865484913,0.012914001997734181,-0.001307476,0.5422928300394712,0.016769203312242888,0.012981564705105312,0.000597628,0.5444834290653793,0.016987352,0.013037544594823279,3.0276444415284324e-18,0.5604043383881282,277
2025,Marcel,batting,Standard,HR/BIP,0.028012343,0.022060916575598798,0.00799085,0.152771166,0.027852557803759344,0.021873649234304775,0.007411294,0.16240897934089404,0.02085395,0.015920836,-1.13E-17,0.40267728029363425,668
2025,Marcel,batting,Fantasy,HR/BIP,0.018399019133160617,0.014271280149514703,-0.000479066,0.4516363453927493,0.018413686822251918,0.014400598475828922,0.00087719,0.45076168641608627,0.018544380815338407,0.014417584175035837,1.766125924224919e-18,0.47612617338847196,277
2025,OOPSY,batting,Standard,HR/BIP,0.026148305305575825,0.019664463956745055,0.00472487,0.2617746767516437,0.026160065771089022,0.019676272541333455,0.004789527,0.26111047876757787,0.019388972,0.014746869092916478,5.749010485105146e-18,0.4836526478645713,668
2025,OOPSY,batting,Fantasy,HR/BIP,0.016904707729170302,0.013334219545864143,-0.000777424,0.5370920354216299,0.016890911396698113,0.013290660007924254,0.000371662,0.5378473074116954,0.017098801695776704,0.013348782,-1.51E-19,0.5546172647748094,277
2025,Razzball,batting,Standard,HR/BIP,0.027170326688289007,0.020915284432588575,0.005778473,0.2029389903142168,0.027569764104589854,0.021322549748548154,0.007433437,0.1793311585430244,0.019846023,0.015003662539018426,-3.73E-18,0.4590223121501188,668
2025,Razzball,batting,Fantasy,HR/BIP,0.017151480894360367,0.013246126785787998,-0.002660316,0.5234784257568387,0.016957285857752885,0.013308297,0.000673446,0.5342080240572016,0.017230284,0.013400874003965108,-5.05E-19,0.5477413169302972,277
2025,Steamer,batting,Standard,HR/BIP,0.02639264,0.020088484,0.006372293,0.24791396318392367,0.026108630275885312,0.019758322,0.005069046,0.264013207,0.019402320643232423,0.014649173963779854,-2.95E-18,0.48294143777644916,668
2025,Steamer,batting,Fantasy,HR/BIP,0.016825680953828883,0.013189415266679615,0.000848878,0.5414099587538106,0.016812658791443866,0.013156270872958753,0.000531554,0.5421195315864595,0.017090949,0.013273648214768433,-6.16E-18,0.5550262595987078,277
2025,The BAT,batting,Standard,HR/BIP,0.026832864605290892,0.020349781974509977,0.004624555,0.2226154179341302,0.027116717,0.020634955,0.006058073,0.20608123101092113,0.019732042,0.014854442,1.5537866175959855e-18,0.46521840885858756,668
2025,The BAT,batting,Fantasy,HR/BIP,0.017293377,0.013320253218809332,-0.002285465,0.5155611710808379,0.017148332278510186,0.013344974,0.000477242,0.5236533664133318,0.017350835,0.013388533462097495,-7.57E-19,0.5413907617483521,277
2025,The BAT X,batting,Standard,HR/BIP,0.026696609172805367,0.02030659,0.005021707,0.23049038316630377,0.026937334906470774,0.020535976663694742,0.006174837,0.21655034065186807,0.019571762323737262,0.014807856693164175,-7.46E-18,0.47387099402076294,668
2025,The BAT X,batting,Fantasy,HR/BIP,0.017033946,0.013235256,-0.001945172,0.5299870130392289,0.016933974813672564,0.013250061689821018,0.000622797,0.535487785,0.017229333755975164,0.013363147573180195,-7.57E-18,0.5477912152538031,277
2025,ZiPS,batting,Standard,HR/BIP,0.025954228314467007,0.01941278,0.00471042,0.27269246677293313,0.026056987,0.019523114,0.005247156,0.2669219246840806,0.019092045,0.014066525388420409,-4.66E-19,0.49934648823748373,668
2025,ZiPS,batting,Fantasy,HR/BIP,0.016603808,0.012465289845206982,-0.001118064,0.5534246623409778,0.016574574035252865,0.012573654428037484,0.000529269,0.5549958389691827,0.01670318,0.012550462354124844,-2.57E-18,0.5749888149374124,277
2025,ATC,batting,Standard,OBP,0.07594307,0.047719093,0.022556542,0.00203623,0.075516662,0.047379782,0.021076383,0.013211582686618262,0.033489178344196215,0.024378879245819624,-7.46E-18,0.3109138674298614,668
2025,Marcel,batting,Standard,OBP,0.077694863,0.050459666,0.026499719015822487,0,0.076615873,0.049515593,0.023145956024784586,0,0.035646384063511505,0.026569860134052516,-2.86E-17,0.21927966826075307,668
2025,OOPSY,batting,Standard,OBP,0.072051751,0.045584292,0.019063087226671847,0.10168726347208157,0.071533142,0.045221809,0.016998145066597994,0.11457233794668831,0.032717647,0.024031622306956112,1.9888468705228615e-17,0.3422987867647932,668
2025,Razzball,batting,Standard,OBP,0.077080875,0.048570853,0.024001941463866867,0,0.076634087,0.048226707607880046,0.022525878,0,0.033745483962905075,0.024631741490020932,-2.49E-17,0.3003258199450777,668
2025,Steamer,batting,Standard,OBP,0.073659412,0.047078273,0.024097073,0.061152674,0.071938678,0.045513748,0.018169573,0.10450454185270974,0.03292303,0.024233578920833287,-4.97E-18,0.3340155115026109,668
2025,The BAT,batting,Standard,OBP,0.074273401,0.04661155,0.016987923,0.045435893,0.074900439,0.047037059,0.019548072346968037,0.029250443,0.033652039,0.024523108,1.8645439411151825e-17,0.30419540187938887,668
2025,The BAT X,batting,Standard,OBP,0.074266579,0.046548480887089724,0.017300292,0.045611248,0.07487203,0.046977639703748686,0.019738194471392412,0.029986679844319686,0.033561569,0.024472865446682562,-9.94E-18,0.30793155307288356,668
2025,ZiPS,batting,Standard,OBP,0.075112316,0.047908606,0.025864265,0.023750592,0.073108955,0.046072342,0.019287808950429877,0.07513225,0.033031019,0.024028208218941433,-8.70E-18,0.3296394096749069,668
2025,ATC,batting,Standard,PA,137.17373451346606,101.0616748502994,-3.718780539,0.6157871237752242,137.17373451346606,101.0616748502994,-3.718780539,0.6157871237752242,137.17373451346606,101.0616748502994,-3.718780539,0.6157871237752242,668
2025,ATC,batting,Fantasy,PA,140.15646127433766,106.93540361010831,-49.85086209,0,140.15646127433766,106.93540361010831,-49.85086209,0,140.15646127433766,106.93540361010831,-49.85086209,0,277
2025,Marcel,batting,Standard,PA,185.34418137309376,151.07035928143713,45.884730538922156,0.298564239,185.34418137309376,151.07035928143713,45.884730538922156,0.298564239,185.34418137309376,151.07035928143713,45.884730538922156,0.298564239,668
2025,Marcel,batting,Fantasy,PA,156.95721323661303,114.36823104693141,-68.31046931,0,156.95721323661303,114.36823104693141,-68.31046931,0,156.95721323661303,114.36823104693141,-68.31046931,0,277
2025,OOPSY,batting,Standard,PA,155.92505012821073,113.08532934131736,0.8218562874251497,0.5035657057621972,155.92505012821073,113.08532934131736,0.8218562874251497,0.5035657057621972,155.92505012821073,113.08532934131736,0.8218562874251497,0.5035657057621972,668
2025,OOPSY,batting,Fantasy,PA,160.46523066604672,117.9783393501805,-28.46209386,0,160.46523066604672,117.9783393501805,-28.46209386,0,160.46523066604672,117.9783393501805,-28.46209386,0,277
2025,Razzball,batting,Standard,PA,138.65217865834848,102.14221556886227,-19.07035928,0.6074604801592085,138.65217865834848,102.14221556886227,-19.07035928,0.6074604801592085,138.65217865834848,102.14221556886227,-19.07035928,0.6074604801592085,668
2025,Razzball,batting,Fantasy,PA,152.83662025501195,116.4404332129964,-64.57039711,0,152.83662025501195,116.4404332129964,-64.57039711,0,152.83662025501195,116.4404332129964,-64.57039711,0,277
2025,Steamer,batting,Standard,PA,132.50128624845487,98.84481273952096,-15.01640573,0.6415156679628234,132.50128624845487,98.84481273952096,-15.01640573,0.6415156679628234,132.50128624845487,98.84481273952096,-15.01640573,0.6415156679628234,668
2025,Steamer,batting,Fantasy,PA,145.95887088454052,114.11733891696751,-71.12648693,0,145.95887088454052,114.11733891696751,-71.12648693,0,145.95887088454052,114.11733891696751,-71.12648693,0,277
2025,The BAT,batting,Standard,PA,137.15134564685835,100.93027095808384,-3.251010479,0.6159125324603255,137.15134564685835,100.93027095808384,-3.251010479,0.6159125324603255,137.15134564685835,100.93027095808384,-3.251010479,0.6159125324603255,668
2025,The BAT,batting,Fantasy,PA,140.31969267838852,107.21401444043322,-49.89588448,0,140.31969267838852,107.21401444043322,-49.89588448,0,140.31969267838852,107.21401444043322,-49.89588448,0,277
2025,The BAT X,batting,Standard,PA,137.15134564685835,100.93027095808384,-3.251010479,0.6159125324603255,137.15134564685835,100.93027095808384,-3.251010479,0.6159125324603255,137.15134564685835,100.93027095808384,-3.251010479,0.6159125324603255,668
2025,The BAT X,batting,Fantasy,PA,140.31969267838852,107.21401444043322,-49.89588448,0,140.31969267838852,107.21401444043322,-49.89588448,0,140.31969267838852,107.21401444043322,-49.89588448,0,277
2025,ZiPS,batting,Standard,PA,264.6695516,217.89071856287424,182.69011976047904,0,264.6695516,217.89071856287424,182.69011976047904,0,264.6695516,217.89071856287424,182.69011976047904,0,668
2025,ZiPS,batting,Fantasy,PA,106.33952164090209,83.14079422382672,-0.144404332,0.19597743456031536,106.33952164090209,83.14079422382672,-0.144404332,0.19597743456031536,106.33952164090209,83.14079422382672,-0.144404332,0.19597743456031536,277
2025,ATC,batting,Standard,R/PA,0.089973265,0.033798245544579004,0.003481927,0.001644627,0.089921972,0.03363102,0.001701882,0.002782617,0.023715330797859212,0.016718285043660432,-1.37E-17,0.22965120494986824,668
2025,ATC,batting,Fantasy,R/PA,0.018080841,0.014046245113055317,0.000771949,0.3222126777334624,0.018071391,0.014052327852939984,0.00050426,0.3229209650967545,0.017637187838028034,0.013710451850766595,8.073718510742487e-18,0.3532830835210964,277
2025,Marcel,batting,Standard,R/PA,0.089676742,0.034378124725297214,0.005199816,0.008214302,0.089566232,0.033963231,0.002688838,0.010657193,0.024534376780935653,0.017786322028444868,7.458175764460731e-18,0.17552195563408135,668
2025,Marcel,batting,Fantasy,R/PA,0.019780724744853467,0.015594182,0.001295363,0.1887763964216984,0.019758257,0.015567619591271823,0.000888596,0.19061821398808065,0.019159466127455692,0.015046666745373556,1.6147437021484973e-18,0.2368281416390794,277
2025,OOPSY,batting,Standard,R/PA,0.089993203,0.034511491,-0.001681356,0.001202101,0.089978561,0.034559789998027564,-0.000437875,0.001527095,0.02489145,0.018313558264352384,-6.22E-19,0.15134841896201412,668
2025,OOPSY,batting,Fantasy,R/PA,0.019395283496225685,0.01580127,-0.001954429,0.22008289887353516,0.019302011,0.015617065727863564,0.00045871,0.22756611730334242,0.019074374304179555,0.015419825622734163,0,0.24359194998801204,277
2025,Razzball,batting,Standard,R/PA,0.090340676,0.034958482,0.002221732,0,0.090339959,0.034955757,0.002192375,0,0.024904803,0.018225922037087346,9.322719705575914e-19,0.15043763939631505,668
2025,Razzball,batting,Fantasy,R/PA,0.019292434771579714,0.015610467418722827,-0.000937594,0.2283324098833991,0.019282233079867362,0.015588624716173024,0.000696819,0.2291482979288505,0.018990709195351504,0.015364069,-4.84E-18,0.2502129975527284,277
2025,Steamer,batting,Standard,R/PA,0.090089456,0.034113615,0.000260099,0,0.09009447,0.034042092,-0.000985418,0,0.024564281850618482,0.017764530392774973,1.3673322234844672e-17,0.17351081,668
2025,Steamer,batting,Fantasy,R/PA,0.018863283098424447,0.015184839579539222,0.000947339,0.26228138111148724,0.01884252,0.015174522797662673,0.000338454,0.26390454755380444,0.018484500424221843,0.014890938570108673,-1.41E-17,0.28965230475390646,277
2025,The BAT,batting,Standard,R/PA,0.090304182,0.033775664,0.000642832,0,0.090305165,0.033782444887598434,0.000768663,0,0.023993619295300146,0.017128806152111778,1.274105026428708e-17,0.2114657508893063,668
2025,The BAT,batting,Fantasy,R/PA,0.018448334161465803,0.014591410219691146,-0.000837903,0.29438063289566296,0.018436258799974264,0.014542417,0.000506643,0.295304057,0.018062664,0.014250796478493687,-1.01E-17,0.32170414357232724,277
2025,The BAT X,batting,Standard,R/PA,0.090305109,0.033625108391283694,0.001033312,0,0.090304123,0.03361992,0.000943166,0,0.023855477,0.016994089,-9.32E-18,0.22051954314940592,668
2025,The BAT X,batting,Fantasy,R/PA,0.018263493,0.014433264406369875,-0.000573241,0.3084495721738181,0.018265661971769705,0.014366325070910737,0.000638627,0.3082852896273479,0.017950195596138065,0.014100834895684764,-1.70E-17,0.3301247822049862,277
2025,ZiPS,batting,Standard,R/PA,0.089780733,0.034653951848287644,0.006592914,0.005912769,0.089543038,0.033670371,0.00091769,0.011169505,0.024263985,0.017296256,-8.08E-18,0.19359483398388122,668
2025,ZiPS,batting,Fantasy,R/PA,0.019410892,0.015023556370452874,0.004671104,0.2188271070619272,0.018849672648603846,0.014548206762930805,0.000588767,0.2633455712483058,0.018385115695727195,0.014129124347183832,-6.06E-18,0.2972703546380353,277
2025,ATC,batting,Standard,RBI/PA,0.046345407,0.033683568,0.012545721923265703,0.052553031,0.045990027,0.033394545905833524,0.011161585669562777,0.067027498,0.028022254513190983,0.021441831,-5.59E-18,0.22305113571136492,668
2025,ATC,batting,Fantasy,RBI/PA,0.023353685183574332,0.018686213,-0.000526462,0.22221565963338719,0.023354805,0.018728792462281738,0.000573987,0.22214107666351546,0.023207391881789642,0.018650007124516612,1.756033776086491e-17,0.23887213443837707,277
2025,Marcel,batting,Standard,RBI/PA,0.047221102,0.034498157,0.014658499151713272,0.016410812989744006,0.046600701388822045,0.0339567,0.012516567825779897,0.042086239747644916,0.028672973873670776,0.022016116765953282,-6.22E-19,0.1865483064510849,668
2025,Marcel,batting,Fantasy,RBI/PA,0.024232694350967306,0.019414224,-5.09E-05,0.16256374048028288,0.024250603,0.0194906,0.000933191,0.16132552520274945,0.024142106,0.019492206543464362,-1.45E-17,0.17632618076504303,277
2025,OOPSY,batting,Standard,RBI/PA,0.046120703,0.034189494,0.006191343,0.061718104,0.046296978255314904,0.034310587,0.007390785,0.054532080608960976,0.030916659699001123,0.024133206209280028,3.7290878822303655e-18,0.054260733,668
2025,OOPSY,batting,Fantasy,RBI/PA,0.027099803,0.021971987217308732,-0.003038197,0,0.026930054653034673,0.021780647887696514,-0.000243242,0,0.026956710800808904,0.021772329964339955,5.046074069214054e-18,0,277
2025,Razzball,batting,Standard,RBI/PA,0.047148249560859126,0.034442290245215376,0.011429488,0.019443433,0.047442834,0.034665865889830026,0.012589608408298153,0.007152037,0.028503885514561282,0.021705339,3.107573235191971e-18,0.19611408441551192,668
2025,Razzball,batting,Fantasy,RBI/PA,0.023687545653912054,0.018769389923903212,-0.003357354,0.19981854723460302,0.023461403121124613,0.018712973961067827,0.000780669,0.2150241142009559,0.023272581844687504,0.018611287913448096,8.881090361816735e-18,0.2345900861726341,277
2025,Steamer,batting,Standard,RBI/PA,0.046023618,0.033887137,0.011702178540610782,0.065664125,0.045518349,0.033417525,0.009523006,0.086066679,0.028387228749318087,0.021762075,-4.35E-18,0.20268068588265187,668
2025,Steamer,batting,Fantasy,RBI/PA,0.023698692,0.019040782,0.000660489,0.19906529125360117,0.023697863454433536,0.019038694598003433,0.000630051,0.1991213107351828,0.023556236236328583,0.018925205,-2.22E-18,0.21581821094020837,277
2025,The BAT,batting,Standard,RBI/PA,0.046155709,0.033624962190677156,0.009238409,0.060293224635135534,0.046378519,0.03378263,0.010293967651006083,0.051198723,0.028776464627380482,0.022102969861018066,3.107573235191971e-18,0.18066564808062213,668
2025,The BAT,batting,Fantasy,RBI/PA,0.024328233888543126,0.019454710102360127,-0.003059153,0.15594739054711093,0.024137576814564986,0.019430938615441384,0.000343605,0.1691250037997465,0.024029322040888243,0.019389751,-8.07E-19,0.18400408206074959,277
2025,The BAT X,batting,Standard,RBI/PA,0.045986884,0.033595151,0.009689697,0.067155046,0.046146571213819605,0.033706236,0.010421266488849622,0.060665268736748934,0.028649006250061927,0.022104655,9.944234352614307e-18,0.1879076600762899,668
2025,The BAT X,batting,Fantasy,RBI/PA,0.024258964001586295,0.019488275,-0.002659338,0.1607470970795889,0.024117974259975593,0.019397169373544295,0.000501424,0.1704739924744184,0.024035839472948406,0.019377724,-1.41E-18,0.1835613796682003,277
2025,ZiPS,batting,Standard,RBI/PA,0.049738047,0.03705,0.019845259,0,0.046762669984346236,0.034242512667975636,0.010329970487154108,0.035415886,0.029416688792195944,0.022616627437667562,1.3673322234844672e-17,0.1438026847962216,668
2025,ZiPS,batting,Fantasy,RBI/PA,0.026001560917759355,0.021051648698762214,0.007310969,0.035844257,0.024956555,0.020058815349784806,0.00044577,0.11178601713069436,0.024842184,0.019875964,-1.21E-18,0.12786344603639999,277
2025,ATC,batting,Standard,SB/TOF,0.12169972684499411,0.060644832,0.001065122,0.2666339483603395,0.12172740352824822,0.059568664374063864,-0.002805662,0.2663003494540449,0.065032629,0.037452761,6.836661117422336e-18,0.49043699598289037,668
2025,ATC,batting,Fantasy,SB/TOF,0.045918662197094506,0.032901981,0.005588244,0.6322112473042069,0.045578841146228566,0.032370019173078156,0.000368361,0.6376347456603197,0.045385186,0.032382669,-7.87E-18,0.6328482099405444,277
2025,Marcel,batting,Standard,SB/TOF,0.1259414484886698,0.065222511,-0.002408143,0.21462158151752153,0.12600885215641114,0.064491394,-0.004773,0.2137806899348147,0.070399611,0.041817527,1.2430292940767884e-18,0.4028605168619892,668
2025,Marcel,batting,Fantasy,SB/TOF,0.052625692,0.037300403,0.004423984,0.5169238134036227,0.052440066,0.036520002,0.000262003,0.5203257098141376,0.051212577337401546,0.035894835,-2.02E-18,0.5325117742871266,277
2025,OOPSY,batting,Standard,SB/TOF,0.11678559084608514,0.058642791,0.005976462,0.32466366014181147,0.11664305215770106,0.056620833,-0.001563803,0.3263111718085724,0.062553359,0.036096258,-9.32E-18,0.528549028,668
2025,OOPSY,batting,Fantasy,SB/TOF,0.046583918,0.033286459,0.009036882,0.6214772317281014,0.045701537,0.032049344,0.000484099,0.6356811830934654,0.04551963,0.031994618,-1.80E-17,0.6306697657337881,277
2025,Razzball,batting,Standard,SB/TOF,0.12509931793142398,0.062383073645872866,-0.001025413,0.22508961911033976,0.12515647789558712,0.061526346,-0.003918684,0.22438131838363584,0.066460576,0.038418551,-6.22E-18,0.4678139764941228,668
2025,Razzball,batting,Fantasy,SB/TOF,0.046282585,0.033449564,0.004918296,0.6263584195866548,0.04602185,0.03272816,0.00035025,0.6305564076261383,0.045873992,0.032718058,6.458974808593989e-18,0.624897056,277
2025,Steamer,batting,Standard,SB/TOF,0.11885256887754599,0.059099781,-0.002079233,0.30054667152752623,0.11888921159698022,0.058659694,-0.003610362,0.30011531656043766,0.064220411,0.037556340000091816,-6.53E-18,0.5030857797171218,668
2025,Steamer,batting,Fantasy,SB/TOF,0.046742808639657366,0.033126316478227925,0.003671212,0.6188906540157358,0.046600458,0.032640286,0.000436283,0.6212083784900372,0.046125353,0.032525028,5.2479170319826165e-18,0.6207751297405657,277
2025,The BAT,batting,Standard,SB/TOF,0.1190383952166969,0.059261718,-0.000402745,0.2983577670341835,0.11908296082516637,0.058511497819447006,-0.003282412,0.2978323068874773,0.064557499,0.037150642,9.322719705575914e-19,0.49785555678085847,668
2025,The BAT,batting,Fantasy,SB/TOF,0.046952204968787103,0.032809241042276185,0.004574593,0.615468453,0.046729525,0.032397004,0.000256638,0.6191072338008229,0.045910356,0.032083898,-1.31E-17,0.624302123,277
2025,The BAT X,batting,Standard,SB/TOF,0.11848739610490212,0.059008639,0.000566055,0.30483818873388735,0.11850990838808541,0.058215668,-0.002378186,0.3045740059302099,0.063954357,0.036716835,-6.53E-18,0.5071945130005291,668
2025,The BAT X,batting,Fantasy,SB/TOF,0.046105886,0.032272092,0.004242967,0.6292059612981882,0.045911176262602105,0.031913734312574694,0.00029344,0.6323311557663869,0.045262453,0.031645382,-8.07E-19,0.6348312600389742,277
2025,ZiPS,batting,Standard,SB/TOF,0.11555056062933658,0.055431879892203634,-0.00378673,0.3388717589851047,0.11549947821589812,0.056021266,-0.001592712,0.3394561708826651,0.061700637,0.035638008,-6.22E-19,0.5413149749574069,668
2025,ZiPS,batting,Fantasy,SB/TOF,0.044592149341587825,0.031176096203237094,-0.001011474,0.6531539107013047,0.044583698,0.031283256,0.000519093,0.6532853646186598,0.044400264,0.031359396736673685,1.029399110119667e-17,0.6486107096973746,277
2025,ATC,batting,Standard,SLG,0.11581525586431515,0.080278963,0.04159327,0.024704290144498264,0.11512306729856525,0.079732248,0.039625084,0.036327476,0.064185657,0.047490792,-7.46E-17,0.3069892660724769,668
2025,Marcel,batting,Standard,SLG,0.12120800167350103,0.086616481,0.05283938,0,0.11770475124916965,0.083694754,0.044215708,0,0.067576541,0.050929373651897245,2.7346644469689344e-17,0.2318325581413283,668
2025,OOPSY,batting,Standard,SLG,0.10754393868453148,0.077609929,0.035585915,0.15903746582925837,0.10612850033291596,0.076674022,0.031047015145168295,0.18102842833220478,0.064145418,0.049120916,-4.97E-18,0.30785789999304913,668
2025,Razzball,batting,Standard,SLG,0.11746078329167968,0.081626182,0.041864730313004056,0,0.11796662518435651,0.082019021,0.043263665,0,0.065341539,0.048561696,9.944234352614307e-18,0.28180446235246936,668
2025,Steamer,batting,Standard,SLG,0.11037412125909182,0.079428567,0.043350622,0.11419262896983795,0.10673368661289341,0.076232628,0.032998631,0.1716616042174881,0.063513494,0.047480149,-5.22E-17,0.3214279179741746,668
2025,The BAT,batting,Standard,SLG,0.1127655971699582,0.078542508,0.03495641,0.075391205,0.11372672463283771,0.0792782,0.037942569,0.059562723952076846,0.064550608,0.048071723,2.237452729338219e-17,0.2990861277620127,668
2025,The BAT X,batting,Standard,SLG,0.11287609197109094,0.078984604,0.036227472,0.073578338,0.11364989598120712,0.079551939,0.038570927,0.060832929,0.064508082,0.048703321,2.9832703057842924e-17,0.30000933615986025,668
2025,ZiPS,batting,Standard,SLG,0.11106141584246808,0.078762522,0.042222065,0.10312651820214525,0.10835917922105164,0.076611922,0.034493135,0.14623924934282917,0.062914989,0.046265176,-3.73E-17,0.3341563868274593,668
2025,ATC,batting,Standard,SO/PA,0.089849772,0.054173348,-0.017040016,0.22521564944774286,0.089840995,0.054168909,-0.016993678,0.22536700028402334,0.042142396,0.031514459,2.796815911672774e-17,0.5773359936720515,668
2025,Marcel,batting,Standard,SO/PA,0.096024141,0.059106852490029546,-0.021537165,0.11507238068007597,0.096206049,0.05919515,-0.022334226,0.1117163969369045,0.047227023147284955,0.034756484,1.3673322234844672e-17,0.4691913763315224,668
2025,OOPSY,batting,Standard,SO/PA,0.085437027,0.051138915,-0.010346714,0.2994499914505815,0.085658249,0.051230671,-0.012037629,0.29581742993541316,0.040584653553037114,0.030588845366949884,1.9266954058190222e-17,0.6080050133969498,668
2025,Razzball,batting,Standard,SO/PA,0.093108183,0.05563615,-0.019362142,0.16800142413148855,0.092753157,0.05550807,-0.017575751,0.17433421940126914,0.043235801,0.032316428,3.977693741045723e-17,0.555119012,668
2025,Steamer,batting,Standard,SO/PA,0.087301009,0.052343283366235574,-0.01288802,0.26854870096229055,0.087232062,0.052314307,-0.012412389,0.2697036008261211,0.041587575,0.031485774,1.8023924764113432e-17,0.5883917919809378,668
2025,The BAT,batting,Standard,SO/PA,0.087594095,0.052934204,-0.015260631,0.26362922432235225,0.087788701,0.053033424062670025,-0.016340668,0.26035362678953555,0.041598640377852075,0.031052413990299284,3.9155422763418833e-17,0.5881727316939505,668
2025,The BAT X,batting,Standard,SO/PA,0.087557281,0.052918692994721704,-0.015188446,0.26424805859979095,0.087751202,0.052998781,-0.01626914,0.26098537505929076,0.041562888,0.031014979086506956,6.215146470383942e-18,0.5888803168552228,668
2025,ZiPS,batting,Standard,SO/PA,0.086235003,0.050855563,-0.013032246,0.28630270462038376,0.086141487,0.050814148,-0.012398366,0.2878497771289821,0.040053438990146586,0.029595997866134746,1.8645439411151827e-18,0.6181995395714868,668
2025,ATC,batting,Standard,wOBA,0.07578313,0.049083699,0.02679544,0,0.075113048,0.048558963284235264,0.024837127183928984,0.013150085,0.036253178892538526,0.026143522,-6.71E-17,0.31758468490118463,668
2025,Marcel,batting,Standard,wOBA,0.078344147,0.052567898106947716,0.032490476007960734,0,0.076389599,0.050898699,0.027444426047338936,0,0.038553101,0.028736205576948216,5.096420105714832e-17,0.22825254981210752,668
2025,OOPSY,batting,Standard,wOBA,0.070336897,0.046904725,0.023076103152247507,0.13466008459723267,0.069332819,0.046225233,0.019805739402434186,0.15918964864326512,0.035660331,0.026734354,3.8533908116380443e-17,0.33972126611491626,668
2025,Razzball,batting,Standard,wOBA,0.076782755,0.049845978870143644,0.027539814248477252,0,0.076521749,0.049655533,0.026803507229138008,0,0.036755368594345555,0.026881249099405476,-2.11E-17,0.29854770341585635,668
2025,Steamer,batting,Standard,wOBA,0.072480446,0.048321347,0.028253999642970366,0.081113119,0.070026066,0.046335698,0.021178368480325453,0.14229135227184908,0.035688980968651654,0.026225312288436272,1.1187263646691096e-17,0.33865987655147667,668
2025,The BAT,batting,Standard,wOBA,0.073484567,0.047920691,0.021212264749592362,0.055476832,0.074172455,0.04837251,0.023484710550113468,0.037710736,0.036422960720139876,0.026490372553025804,5.096420105714832e-17,0.3111779075518446,668
2025,The BAT X,batting,Standard,wOBA,0.073541278,0.047948066,0.021830002495292922,0.054018433,0.074145716,0.048371851,0.0237869,0.038404431,0.036289063,0.026497039246765944,-2.24E-17,0.31623307418464985,668
2025,ZiPS,batting,Standard,wOBA,0.073433069,0.048807552920165774,0.028832840231786106,0.05680021,0.071067349,0.046923297,0.022124308220669225,0.1165935686055084,0.035559892,0.025726106024680163,-1.74E-17,0.3434354233738197,668
2025,ATC,pitching,Standard,1B/(BIP-HR),0.2177580532818409,0.2023186425648623,-0.194181616,0,0.099453789,0.063779319,0.013378572306472635,0,0.058357801427501514,0.035714093,4.998322168459707e-18,0,802
2025,Marcel,pitching,Standard,1B/(BIP-HR),0.071182908,0.046871372769670294,-0.006606116,0,0.071253332,0.046897342063693975,-0.007326097,0,0.038048607,0.027444708367432735,4.998322168459707e-18,0.008343054,802
2025,OOPSY,pitching,Standard,1B/(BIP-HR),0.23440577334691806,0.22257962240843857,-0.221932307,0,0.075710858,0.049159730089119134,-0.006325849,0,0.043908220043720476,0.029466034537949708,4.998322168459707e-18,0,802
2025,Razzball,pitching,Standard,1B/(BIP-HR),0.19068518139689933,0.16634087500086206,-0.149562857,0,0.12281287791007305,0.090670211,0.033033509,0,0.086021903,0.061005407,7.185088117160828e-18,0,802
2025,Steamer,pitching,Standard,1B/(BIP-HR),0.23482182761389103,0.22338337283629056,-0.22302057,0,0.073740731,0.048119531360988406,-0.005880404,0,0.039810488874398246,0.028075151,3.7487416263447804e-18,0,802
2025,The BAT,pitching,Standard,1B/(BIP-HR),0.20300475912348057,0.180243221,-0.16670299,0,0.11719093950225676,0.085160049,0.017682501816638743,0,0.086504904,0.060737263,2.4991610842298535e-18,0,802
2025,ZiPS,pitching,Standard,1B/(BIP-HR),0.23137687059927525,0.2192031222209991,-0.216218929,0,0.082375173,0.051733848661071245,-0.001018982,0,0.044520547,0.029411696140418057,3.7487416263447804e-18,0,802
2025,ATC,pitching,Standard,2B/(BIP-HR),0.074673288,0.063972862,-0.057725518,0,0.04752303,0.03166239,0.003817573,0,0.026005235919901608,0.017542941331739375,3.7487416263447804e-18,0,802
2025,Marcel,pitching,Standard,2B/(BIP-HR),0.04211215,0.02825417,-0.000933044,0,0.042176223,0.028176306627446624,-0.002504241,0,0.022792359,0.016627308386745476,-5.00E-18,0,802
2025,OOPSY,pitching,Standard,2B/(BIP-HR),0.078256308,0.066270885,-0.065953798,0,0.042169262,0.027798402,-0.00202493,0,0.022872934767666254,0.015944513,4.373531897402243e-18,0,802
2025,Razzball,pitching,Standard,2B/(BIP-HR),0.068141544,0.056663342,-0.044495735,0,0.052501747,0.038109650196134257,0.009645403,0,0.032462891,0.023406339117043977,4.373531897402243e-18,0,802
2025,Steamer,pitching,Standard,2B/(BIP-HR),0.078389275,0.066492158,-0.066276476,0,0.041903342550229386,0.027605324,-0.001892853,0,0.022060511,0.015592575804790941,3.7487416263447804e-18,0,802
2025,The BAT,pitching,Standard,2B/(BIP-HR),0.070698743,0.058749614745658846,-0.049577908,0,0.050658556,0.036186404,0.005093719,0,0.032565427040209635,0.023481825,5.310717303988438e-18,0,802
2025,ZiPS,pitching,Standard,2B/(BIP-HR),0.077914995,0.066407191,-0.06425974,0,0.044063999,0.028784194236436883,-0.000451406,0,0.023099916,0.015986798,4.373531897402243e-18,0,802
2025,ATC,pitching,Standard,3B/(BIP-HR),0.012411825,0.005914037,-0.00471283,0,0.011485393487109925,0.006960659,0.000267642,0,0.006683955,0.004550318,-2.73E-19,0,802
2025,Marcel,pitching,Standard,3B/(BIP-HR),0.011662845713581747,0.006753778,-2.29E-05,0,0.011669494907290636,0.006692665,-0.000394542,0,0.006976935,0.004746034,-1.95E-19,0,802
2025,OOPSY,pitching,Standard,3B/(BIP-HR),0.012561549907857754,0.005470112,-0.005378716,0,0.011353592,0.006577811,-0.000205172,0,0.006602771,0.004491303,-3.12E-19,0,802
2025,Razzball,pitching,Standard,3B/(BIP-HR),0.012248261727665893,0.006414654,-0.003642189,0,0.011717546460714988,0.007380942,0.000739268,0,0.006853798,0.0046946,-3.12E-19,0,802
2025,Steamer,pitching,Standard,3B/(BIP-HR),0.012577083893469117,0.005509282,-0.005404829,0,0.011358198847388298,0.006600428,-0.000194483,0,0.006604449,0.004492115,-1.56E-19,0,802
2025,The BAT,pitching,Standard,3B/(BIP-HR),0.012270593581195364,0.006030929,-0.004053472,0,0.011587683737483248,0.007055975,0.000370916,0,0.006790637,0.004620958,-7.81E-20,0,802
2025,ZiPS,pitching,Standard,3B/(BIP-HR),0.012487715659283269,0.00559415,-0.005241622,0,0.011334659186570832,0.006677924,-7.78E-05,0,0.006604783,0.004499643,-1.56E-19,0,802
2025,ATC,pitching,Standard,BABIP,0.080165125,0.052797956,-0.004971391,0,0.08055252,0.052955772517708895,-0.00932609,0,0.041472279,0.030181998384270967,-5.00E-18,0.034097241,802
2025,Marcel,pitching,Standard,BABIP,0.080196747,0.053198794,-0.007562014,0,0.080491505,0.053324888,-0.01022488,0,0.04205055,0.030672147297806797,-1.50E-17,0.006973203,802
2025,OOPSY,pitching,Standard,BABIP,0.08032858,0.052516992,-0.011523916,0,0.080240401,0.052457198,-0.010892284,0,0.041018037633806084,0.029594862,-3.50E-17,0.055140236,802
2025,Razzball,pitching,Standard,BABIP,0.081101097,0.053872286,-0.007100738,0,0.081422894,0.054010152,-0.010135098,0,0.043003459,0.031038536590678168,-4.25E-17,0,802
2025,Steamer,pitching,Standard,BABIP,0.079704555,0.052646834947415795,-0.003140617,0.001444336,0.080295306,0.052714817,-0.010216824,0,0.041419212,0.030081536109492435,4.623448005825229e-17,0.036567561,802
2025,The BAT,pitching,Standard,BABIP,0.080624738,0.05300403,-0.011413657,0,0.080445563,0.052909024584258876,-0.010070345,0,0.041170805,0.029764477499662944,-3.25E-17,0.048089087464634694,802
2025,ZiPS,pitching,Standard,BABIP,0.080253448,0.053058136575996166,-0.007654348,0,0.080437249,0.053159324,-0.009387453,0,0.041677954,0.030529801,-5.00E-18,0.024493018166072855,802
2025,ATC,pitching,Standard,BB/BF,0.05151126,0.030230614709731075,-0.011970486,0.050974556235861446,0.051000434882223625,0.029940199533229534,-0.009535567,0.069703737,0.02412671,0.016318179,4.373531897402243e-18,0.26774197245034215,802
2025,Marcel,pitching,Standard,BB/BF,0.05344447,0.031644283,-0.014656941,0,0.052722359230624544,0.031290728,-0.011754221,0.005824196,0.025162087821591794,0.017146148441245984,-6.25E-19,0.20354492952230685,802
2025,OOPSY,pitching,Standard,BB/BF,0.049428772,0.029240354469846293,-0.00736384,0.1261575087161665,0.049567948931190764,0.029287273467090782,-0.008246466,0.12122961049799841,0.023488124218995293,0.016293264,9.371854065861951e-19,0.3059917966711675,802
2025,Razzball,pitching,Standard,BB/BF,0.053347073,0.031703349,-0.014980216,0,0.052369823077868825,0.03116586,-0.011004318,0.019075163130465755,0.025073952563216855,0.017238943772155194,-2.19E-18,0.20911464508255817,802
2025,Steamer,pitching,Standard,BB/BF,0.050787420220498675,0.029939403489841865,-0.012499848,0.077458687,0.05007637,0.029517557,-0.009193855,0.10310997216256623,0.023681456709212862,0.016375677357047244,-5.94E-18,0.2945199113587157,802
2025,The BAT,pitching,Standard,BB/BF,0.052288756942840464,0.030816105794311283,-0.012962095,0.022109667892163176,0.051756158,0.030580456,-0.010611397,0.041929241,0.024858968234432295,0.017092795,6.560297846103365e-18,0.22261862264759158,802
2025,ZiPS,pitching,Standard,BB/BF,0.05018118,0.029521714509162814,-0.010201545,0.099351661,0.049851059,0.029400642730603006,-0.008429042,0.11116266960939047,0.023806865721506237,0.016282992,3.1239513552873168e-18,0.287028157,802
2025,ATC,pitching,Standard,BF,145.51459056944185,105.08071770573567,5.532901496259352,0.5032649317910782,145.51459056944185,105.08071770573567,5.532901496259352,0.5032649317910782,145.51459056944185,105.08071770573567,5.532901496259352,0.5032649317910782,802
2025,ATC,pitching,Fantasy,BF,163.89973622913976,119.90714730878186,-45.65824079,0.22674928677320105,163.89973622913976,119.90714730878186,-45.65824079,0.22674928677320105,163.89973622913976,119.90714730878186,-45.65824079,0.22674928677320105,353
2025,Marcel,pitching,Standard,BF,171.47133565881632,127.11720698254364,17.98503740648379,0.31024509217955654,171.47133565881632,127.11720698254364,17.98503740648379,0.31024509217955654,171.47133565881632,127.11720698254364,17.98503740648379,0.31024509217955654,802
2025,Marcel,pitching,Fantasy,BF,182.7357261431523,131.57507082152975,-59.34844193,0.038806674,182.7357261431523,131.57507082152975,-59.34844193,0.038806674,182.7357261431523,131.57507082152975,-59.34844193,0.038806674,353
2025,OOPSY,pitching,Standard,BF,163.00768458095095,116.15425859787156,25.546305054534916,0.37665584005897546,163.00768458095095,116.15425859787156,25.546305054534916,0.37665584005897546,163.00768458095095,116.15425859787156,25.546305054534916,0.37665584005897546,802
2025,OOPSY,pitching,Fantasy,BF,178.45431980531836,124.4848807983796,-27.96930006,0.08331959,178.45431980531836,124.4848807983796,-27.96930006,0.08331959,178.45431980531836,124.4848807983796,-27.96930006,0.08331959,353
2025,Razzball,pitching,Standard,BF,158.23040647633385,115.45324189526184,-10.60436409,0.41265723248498387,158.23040647633385,115.45324189526184,-10.60436409,0.41265723248498387,158.23040647633385,115.45324189526184,-10.60436409,0.41265723248498387,802
2025,Razzball,pitching,Fantasy,BF,178.37353650951752,129.04022662889517,-50.30424929,0.084149334,178.37353650951752,129.04022662889517,-50.30424929,0.084149334,178.37353650951752,129.04022662889517,-50.30424929,0.084149334,353
2025,Steamer,pitching,Standard,BF,154.16780228695217,110.27858728179551,33.83457980049875,0.44243038244457045,154.16780228695217,110.27858728179551,33.83457980049875,0.44243038244457045,154.16780228695217,110.27858728179551,33.83457980049875,0.44243038244457045,802
2025,Steamer,pitching,Fantasy,BF,162.65816252927314,112.84360339943343,-3.885626062,0.2384199763407585,162.65816252927314,112.84360339943343,-3.885626062,0.2384199763407585,162.65816252927314,112.84360339943343,-3.885626062,0.2384199763407585,353
2025,The BAT,pitching,Standard,BF,161.08853742937018,113.41386857855362,-11.69633416,0.3912471399012257,161.08853742937018,113.41386857855362,-11.69633416,0.3912471399012257,161.08853742937018,113.41386857855362,-11.69633416,0.3912471399012257,802
2025,The BAT,pitching,Fantasy,BF,193.56183449913516,137.08318243626064,-61.2025762,0,193.56183449913516,137.08318243626064,-61.2025762,0,193.56183449913516,137.08318243626064,-61.2025762,0,353
2025,ZiPS,pitching,Standard,BF,208.65226593497732,165.65586034912718,111.81296758104739,0,208.65226593497732,165.65586034912718,111.81296758104739,0,208.65226593497732,165.65586034912718,111.81296758104739,0,802
2025,ZiPS,pitching,Fantasy,BF,147.83355237157383,109.79036827195468,1.3144475920679888,0.37091425271444434,147.83355237157383,109.79036827195468,1.3144475920679888,0.37091425271444434,147.83355237157383,109.79036827195468,1.3144475920679888,0.37091425271444434,353
2025,ATC,pitching,Standard,ER/BF,0.062199533,0.040721955,-0.012676018,0.007153273,0.061998461,0.040680765031473776,-0.011649409,0.01356203,0.032964208,0.023705682511604913,1.7494127589608973e-17,0.11750848351238918,802
2025,Marcel,pitching,Standard,ER/BF,0.063279646,0.042038366,-0.013291548,0,0.062907999,0.041930945,-0.011391579,0,0.034447681,0.025171861078629777,4.998322168459707e-18,0.036292523,802
2025,OOPSY,pitching,Standard,ER/BF,0.06251403,0.04076499,-0.015072309,0,0.061699795491354556,0.040504589724739457,-0.011226547,0.023043082676607263,0.032838627,0.023417804498055566,1.7494127589608973e-17,0.12421955512269967,802
2025,Razzball,pitching,Standard,ER/BF,0.062512416,0.041059901,-0.011499237,0,0.062748013,0.041099071,-0.01271784,0,0.03339317,0.023889667,-5.00E-18,0.094391377,802
2025,Steamer,pitching,Standard,ER/BF,0.062354491,0.040682633,-0.013905135,0.002200143,0.061826802422789616,0.040545804,-0.011305916,0.019016877832192747,0.032731615,0.023506656722843584,2.4991610842298535e-18,0.12991813872583924,802
2025,The BAT,pitching,Standard,ER/BF,0.062566945,0.041298919,-0.011674972,0,0.062813359,0.041327423,-0.012930603,0,0.033499896461811306,0.024173143137142764,7.497483252689561e-18,0.088593375,802
2025,ZiPS,pitching,Standard,ER/BF,0.061870935,0.040780857,-0.012165314,0.017615891,0.061580615674599826,0.040699539,-0.010590299,0.026813633080361887,0.033394212,0.024164700696842185,-7.50E-18,0.094334849,802
2025,ATC,pitching,Standard,ERA,4.394214879991892,2.093429604563037,-0.947812663,0,4.370755948662994,2.0915177576218977,-0.83230523,0,1.6687570927462019,1.0816084950671878,-2.40E-16,0.10284930278055693,802
2025,ATC,pitching,Fantasy,ERA,1.1161067786970944,0.8863339390836924,0.15438113047345212,0.13827986377018253,1.106057639380728,0.8683544864552382,0.038764592,0.15372742076104207,1.0307797344172493,0.8037247856283191,6.586502770345979e-16,0.18027437156865211,353
2025,Marcel,pitching,Standard,ERA,4.430543505682145,2.1489465104596834,-0.99502586,0,4.397281816981349,2.1426308689249534,-0.834534652,0,1.7281745561897324,1.1408603825975028,-8.00E-16,0.037824346965023015,802
2025,Marcel,pitching,Fantasy,ERA,1.1788725159553488,0.9397505065695182,0.11356524737294833,0.038634716,1.1743614882616875,0.9309124991966531,0.047765695,0.045978085,1.1007878037122578,0.8721300174186121,-5.07E-16,0.065145574,353
2025,OOPSY,pitching,Standard,ERA,4.391713299101485,2.0914918184344815,-1.024928763,0,4.347560142358968,2.0812455816597857,-0.81523767,5.807657120326937e-06,1.659858051868769,1.0671693142129364,7.197583922581977e-16,0.11239232502781316,802
2025,OOPSY,pitching,Fantasy,ERA,1.1052764606331882,0.864768099,0.04068698,0.15492239772228633,1.1048525351440588,0.8631949237795755,0.026804856234005917,0.1555705273908501,1.0227455336386249,0.7973394230549236,2.533270296286915e-16,0.19300293825255332,353
2025,Razzball,pitching,Standard,ERA,4.406422027557602,2.1058055158798594,-0.925130758,0,4.398755953144499,2.1055162802482035,-0.88789964,0,1.6893194702685905,1.0915672550700206,0,0.080603757,802
2025,Razzball,pitching,Fantasy,ERA,1.1185268700099509,0.8961791999376995,0.21479505016139064,0.13453881959499348,1.097811365238658,0.8583475397408923,0.014978260471204255,0.1662992448432009,1.024906140305644,0.8011251519510003,4.053232474059064e-16,0.18958968460589998,353
2025,Steamer,pitching,Standard,ERA,4.387689518920119,2.090011152723294,-0.990949078,0,4.353396454469582,2.0853861762448127,-0.825966978,0,1.6627432513202698,1.075758995331393,-8.00E-17,0.10930392731749683,802
2025,Steamer,pitching,Fantasy,ERA,1.0913392866521443,0.8687182818308564,0.093659024,0.17610033042524864,1.0877017339201536,0.8593436762515493,0.029079825,0.1815834719242082,1.014299701531053,0.7978973534629001,-1.01E-15,0.2062762681146415,353
2025,The BAT,pitching,Standard,ERA,4.4080088311975265,2.1199589822614637,-0.905778529,0,4.405532217017831,2.1197133131189827,-0.893648143,0,1.6963246800030467,1.102903634914828,-1.60E-16,0.072962908,802
2025,The BAT,pitching,Fantasy,ERA,1.1376098650043465,0.9248684438093514,0.23763575895198757,0.1047559388161513,1.1126425611812436,0.8767046588251025,0.016971090991359232,0.14362084596985192,1.0305954690861194,0.8102738023018436,-5.57E-16,0.1805674186833809,353
2025,ZiPS,pitching,Standard,ERA,4.356207453826039,2.0952263476806303,-0.898917801,0,4.33396273,2.091279002594741,-0.784055338,0.006251182,1.683403173197102,1.097029905926621,-9.60E-16,0.087032258,802
2025,ZiPS,pitching,Fantasy,ERA,1.147077659651549,0.9155864364759748,0.15417212217802373,0.089792535,1.1379305345881412,0.8999717269529167,0.053551728,0.1042511647102824,1.0685071221439655,0.8401962929759808,-1.01E-16,0.11917098341364896,353
2025,ATC,pitching,Standard,HBP/BF,0.01534589,0.009210988,-0.000341523,0.019440393205457096,0.015355577819361945,0.009154093,-0.000643484,0.018201937786042843,0.008320247,0.005524299,-2.34E-19,0.11206924433438059,802
2025,Marcel,pitching,Standard,HBP/BF,0.015375872,0.009312769,-0.000599254,0.015605077343176843,0.015386486541073434,0.009276439,-0.000828027,0.014245503872571508,0.008510104,0.005745773,6.247902710574634e-19,0.071084105,802
2025,OOPSY,pitching,Standard,HBP/BF,0.015438821,0.009438916,-0.000822143,0.007528304,0.015444569482029795,0.00942027,-0.000923818,0.006789144,0.008750568,0.00607414,8.981360146451035e-19,0.017847015,802
2025,Razzball,pitching,Standard,HBP/BF,0.015383801132356647,0.009167252,-0.001155362,0.014589561979031274,0.015370527661191905,0.009198059,-0.000962623,0.016289295,0.008404268,0.005640922,3.123951355287317e-19,0.094045409,802
2025,Steamer,pitching,Standard,HBP/BF,0.015250664890610005,0.009090863,-0.001059972,0.03157186,0.015239437322113528,0.009120393,-0.000883862,0.032997252,0.008291856,0.005576064,1.1324323662916524e-18,0.11811871486167735,802
2025,The BAT,pitching,Standard,HBP/BF,0.015329607614139052,0.009316727,-8.53E-05,0.021520072221861808,0.015342511811496526,0.00920681,-0.000634888,0.019872044,0.008353827,0.005587222,8.981360146451035e-19,0.10488756742324412,802
2025,ZiPS,pitching,Standard,HBP/BF,0.015330728934116357,0.009503053,0.000744106,0.021376921,0.015314149252807581,0.009335403,-0.000213569,0.023492473641526512,0.008522599,0.005741292,-7.32E-19,0.068354361,802
2025,ATC,pitching,Standard,HLD/G,0.089571952,0.065015202,0.009246308,0.3927104489978477,0.089549758,0.064982605,0.009028778,0.393011354,0.071046441,0.043874422,9.996644336919414e-18,0.5661346625471264,802
2025,Marcel,pitching,Standard,HLD/G,0.10297116659935174,0.087017307,0.029880378,0.19742986069305435,0.098637324,0.074654043,-0.004370085,0.26356520758867574,0.08635101,0.063048116,-7.50E-18,0.3590780439073019,802
2025,OOPSY,pitching,Standard,HLD/G,0.099258977,0.063553792,-0.020634571,0.254253337,0.097259947,0.068412117,-0.0057392,0.28398884,0.08346479,0.056701667,6.2479027105746335e-18,0.4012067162877223,802
2025,Razzball,pitching,Standard,HLD/G,0.10429935183609378,0.075224154,0.025090016809213314,0.17659225031364723,0.10195254671992156,0.074109988,0.01206134,0.21322982462750706,0.081377724,0.054636183097819854,1.2495805421149267e-17,0.43077838947393643,802
2025,Steamer,pitching,Standard,HLD/G,0.096356311,0.059953529,-0.023664558,0.2972318598274235,0.093546316,0.066202816,-0.005136713,0.33762320162147164,0.078007285,0.054246811653976434,3.7487416263447804e-18,0.47695309921017304,802
2025,The BAT,pitching,Standard,HLD/G,0.096738903,0.067644736,-0.002137198,0.291639969,0.096719253,0.068720863,0.000875259,0.29192771611533963,0.07916784,0.050744822,1.124622487903434e-17,0.461274041,802
2025,ZiPS,pitching,Standard,HLD/G,0.10104894013491114,0.065145253,-0.007739238,0.22711432757762906,0.10088372221577932,0.066112912,-0.005151011,0.22963964194937003,0.084934125,0.052583566,3.7487416263447804e-18,0.37993853651756015,802
2025,ATC,pitching,Standard,HR/BIP,0.050529034106718114,0.024193959780470085,-0.005204032,0.000190771,0.050445665757805576,0.02417794,-0.004320168,0.00348724,0.019540499,0.013376680851944529,6.2479027105746335e-18,0.086525892,802
2025,Marcel,pitching,Standard,HR/BIP,0.050554282669534274,0.024624748524363155,-0.004794588,0,0.050471044,0.024635408667328263,-0.003818226,0.00248434,0.020129925469889322,0.014114584,5.62311243951717e-18,0.030586011853097506,802
2025,OOPSY,pitching,Standard,HR/BIP,0.050386938392983166,0.023981902,-0.006736324,0.005806111,0.050092084825345454,0.023914908,-0.00396881,0.017407686,0.019262844451582835,0.013251182513865428,6.2479027105746335e-18,0.11230089174307922,802
2025,Razzball,pitching,Standard,HR/BIP,0.050497004,0.024292605087896827,-0.004363342,0.0014579,0.050462445757131796,0.024298466598398693,-0.003943314,0.002824179,0.019537192,0.013360474,3.7487416263447804e-18,0.086835023,802
2025,Steamer,pitching,Standard,HR/BIP,0.050167699,0.023770062,-0.004716627,0.014438993886742302,0.050116500196987726,0.023768003310005347,-0.004136683,0.016449601996590957,0.019169996968973292,0.013112900149625527,2.4991610842298535e-18,0.12083774026368743,802
2025,The BAT,pitching,Standard,HR/BIP,0.050596265,0.024220882,-0.00527229,0,0.050519328,0.024211745872020057,-0.004474094,0.000574853,0.019547338227853515,0.013435332716282613,9.37185406586195e-18,0.08588633,802
2025,ZiPS,pitching,Standard,HR/BIP,0.050609465101612336,0.024277442327231228,-0.006433349,0,0.050355056,0.024189051,-0.003962534,0.00706387,0.019785248,0.013710892,7.497483252689561e-18,0.063499669,802
2025,ATC,pitching,Standard,L/G,0.14741880157216378,0.09709315,-0.001850756,0.2669706481275246,0.1489464276675974,0.10270036524979004,0.021357915567258034,0.2516999135051293,0.11952332860531492,0.085329419,4.998322168459707e-17,0.42784565389362306,802
2025,Marcel,pitching,Standard,L/G,0.15892320923903372,0.11280989084007491,0.001362638,0.1480967692976758,0.1666536176942551,0.13132058363367166,0.050186638,0.063203836,0.13700254135342718,0.1072684591589103,1.9993288673838828e-17,0.24826444941505244,802
2025,OOPSY,pitching,Standard,L/G,0.1590535937920063,0.092841823,-0.042481791,0.1466983506928894,0.15406787347000478,0.10708833124001488,0.015606616285943446,0.1993553817098065,0.13472014809012725,0.10078259336610731,3.4988255179217946e-17,0.273102884,802
2025,Razzball,pitching,Standard,L/G,0.15794451033873888,0.1134790496048546,0.018667779524414087,0.15855703487377182,0.1612596001069819,0.11829631869046382,0.037505683207906704,0.1228643366147053,0.12410222004451321,0.090553525,1.7494127589608973e-17,0.38316793207232214,802
2025,Steamer,pitching,Standard,L/G,0.14427211921061886,0.088074603,-0.014097385,0.2979299692915902,0.1439478251586293,0.093150698,0.010260031799098849,0.3010826401000072,0.1190979273440425,0.083534005,-1.00E-17,0.4319111705342683,802
2025,The BAT,pitching,Standard,L/G,0.1518462581656592,0.10255866786289801,0.009072365,0.22227904445399982,0.15206209968642997,0.1028940398029172,0.012161572723459505,0.22006649366614062,0.118528806,0.083668211,-1.25E-17,0.43732753604047836,802
2025,ZiPS,pitching,Standard,L/G,0.15072232046624628,0.1046511000040501,0.029431418190459836,0.23374952667465598,0.1503512814642229,0.1041698702434133,0.027468132952675584,0.23751750029677055,0.12225474426924045,0.087740688,2.4991610842298535e-18,0.40139645332871576,802
2025,ATC,pitching,Standard,R/BF,0.066252396,0.043197718,-0.014254119,0,0.066037688,0.043119422,-0.013220291,0.004116443,0.034447729,0.024789891,6.2479027105746335e-18,0.11251259664495394,802
2025,Marcel,pitching,Standard,R/BF,0.067200647,0.044258532,-0.014593002,0,0.066801614,0.044117238,-0.012628715,0,0.035774172,0.026056661545024985,-1.25E-17,0.042849561175058226,802
2025,OOPSY,pitching,Standard,R/BF,0.066290452,0.043327503,-0.016300739,0,0.065507574,0.042956597,-0.012748813,0.020041079,0.034462984,0.024735661,-1.25E-18,0.11172634769381173,802
2025,Razzball,pitching,Standard,R/BF,0.066681158,0.043543376,-0.013487107,0,0.066847732,0.043595588882144466,-0.014287914,0,0.03503659,0.025061422232353768,1.9993288673838828e-17,0.081911209,802
2025,Steamer,pitching,Standard,R/BF,0.066611828,0.043360405318000596,-0.016490675,0,0.065823822,0.04300707,-0.012945354,0.010556431741282402,0.034255632,0.024620709329569106,-1.75E-17,0.12238307155883099,802
2025,The BAT,pitching,Standard,R/BF,0.066761335,0.043790842,-0.014323499,0,0.066781543,0.043796696,-0.014417392,0,0.035032399,0.025370147410908477,-5.00E-18,0.082130849,802
2025,ZiPS,pitching,Standard,R/BF,0.065911481,0.043117355,-0.014285624,0.007919329,0.065464532,0.042947160656943095,-0.012056559,0.021328421217567617,0.034843711,0.025183538,1.2495805421149267e-18,0.091991693,802
2025,ATC,pitching,Standard,SO/BF,0.060038823,0.042692328,0.009886924,0.18710703609852275,0.059587813428321555,0.042201573,0.006618042,0.19927401658190902,0.039121539938150734,0.029511832,4.998322168459707e-18,0.4376020902656429,802
2025,ATC,pitching,Fantasy,SO/BF,0.037230108,0.029589674154091222,-0.000579971,0.5054607561070674,0.037280606301052774,0.029499422663996334,-0.002024607,0.504118276,0.034448749,0.027181621797400222,1.3457998449024235e-17,0.5313522339981613,353
2025,Marcel,pitching,Standard,SO/BF,0.061560596,0.045337146349842754,0.012991651,0.14537684154884523,0.060498832,0.044226289,0.006259762,0.17460278846295552,0.041754288578789815,0.032111052,6.2479027105746335e-18,0.3593600881973892,802
2025,Marcel,pitching,Fantasy,SO/BF,0.040705893,0.032818297,0.001675835,0.4088104647342605,0.040800099,0.032357980279939934,-0.003238327,0.40607091228188963,0.037836467085231945,0.029988248,9.499763611075932e-18,0.4346455662209089,353
2025,OOPSY,pitching,Standard,SO/BF,0.059906851,0.043366237,0.005128863,0.1906767788394096,0.059841873337844534,0.04327777,0.004303984,0.19243147484285061,0.039960586,0.030626574690524846,-9.37E-18,0.41321970827974697,802
2025,OOPSY,pitching,Fantasy,SO/BF,0.037841911,0.030192155,-0.002287294,0.48907366644706174,0.037832383,0.030201836311960644,-0.002123832,0.48933092870313566,0.035011263976127756,0.027984189737933575,4.749881805537966e-18,0.5159221332187512,353
2025,Razzball,pitching,Standard,SO/BF,0.061196697,0.044138058882755696,0.011492168261210495,0.15545074156269412,0.060661863,0.043586084,0.008178987,0.17014826158572316,0.040052289751841004,0.030335137387939744,1.6244547047494046e-17,0.41052347665476807,802
2025,Razzball,pitching,Fantasy,SO/BF,0.037633456246956985,0.030148003781160334,-0.000742705,0.4946871059417959,0.037660850289998625,0.030070157,-0.001616857,0.49395118622191103,0.034792991,0.027585558427340427,3.1665878703586438e-18,0.5219391555340758,353
2025,Steamer,pitching,Standard,SO/BF,0.058992600160734966,0.042917572,0.00451217,0.21519077361704297,0.058956675572869696,0.042866788,0.004015271,0.21614632951158164,0.039863417995812035,0.030581789173424738,1.87437081317239e-17,0.41606987404629536,802
2025,Steamer,pitching,Fantasy,SO/BF,0.038064826968634405,0.030398058,-0.002459483,0.48303649059156095,0.03804838,0.030412001507740163,-0.002190251,0.48348313934710285,0.035066735259670814,0.027897933,8.70811664348627e-18,0.514386988,353
2025,The BAT,pitching,Standard,SO/BF,0.060197388760602495,0.043394287,0.010128138754342882,0.18280758184365342,0.059982512394608674,0.043178902,0.008761014,0.18863115473795988,0.040060082541140324,0.030261971,-1.87E-18,0.41029407088266223,802
2025,The BAT,pitching,Fantasy,SO/BF,0.038630623,0.030120041002660566,-0.002912302,0.46755395872147454,0.038553064,0.030146605761407385,-0.001579619,0.4696898107848577,0.035560876,0.027698893885548925,-3.17E-18,0.5006045984322753,353
2025,ZiPS,pitching,Standard,SO/BF,0.059553702,0.043374492571759356,0.004360198,0.2001905236646181,0.059611292033383445,0.043438167382377144,0.005086657,0.198642893,0.040634583962666115,0.031246999955156753,3.4363464908160484e-17,0.39325885061332966,802
2025,ZiPS,pitching,Fantasy,SO/BF,0.038926869,0.030937655,-0.003882687,0.4593563426961327,0.038779633,0.030976355370174156,-0.001906324,0.4634384398665282,0.036042325,0.028631903538916773,1.1083057546255253e-17,0.48699069680100127,353
2025,ATC,pitching,Standard,SV/G,0.068978909,0.028819122550391763,-0.003740074,0.48843530888411035,0.068891891,0.031872354279527726,0.001411029,0.4897251788192164,0.051566262,0.023748285516471533,-6.25E-19,0.6521702374912217,802
2025,ATC,pitching,Fantasy,SV/G,0.05866676,0.025578156381600506,-0.008368491,0.7235197395734926,0.058111745,0.028311719786621132,-0.002284253,0.7287262604558462,0.047122502,0.021288498919218846,3.562411354153474e-18,0.7265877840830692,353
2025,Marcel,pitching,Standard,SV/G,0.080185646,0.052010024,0.019870249941464718,0.30870854718767193,0.077686907,0.039765799,0.000586927,0.35112120605307007,0.064433161,0.03168624,4.373531897402243e-18,0.4569318791182245,802
2025,Marcel,pitching,Fantasy,SV/G,0.074184192,0.047118797,0.010338136848664085,0.5579181704697906,0.073863687,0.037787626,-0.00770889,0.5617298549630378,0.062170206,0.029731762499314907,7.124822708306948e-18,0.5240888907007786,353
2025,OOPSY,pitching,Standard,SV/G,0.072002255,0.026031516,-0.012647138,0.4426087909264409,0.070923394,0.031742696,-0.002398584,0.45918722798745715,0.053736695608117765,0.026450814,-1.87E-18,0.622273588,802
2025,OOPSY,pitching,Fantasy,SV/G,0.061577631,0.026562004990842845,-0.014630785,0.6954028143221789,0.059988989,0.030550448094034777,-0.00457537,0.7109166922911889,0.048705681,0.023955554741921858,1.5832939351793219e-18,0.707907461,353
2025,Razzball,pitching,Standard,SV/G,0.069834026,0.031689347,-0.004837187,0.47567315931106513,0.069736627,0.036452239,0.003131182,0.47713472314633587,0.052095326,0.026632434102534415,3.7487416263447804e-18,0.6449962386421576,802
2025,Razzball,pitching,Fantasy,SV/G,0.062219954,0.027333893164642964,-0.01491728,0.6890151067018414,0.060583709763877794,0.031831931,-0.004646342,0.7051564352552704,0.049186195963694355,0.024769327,3.1665878703586438e-18,0.7021156401532576,353
2025,Steamer,pitching,Standard,SV/G,0.06904271,0.025067677271674912,-0.011810633,0.4874885401420195,0.068062609,0.030483721733407184,-0.002261417,0.5019360492675191,0.050598981,0.025039765172263265,3.1239513552873168e-18,0.66509705,802
2025,Steamer,pitching,Fantasy,SV/G,0.058159894,0.025258740795937908,-0.012890152,0.7282765425101725,0.056839073443186595,0.029026640832253682,-0.003776649,0.7404781632796399,0.046091159559169786,0.022473760295171428,3.958234837948305e-18,0.7384248406624803,353
2025,The BAT,pitching,Standard,SV/G,0.069193968,0.030980559945940074,-0.000937516,0.48524047619939326,0.069210405,0.032625658,0.001775937,0.4849958783964169,0.052289082,0.024231004,1.2495805421149267e-18,0.6423506276433768,802
2025,The BAT,pitching,Fantasy,SV/G,0.058881638,0.027321618517937473,-0.00644014,0.7214907017134131,0.058578398,0.029209891097874686,-0.002420079,0.72435196,0.047692366,0.021806599839246026,5.145705289332796e-18,0.7199349114267866,353
2025,ZiPS,pitching,Standard,SV/G,0.08781248,0.028571878,-0.005870216,0.17095060476973667,0.08761626,0.031833226,-0.000191783,0.17465154688429696,0.058365013,0.024440266,3.1239513552873168e-18,0.5544046893824065,802
2025,ZiPS,pitching,Fantasy,SV/G,0.063160171,0.027145566,-0.007715009,0.6795453908714675,0.062716827,0.029585802991894006,-0.001927319,0.6840283736161323,0.050715951194861504,0.021823748,5.541528773127626e-18,0.6832983102257177,353
2025,ATC,pitching,Standard,W/G,0.12501415675325447,0.08858356,0.014789203124011784,0.2889509364821127,0.12709079884440155,0.091883532,0.027244307501276994,0.265131899,0.11339035022562785,0.082240897,1.7494127589608973e-17,0.4694392785031605,802
2025,ATC,pitching,Fantasy,W/G,0.10769549646022468,0.074057178,-0.016090828,0.4570983779634227,0.10656888497295434,0.074865248,0.004185934,0.468397643,0.10952579866371073,0.080691822,1.741623328697254e-17,0.45302536261883153,353
2025,Marcel,pitching,Standard,W/G,0.1341904215104256,0.10293579886647244,0.017843768062653753,0.1807353591547427,0.1461000361877591,0.12132380290208143,0.060469425,0.028860041,0.12774513832165893,0.10343685521176142,0,0.32660224600503296,802
2025,Marcel,pitching,Fantasy,W/G,0.12317772113962272,0.089502202,-0.036434513,0.28978411092672507,0.1206165776405778,0.10044834824213296,0.026515685244197687,0.3190110619335449,0.12103293485630777,0.099126324,-3.17E-18,0.3320538356401487,353
2025,OOPSY,pitching,Standard,W/G,0.13192141691046344,0.086036393,-0.018383953,0.2082067563846015,0.13214726687841608,0.09545536,0.019940152,0.20549332957804656,0.1324274736398961,0.097979376,1.124622487903434e-17,0.27633246531505584,802
2025,OOPSY,pitching,Fantasy,W/G,0.12995565150299587,0.087948962,-0.041406302,0.2094735679744183,0.12321591071972801,0.089076057,0.002858525,0.2893436570707515,0.13090383196786384,0.099046294,3.087423173599678e-17,0.21866181139297902,353
2025,Razzball,pitching,Standard,W/G,0.1399041647818893,0.10694021087505412,0.042461163,0.10948248985089015,0.13917037797784043,0.10626720408210803,0.039977107,0.11879938689586411,0.11795611982838791,0.086988772,1.9993288673838828e-17,0.4258519981931179,802
2025,Razzball,pitching,Fantasy,W/G,0.10973776812083355,0.077577823,-0.002688604,0.43631263505451157,0.1099641367210134,0.077255006,0.007547331,0.4339846721186008,0.10971301022608758,0.079292931,1.2666351481434575e-17,0.45115388588145855,353
2025,Steamer,pitching,Standard,W/G,0.11895810901627238,0.078019326,-0.003919334,0.3561728586183942,0.12074424493138353,0.083375311,0.021059491,0.3366937993363259,0.11042905249453831,0.077902318,-2.00E-17,0.4967896171510612,802
2025,Steamer,pitching,Fantasy,W/G,0.10633495344209211,0.071153875,-0.029334598,0.4707289441626765,0.10224628723351174,0.070209027,0.002774807,0.5106482478514005,0.10701178350413054,0.076816618,1.1083057546255253e-17,0.47784729035406637,353
2025,The BAT,pitching,Standard,W/G,0.12982742725634447,0.094027181,0.020504816089588974,0.2331435425577707,0.13184222697427272,0.095768315,0.030784078,0.2091570681455841,0.11133268962367106,0.080641479,-1.50E-17,0.48852041529268475,802
2025,The BAT,pitching,Fantasy,W/G,0.10279187951346783,0.073389188,-0.013068396,0.5054118940739674,0.10202462862159228,0.07135333,0.003692876,0.5127676686859184,0.10266827536073828,0.074983616,1.1083057546255253e-17,0.5193744379545826,353
2025,ZiPS,pitching,Standard,W/G,0.1262459433929611,0.093596443,0.038770685621372904,0.274869719,0.1235654415759573,0.090339596,0.0288712,0.3053353035459556,0.10811544432311262,0.081009781,3.9986577347677656e-17,0.5176543383645904,802
2025,ZiPS,pitching,Fantasy,W/G,0.09877404,0.07359278,0.008209866,0.5433203209207991,0.098760369,0.073572541,0.008043716,0.5434467296578913,0.10176189677497029,0.077960315,2.849929083322779e-17,0.5278231199184271,353
2025,ATC,pitching,Standard,WHIP,0.676551636,0.334491669,-0.172109239,0,0.6726092527815227,0.33251483898790335,-0.155893173,0,0.25517345153659793,0.16331796660954898,2.099295310753077e-16,0.14641111263762563,802
2025,ATC,pitching,Fantasy,WHIP,0.18377614993606303,0.1415894264152723,0.028214616350519476,0.12901450043977547,0.18177719509148474,0.14019437009894625,0.008083313,0.14785907655443264,0.16386925614326112,0.12569792741925995,-8.87E-17,0.22417352088703557,353
2025,Marcel,pitching,Standard,WHIP,0.6860914546638809,0.34302636647765705,-0.198204416,0,0.6776166750323808,0.3377748181477738,-0.16651686,0,0.2637196772897329,0.1705718728185697,5.997986602151649e-17,0.088277133,802
2025,Marcel,pitching,Fantasy,WHIP,0.1882506536727166,0.1449623324696444,0.011821891802389668,0.086085405,0.18792237128245295,0.1449661905325443,0.004033131,0.089270101,0.17203006972317422,0.13253001341597997,-2.41E-16,0.1449758840539942,353
2025,OOPSY,pitching,Standard,WHIP,0.6653153044586957,0.3304279151357687,-0.165926806,0,0.6616112123270519,0.32850994937358263,-0.150388321,0.00742374,0.25301433033107684,0.16032802809662702,-1.10E-16,0.16079509091485067,802
2025,OOPSY,pitching,Fantasy,WHIP,0.18181332012395937,0.1392930188106705,0.024802425396244734,0.14752034674435577,0.18020947405346263,0.13804161894439476,0.005876348,0.16249411913797251,0.16178558113468783,0.12351190308408913,4.433223018502101e-17,0.2437780831597658,353
2025,Razzball,pitching,Standard,WHIP,0.6829357620161914,0.34025141547000926,-0.194492226,0,0.6761207403945695,0.3363193486391306,-0.169012504,0,0.25924293086701833,0.16521976073414463,2.9989933010758243e-17,0.11896812346111707,802
2025,Razzball,pitching,Fantasy,WHIP,0.18013478627596569,0.13802819070947073,0.015111679546090342,0.16318818354266196,0.17950549925568984,0.1377114557284483,0.001430348,0.16902464651727866,0.1633325077488724,0.12446265574820177,-5.07E-17,0.22924758585562088,353
2025,Steamer,pitching,Standard,WHIP,0.6657379098613433,0.3300041328798528,-0.156564685,0,0.6651910594337807,0.3298121788624496,-0.154222831,0,0.25487066296128597,0.16297684121922917,1.5994630939071062e-16,0.14843564629626138,802
2025,Steamer,pitching,Fantasy,WHIP,0.1845835960925233,0.14328843999757462,0.038861192299921236,0.12134409423976422,0.18051338555943758,0.13950630163165972,0.004916369,0.1596669393018293,0.16361955991872257,0.12537426865276155,-2.15E-16,0.22653605496915474,353
2025,The BAT,pitching,Standard,WHIP,0.6841929084744337,0.34116837400149913,-0.19383063,0,0.6773814099222687,0.3378916513944624,-0.168214006,0,0.25911499320207393,0.16639376289350272,4.998322168459707e-17,0.11983749604081773,802
2025,The BAT,pitching,Fantasy,WHIP,0.17907526311415958,0.13810546843913443,0.014177609780462145,0.17300321193357104,0.17852797602569828,0.13718575259484458,0.002300648,0.17805039751031837,0.16126762104879105,0.12397046840047313,-2.85E-16,0.24861245418054545,353
2025,ZiPS,pitching,Standard,WHIP,0.6676062601562565,0.33256446781441695,-0.161164323,0,0.6644333470515027,0.3312540534853132,-0.147470312,0,0.25622542013799915,0.16472168159315542,1.2995637637995237e-16,0.13935865770862366,802
2025,ZiPS,pitching,Fantasy,WHIP,0.1866393830787034,0.14430571013914859,0.028629764013530706,0.1016631653939375,0.18464102017123762,0.14259977327160026,0.00881535,0.12079730833449598,0.16661854769030013,0.12778536371307622,-1.14E-16,0.1979225199567991,353
2025,ATC,pitching,Standard,wOBA,0.19984888984365903,0.18380008448632074,-0.177429811,0,0.091982807,0.063986571,0.00161115,0,0.058073178,0.039246149,1.7494127589608973e-17,0,802
2025,Marcel,pitching,Standard,wOBA,0.075278491,0.051806436,-0.020015895,0,0.074614958,0.051546705672958264,-0.017354448,0,0.042976622788592315,0.031431424059516065,5.498154385305677e-17,0.075763476,802
2025,OOPSY,pitching,Standard,wOBA,0.21385045699985353,0.20083145875455435,-0.200195837,0,0.076444657,0.054282957989478485,-0.013789155,0,0.047379457475923606,0.034645477,2.4991610842298535e-18,0,802
2025,Razzball,pitching,Standard,wOBA,0.17649447951373107,0.15368928554724218,-0.140830162,0,0.10782303302901279,0.08125372,0.017568146,0,0.078654082,0.056120162,4.998322168459707e-18,0,802
2025,Steamer,pitching,Standard,wOBA,0.2147281124836335,0.20215041414789883,-0.201463556,0,0.07564399,0.053284364756329174,-0.014192085,0,0.045422132,0.033247663,2.4991610842298534e-17,0,802
2025,The BAT,pitching,Standard,wOBA,0.18639832250891683,0.16503393192373086,-0.154682596,0,0.10409234934867584,0.077664057,0.004193814,0,0.078697467,0.055945891934305624,1.2495805421149267e-17,0,802
2025,ZiPS,pitching,Standard,wOBA,0.21162174066184472,0.1980946940947037,-0.195607268,0,0.08125724,0.056709830682307366,-0.009010066,0,0.048949705,0.035288054,1.9993288673838828e-17,0,802
