Name,Team,W,L,QS,ERA,G,GS,SV,HLD,BS,IP,TBF,H,R,ER,HR,BB,IBB,HBP,SO,K/9,BB/9,K/BB,HR/9,K%,BB%,K-BB%,AVG,WHIP,BABIP,LOB%,GB%,HR/FB,FIP,WAR,RA9-WAR,ADP,InterSD,InterSK,IntraSD,Vol,Skew,Dim,FPTS,FPTS/IP,SPTS,SPTS/IP,P10,P20,P30,P40,P50,P60,P70,P80,P90,TT10,TT20,TT30,TT40,TT50,TT60,TT70,TT80,TT90,NameASCII,PlayerId,MLBAMID
"Paul Skenes","PIT",14.0685,7.94103,14.1569,2.80005,29.795,29.795,0,0,,184.175,734.138,141.652,61.36,57.3,15.0679,45.6259,0.451966,6.53461,216.014,10.5559,2.22958,4.73445,0.736315,0.294241,0.062149,0.2320922650396824,0.207708,1.01685,0.28074,0.757707,,,2.70259,6.0326,5.71467,10.199999809265137,,,,,,,1080.9,5.874456521739131,998,5.423913043478261,,,,,,,,,,,,,,,,,,,"Paul Skenes","33677",694973
"Tarik Skubal","DET",14.5282,7.67782,15.0815,2.80981,29.37,29.37,0,0,,188.116,740.526,142.243,63.14,58.73,19.5009,38.8405,0.492518,6.06951,227.385,10.8788,1.85824,5.85433,0.93298,0.307059,0.0524499,0.254609365016222,0.204485,0.962616,0.273532,0.766952,,,2.78148,5.99952,5.77452,6.760000228881836,,,,,,,1095,5.824468085106383,999,5.3138297872340425,,,,,,,,,,,,,,,,,,,"Tarik Skubal","22267",669373
"Garrett Crochet","BOS",13.3511,8.025,14.2762,3.13983,28.875,28.875,0,0,,180.411,724.608,144.65,67.75,62.94,20.2212,44.5656,0.521269,5.15964,218.752,10.9127,2.2232,4.90854,1.00876,0.30189,0.061503,0.2403871901333332,0.214334,1.0488,0.285447,0.754886,,,2.99405,5.13044,4.60879,11.869999885559082,,,,,,,997,5.538888888888889,928,5.155555555555556,,,,,,,,,,,,,,,,,,,"Garrett Crochet","27463",676979
"Logan Webb","SFG",13.5272,8.93656,15.9612,3.36015,29.882,29.882,0,0,,192.768,792.192,179.706,77.26,71.97,15.3576,45.7157,0.838003,6.15506,184.447,8.61152,2.13438,4.03466,0.717017,0.232832,0.0577079,0.17512394487857819,0.242741,1.16939,0.304059,0.726564,,,3.06441,5.0174,4.47817,59.650001525878906,,,,,,,987.7,5.117616580310881,982,5.0880829015544045,,,,,,,,,,,,,,,,,,,"Logan Webb","17995",657277
"Cristopher Sánchez","PHI",13.6945,8.0174,15.0964,3.28998,28.98,28.98,0,0,,184.98,755.967,166.358,73.03,67.62,15.9077,45.8075,0.474231,5.63959,180.867,8.7999,2.22871,3.94842,0.773973,0.239253,0.0605945,0.17865833267569542,0.236129,1.14696,0.29631,0.732698,,,3.13193,4.62681,4.38353,25.59000015258789,,,,,,,946.6,5.1167567567567565,923,4.989189189189189,,,,,,,,,,,,,,,,,,,"Cristopher Sanchez","20778",650911
"Bryan Woo","SEA",13.3778,8.23156,14.5705,3.3,29.242,29.242,0,0,,182.727,728.509,149.405,71.59,67,23.4661,34.7627,0.489283,6.6874,185.525,9.13782,1.71219,5.33691,1.1558,0.254664,0.0477176,0.20694658532738686,0.217456,1.00788,0.263433,0.743995,,,3.45452,4.41846,4.35888,35.2400016784668,,,,,,,929.9000000000002,5.081420765027324,862,4.7103825136612025,,,,,,,,,,,,,,,,,,,"Bryan Woo","30279",693433
"Logan Gilbert","SEA",11.7568,8.09245,12.2626,3.41006,27.888,27.888,0,0,,164.267,659.586,133.123,66.57,62.24,21.4076,37.8747,0.514863,5.16244,192.816,10.5642,2.07511,5.09089,1.1729,0.292329,0.057422,0.23490680754184723,0.215916,1.04097,0.277673,0.740479,,,3.26772,4.16104,3.62085,35.65999984741211,,,,,,,866.5000000000002,5.283536585365855,804,4.902439024390244,,,,,,,,,,,,,,,,,,,"Logan Gilbert","22250",669302
"Chris Sale","ATL",10.7421,7.77953,12.3543,3.61997,25.49,25.49,0,0,,156.134,644.139,132.21,67.3,62.8,17.6472,44.1451,0.412546,8.27043,192.288,11.084,2.54465,4.35581,1.01723,0.298519,0.0685335,0.22998564690351486,0.223432,1.12951,0.300069,0.719128,,,3.14848,4.06068,3.08612,39,,,,,,,817.8,5.242307692307692,774,4.961538461538462,,,,,,,,,,,,,,,,,,,"Chris Sale","10603",519242
"Cole Ragans","KCR",10.7839,7.79643,11.3796,3.35985,26.135,26.135,0,0,,153.462,631.297,119.945,61.18,57.29,16.8668,54.7159,0.506561,4.93394,192.61,11.2959,3.20889,3.52018,0.989178,0.305102,0.0866723,0.21842967718839645,0.209824,1.13814,0.284613,0.751294,,,3.21984,4.01603,3.54702,46.97999954223633,,,,,,,817.1000000000001,5.340522875816994,750,4.901960784313726,,,,,,,,,,,,,,,,,,,"Cole Ragans","21846",666142
"Yoshinobu Yamamoto","LAD",13.0638,6.15852,12.3418,3.26004,26.407,26.407,0,0,,160.369,654.72,131.78,62.32,58.09,15.228,48.8886,0.386308,5.24644,175.028,9.82265,2.74366,3.58013,0.854604,0.267332,0.0746711,0.19266119599342346,0.21942,1.12658,0.284046,0.742699,,,3.19945,4.01507,3.91685,27.1200008392334,,,,,,,844.3,5.2768749999999995,793,4.95625,,,,,,,,,,,,,,,,,,,"Yoshinobu Yamamoto","33825",808967
"Jesús Luzardo","PHI",11.9969,8.95027,13.5851,3.7302,29.237,29.237,0,0,,175.213,728.046,152.429,78.44,72.62,21.2184,55.3312,0.492998,5.44259,196.193,10.0777,2.84215,3.54579,1.0899,0.269479,0.0759996,0.19347897171974182,0.228436,1.18576,0.291669,0.726295,,,3.51053,3.93287,3.15179,73.25,,,,,,,853.5,4.877142857142857,814,4.651428571428571,,,,,,,,,,,,,,,,,,,"Jesus Luzardo","19959",666200
"Hunter Brown","HOU",12.1015,9.10493,13.9919,3.56988,29.261,29.261,0,0,,178.317,737.516,149.039,75.35,70.73,19.2373,60.5498,0.54359,7.06096,193.238,9.75311,3.05607,3.19139,0.970945,0.262013,0.0820997,0.17991278320550919,0.222478,1.17537,0.283764,0.734925,,,3.50774,3.92322,3.68002,36.97999954223633,,,,,,,878.1,4.933146067415731,825,4.634831460674158,,,,,,,,,,,,,,,,,,,"Hunter Brown","25880",686613
"Max Fried","NYY",13.4596,7.74905,14.3571,3.2898,28.609,28.609,0,0,,179.409,737.565,150.485,70.38,65.58,16.6838,56.9844,0.471195,6.8584,168.447,8.45007,2.85861,2.95601,0.836937,0.228382,0.0772602,0.15112178772687912,0.223364,1.1564,0.273851,0.744597,,,3.5338,3.81785,4.30958,50.599998474121094,,,,,,,869.5000000000002,4.857541899441342,818,4.569832402234637,,,,,,,,,,,,,,,,,,,"Max Fried","13743",608331
"George Kirby","SEA",11.2914,8.45712,12.4118,3.64975,27.791,27.791,0,0,,163.91,666.856,146.803,71.02,66.47,20.0743,32.6396,0.441835,6.00038,158.65,8.7112,1.79218,4.86067,1.10224,0.237908,0.0489455,0.18896257504820824,0.233682,1.09476,0.281938,0.716424,,,3.49866,3.81367,3.18006,65.73999786376953,,,,,,,786.4000000000001,4.795121951219513,761,4.640243902439025,,,,,,,,,,,,,,,,,,,"George Kirby","25436",669923
"Joe Ryan","MIN",10.6606,9.40811,13.0892,3.76006,27.993,27.993,0,0,,168.125,682.834,139.451,74.94,70.24,25.3117,39.4728,0.433025,7.36014,185.018,9.90431,2.11304,4.68722,1.35498,0.270956,0.0578073,0.213148545473814,0.219262,1.06423,0.268139,0.724689,,,3.72705,3.73486,3.01264,79.73999786376953,,,,,,,806.3000000000001,4.799404761904762,747,4.446428571428571,,,,,,,,,,,,,,,,,,,"Joe Ryan","21390",657746
"Dylan Cease","TOR",11.5627,8.8167,12.5162,3.72015,28.971,28.971,0,0,,168.114,698.184,135.407,74.41,69.49,22.05,62.2389,0.581993,5.72643,202.438,10.8375,3.33197,3.2526,1.18045,0.28995,0.089144,0.20080552995204926,0.214858,1.17567,0.279391,0.738932,,,3.64473,3.55024,3.11959,74.7300033569336,,,,,,,821.5999999999999,4.89047619047619,754,4.488095238095238,,,,,,,,,,,,,,,,,,,"Dylan Cease","18525",656302
"Framber Valdez","DET",12.3447,9.16033,15.6761,3.6499,28.68,28.68,0,0,,185.972,778.851,166.986,81.39,75.42,16.7509,63.829,0.519245,9.0283,168.802,8.16908,3.08897,2.6446,0.810647,0.216732,0.0819528,0.13477952033281326,0.236527,1.24113,0.28867,0.720594,,,3.66602,3.42033,3.55871,84.66999816894531,,,,,,,852.1000000000001,4.5811827956989255,828,4.451612903225806,,,,,,,,,,,,,,,,,,,"Framber Valdez","17295",664285
"Zack Wheeler","PHI",9.52675,5.78575,10.2726,3.30974,20.767,20.767,0,0,,129.3,524.735,101.981,50.96,47.55,15.431,37.3114,0.321291,5.18092,151.462,10.5426,2.59708,4.0594,1.07408,0.288644,0.0711052,0.21753932535648346,0.211473,1.07728,0.274458,0.750558,,,3.32969,3.25548,3.04253,113.58999633789062,,,,,,,680.8999999999999,5.27829457364341,626,4.852713178294573,,,,,,,,,,,,,,,,,,,"Zack Wheeler","10310",554430
"Ranger Suarez","BOS",11.0418,8.52452,13.0036,3.71006,27.06,27.06,0,0,,164.763,685.621,153.392,73.12,67.92,17.0656,46.2358,0.604667,5.30636,142.125,7.76343,2.52558,3.07392,0.932191,0.207294,0.0674363,0.1398576721549034,0.241912,1.2116,0.28707,0.719874,,,3.6949,3.24786,3.03069,180.3300018310547,,,,,,,745.1000000000001,4.5157575757575765,735,4.454545454545454,,,,,,,,,,,,,,,,,,,"Ranger Suarez","17277",624133
"Jacob deGrom","TEX",10.421,8.29923,12.2621,3.69025,26.006,26.006,0,0,,157.038,632.986,125.081,68.4,64.39,23.3085,40.6855,0.454948,4.25915,172.19,9.8684,2.33173,4.23223,1.33583,0.272029,0.0642755,0.20775331556797028,0.212707,1.05558,0.259264,0.731338,,,3.7303,3.18084,3.04213,48.91999816894531,,,,,,,762.9000000000001,4.859235668789809,695,4.426751592356688,,,,,,,,,,,,,,,,,,,"Jacob deGrom","10954",594798
"Freddy Peralta","NYM",11.091,8.63646,11.9616,3.71021,28.148,28.148,0,0,,162.209,670.673,128.225,71.24,66.87,21.6376,59.5354,0.421351,7.36773,179.302,9.94837,3.30326,3.01168,1.20054,0.267346,0.0887696,0.1785763055086136,0.212373,1.15752,0.264595,0.739963,,,3.89585,3.16295,3.04679,56.599998474121094,,,,,,,752.3999999999999,4.644444444444444,681,4.203703703703703,,,,,,,,,,,,,,,,,,,"Freddy Peralta","18679",642547
"Sonny Gray","BOS",10.6766,9.24556,12.9712,3.97003,27.977,27.977,0,0,,166.578,692.329,151.86,78.98,73.48,23.0085,45.2921,0.424087,5.95304,170.884,9.23265,2.44707,3.77293,1.24312,0.246825,0.0654198,0.18140489608049393,0.236881,1.18354,0.288136,0.716455,,,3.80195,3.15817,2.52159,134.75,,,,,,,746.7,4.47125748502994,725,4.341317365269461,,,,,,,,,,,,,,,,,,,"Sonny Gray","12768",543243
"Spencer Strider","ATL",9.83745,8.74585,12.0873,4.11999,26.21,26.21,0,0,,155.141,653.19,137.562,75.82,71.02,21.0157,51.9222,0.520702,6.30017,182.424,10.5827,3.01209,3.51342,1.21916,0.279282,0.0794901,0.19979184120893478,0.231209,1.22137,0.29767,0.710124,,,3.67028,3.12871,2.06144,107.7699966430664,,,,,,,719.9000000000001,4.644516129032259,692,4.464516129032258,,,,,,,,,,,,,,,,,,,"Spencer Strider","27498",675911
"MacKenzie Gore","TEX",9.73981,9.3728,11.3309,4.02013,27.648,27.648,0,0,,155.704,657.723,135.881,74.42,69.55,19.5074,58.3387,0.457058,5.77161,178.003,10.2889,3.37209,3.0512,1.12757,0.270635,0.088698,0.18193695694208145,0.228905,1.24737,0.293797,0.717754,,,3.71265,3.00063,2.33375,163.5800018310547,,,,,,,718.8000000000001,4.607692307692308,684,4.384615384615385,,,,,,,,,,,,,,,,,,,"MacKenzie Gore","22201",669022
"Tanner Bibee","CLE",10.1879,10.3994,13.914,4.01025,28.616,28.616,0,0,,174.019,725.831,157.87,83.18,77.54,23.3969,50.0648,0.521602,7.33883,156.657,8.10209,2.58928,3.12909,1.21005,0.215832,0.0689758,0.1468559429049492,0.236181,1.1949,0.275348,0.712155,,,4.07214,2.97018,2.55511,186.25,,,,,,,736.9000000000003,4.23505747126437,714,4.103448275862069,,,,,,,,,,,,,,,,,,,"Tanner Bibee","30134",676440
"Brandon Woodruff","MIL",9.46669,8.07128,10.7317,3.71,24.934,24.934,0,0,,144.485,589.24,118.345,63.58,59.56,20.8615,39.1513,0.418049,5.51056,152.698,9.5116,2.43874,3.90021,1.29947,0.259144,0.0664437,0.1927006021142006,0.217314,1.09005,0.262745,0.73206,,,3.82578,2.94143,2.61213,127.51000213623047,,,,,,,671.5000000000002,4.663194444444446,618,4.291666666666667,,,,,,,,,,,,,,,,,,,"Brandon Woodruff","16162",605540
"Matthew Boyd","CHC",10.47,8.47443,12.1431,3.90007,26.685,26.685,0,0,,157.797,654.314,139.162,73.18,68.38,21.2409,44.7178,0.42562,6.85358,144.649,8.25009,2.5505,3.2347,1.21148,0.221069,0.068343,0.15272628515958786,0.23088,1.16529,0.269932,0.718164,,,4.03217,2.85001,2.56947,222.16000366210938,,,,,,,683.5000000000001,4.325949367088608,651,4.120253164556962,,,,,,,,,,,,,,,,,,,"Matthew Boyd","15440",571510
"Nathan Eovaldi","TEX",9.96948,8.07418,12.2311,3.80024,24.852,24.852,0,0,,152.706,628.51,134.941,68.69,64.48,19.7108,40.2039,0.502553,5.95299,148.401,8.74628,2.36949,3.69121,1.16169,0.236116,0.0639671,0.17214880138635635,0.231717,1.14694,0.278172,0.721484,,,3.77629,2.80651,2.66918,139.77999877929688,,,,,,,693.2,4.530718954248366,663,4.333333333333333,,,,,,,,,,,,,,,,,,,"Nathan Eovaldi","9132",543135
"Jack Flaherty","DET",9.68658,9.50224,11.4996,4.05989,27.692,27.692,0,0,,156.684,657.796,140.025,75.78,70.68,22.76,49.2947,0.487925,7.29053,173.665,9.97538,2.83151,3.52299,1.30735,0.26401,0.0749392,0.18907077610492706,0.232905,1.20829,0.289696,0.72109,,,3.8902,2.78981,2.18958,214.4600067138672,,,,,,,694.9000000000001,4.426114649681529,666,4.24203821656051,,,,,,,,,,,,,,,,,,,"Jack Flaherty","17479",656427
"Eury Pérez","MIA",8.42262,9.70648,9.66828,3.87017,26.742,26.742,0,0,,143.575,591.633,116.962,66.01,61.74,20.6169,46.6071,0.436055,5.0376,156.529,9.812,2.92157,3.35847,1.29237,0.264571,0.0787771,0.1857934445142746,0.216602,1.13926,0.26553,0.724241,,,3.90056,2.76259,2.39713,81.86000061035156,,,,,,,661.1000000000001,4.590972222222224,605,4.201388888888889,,,,,,,,,,,,,,,,,,,"Eury Perez","27768",691587
"Kris Bubic","KCR",8.37729,8.82793,6.17646,3.89313,29.807,23.691,0,0.666,,137.388,579.874,127.384,63.63,59.43,14.8011,44.9943,1.24928,4.88754,135.179,8.85532,2.94748,3.00437,0.969588,0.233118,0.0775931,0.1555253192782402,0.24035,1.25468,0.29626,0.717068,,,3.65702,2.74903,2.08668,197.25999450683594,,,,,,,623.1000000000001,4.548175182481753,614,4.481751824817518,,,,,,,,,,,,,,,,,,,"Kris Bubic","21455",663460
"Kevin Gausman","TOR",10.9728,9.8964,14.6654,4.41011,28.915,28.915,0,0,,177.812,749.629,167.67,92.8,87.13,26.5108,54.2598,0.618183,4.44402,171.143,8.66243,2.74637,3.15414,1.34185,0.228303,0.0723821,0.15592104941606522,0.242674,1.24811,0.286169,0.698699,,,4.13882,2.74504,1.78438,116.04000091552734,,,,,,,716.3,4.024157303370786,707,3.9719101123595504,,,,,,,,,,,,,,,,,,,"Kevin Gausman","14107",592332
"Michael King","SDP",9.90009,9.11445,11.4687,4.0001,27.372,27.372,0,0,,155.696,656.616,139.352,74.24,69.2,20.1928,54.0646,0.650821,6.93581,155.464,8.98659,3.1252,2.87552,1.16724,0.236765,0.0823383,0.154427208006382,0.233963,1.24227,0.28374,0.721641,,,3.99951,2.74392,2.33395,125.98999786376953,,,,,,,674.0000000000001,4.320512820512821,647,4.147435897435898,,,,,,,,,,,,,,,,,,,"Michael King","19853",650633
"Luis Castillo","SEA",10.8448,9.53042,13.7998,4.1801,28.405,28.405,0,0,,172.008,718.606,157.763,85.44,79.89,24.944,49.4306,0.638371,6.35599,156.619,8.19482,2.58636,3.16847,1.30515,0.217949,0.0687868,0.14916234463453293,0.238019,1.20456,0.275985,0.706753,,,4.17226,2.73288,2.21896,172.27999877929688,,,,,,,703.5,4.090116279069767,684,3.9767441860465116,,,,,,,,,,,,,,,,,,,"Luis Castillo","15689",622491
"Sandy Alcantara","MIA",9.95225,10.6117,14.5383,4.13009,28.289,28.289,0,0,,176.161,740.021,167.356,86.72,80.84,20.2187,52.1892,0.503492,6.85651,137.109,7.00485,2.66633,2.62715,1.03297,0.185277,0.070524,0.11475326120853424,0.245759,1.24628,0.280985,0.69455,,,4.07611,2.70258,2.26818,145.63999938964844,,,,,,,719.2,4.086363636363637,717,4.073863636363637,,,,,,,,,,,,,,,,,,,"Sandy Alcantara","18684",645261
"Nick Pivetta","SDP",10.4791,9.40548,13.3703,4.12003,27.742,27.742,0,0,,167.591,696.605,147.319,82.03,76.72,27.5494,49.0246,0.666644,4.98953,175.279,9.41288,2.63273,3.57533,1.47946,0.251619,0.0703765,0.18124289065599442,0.229259,1.17157,0.272352,0.724539,,,4.14728,2.67603,2.27307,94.73999786376953,,,,,,,704.6000000000001,4.19404761904762,664,3.9523809523809526,,,,,,,,,,,,,,,,,,,"Nick Pivetta","15454",601713
"Drew Rasmussen","TBR",9.12392,9.96144,10.2313,3.94015,28.223,28.223,0,0,,151.418,628.599,140.897,71.12,66.29,18.9067,39.8326,0.515079,5.38591,130.67,7.7668,2.36758,3.28049,1.12378,0.207876,0.0633673,0.1445082426071167,0.241517,1.19358,0.28121,0.710549,,,3.92832,2.65497,2.32466,140.86000061035156,,,,,,,644.1,4.265562913907285,635,4.2052980132450335,,,,,,,,,,,,,,,,,,,"Drew Rasmussen","25385",656876
"Chase Burns","CIN",7.61401,8.97465,5.49255,3.85289,28.614,23.382,0,0.6509,,128.872,533.316,109.417,58.93,55.17,18.3032,39.8424,0.807992,4.42208,152.229,10.6312,2.78246,3.82077,1.27824,0.285438,0.0747069,0.2107311114668846,0.223732,1.1582,0.286052,0.730613,,,3.64943,2.65328,2.0949,98.51000213623047,,,,,,,625.8,4.851162790697674,587,4.550387596899225,,,,,,,,,,,,,,,,,,,"Chase Burns","35333",695505
"Blake Snell","LAD",9.49652,5.76888,9.49504,3.81974,21.71,21.71,0,0,,126.362,529.343,104.208,57.51,53.63,14.9239,51.2313,0.425609,3.39135,150.725,10.7352,3.64889,2.94205,1.06294,0.28474,0.0967829,0.18795747309923172,0.219516,1.23011,0.288881,0.727852,,,3.58169,2.65178,2.07169,150.99000549316406,,,,,,,617.5000000000001,4.900793650793652,575,4.563492063492063,,,,,,,,,,,,,,,,,,,"Blake Snell","13543",605483
"Mitch Keller","PIT",9.65184,11.2987,14.1296,4.72022,29.666,29.666,0,0,,175.797,758.567,181.275,98.29,92.2,22.5277,53.8091,0.456674,9.35218,151.387,7.75031,2.75478,2.81341,1.15332,0.19957,0.0709352,0.12863445281982422,0.260675,1.33725,0.30441,0.672057,,,4.1566,2.62051,1.16622,533.8900146484375,,,,,,,661.9,3.7607954545454545,694,3.9431818181818183,,,,,,,,,,,,,,,,,,,"Mitch Keller","17594",656605
"Shohei Ohtani","LAD",8.87214,5.40213,7.05824,3.47038,21.715,21.715,0,0,,113.123,467.075,89.9215,46.67,43.62,13.3048,40.2228,0.292248,4.86297,134.818,10.726,3.2001,3.35178,1.05852,0.288642,0.0861163,0.20252619683742523,0.213089,1.15047,0.279759,0.748531,,,3.47622,2.60644,2.39699,1.2200000286102295,,,,,,,577.3000000000001,5.108849557522125,531,4.699115044247788,,,,,,,,,,,,,,,,,,,"Shohei Ohtani","19755",660271
"Kyle Bradish","BAL",9.17695,7.51098,9.5934,3.75992,24.244,24.244,0,0,,135.386,565.38,117.046,60.29,56.56,16.4243,46.098,0.406494,5.86249,143.854,9.56289,3.06443,3.12061,1.09183,0.254437,0.0815345,0.17290247231721878,0.227974,1.20503,0.284934,0.733886,,,3.73853,2.57238,2.44838,72.62000274658203,,,,,,,630,4.666666666666667,599,4.437037037037037,,,,,,,,,,,,,,,,,,,"Kyle Bradish","24586",680694
"Emmet Sheehan","LAD",8.68583,7.05128,3.0217,3.81378,33.588,23.156,0,0.7772,,133.474,554.038,107.813,60.47,56.56,18.7527,47.2328,1.14764,5.62558,156.156,10.5294,3.18485,3.30609,1.26447,0.28185,0.0852518,0.19659792631864548,0.215119,1.16162,0.272965,0.73433,,,3.80979,2.50892,2.19589,112.95999908447266,,,,,,,626.7,4.71203007518797,575,4.323308270676692,,,,,,,,,,,,,,,,,,,"Emmet Sheehan","29839",686218
"David Peterson","NYM",9.97431,9.31489,12.2692,4.28984,27.534,27.534,0,0,,159.824,690.713,161.24,81.56,76.18,16.5324,58.9482,0.540645,7.22815,140.17,7.89324,3.31949,2.37785,0.930971,0.202935,0.0853441,0.11759120970964432,0.258176,1.37769,0.309315,0.703544,,,3.96799,2.48842,1.76473,500.7300109863281,,,,,,,638.3000000000001,3.9893750000000003,661,4.13125,,,,,,,,,,,,,,,,,,,"David Peterson","20302",656849
"Nolan McLean","NYM",10.0534,8.12847,11.676,3.91013,25.599,25.599,0,0,,151.499,638.835,136.198,70.38,65.82,17.2212,53.7259,0.430772,7.93316,141.284,8.39315,3.19166,2.62971,1.02305,0.221158,0.0840999,0.13705850392580032,0.235973,1.25363,0.284178,0.720951,,,3.96871,2.48344,2.43073,89.26000213623047,,,,,,,650.7,4.309271523178809,630,4.172185430463577,,,,,,,,,,,,,,,,,,,"Nolan McLean","33703",690997
"Nick Lodolo","CIN",8.95831,9.58346,11.3417,4.16996,26.646,26.646,0,0,,151.987,639.636,141.462,75.57,70.42,21.4765,42.181,0.490503,11.2685,152.458,9.02788,2.49777,3.61438,1.27174,0.238351,0.0659452,0.1724056378006935,0.241326,1.20828,0.291049,0.703711,,,4.02092,2.47165,1.87012,123.30000305175781,,,,,,,644.9,4.2427631578947365,632,4.157894736842105,,,,,,,,,,,,,,,,,,,"Nick Lodolo","26378",666157
"Aaron Nola","PHI",10.266,9.17163,13.1087,4.30019,27.233,27.233,0,0,,163.751,687.715,154.657,83.95,78.24,25.3347,47.4671,0.427024,5.33764,158.369,8.7042,2.60886,3.3364,1.39243,0.230283,0.0690215,0.1612614318728447,0.243588,1.23434,0.286614,0.709092,,,4.17957,2.45038,1.81396,211.74000549316406,,,,,,,663.1000000000001,4.04329268292683,655,3.9939024390243905,,,,,,,,,,,,,,,,,,,"Aaron Nola","16149",605400
"Braxton Ashcraft","PIT",6.98854,8.93586,3.03734,4.08545,36.895,22.206,0,0.6584,,132.595,561.136,127.065,64.28,60.19,14.1673,40.5698,1.38315,5.52313,121.174,8.22478,2.75371,2.9868,0.961618,0.215944,0.0722993,0.14364458620548248,0.246708,1.26426,0.297333,0.699286,,,3.73928,2.40373,1.73412,255.13999938964844,,,,,,,586.8,4.412030075187969,588,4.421052631578948,,,,,,,,,,,,,,,,,,,"Braxton Ashcraft","23793",677952
"Tyler Glasnow","LAD",9.46075,6.12154,9.58433,3.97971,22.369,22.369,0,0,,128.542,534.661,107.265,60.41,56.84,17.4948,46.1043,0.323407,3.6608,145.813,10.2093,3.22804,3.16268,1.22492,0.272721,0.086231,0.18649037927389145,0.221212,1.19314,0.279147,0.721304,,,3.79719,2.35899,2.05564,120.91999816894531,,,,,,,609.3,4.723255813953488,566,4.387596899224806,,,,,,,,,,,,,,,,,,,"Tyler Glasnow","14374",607192
"Trey Yesavage","TOR",8.54467,8.19395,5.07788,3.79557,30.702,23.563,0,0.6524,,131.743,547.713,106.695,59.26,55.56,18.0916,48.7144,0.924079,5.51034,149.578,10.2184,3.32791,3.07051,1.23592,0.273096,0.0889415,0.18415432423353195,0.216206,1.17964,0.271941,0.739149,,,3.88439,2.33161,2.28096,156.47000122070312,,,,,,,616.2000000000003,4.668181818181821,565,4.28030303030303,,,,,,,,,,,,,,,,,,,"Trey Yesavage","35456",702056
"Gavin Williams","CLE",9.25784,10.5868,12.1905,4.17989,28.464,28.464,0,0,,162.758,696.409,143.105,80.8,75.59,20.6239,70.8274,0.435317,6.96552,164.277,9.08399,3.91653,2.3194,1.14043,0.235891,0.101704,0.13418764621019363,0.231331,1.31442,0.2824,0.719405,,,4.19767,2.29633,2.05677,139.67999267578125,,,,,,,670.1000000000001,4.111042944785277,636,3.901840490797546,,,,,,,,,,,,,,,,,,,"Gavin Williams","30122",668909
"José Soriano","LAA",10.0388,10.6855,12.5779,3.98975,29.702,29.702,0,0,,169.77,730.093,160.605,80.48,75.26,16.0464,70.9401,0.607013,9.40795,144.428,7.65653,3.76074,2.03591,0.850668,0.197821,0.0971658,0.10065498948097229,0.247182,1.36388,0.295457,0.722523,,,4.08226,2.29215,2.61058,335.489990234375,,,,,,,690.6,4.062352941176471,690,4.0588235294117645,,,,,,,,,,,,,,,,,,,"Jose Soriano","22100",667755
"Trevor Rogers","BAL",9.26228,8.43119,11.1772,4.22989,25.272,25.272,0,0,,146.408,621.403,138.458,73.61,68.81,18.5067,49.53,0.626631,5.14793,130.396,8.01569,3.04471,2.63266,1.13765,0.209841,0.0797067,0.13013410568237305,0.244313,1.284,0.287087,0.705695,,,4.11753,2.2772,1.69414,152.39999389648438,,,,,,,582.9000000000001,3.9924657534246584,578,3.958904109589041,,,,,,,,,,,,,,,,,,,"Trevor Rogers","22286",669432
"Shane Baz","BAL",9.9208,9.06929,11.4775,4.16023,27.448,27.448,0,0,,155.393,656.022,137.698,76.68,71.83,21.9787,55.8199,0.413897,7.70822,150.564,8.7203,3.23296,2.69731,1.27296,0.22951,0.0850884,0.14442181587219238,0.232405,1.24535,0.275555,0.717909,,,4.26247,2.26634,1.95834,193.4600067138672,,,,,,,627.5999999999999,4.049032258064516,599,3.8645161290322583,,,,,,,,,,,,,,,,,,,"Shane Baz","22264",669358
"Bubba Chandler","PIT",8.39576,9.9436,6.51913,4.23856,31.384,25.122,0,0.6584,,143.242,611.016,135.46,72.06,67.46,17.7598,49.1408,1.04371,6.57906,133.986,8.41845,3.08755,2.72658,1.11586,0.219284,0.0804247,0.13885967433452606,0.243942,1.28874,0.291663,0.704538,,,4.04315,2.25972,1.64273,153.85000610351562,,,,,,,589.8000000000001,4.124475524475525,585,4.090909090909091,,,,,,,,,,,,,,,,,,,"Bubba Chandler","29868",696149
"Edward Cabrera","CHC",8.75522,7.8089,9.42614,3.97978,24.264,24.264,0,0,,133.741,560.677,112.155,63.08,59.14,16.204,51.8033,0.354147,6.58758,140.365,9.44575,3.48607,2.70957,1.09044,0.250349,0.0923943,0.15795470029115677,0.223289,1.22594,0.277542,0.714068,,,3.92095,2.25647,2.06385,176.72000122070312,,,,,,,606.5999999999999,4.52686567164179,565,4.2164179104477615,,,,,,,,,,,,,,,,,,,"Edward Cabrera","21690",665795
"Andrew Abbott","CIN",9.28197,10.3206,12.9521,4.43987,27.731,27.731,0,0,,163.89,692.275,153.542,86.19,80.85,26.1828,51.6457,0.529657,4.21939,145.628,7.99716,2.83612,2.81976,1.43783,0.210362,0.0746028,0.1357589289546013,0.241262,1.25198,0.274126,0.706084,,,4.45746,2.23822,1.61231,218.4499969482422,,,,,,,617.4000000000002,3.7646341463414648,606,3.6951219512195124,,,,,,,,,,,,,,,,,,,"Andrew Abbott","29911",671096
"Joey Cantillo","CLE",5.41231,8.1925,0.923385,3.74541,39.2,19.219,0,0.6803,,125.842,533.055,105.614,56.11,52.37,13.2911,54.2987,1.78893,4.46391,136.333,9.75032,3.88335,2.5108,0.950559,0.255759,0.101863,0.1538953334093094,0.222677,1.27074,0.28436,0.734599,,,3.74229,2.23405,2.05792,276.1700134277344,,,,,,,598.9000000000001,4.753174603174604,563,4.468253968253968,,,,,,,,,,,,,,,,,,,"Joey Cantillo","23335",676282
"Ryne Nelson","ARI",9.24694,10.6858,9.02451,4.47091,31.861,27.221,0,0.6568,,157.498,667.866,156.645,83.39,78.24,22.3162,42.1231,1.14119,5.19659,130.379,7.45031,2.40706,3.09519,1.27523,0.195217,0.0630712,0.13214588910341263,0.25243,1.26203,0.287118,0.68872,,,4.22285,2.21947,1.41947,260.8500061035156,,,,,,,606,3.859872611464968,622,3.961783439490446,,,,,,,,,,,,,,,,,,,"Ryne Nelson","26253",669194
"Michael Wacha","KCR",9.4705,9.88991,12.8787,4.48984,27.382,27.382,0,0,,162.166,690.658,159.89,86.5,80.9,22.6284,49.052,0.502497,5.42994,120.77,6.70256,2.72232,2.46208,1.25585,0.174862,0.0710222,0.10383972525596619,0.25133,1.28845,0.278547,0.69074,,,4.46758,2.216,1.48795,637.1199951171875,,,,,,,579.9,3.5796296296296295,591,3.6481481481481484,,,,,,,,,,,,,,,,,,,"Michael Wacha","14078",608379
"Brandon Pfaadt","ARI",9.26562,10.3857,13.0431,4.71006,27.96,27.96,0,0,,164.119,698.774,171.282,91.84,85.89,25.7262,38.6235,0.754612,6.71073,139.341,7.64123,2.11805,3.60768,1.41078,0.199408,0.0552733,0.1441350132226944,0.262124,1.27899,0.298044,0.678972,,,4.30356,2.20658,1.02036,675.6400146484375,,,,,,,589.2000000000002,3.5926829268292693,622,3.792682926829268,,,,,,,,,,,,,,,,,,,"Brandon Pfaadt","27782",694297
"Merrill Kelly","ARI",9.36158,9.46096,12.6493,4.42998,26.492,26.492,0,0,,158.222,667.91,152.202,82.92,77.88,22.9967,46.7804,0.492437,4.43632,135.793,7.7242,2.66097,2.90278,1.3081,0.203311,0.07004,0.13327060639858246,0.246804,1.25762,0.282168,0.695872,,,4.27923,2.19344,1.5388,262.2200012207031,,,,,,,610.1000000000001,3.861392405063292,610,3.8607594936708862,,,,,,,,,,,,,,,,,,,"Merrill Kelly","11156",518876
"Matthew Liberatore","STL",7.90727,10.9055,10.9934,4.61008,27.517,27.517,0,0,,151.084,645.315,153.234,82.48,77.39,20.2476,43.7255,0.425859,5.49978,120.737,7.19223,2.60471,2.76124,1.20614,0.187097,0.0677584,0.11933905631303787,0.257066,1.30364,0.292211,0.678949,,,4.25651,2.15952,1.20348,618.969970703125,,,,,,,568.6000000000001,3.7655629139072855,590,3.9072847682119205,,,,,,,,,,,,,,,,,,,"Matthew Liberatore","22294",669461
"Quinn Priester","MIL",8.78809,8.43367,10.691,4.05979,24.597,24.597,0,0,,141.968,596.018,135.491,68.51,64.04,16.8968,40.7244,0.3895,5.85515,112.405,7.12587,2.5817,2.76014,1.07116,0.188593,0.0683273,0.12026596814393997,0.246599,1.24123,0.282276,0.705988,,,4.08314,2.14954,1.9533,369.8699951171875,,,,,,,573.6999999999999,4.040140845070422,572,4.028169014084507,,,,,,,,,,,,,,,,,,,"Quinn Priester","25977",682990
"Zac Gallen","ARI",10.2989,10.5219,14.3318,4.4998,29.139,29.139,0,0,,176.208,753.264,170.036,93.98,88.1,24.436,60.3513,0.611627,6.60737,157.821,8.06087,3.0825,2.61504,1.2481,0.209516,0.0801198,0.12939652055501938,0.247755,1.30747,0.288861,0.695328,,,4.28663,2.14918,1.56013,224.41000366210938,,,,,,,680.2,3.8647727272727277,683,3.8806818181818183,,,,,,,,,,,,,,,,,,,"Zac Gallen","19291",668678
"Reynaldo López","ATL",7.36247,8.82596,5.67021,4.49049,29.265,22.758,0,0.6492,,131.097,560.997,123.926,69.64,65.41,16.7776,47.9616,0.896689,4.41509,132.192,9.07519,3.29263,2.75621,1.15181,0.235638,0.0854935,0.15014471113681793,0.243651,1.31115,0.297924,0.689005,,,3.98073,2.14069,1.09124,294.8999938964844,,,,,,,549.9000000000001,4.197709923664123,546,4.1679389312977095,,,,,,,,,,,,,,,,,,,"Reynaldo Lopez","16400",625643
"Sean Manaea","NYM",7.47437,8.69742,3.14583,4.13116,33.878,22.805,0,0.7173,,133.764,564.291,118.747,65.66,61.4,19.3391,46.1773,1.46652,6.05002,141.17,9.49827,3.10693,3.05712,1.30118,0.250171,0.0818325,0.16833899170160294,0.231899,1.23295,0.282766,0.720091,,,4.07523,2.12104,1.63432,285.70001220703125,,,,,,,578.4999999999999,4.317164179104477,553,4.126865671641791,,,,,,,,,,,,,,,,,,,"Sean Manaea","15873",640455
"Grayson Rodriguez","LAA",6.80892,7.48738,8.54039,4.04986,20.604,20.604,0,0,,116.515,490.044,106.831,56.12,52.43,15.6908,36.6105,0.347755,4.51442,121.319,9.37109,2.82792,3.31378,1.21201,0.247568,0.0747087,0.17285939306020737,0.237974,1.2311,0.292201,0.718847,,,3.86223,2.11184,1.69803,262.9700012207031,,,,,,,506.80000000000024,4.331623931623934,493,4.213675213675214,,,,,,,,,,,,,,,,,,,"Grayson Rodriguez","24492",680570
"Bailey Ober","MIN",8.93187,10.1753,12.2742,4.45025,27.256,27.256,0,0,,158.371,664.151,149.305,83.62,78.31,27.5769,41.3413,0.41463,5.48481,139.971,7.95434,2.34937,3.38573,1.56715,0.210751,0.0622469,0.1485043279826641,0.241858,1.2038,0.270641,0.703942,,,4.5182,2.10597,1.43875,301.7200012207031,,,,,,,579.4000000000001,3.667088607594937,568,3.5949367088607596,,,,,,,,,,,,,,,,,,,"Bailey Ober","21224",641927
"Cody Ponce","TOR",6.4607,7.1556,2.62417,4.05961,33.381,19.218,0,0.6524,,123.795,521.788,109.013,59.8,55.84,17.9393,42.2895,1.44996,5.97346,143.505,10.4329,3.07448,3.39339,1.3042,0.275025,0.0810472,0.19397789984941483,0.230216,1.2222,0.291828,0.725131,,,3.87014,2.09929,1.57215,262.54998779296875,,,,,,,560.8,4.52258064516129,534,4.306451612903226,,,,,,,,,,,,,,,,,,,"Cody Ponce","17920",664074
"Shane McClanahan","TBR",6.86661,6.96613,8.81332,4.01979,19.575,19.575,0,0,,114.879,479.706,107.246,55.21,51.31,16.1979,32.7381,0.428794,2.69674,119.872,9.39116,2.56481,3.66154,1.26899,0.249886,0.0682462,0.1816398799419403,0.241398,1.21854,0.295418,0.722669,,,3.80656,2.07153,1.67356,201.17999267578125,,,,,,,508.00000000000006,4.417391304347826,499,4.339130434782609,,,,,,,,,,,,,,,,,,,"Shane McClanahan","21483",663556
"Zebby Matthews","MIN",6.26223,8.93656,3.08621,4.29306,30.707,21.552,0,0.6268,,123.08,518.252,121.233,62.92,58.71,18.5238,30.5218,1.21433,3.67666,119.854,8.76413,2.23185,3.92685,1.35452,0.231267,0.0588937,0.17237291485071182,0.250454,1.23298,0.297127,0.706039,,,3.97764,2.06896,1.26723,293.1300048828125,,,,,,,500.9,4.072357723577236,507,4.121951219512195,,,,,,,,,,,,,,,,,,,"Zebby Matthews","31827",805673
"Michael McGreevy","STL",7.84626,9.80197,7.5543,4.19619,27.863,23.441,0,0.6663,,136.86,576.864,141.526,68.06,63.81,15.4531,32.0042,0.829565,4.21827,91.6349,6.02597,2.10461,2.86322,1.0162,0.15885,0.0554795,0.10337056592106819,0.261774,1.26794,0.29079,0.694359,,,4.05789,2.05816,1.67978,719.969970703125,,,,,,,540.1000000000001,3.9423357664233585,570,4.160583941605839,,,,,,,,,,,,,,,,,,,"Michael McGreevy","29869",700241
"Casey Mize","DET",8.63745,9.33021,10.293,4.25024,26.359,26.359,0,0,,144.627,608.662,139.125,73.58,68.3,20.0263,38.6622,0.473553,6.74573,119.489,7.43572,2.40591,3.0906,1.24622,0.196315,0.06352,0.13279496878385544,0.247003,1.22928,0.281067,0.695873,,,4.22474,2.0419,1.63097,273.1400146484375,,,,,,,565.6,3.900689655172414,565,3.896551724137931,,,,,,,,,,,,,,,,,,,"Casey Mize","20492",663554
"Chad Patrick","MIL",8.22244,9.28374,9.9215,4.40022,25.824,25.824,0,0,,140.209,592.577,131.504,73.29,68.55,22.4679,42.1947,0.468677,5.47568,132.385,8.49778,2.70847,3.13748,1.44221,0.223406,0.0712055,0.1522001400589943,0.241333,1.23886,0.279541,0.705892,,,4.34992,2.04145,1.41779,306.5199890136719,,,,,,,545.2,3.8942857142857146,537,3.835714285714286,,,,,,,,,,,,,,,,,,,"Chad Patrick","30113",694477
"Shota Imanaga","CHC",9.68952,8.53011,12.1911,4.1902,25.515,25.515,0,0,,153.272,631.794,138.893,76.66,71.36,28.2477,35.441,0.388297,4.18829,142.938,8.39317,2.08107,4.03311,1.65868,0.226241,0.0560959,0.1701449751853943,0.234551,1.13741,0.262827,0.724653,,,4.44153,2.02901,1.83126,165.3699951171875,,,,,,,595.4000000000001,3.8915032679738566,570,3.7254901960784315,,,,,,,,,,,,,,,,,,,"Shota Imanaga","33829",684007
"Braxton Garrett","MIA",6.02476,8.47978,4.47516,4.13139,26.629,20.284,0,0.6387,,115.501,485.094,114.923,57.04,53.02,14.4872,27.5592,1.02419,5.19236,104.619,8.15209,2.14745,3.79617,1.12886,0.215668,0.0568121,0.1588561050593853,0.254061,1.2336,0.301394,0.699198,,,3.80483,2.028,1.45403,501.3299865722656,,,,,,,502.20000000000005,4.3293103448275865,513,4.422413793103448,,,,,,,,,,,,,,,,,,,"Braxton Garrett","21844",666129
"Jacob Misiorowski","MIL",8.82483,9.66161,6.44603,4.0849,30.302,25.372,0,0.621,,138.87,595.466,113.172,67.05,63.03,17.9574,66.9651,0.891893,9.05029,158.283,10.2581,4.33993,2.36366,1.1638,0.265813,0.112458,0.15335465967655182,0.217868,1.29716,0.277423,0.729609,,,4.17875,2.01025,1.91447,120.58000183105469,,,,,,,605.4000000000001,4.355395683453238,553,3.9784172661870505,,,,,,,,,,,,,,,,,,,"Jacob Misiorowski","31623",694819
"Noah Cameron","KCR",8.60005,9.04567,11.3469,4.45026,25.188,25.188,0,0,,146.378,625.368,143.499,77.55,72.38,20.9021,47.5654,0.488093,4.92655,127.362,7.83083,2.92454,2.67763,1.28516,0.20366,0.0760598,0.12759990245103836,0.250488,1.30528,0.288727,0.701566,,,4.32711,1.99173,1.29168,269,,,,,,,545.3000000000002,3.7349315068493163,552,3.780821917808219,,,,,,,,,,,,,,,,,,,"Noah Cameron","30184",702070
"Carlos Rodón","NYY",9.06649,7.61208,10.9411,4.18987,23.51,23.51,0,0,,139.515,586.21,117.981,69.14,64.95,21.0457,52.2575,0.374627,5.98424,145.874,9.41024,3.37109,2.79145,1.35764,0.248843,0.0891447,0.15969865024089813,0.223463,1.22022,0.268483,0.718159,,,4.25739,1.98422,1.82529,199.86000061035156,,,,,,,588.9000000000001,4.206428571428572,545,3.892857142857143,,,,,,,,,,,,,,,,,,,"Carlos Rodon","16137",607074
"Robbie Ray","SFG",9.59376,10.6243,13.577,4.58004,28.574,28.574,0,0,,169.682,728.461,153.39,93,86.35,28.5525,70.1996,0.487365,6.07153,182.647,9.68765,3.72341,2.60182,1.51444,0.25073,0.096367,0.1543624922633171,0.235192,1.3177,0.283084,0.71121,,,4.51833,1.96029,1.28879,169.14999389648438,,,,,,,641.5,3.773529411764706,611,3.5941176470588236,,,,,,,,,,,,,,,,,,,"Robbie Ray","11486",592662
"Cade Horton","CHC",8.19343,7.57263,9.07568,4.08975,23.078,23.078,0,0,,127.504,532.817,115.211,62.11,57.94,16.8481,38.7463,0.360151,5.15621,109.197,7.70778,2.73495,2.81826,1.18924,0.204943,0.0727196,0.1322229653596878,0.235647,1.20747,0.27107,0.704513,,,4.17306,1.95235,1.78115,183.22999572753906,,,,,,,525.1,4.10234375,505,3.9453125,,,,,,,,,,,,,,,,,,,"Cade Horton","31872",690990
"Shane Smith","CHW",8.48818,10.8309,11.6866,4.51017,28.004,28.004,0,0,,157.065,672.161,149.07,84.14,78.71,22.538,54.7701,0.495295,8.5654,146.771,8.41012,3.13839,2.67976,1.29145,0.218356,0.0814836,0.13687273859977722,0.244849,1.29781,0.28789,0.694773,,,4.34139,1.94719,1.37644,246.1300048828125,,,,,,,593.5,3.7802547770700636,588,3.745222929936306,,,,,,,,,,,,,,,,,,,"Shane Smith","31687",681343
"Cam Schlittler","NYY",8.45964,7.65962,9.60441,4.25012,23.47,23.47,0,0,,131.354,559.877,119.965,66.15,62.03,17.1588,49.4686,0.361788,6.3426,129.603,8.88002,3.38945,2.6199,1.17567,0.231485,0.0883562,0.1431283876299858,0.237996,1.2899,0.287729,0.710287,,,4.13467,1.93965,1.5606,128.41000366210938,,,,,,,543.3000000000001,4.14732824427481,529,4.038167938931298,,,,,,,,,,,,,,,,,,,"Cam Schlittler","32095",693645
"Clay Holmes","NYM",10.4773,9.55965,9.14275,4.04724,27.78,26.695,0,0,,143.987,616.239,137.723,69.39,64.75,14.025,53.4461,0.487155,8.43625,109.889,6.86869,3.34068,2.05607,0.87664,0.178322,0.0867295,0.09159278124570847,0.248437,1.32768,0.287373,0.70994,,,4.16435,1.93069,2.07102,370.75,,,,,,,571.6000000000001,3.9694444444444454,575,3.9930555555555554,,,,,,,,,,,,,,,,,,,"Clay Holmes","13649",605280
"Joe Musgrove","SDP",7.79679,7.44754,9.5908,4.1898,21.766,21.766,0,0,,126.006,529.061,117.497,62.7,58.66,18.3631,33.6833,0.492243,7.68294,117.695,8.40639,2.40583,3.49417,1.31159,0.22246,0.0636662,0.15879413485527039,0.240923,1.19978,0.281921,0.705179,,,4.14643,1.91919,1.55023,217.50999450683594,,,,,,,516.8000000000002,4.101587301587303,506,4.015873015873016,,,,,,,,,,,,,,,,,,,"Joe Musgrove","12970",605397
"Taj Bradley","MIN",7.49048,9.47529,5.83179,4.30327,28.938,23.237,0,0.6268,,130.84,556.773,121.979,66.84,62.56,18.0853,46.2362,0.890062,4.55181,120.667,8.30027,3.18042,2.6098,1.24402,0.216727,0.0830433,0.13368342816829681,0.241072,1.28565,0.28291,0.709434,,,4.25206,1.8913,1.39374,528.1599731445312,,,,,,,523.8000000000002,3.9984732824427494,514,3.9236641221374047,,,,,,,,,,,,,,,,,,,"Taj Bradley","22543",671737
"Ryan Pepiot","TBR",9.18722,11.2481,12.4688,4.50011,29.574,29.574,0,0,,166.656,709.347,150.447,89.3,83.33,27.7838,61.4457,0.461234,8.27344,164.025,8.8579,3.31828,2.66943,1.50042,0.231233,0.0866229,0.1446104720234871,0.23521,1.27144,0.273912,0.708647,,,4.58902,1.88511,1.49893,126.77999877929688,,,,,,,622.4,3.726946107784431,592,3.5449101796407185,,,,,,,,,,,,,,,,,,,"Ryan Pepiot","26221",686752
"Reid Detmers","LAA",6.8326,9.97254,5.68938,4.4788,30.43,23.18,0,0.6327,,135.418,580.505,126.161,72.16,67.39,20.7024,49.4874,1.3739,6.71647,149.671,9.9473,3.28898,3.02443,1.3759,0.25783,0.085249,0.17258081585168839,0.240626,1.29708,0.297966,0.70561,,,4.15715,1.88369,1.12778,327.4700012207031,,,,,,,549.1,4.067407407407408,538,3.9851851851851854,,,,,,,,,,,,,,,,,,,"Reid Detmers","27468",672282
"Foster Griffin","WSN",6.18342,9.55499,5.6063,4.33381,27.971,21.638,0,0.6515,,126.699,542.465,121.274,65.38,61.01,16.0085,44.6109,1.07829,6.07203,118.23,8.3984,3.16891,2.65025,1.13716,0.217949,0.0822372,0.13571186363697052,0.246602,1.30929,0.294414,0.700515,,,4.11146,1.86155,1.34382,999,,,,,,,515.4000000000002,4.058267716535434,514,4.047244094488189,,,,,,,,,,,,,,,,,,,"Foster Griffin","16432",656492
"Jack Leiter","TEX",9.39699,10.6319,11.976,4.51974,29.214,29.214,0,0,,162.547,694.995,146.67,87.14,81.63,24.7212,63.8456,0.47704,7.64661,153.558,8.50227,3.53504,2.40514,1.36878,0.220948,0.0918648,0.1290830299258232,0.235236,1.29511,0.273905,0.701373,,,4.54234,1.86077,1.44997,233.39999389648438,,,,,,,608.5,3.733128834355828,582,3.5705521472392636,,,,,,,,,,,,,,,,,,,"Jack Leiter","30146",683004
"Landen Roupp","SFG",7.17072,8.85646,5.38538,4.22836,26.82,22.581,0,0.6515,,120.536,518.096,115.125,60.85,56.63,13.4733,46.8595,0.859321,4.84016,109.542,8.17908,3.49884,2.33766,1.006,0.211431,0.0904456,0.12098538875579834,0.246839,1.34387,0.296031,0.706632,,,4.05742,1.85576,1.39689,688.1199951171875,,,,,,,504.5000000000001,4.169421487603307,504,4.1652892561983474,,,,,,,,,,,,,,,,,,,"Landen Roupp","30076",694738
"Simeon Woods Richardson","MIN",7.7844,10.0678,6.52967,4.45839,28.588,24.498,0,0.6268,,132.061,563.289,122.618,69.68,65.42,18.1708,47.8958,0.75192,4.52803,118.077,8.04697,3.26411,2.46529,1.23835,0.20962,0.0850287,0.12459143251180649,0.24002,1.29117,0.278809,0.695047,,,4.32654,1.84737,1.16579,629.8499755859375,,,,,,,516.6000000000001,3.9136363636363645,507,3.840909090909091,,,,,,,,,,,,,,,,,,,"Simeon Woods Richardson","24494",680573
"Dustin May","STL",7.70555,10.4152,8.00113,4.50788,28.752,23.912,0,0.6663,,141.612,608.397,134.76,75.53,70.93,16.7745,52.1296,1.09387,8.35331,119.935,7.62231,3.31304,2.3007,1.06609,0.197132,0.0856835,0.11144853383302689,0.245951,1.31973,0.286927,0.681494,,,4.2625,1.84224,1.18474,546.5499877929688,,,,,,,554.6999999999999,3.9063380281690137,553,3.8943661971830985,,,,,,,,,,,,,,,,,,,"Dustin May","19716",669160
"Brady Singer","CIN",8.93579,11.1855,12.9003,4.76012,28.904,28.904,0,0,,166.042,716.669,167.196,93.58,87.82,24.9841,55.9413,0.439229,8.71617,149.418,8.09891,3.03219,2.67097,1.35422,0.208489,0.0780574,0.13043195754289627,0.256432,1.34386,0.297759,0.688551,,,4.45968,1.82188,0.947085,356.989990234375,,,,,,,589.7,3.552409638554217,608,3.6626506024096384,,,,,,,,,,,,,,,,,,,"Brady Singer","25377",663903
"Chris Bassitt","BAL",10.5275,11.0265,10.8607,4.60275,31.371,28.304,0,0.6611,,164.973,711.926,160.42,90.12,84.37,23.5521,59.5601,0.85686,10.3775,140.949,7.68939,3.24926,2.3665,1.28487,0.197983,0.0836605,0.11432233452796936,0.24988,1.33343,0.286642,0.694412,,,4.55411,1.81314,1.24101,367.79998779296875,,,,,,,585.8,3.55030303030303,589,3.56969696969697,,,,,,,,,,,,,,,,,,,"Chris Bassitt","12304",605135
"Cade Cavalli","WSN",6.98629,9.69685,10.0394,4.43001,24.125,24.125,0,0,,135.406,582.15,133.686,71.41,66.65,16.2502,47.1937,0.453212,7.19703,109.727,7.29321,3.13681,2.32504,1.0801,0.188486,0.081068,0.10741819441318512,0.253309,1.33583,0.292288,0.692279,,,4.27962,1.79691,1.30629,330.0299987792969,,,,,,,511.80000000000007,3.7911111111111118,525,3.888888888888889,,,,,,,,,,,,,,,,,,,"Cade Cavalli","27473",676917
"Tatsuya Imai","HOU",8.73426,9.23176,11.555,4.43005,25.626,25.626,0,0,,149.057,641.217,133.045,78.24,73.37,21.0522,63.4043,0.441868,8.99873,150.438,9.0834,3.82832,2.37268,1.27112,0.234614,0.0988811,0.13573238998651505,0.233899,1.31795,0.281868,0.707941,,,4.40989,1.78279,1.47823,999,,,,,,,582.5000000000002,3.909395973154364,556,3.7315436241610738,,,,,,,,,,,,,,,,,,,"Tatsuya Imai","sa3062955",837227
"Parker Messick","CLE",7.25164,8.85549,7.86481,4.31417,21.905,21.662,0,0,,116.136,495.726,113.958,59.67,55.67,15.3843,36.1779,0.370933,5.50229,106.114,8.22335,2.80362,2.93312,1.19221,0.214058,0.0729797,0.141078382730484,0.250983,1.29276,0.296419,0.703478,,,4.10648,1.77614,1.2237,298.6499938964844,,,,,,,463.5000000000001,3.9956896551724146,471,4.060344827586207,,,,,,,,,,,,,,,,,,,"Parker Messick","31986",800048
"Jacob Lopez","ATH",7.38198,8.27209,8.874,4.4002,23.096,23.096,0,0,,125.401,535.272,111.418,65.7,61.31,19.631,48.5887,0.394796,6.7136,136.508,9.79717,3.4872,2.80947,1.40891,0.255026,0.0907738,0.16425223648548126,0.232136,1.27596,0.283443,0.711624,,,4.31609,1.7749,1.18345,527.3200073242188,,,,,,,496.4,3.9711999999999996,471,3.768,,,,,,,,,,,,,,,,,,,"Jacob Lopez","25098",682052
"Brayan Bello","BOS",9.26459,9.37599,11.7888,4.34022,26.684,26.684,0,0,,154.112,662.72,151.768,80.28,74.32,18.4558,55.3729,0.398763,7.38647,119.352,6.97004,3.23373,2.15542,1.0778,0.180094,0.0835539,0.09654004871845245,0.252963,1.34409,0.288459,0.699719,,,4.36476,1.75951,1.58992,447.4599914550781,,,,,,,575.0000000000002,3.7337662337662354,588,3.8181818181818183,,,,,,,,,,,,,,,,,,,"Brayan Bello","23920",678394
"Eduardo Rodriguez","ARI",7.66485,9.50867,7.72862,4.68782,26.85,23.642,0,0.6568,,132.183,572.638,133.406,73.64,68.85,18.0595,49.0686,0.933928,3.54929,115.986,7.8972,3.34096,2.36375,1.22963,0.202547,0.0856887,0.11685815453529358,0.256539,1.38047,0.298844,0.69237,,,4.35054,1.7592,0.790501,746.5999755859375,,,,,,,486.6000000000002,3.686363636363638,503,3.8106060606060606,,,,,,,,,,,,,,,,,,,"Eduardo Rodriguez","13164",593958
"Gerrit Cole","NYY",7.31246,5.77394,8.76824,4.06006,18.236,18.236,0,0,,110.193,456.667,96.8106,52.94,49.71,17.1326,31.8526,0.344036,3.64933,109.179,8.91719,2.60156,3.42763,1.3993,0.239078,0.0697503,0.1693280041217804,0.229864,1.16762,0.270229,0.723395,,,4.14129,1.75174,1.56011,249.3300018310547,,,,,,,462.7,4.206363636363636,439,3.9909090909090907,,,,,,,,,,,,,,,,,,,"Gerrit Cole","13125",543037
"Bryce Miller","SEA",8.70546,8.63007,10.7147,4.39996,25.025,25.025,0,0,,142.324,598.218,131.899,74.27,69.58,22.3908,42.7666,0.483915,5.26534,123.129,7.78618,2.70439,2.87909,1.4159,0.205826,0.07149,0.1343362107872963,0.239735,1.22724,0.270614,0.700507,,,4.46252,1.73487,1.44248,266.6099853515625,,,,,,,539,3.795774647887324,526,3.704225352112676,,,,,,,,,,,,,,,,,,,"Bryce Miller","29837",682243
"Kodai Senga","NYM",7.22037,8.00165,3.94524,4.20211,29.361,21.089,0,0.7173,,123.752,531.978,108.086,61.84,57.78,15.1865,57.2037,1.08672,5.17348,123.584,8.98775,4.1602,2.16041,1.10446,0.232309,0.10753,0.12477917224168777,0.230167,1.33566,0.280808,0.718259,,,4.24533,1.72982,1.43783,244.92999267578125,,,,,,,518.3,4.179838709677419,491,3.9596774193548385,,,,,,,,,,,,,,,,,,,"Kodai Senga","31838",673540
"Justin Steele","CHC",5.62547,4.16448,4.78094,3.42451,13.337,12.955,0,0,,72.4308,295.988,63.9123,29.71,27.56,7.10218,18.0432,0.216848,2.52457,67.3839,8.37289,2.24199,3.73458,0.882493,0.227658,0.0609594,0.16669846698641777,0.232054,1.1315,0.28273,0.725507,,,3.4011,1.7198,1.52324,552.5,,,,,,,351.30000000000007,4.879166666666667,340,4.722222222222222,,,,,,,,,,,,,,,,,,,"Justin Steele","17312",657006
"Mike Burrows","HOU",7.56036,9.23012,5.28368,4.31682,28.803,23.357,0,0.6558,,126.072,532.43,114.207,64.54,60.47,19.6882,42.1925,0.926496,5.33629,126.166,9.00672,3.01203,2.99025,1.40549,0.236963,0.0792452,0.15771783888339996,0.235526,1.24055,0.278777,0.712994,,,4.29479,1.7011,1.28396,259.5899963378906,,,,,,,505.0000000000001,4.007936507936509,485,3.8492063492063493,,,,,,,,,,,,,,,,,,,"Mike Burrows","24728",681347
"Jameson Taillon","CHC",9.26607,9.08924,12.005,4.46998,26.095,26.095,0,0,,153.041,640.196,148.021,81.3,76.01,25.4942,37.4122,0.395158,4.49566,114.858,6.75455,2.20013,3.07007,1.49926,0.179411,0.0584387,0.12097221985459328,0.247407,1.21165,0.267563,0.69542,,,4.62122,1.69249,1.42733,426.6600036621094,,,,,,,546.9000000000001,3.5745098039215693,547,3.5751633986928106,,,,,,,,,,,,,,,,,,,"Jameson Taillon","11674",592791
"Tyler Mahle","SFG",7.50172,8.31769,9.68685,4.43019,22.873,22.873,0,0,,129.367,552.287,127.501,68.23,63.68,17.7657,41.3757,0.434754,4.52918,104.661,7.28121,2.87849,2.52953,1.23595,0.189504,0.0749169,0.11458753794431686,0.251789,1.30541,0.285803,0.698913,,,4.36688,1.68332,1.23265,352.9800109863281,,,,,,,472.3999999999999,3.6620155038759683,483,3.744186046511628,,,,,,,,,,,,,,,,,,,"Tyler Mahle","16358",641816
"Logan Henderson","MIL",5.43605,6.49734,2.23187,4.00375,28.453,16.345,0,0.621,,100.301,413.343,85.6056,47.76,44.62,16.7164,27.2731,1.12515,3.57386,108.435,9.72984,2.44721,3.97589,1.49996,0.262336,0.0659817,0.19635434448719025,0.223808,1.1254,0.267692,0.727781,,,4.0622,1.68223,1.30586,275.7200012207031,,,,,,,434.29999999999995,4.343,406,4.06,,,,,,,,,,,,,,,,,,,"Logan Henderson","31475",701656
"Grant Taylor","CHW",2.8697,2.77492,0,2.99923,66.996,2.399,6,14.9137,,80.3007,327.906,61.4906,28.66,26.76,5.83178,27.667,1.67527,3.61807,94.3232,10.5716,3.10088,3.40923,0.653619,0.287653,0.0843747,0.20327819883823395,0.207304,1.1103,0.2833,0.746948,,,2.8988,1.66362,1.43109,486.2900085449219,,,,,,,541.6,6.7700000000000005,504,6.3,,,,,,,,,,,,,,,,,,,"Grant Taylor","33927",691799
"Yusei Kikuchi","LAA",8.54085,11.6097,12.7882,4.79004,29.019,29.019,0,0,,165.625,715.636,166.23,94.88,88.15,28.6889,58.2118,0.717342,5.74897,161.181,8.75849,3.16321,2.76886,1.55895,0.225227,0.0813427,0.14388426393270493,0.255081,1.35512,0.297833,0.703081,,,4.59915,1.6561,0.85058,487.3500061035156,,,,,,,570.1,3.4343373493975906,583,3.5120481927710845,,,,,,,,,,,,,,,,,,,"Yusei Kikuchi","20633",579328
"Shane Bieber","TOR",6.53073,6.01827,5.10646,3.99832,21.395,16.949,0,0.6524,,102.328,424.689,94.9953,48.75,45.46,14.447,26.7167,0.651621,3.26124,97.1801,8.54723,2.3498,3.63743,1.27065,0.228826,0.0629088,0.16591742634773254,0.24067,1.18943,0.284538,0.718935,,,3.95002,1.65608,1.41551,327.4800109863281,,,,,,,443.60000000000014,4.349019607843139,436,4.2745098039215685,,,,,,,,,,,,,,,,,,,"Shane Bieber","19427",669456
"Spencer Schwellenbach","ATL",4.91828,3.64146,4.87887,3.60495,11.214,11.049,0,0,,65.5599,267.429,59.6799,28.12,26.26,7.3806,13.3897,0.265821,2.24688,64.2181,8.8158,1.83812,4.7961,1.0132,0.240132,0.0500681,0.19006364420056343,0.23702,1.11455,0.29024,0.716479,,,3.35511,1.60865,1.34296,724.3400268554688,,,,,,,329.30000000000007,4.98939393939394,322,4.878787878787879,,,,,,,,,,,,,,,,,,,"Spencer Schwellenbach","31846",680885
"Grant Holmes","ATL",5.93764,7.81182,3.19469,4.49693,29.901,19.841,0,0.6492,,121.503,523.704,117.657,64.93,60.71,17.2319,44.1923,1.60982,5.40892,125.113,9.26743,3.27342,2.83111,1.27641,0.238901,0.0843841,0.1545167714357376,0.248167,1.33206,0.302706,0.703718,,,4.1441,1.5922,0.984556,458.4599914550781,,,,,,,493.90000000000015,4.0483606557377065,496,4.065573770491803,,,,,,,,,,,,,,,,,,,"Grant Holmes","16944",656550
"Will Warren","NYY",7.04743,7.95571,2.96439,4.28662,34.286,21.063,0,0.691,,123.055,525.408,115.912,62.73,58.61,16.7006,43.4022,1.27994,5.60645,119.185,8.71697,3.17435,2.74606,1.22145,0.226843,0.0826067,0.1442364603281021,0.243309,1.29466,0.291359,0.710526,,,4.15714,1.59119,1.22471,333.29998779296875,,,,,,,494.5,4.020325203252033,489,3.975609756097561,,,,,,,,,,,,,,,,,,,"Will Warren","30182",701542
"Zack Littell","WSN",7.27213,10.6146,8.66022,4.55825,26.945,23.772,0,0,,138.369,583.42,140.901,75.04,70.08,22.505,30.8994,0.704671,4.67767,99.9083,6.49838,2.0098,3.23334,1.4638,0.171246,0.0529625,0.11828342080116272,0.257192,1.24161,0.278297,0.6897,,,4.57678,1.58633,1.0598,728.5,,,,,,,463.70000000000005,3.3601449275362323,483,3.5,,,,,,,,,,,,,,,,,,,"Zack Littell","15823",641793
"Ryan Weathers","NYY",6.99985,7.83592,2.9432,4.20622,31.043,21.193,0,0.691,,122.711,519.482,113.501,61.35,57.35,17.5416,41.6246,1.49245,4.76363,114.427,8.39244,3.05288,2.74903,1.28655,0.220272,0.0801271,0.14014454931020737,0.239912,1.26415,0.281303,0.718216,,,4.26259,1.56252,1.45764,230.2100067138672,,,,,,,483.4000000000001,3.9300813008130087,472,3.83739837398374,,,,,,,,,,,,,,,,,,,"Ryan Weathers","23796",677960
"Adrian Houser","SFG",7.9419,9.19471,10.5901,4.57999,24.793,24.793,0,0,,140.247,608.33,145.206,76.57,71.37,16.8871,49.3519,0.432211,6.24519,98.1745,6.3001,3.16703,1.98927,1.08368,0.161384,0.0811269,0.08025673031806946,0.262706,1.38725,0.293187,0.690327,,,4.4897,1.52859,1.0203,741.8599853515625,,,,,,,480.9,3.435,510,3.642857142857143,,,,,,,,,,,,,,,,,,,"Adrian Houser","12718",605288
"Jared Jones","PIT",5.11974,5.71218,4.0667,4.10134,17.452,14.811,0,0.6584,,81.961,345.794,75.7764,39.95,37.35,10.8017,25.2961,0.552426,3.65572,83.7134,9.19243,2.77773,3.30933,1.18611,0.24209,0.0731538,0.168936587870121,0.239161,1.23318,0.292249,0.711139,,,3.86537,1.50988,1.09049,696.7999877929688,,,,,,,358.9,4.376829268292683,352,4.2926829268292686,,,,,,,,,,,,,,,,,,,"Jared Jones","27863",683003
"Max Meyer","MIA",6.68855,9.48938,6.20926,4.39343,26.857,22.239,0,0.6387,,125.369,534.331,122.14,65.74,61.2,17.9568,41.2874,0.898532,4.79855,111.323,7.99165,2.96394,2.69629,1.28908,0.208341,0.0772693,0.13107124716043472,0.250161,1.30357,0.290232,0.706406,,,4.32403,1.49843,1.12857,359.3900146484375,,,,,,,474.40000000000003,3.7952000000000004,479,3.832,,,,,,,,,,,,,,,,,,,"Max Meyer","27474",676974
"Zach Eflin","BAL",8.64264,9.22281,8.01043,4.51606,27.832,23.853,0,0.6611,,138.167,581.041,143.204,74.36,69.33,22.5571,28.3056,0.724146,4.51867,100.125,6.52198,1.84379,3.53727,1.46934,0.172319,0.0487153,0.12360401079058647,0.261217,1.24132,0.283517,0.694274,,,4.5209,1.49758,1.14804,544.780029296875,,,,,,,471.50000000000006,3.416666666666667,496,3.5942028985507246,,,,,,,,,,,,,,,,,,,"Zach Eflin","13774",621107
"Hunter Greene","CIN",4.63709,4.45938,5.7205,3.9296,12.893,12.893,0,0,,75.3283,311.255,61.4627,35.05,32.89,11.4171,23.9819,0.202266,3.86716,89.4235,10.6841,2.86528,3.7288,1.36409,0.2873,0.0770489,0.21025074273347855,0.216871,1.1343,0.274124,0.725513,,,3.84036,1.48763,1.18278,126.81999969482422,,,,,,,355.1,4.734666666666667,326,4.346666666666667,,,,,,,,,,,,,,,,,,,"Hunter Greene","22182",668881
"Mason Miller","SDP",2.80798,1.4761,0,2.62167,59.512,0.071,33,1.9912,,64.1271,255.547,39.8967,19.98,18.68,6.08033,24.1563,1.64119,2.66246,95.1208,13.3499,3.39025,3.93772,0.853352,0.372224,0.0945279,0.2776961103081703,0.174428,0.998845,0.26517,0.793529,,,2.65576,1.44322,1.39465,29.450000762939453,,,,,,,577.8,9.028125,524,8.1875,,,,,,,,,,,,,,,,,,,"Mason Miller","31757",695243
"Andrew Painter","PHI",5.23937,6.61605,2.49981,4.33551,25.028,17.388,0,0,,98.4174,416.965,95.4452,50.83,47.41,14.1043,28.5234,0.947179,3.48418,89.2405,8.1608,2.60839,3.12867,1.2898,0.214024,0.0684072,0.1456165909767151,0.247937,1.25962,0.288839,0.701755,,,4.16034,1.43314,0.91784,999,,,,,,,388,3.9591836734693877,390,3.979591836734694,,,,,,,,,,,,,,,,,,,"Andrew Painter","sa3017880",691725
"Roki Sasaki","LAD",6.47417,5.91467,2.58649,4.29413,30.318,17.676,0,0.7772,,105.989,453.283,97.9872,53.98,50.57,13.0829,39.3284,1.20545,5.76936,98.3058,8.34759,3.33955,2.49962,1.11093,0.216875,0.0867635,0.13011181354522705,0.240056,1.29556,0.286069,0.700302,,,4.16128,1.42325,1.0773,256.510009765625,,,,,,,434.7000000000001,4.100943396226416,426,4.018867924528302,,,,,,,,,,,,,,,,,,,"Roki Sasaki","35323",808963
"Andre Pallante","STL",7.90329,10.1969,8.5469,4.44493,25.212,24.026,0,0,,130.983,564.628,132.56,68.92,64.69,13.0044,49.093,0.44759,4.9574,85.8721,5.90037,3.37324,1.74917,0.893548,0.152086,0.0869475,0.06513842940330505,0.259627,1.38684,0.290393,0.689722,,,4.35258,1.42255,1.24613,999,,,,,,,473.7000000000001,3.616030534351146,496,3.786259541984733,,,,,,,,,,,,,,,,,,,"Andre Pallante","26108",669467
"Lucas Giolito",,6.98815,8.59474,6.44387,4.54263,22.782,19.601,0,0,,112.316,481.124,104.704,60.5,56.69,17.0503,42.5827,0.746282,3.78554,104.276,8.35577,3.4122,2.4488,1.36626,0.216735,0.0885067,0.128228060901165,0.240834,1.31136,0.27966,0.703202,,,4.49029,1.42149,0.94097,674.9299926757812,,,,,,,413.70000000000016,3.6937500000000014,406,3.625,,,,,,,,,,,,,,,,,,,"Lucas Giolito","15474",608337
"Slade Cecconi","CLE",7.73518,10.4731,11.4262,4.74018,26.259,26.259,0,0,,149.197,633.87,151.818,83.97,78.58,26.0923,37.314,0.53797,6.25096,119.16,7.18811,2.25089,3.19346,1.57397,0.187989,0.0588669,0.1291220784187317,0.257186,1.26767,0.282497,0.689122,,,4.68727,1.41242,0.886298,702.1699829101562,,,,,,,496.6000000000002,3.3328859060402696,516,3.4630872483221475,,,,,,,,,,,,,,,,,,,"Slade Cecconi","27500",677944
"Jeffrey Springs","ATH",8.50657,10.9127,12.6606,5.07975,27.99,27.99,0,0,,160.555,696.774,165.688,97.14,90.62,28.6907,54.3927,0.505569,4.62552,137.009,7.68011,3.04901,2.51888,1.60827,0.196633,0.0780636,0.11856939643621445,0.259798,1.37075,0.290214,0.683331,,,4.85427,1.41018,0.363258,746.6199951171875,,,,,,,500.1,3.1062111801242236,525,3.260869565217391,,,,,,,,,,,,,,,,,,,"Jeffrey Springs","17677",605488
"Ian Seymour","TBR",4.23913,6.21444,0.789462,4.09706,33.067,13.933,0,0.6597,,98.3462,415.328,89.2893,48.1,44.77,13.3432,31.8154,1.66214,4.50898,97.7725,8.94749,2.91154,3.07312,1.22108,0.23541,0.0766031,0.15880724787712097,0.23559,1.23141,0.2835,0.712768,,,4.01864,1.40703,1.09915,442.7300109863281,,,,,,,422.9000000000001,4.31530612244898,410,4.183673469387755,,,,,,,,,,,,,,,,,,,"Ian Seymour","27932",693855
"Cade Smith","CLE",2.65821,1.8513,0,3.09058,66.519,0,32,3.297,,68.3755,280.373,52.7906,25.14,23.48,5.45888,22.5078,1.51028,3.64696,87.0482,11.4578,2.96261,3.86747,0.718531,0.310473,0.080278,0.23019501566886902,0.207659,1.10125,0.292693,0.741375,,,2.77438,1.40333,1.08728,40.540000915527344,,,,,,,568.9000000000001,8.366176470588236,540,7.9411764705882355,,,,,,,,,,,,,,,,,,,"Cade Smith","27867",671922
"Dean Kremer","BAL",7.18306,8.61514,4.2996,4.44323,31.141,21.982,0,0.6611,,131.337,558.326,125.387,69.27,64.84,20.3726,42.434,1.11866,4.77087,110.185,7.55054,2.90783,2.59662,1.39605,0.197349,0.0760021,0.12134671956300735,0.245317,1.27779,0.275944,0.707476,,,4.55201,1.39452,1.15725,999,,,,,,,481.4000000000001,3.6748091603053443,478,3.648854961832061,,,,,,,,,,,,,,,,,,,"Dean Kremer","19350",665152
"Nick Martinez","TBR",6.32852,9.74286,3.22454,4.76726,37.769,21.828,0,0.6597,,142.006,606.33,147.308,80.56,75.22,22.2512,36.8158,1.35137,5.97442,105.125,6.66254,2.3333,2.85542,1.41023,0.173379,0.0607192,0.11265942826867104,0.261398,1.29659,0.28672,0.677011,,,4.59555,1.38367,0.562885,737.1799926757812,,,,,,,482.99999999999994,3.401408450704225,509,3.584507042253521,,,,,,,,,,,,,,,,,,,"Nick Martinez","12730",607259
"Seth Lugo","KCR",8.48516,9.81039,12.4258,4.83997,25.934,25.934,0,0,,153.689,664.272,157.347,88.46,82.65,24.269,50.3571,0.556008,6.29088,125.413,7.34414,2.9489,2.49047,1.42119,0.188797,0.075808,0.11298920959234238,0.258954,1.35146,0.290599,0.686385,,,4.6617,1.38198,0.802951,508.8900146484375,,,,,,,518.2,3.3649350649350653,540,3.5064935064935066,,,,,,,,,,,,,,,,,,,"Seth Lugo","12447",607625
"Hunter Barco","PIT",3.61875,4.5188,0.547036,3.78195,31.139,10.334,0,0.6584,,79.4829,337.052,70.78,35.7,33.4,7.16347,30.2389,1.18011,3.73102,76.181,8.62612,3.42401,2.5193,0.811134,0.226021,0.0897159,0.13630548119544983,0.233534,1.27095,0.289511,0.717869,,,3.67202,1.35949,1.09978,999,,,,,,,367.9,4.656962025316456,358,4.531645569620253,,,,,,,,,,,,,,,,,,,"Hunter Barco","33174",682995
"Michael Soroka","ARI",3.82254,5.09644,0.617072,3.9706,38.637,11.606,1,0.6174,,95.4717,404.712,82.64,45,42.12,10.7491,36.9499,1.63621,6.05762,95.2064,8.97499,3.48322,2.57664,1.01331,0.235245,0.091299,0.14394555240869522,0.228473,1.25262,0.281099,0.713498,,,3.95578,1.33443,1.13121,728.9199829101562,,,,,,,421.90000000000003,4.441052631578947,402,4.231578947368421,,,,,,,,,,,,,,,,,,,"Michael Soroka","18383",647336
"Justin Verlander","DET",7.10901,8.53906,9.65248,4.70019,22.711,22.711,0,0,,127.814,547.078,119.48,71.53,66.75,21.055,45.6071,0.422907,5.43436,102.752,7.23528,3.21141,2.25299,1.48259,0.18782,0.0833649,0.10445529222488403,0.240869,1.29162,0.26442,0.689898,,,4.86683,1.31143,0.776426,710.2000122070312,,,,,,,432.5000000000001,3.378906250000001,420,3.28125,,,,,,,,,,,,,,,,,,,"Justin Verlander","8700",434378
"Steven Matz","TBR",5.66987,8.93572,3.02028,4.74393,32.339,20.128,0,0.6597,,123.657,531.889,129.682,69.91,65.18,18.8181,35.8871,1.50185,4.78591,97.8181,7.1194,2.61193,2.72572,1.36962,0.183907,0.067471,0.11643605679273605,0.264002,1.33894,0.295969,0.687088,,,4.51814,1.30389,0.588835,736.8599853515625,,,,,,,422.89999999999986,3.4104838709677407,450,3.629032258064516,,,,,,,,,,,,,,,,,,,"Steven Matz","13361",571927
"Luis Severino","ATH",8.95394,10.7554,13.8234,5.01018,27.784,27.784,0,0,,167.006,727.401,174.169,99.35,92.97,26.4464,56.851,0.572211,9.88686,126.497,6.81697,3.06371,2.22507,1.4252,0.173903,0.0781563,0.0957467183470726,0.263628,1.38331,0.290954,0.678729,,,4.87772,1.30232,0.531031,724.6500244140625,,,,,,,514.6,3.081437125748503,548,3.281437125748503,,,,,,,,,,,,,,,,,,,"Luis Severino","15890",622663
"Hunter Dobbins","STL",3.46223,5.80341,0.755418,4.29729,25.6,12.656,0,0.6663,,83.8576,360.091,83.5738,42.74,40.04,8.75817,27.9144,1.31837,3.59684,65.6852,7.04965,2.99591,2.35309,0.939969,0.182413,0.0775203,0.1048923209309578,0.254349,1.32949,0.294392,0.692839,,,4.05359,1.2859,0.791383,999,,,,,,,332.5,3.9583333333333335,343,4.083333333333333,,,,,,,,,,,,,,,,,,,"Hunter Dobbins","30240",690928
"Brad Lord","WSN",3.79322,6.7896,0.817423,4.17056,35.818,14.136,1,0.6515,,98.6846,422.114,95.5205,49.02,45.73,10.598,34.237,1.37372,4.75972,79.0665,7.21084,3.1224,2.30939,0.966534,0.187311,0.0811084,0.10620228946208954,0.249324,1.31487,0.28939,0.702552,,,4.11433,1.28371,1.03254,999,,,,,,,397.69999999999993,4.017171717171716,402,4.0606060606060606,,,,,,,,,,,,,,,,,,,"Brad Lord","31972",695418
"Chris Paddack","MIA",5.73622,9.29679,4.9037,4.74179,27.665,20.82,0,0.6387,,118.835,508.393,125.359,67.07,62.61,18.5576,30.9558,0.965673,3.66006,87.1633,6.60134,2.34444,2.81574,1.40546,0.171449,0.0608895,0.11055934429168701,0.264596,1.3154,0.290178,0.684739,,,4.57216,1.28124,0.636982,999,,,,,,,394.89999999999986,3.318487394957982,421,3.53781512605042,,,,,,,,,,,,,,,,,,,"Chris Paddack","20099",663978
"Bryce Elder","ATL",6.49011,7.90829,5.99674,4.72852,24.468,19.846,0,0.6492,,115.552,498.762,119.241,64.76,60.71,15.245,38.3354,0.868765,4.72835,91.4188,7.12034,2.98583,2.38471,1.18739,0.183291,0.0768611,0.1064303070306778,0.261667,1.36369,0.297954,0.681305,,,4.38599,1.21897,0.681162,742.3699951171875,,,,,,,421.5000000000001,3.6336206896551735,442,3.810344827586207,,,,,,,,,,,,,,,,,,,"Bryce Elder","27779",693821
"Cristian Javier","HOU",7.52994,9.49574,10.1961,4.87008,24.984,24.984,0,0,,137.548,593.421,123.066,79.19,74.43,22.8269,59.9837,0.43326,6.27133,122.012,7.98349,3.92484,2.03409,1.4936,0.205609,0.101081,0.10452739149332047,0.233448,1.3308,0.262181,0.687393,,,4.96352,1.20482,0.703749,524.219970703125,,,,,,,464.50000000000006,3.3659420289855078,437,3.1666666666666665,,,,,,,,,,,,,,,,,,,"Cristian Javier","17606",664299
"Mick Abel","MIN",5.6492,8.73156,3.05154,4.71136,31.239,19.995,0,0.6268,,114.521,500.606,109.542,64.02,59.95,15.4983,50.1186,1.28279,5.51319,108.085,8.49422,3.93873,2.15659,1.21798,0.215909,0.100116,0.11579278856515884,0.246177,1.39416,0.292616,0.693234,,,4.46417,1.20067,0.645773,426.7099914550781,,,,,,,432.5,3.760869565217391,432,3.756521739130435,,,,,,,,,,,,,,,,,,,"Mick Abel","27756",690953
"Kumar Rocker","TEX",5.12131,6.65931,2.30245,4.29793,28.536,16.146,0,0.6445,,95.8438,404.877,89.8509,48.79,45.77,12.5611,30.4091,1.00101,4.17588,82.1854,7.71744,2.8555,2.70266,1.17952,0.202989,0.0751071,0.12788166105747223,0.242649,1.25475,0.280498,0.696084,,,4.20645,1.17008,0.944797,746.5999755859375,,,,,,,382.5000000000001,3.9843750000000013,377,3.9270833333333335,,,,,,,,,,,,,,,,,,,"Kumar Rocker","31843",677958
"Kyle Freeland","COL",7.32388,11.8031,12.8408,5.61019,27.586,27.586,0,0,,158.369,700.422,189.993,106.3,98.72,26.9286,42.7488,0.629507,5.64154,112.251,6.37917,2.42939,2.62584,1.53033,0.160263,0.0610329,0.0992296114563942,0.291385,1.46961,0.317955,0.64828,,,4.84469,1.15205,-0.631987,999,,,,,,,420.1,2.658860759493671,516,3.2658227848101267,,,,,,,,,,,,,,,,,,,"Kyle Freeland","16256",607536
"Kyle Leahy","STL",4.39956,7.34945,0.939601,4.79152,43.82,14.394,0,0.6663,,113.582,495.661,119.49,64.44,60.47,14.3858,39.5773,1.47598,4.48537,93.3241,7.39481,3.13602,2.35802,1.1399,0.188282,0.0798475,0.10843472927808762,0.264594,1.40046,0.305635,0.681129,,,4.30218,1.1249,0.352543,742.3200073242188,,,,,,,419.9999999999999,3.6842105263157885,446,3.912280701754386,,,,,,,,,,,,,,,,,,,"Kyle Leahy","24763",681517
"Robert Gasser","MIL",3.36407,3.80001,0.431788,3.86198,31.536,8.378,0,0.621,,69.9823,293.721,62.1038,32.22,30.03,8.09616,22.1024,1.20749,3.53516,67.8852,8.73031,2.84246,3.07139,1.0412,0.231121,0.0752497,0.15587157011032104,0.231658,1.20325,0.28114,0.713395,,,3.79805,1.1134,0.908078,999,,,,,,,320.40000000000003,4.577142857142857,308,4.4,,,,,,,,,,,,,,,,,,,"Robert Gasser","29812",688107
"Kyle Harrison","MIL",4.01025,4.932,1.69476,4.17674,23.319,12.022,0,0.621,,75.6762,321.83,67.4401,37.67,35.12,10.3184,28.0533,0.983677,3.78461,78.4503,9.32992,3.33632,2.79647,1.22714,0.243763,0.0871682,0.1565948650240898,0.232558,1.26187,0.283872,0.713449,,,4.0965,1.08343,0.81731,628.3699951171875,,,,,,,329.2,4.3315789473684205,314,4.131578947368421,,,,,,,,,,,,,,,,,,,"Kyle Harrison","27758",690986
"Richard Fitts","STL",5.22472,8.75689,2.9288,4.64689,28.159,19.458,0,0.6663,,109.796,468.297,108.375,60.54,56.69,16.6531,34.104,1.13186,4.23913,87.5788,7.17885,2.79551,2.56799,1.36505,0.187016,0.0728256,0.11418989300727844,0.252061,1.29767,0.281595,0.68761,,,4.55925,1.07695,0.653599,742.3300170898438,,,,,,,390.09999999999997,3.546363636363636,395,3.590909090909091,,,,,,,,,,,,,,,,,,,"Richard Fitts","30160",690916
"J.T. Ginn","ATH",3.36238,4.58029,0.546211,3.99828,27.971,10.41,0,0.6384,,73.5392,311.314,67.3603,35.04,32.67,8.72005,24.9992,1.42273,4.34154,70.9114,8.6784,3.05949,2.83655,1.06719,0.227781,0.0803021,0.14747866988182068,0.238889,1.25592,0.289808,0.71514,,,3.94504,1.0679,0.920466,746.3400268554688,,,,,,,321.70000000000005,4.347297297297298,312,4.216216216216216,,,,,,,,,,,,,,,,,,,"J.T. Ginn","27889",669372
"Rhett Lowder","CIN",4.62363,7.63345,2.70352,4.76611,26.639,17.501,0,0.6509,,104.387,449.927,107.511,58.98,55.28,15.0692,32.8366,1.08177,4.50707,84.1528,7.25546,2.83109,2.56278,1.29923,0.187037,0.0729819,0.1140546128153801,0.260581,1.3445,0.295001,0.682325,,,4.4727,1.06165,0.482064,559.1300048828125,,,,,,,362.3,3.4836538461538464,383,3.6826923076923075,,,,,,,,,,,,,,,,,,,"Rhett Lowder","33876",695076
"Devin Williams","NYM",3.47724,1.76556,0,3.12946,63.788,0,31,3.1781,,64.5927,266.123,45.9404,24,22.46,5.60003,27.7725,1.25881,3.29183,84.9095,11.8308,3.86968,3.05732,0.780279,0.319061,0.10436,0.21470151841640472,0.195442,1.1412,0.279077,0.75468,,,3.07591,1.06143,1.02856,61.790000915527344,,,,,,,531.6,8.178461538461539,491,7.553846153846154,,,,,,,,,,,,,,,,,,,"Devin Williams","15816",642207
"Jacob Latz","TEX",4.31401,5.69859,0.767821,4.32641,40.331,12.108,0,0.6445,,101.204,435.759,88.0936,51.9,48.65,12.7092,47.0295,1.91096,4.15908,96.1433,8.54996,4.1823,2.04432,1.13022,0.220634,0.107925,0.11270860582590103,0.22907,1.33516,0.273411,0.709306,,,4.38507,1.06042,0.768143,724.4000244140625,,,,,,,401.7000000000001,3.977227722772278,379,3.7524752475247523,,,,,,,,,,,,,,,,,,,"Jacob Latz","21306",656641
"Luis Morales","ATH",6.04703,8.25633,4.66336,4.6612,25.882,19.741,0,0.6384,,113.031,485.324,106.082,62.56,58.54,18.555,42.6107,0.947567,5.05111,103.652,8.25322,3.39284,2.43254,1.47743,0.213573,0.0877984,0.12577468901872635,0.242384,1.31551,0.277464,0.701889,,,4.70016,1.0597,0.673047,714.030029296875,,,,,,,394.9,3.4946902654867253,386,3.415929203539823,,,,,,,,,,,,,,,,,,,"Luis Morales","32227",806960
"Cody Bradford","TEX",2.91514,3.41978,0.370825,3.83673,26.318,7.681,0,0.6445,,62.7956,258.777,56.1582,28.6,26.77,8.12104,15.0255,1.16425,1.91193,56.5581,8.10602,2.15349,3.76413,1.16393,0.218559,0.0580637,0.16049571707844734,0.232213,1.13358,0.271151,0.711933,,,3.82419,1.05375,0.837445,999,,,,,,,289.20000000000005,4.590476190476191,278,4.412698412698413,,,,,,,,,,,,,,,,,,,"Cody Bradford","27597",674003
"Garrett Whitlock","BOS",3.08938,1.89164,0,3.41009,57.755,0,5,14.2429,,64.1596,263.144,55.0395,26.13,24.31,6.22271,16.6235,1.275,2.65624,69.2263,9.71073,2.33186,4.16437,0.872892,0.263073,0.0631724,0.19990093261003494,0.225697,1.11695,0.289858,0.723306,,,3.13953,1.04675,0.76638,669.9199829101562,,,,,,,415.79999999999995,6.496874999999999,401,6.265625,,,,,,,,,,,,,,,,,,,"Garrett Whitlock","20191",676477
"Edwin Díaz","LAD",3.37634,1.40032,0,3.52944,62.17,0,36,2.9595,,64.846,267.231,50.1704,27.29,25.43,7.43713,22.5435,0.874319,3.91471,88.1006,12.2275,3.12882,3.90803,1.0322,0.329679,0.0843594,0.24531982839107513,0.208372,1.12133,0.294235,0.729093,,,3.13292,1.04534,0.716448,33.459999084472656,,,,,,,551.9,8.49076923076923,521,8.015384615384615,,,,,,,,,,,,,,,,,,,"Edwin Diaz","14710",621242
"Andrés Muñoz","SEA",2.52845,1.62973,0,2.96963,61.384,0,34,3.3601,,62.7956,256.272,46.3172,22.18,20.72,4.86384,22.9052,1.76885,3.66704,75.6241,10.8386,3.28282,3.30162,0.697096,0.295093,0.0893783,0.2057148888707161,0.201642,1.10234,0.277816,0.753727,,,3.00293,1.042,1.1291,41.47999954223633,,,,,,,538.1,8.541269841269841,503,7.984126984126984,,,,,,,,,,,,,,,,,,,"Andres Munoz","20373",662253
"Aaron Civale","ATH",6.64998,8.35993,8.96097,4.86013,22.043,22.043,0,0,,121.182,521.753,120.453,70.04,65.44,21.3697,39.6165,0.40013,5.95785,102.927,7.64422,2.94226,2.59808,1.58709,0.197271,0.0759296,0.12134166061878204,0.252957,1.3209,0.281581,0.691726,,,4.85714,1.03814,0.546535,999,,,,,,,393.10000000000014,3.2487603305785133,400,3.3057851239669422,,,,,,,,,,,,,,,,,,,"Aaron Civale","19479",650644
"Brandon Sproat","MIL",3.65656,4.69888,0.617333,3.99412,24.772,11.411,0,0.621,,74.089,313.912,65.7188,35.2,32.88,8.2861,27.8911,1.01168,3.96666,64.7118,7.8609,3.38809,2.32016,1.00656,0.206146,0.0888501,0.1172962561249733,0.233,1.26348,0.274723,0.712234,,,4.13217,1.01688,0.966358,710.3900146484375,,,,,,,315.6,4.264864864864865,304,4.108108108108108,,,,,,,,,,,,,,,,,,,"Brandon Sproat","33850",687075
"Griffin Jax","TBR",2.91804,1.81302,0,3.44169,62.177,0.108,18,9.9415,,62.943,258.439,53.0289,25.85,24.07,6.95384,17.3169,1.34115,2.90619,76.4516,10.9315,2.47609,4.41485,0.994306,0.295821,0.0670059,0.22881507128477097,0.222609,1.11761,0.297623,0.734128,,,3.106,1.01349,0.711836,156.64999389648438,,,,,,,464.3,7.36984126984127,446,7.079365079365079,,,,,,,,,,,,,,,,,,,"Griffin Jax","20253",643377
"Patrick Sandoval","BOS",3.76469,4.27659,0.439462,3.91162,34.52,9.059,0,0.676,,75.8817,327.028,69.4291,35.62,32.98,6.95231,33.872,1.81183,3.13427,69.4728,8.23986,4.01741,2.05104,0.824584,0.212437,0.103575,0.10886143147945404,0.239393,1.36134,0.292499,0.723337,,,3.95817,1.00976,0.862391,999,,,,,,,327.9,4.314473684210526,320,4.2105263157894735,,,,,,,,,,,,,,,,,,,"Patrick Sandoval","19447",663776
"Randy Vásquez","SDP",7.18347,9.89112,5.99723,4.97333,28.827,23.781,0,0.6537,,128.775,562.942,135.399,76.16,71.16,18.3597,44.6779,1.11939,6.96288,80.8266,5.64892,3.12251,1.8091,1.28315,0.143579,0.079365,0.06421394646167755,0.264813,1.39839,0.283998,0.673154,,,4.9363,1.00848,0.392333,733.6099853515625,,,,,,,392.19999999999993,3.040310077519379,421,3.2635658914728682,,,,,,,,,,,,,,,,,,,"Randy Vasquez","24719",681190
"Logan Allen","CLE",6.2315,9.39886,6.28523,4.79277,24.935,21.325,0,0.6803,,117.721,513.15,119.171,67.35,62.69,17.2889,46.2832,0.812318,4.54988,91.4594,6.99225,3.53844,1.97608,1.32177,0.178231,0.0901943,0.08803696930408478,0.257768,1.40548,0.288153,0.694544,,,4.78596,1.0054,0.608605,999,,,,,,,387.70000000000005,3.2855932203389835,402,3.406779661016949,,,,,,,,,,,,,,,,,,,"Logan Allen","27589",671106
"José Berríos","TOR",5.32482,6.93692,1.08366,4.52935,36.523,17.215,0,0.6524,,118.348,504.54,114.508,63.71,59.56,18.6542,36.8935,1.85328,6.50954,98.9359,7.52377,2.80563,2.68166,1.41859,0.196091,0.073123,0.12296826392412186,0.248316,1.27929,0.279012,0.699932,,,4.61249,1.00535,0.72029,675.5700073242188,,,,,,,410.5,3.4788135593220337,413,3.5,,,,,,,,,,,,,,,,,,,"Jose Berrios","14168",621244
"Jhoan Duran","PHI",2.73177,1.54945,0,3.22982,65.503,0,33,3.0842,,66.5425,273.277,57.2448,25.75,23.88,5.62749,18.8159,1.87276,3.50993,70.3988,9.52157,2.54489,3.74144,0.761128,0.25761,0.068853,0.18875662237405777,0.228111,1.14304,0.295083,0.737886,,,3.12518,1.00171,0.928623,41.84000015258789,,,,,,,521.8,7.788059701492537,505,7.537313432835821,,,,,,,,,,,,,,,,,,,"Jhoan Duran","21029",661395
"Jose A. Ferrer","SEA",2.53763,1.74294,0,3.15957,62.836,0,3,16.186,,65.4298,268.536,57.7944,24.64,22.97,4.23812,17.1101,1.63047,2.78635,57.7274,7.94051,2.35353,3.37387,0.582962,0.214971,0.0637164,0.15125447511672974,0.232443,1.14481,0.286898,0.728776,,,3.1249,0.977302,0.924344,746.7000122070312,,,,,,,415.99999999999994,6.3999999999999995,408,6.276923076923077,,,,,,,,,,,,,,,,,,,"Jose A. Ferrer","24017",678606
"Abner Uribe","MIL",3.36402,1.76893,0,3.00994,64.668,0,17,6.8784,,66.7688,278.791,49.391,23.87,22.33,4.04546,31.3752,1.63005,3.93187,73.9981,9.97446,4.22917,2.35849,0.545302,0.265425,0.11254,0.1528845950961113,0.202851,1.20964,0.274089,0.75758,,,3.29264,0.955731,1.13758,159.5500030517578,,,,,,,475.19999999999993,7.0925373134328344,439,6.552238805970149,,,,,,,,,,,,,,,,,,,"Abner Uribe","25327",682842
"Connelly Early","BOS",2.54365,2.8272,0.302502,3.42768,17.889,6.972,0,0.676,,47.6561,198.848,39.6541,19.45,18.15,4.3129,17.7076,0.758803,2.25903,50.7087,9.57648,3.34413,2.86367,0.814505,0.255012,0.0890506,0.16596100479364395,0.221678,1.20366,0.285331,0.738679,,,3.44045,0.953061,0.998862,276.989990234375,,,,,,,248.00000000000006,5.166666666666668,234,4.875,,,,,,,,,,,,,,,,,,,"Connelly Early","33666",813349
"Drew Anderson","DET",1.85022,2.5372,0,3.72688,42.14,3.719,0,9.1171,,69.09,295.034,51.5973,30.68,28.61,8.16892,36.0233,1.83543,4.25376,92.9816,12.1122,4.69258,2.58115,1.06412,0.315156,0.122099,0.19305668771266937,0.202536,1.26821,0.282726,0.747408,,,3.72949,0.939585,0.757418,999,,,,,,,379.00000000000006,5.492753623188406,343,4.971014492753623,,,,,,,,,,,,,,,,,,,"Drew Anderson","15130",623454
"Alex Vesia","LAD",3.46802,1.38531,0,3.38973,61.008,0,2,17.9778,,60.7482,249.084,43.4914,24.53,22.88,7.50587,23.5924,1.52687,2.80116,77.0626,11.417,3.49527,3.26642,1.11201,0.309384,0.0947167,0.21466746181249619,0.1953,1.10429,0.260534,0.752158,,,3.50769,0.915537,0.70729,742.1300048828125,,,,,,,396.2000000000001,6.495081967213117,356,5.836065573770492,,,,,,,,,,,,,,,,,,,"Alex Vesia","25007",681911
"Ryan Weiss","HOU",3.2553,4.24923,0.565348,4.31019,31.972,8.948,0,0,,76.1729,326.516,68.3114,39.02,36.48,10.614,30.231,1.27699,3.93615,84.1229,9.93931,3.57186,2.78267,1.25407,0.257638,0.0925866,0.16505145281553268,0.233664,1.29367,0.291974,0.711286,,,4.08347,0.906673,0.575863,999,,,,,,,316.29999999999995,4.161842105263157,303,3.986842105263158,,,,,,,,,,,,,,,,,,,"Ryan Weiss","sa3007778",680802
"Sean Burke","CHW",7.01023,10.6863,10.7521,5.08024,25.87,25.87,0,0,,142.824,622.252,136.969,86.37,80.62,25.4579,60.2445,0.401936,6.31306,132.881,8.37346,3.79628,2.2057,1.60422,0.213549,0.0968168,0.11673220247030258,0.246482,1.38081,0.280633,0.686029,,,4.9896,0.903037,0.334656,999,,,,,,,462.50000000000006,3.2342657342657346,458,3.202797202797203,,,,,,,,,,,,,,,,,,,"Sean Burke","29878",680732
"Spencer Arrighetti","HOU",4.43322,6.49014,2.31772,4.8221,25.421,14.981,0,0.6558,,91.8459,400.32,85.5998,52.44,49.21,13.7109,40.3651,1.03434,5.11331,91.5659,8.97256,3.95539,2.26844,1.34353,0.228731,0.100832,0.12789945304393768,0.241234,1.37148,0.288057,0.688631,,,4.56737,0.901721,0.420307,684.719970703125,,,,,,,338.0000000000001,3.673913043478262,331,3.597826086956522,,,,,,,,,,,,,,,,,,,"Spencer Arrighetti","29921",681293
"David Bednar","NYY",3.19068,1.59329,0,3.46066,59.687,0,32,1.5548,,60.5953,248.578,48.1953,24.87,23.3,6.79266,19.2697,1.52309,2.52068,71.0339,10.5504,2.86206,3.6863,1.00889,0.285761,0.0775197,0.2082410305738449,0.212513,1.11337,0.277942,0.734963,,,3.3267,0.893918,0.707359,63.9900016784668,,,,,,,484.50000000000006,7.942622950819673,458,7.508196721311475,,,,,,,,,,,,,,,,,,,"David Bednar","19569",670280
"Matt Svanson","STL",2.61698,1.77475,0,3.40063,57.428,0,6,13.3744,,64.1264,267.553,54.957,25.87,24.23,4.69737,21.7584,1.73264,3.35729,62.8258,8.81746,3.05374,2.88743,0.659266,0.234816,0.0813235,0.15349224209785461,0.226685,1.19631,0.287338,0.724922,,,3.30295,0.878402,0.76647,647.4000244140625,,,,,,,402.1,6.2828125,388,6.0625,,,,,,,,,,,,,,,,,,,"Matt Svanson","29629",694335
"Bryan Abreu","HOU",3.07728,1.92076,0,3.66042,64.866,0,11,12.5386,,67.4676,284.203,53.0832,29.32,27.44,7.21115,28.7298,0.860668,4.09631,86.9133,11.594,3.83248,3.0252,0.961949,0.305814,0.101089,0.2047252282500267,0.21117,1.21263,0.29171,0.731943,,,3.40781,0.875548,0.617313,191.74000549316406,,,,,,,453.8999999999999,6.774626865671641,426,6.358208955223881,,,,,,,,,,,,,,,,,,,"Bryan Abreu","16609",650556
"Jeremiah Estrada","SDP",2.88973,1.85398,0,3.54027,65.256,0,3,14.9753,,66.6305,278.525,50.635,28.18,26.21,8.3483,27.7587,1.94503,2.90067,88.703,11.9814,3.74946,3.1955,1.12763,0.318474,0.0996633,0.21881059557199478,0.204284,1.17654,0.280389,0.752761,,,3.48183,0.867072,0.720872,606.6500244140625,,,,,,,424.79999999999995,6.340298507462686,391,5.835820895522388,,,,,,,,,,,,,,,,,,,"Jeremiah Estrada","22210",669093
"David Festa","MIN",2.39308,3.39278,0.422554,4.12723,19.256,7.614,1,0.6268,,52.1173,220.759,46.6077,25.56,23.9,6.52768,18.7019,0.762945,2.33764,54.7042,9.44672,3.22958,2.92506,1.12725,0.2478,0.0847162,0.16308411210775375,0.233365,1.25313,0.289412,0.707655,,,3.8752,0.86467,0.527618,999,,,,,,,232.50000000000006,4.471153846153848,225,4.326923076923077,,,,,,,,,,,,,,,,,,,"David Festa","30056",701581
"Davis Martin","CHW",7.20551,11.2173,11.8623,5.24987,26.643,26.643,0,0,,151.101,663.607,160.135,94.25,88.14,24.5841,54.8331,0.516854,7.82036,110.404,6.57599,3.26601,2.01346,1.4643,0.16637,0.0826288,0.08374117314815521,0.266468,1.42268,0.290903,0.668611,,,5.03284,0.862896,0.056916,999,,,,,,,424.9000000000001,2.8139072847682125,461,3.052980132450331,,,,,,,,,,,,,,,,,,,"Davis Martin","21448",663436
"Orion Kerkering","PHI",2.61413,1.58248,0,3.50123,62.849,0.08,2,12.7283,,63.1578,262.686,54.5392,26.33,24.57,5.45743,19.6497,1.29622,3.54477,63.0881,8.99007,2.80009,3.21063,0.777685,0.240166,0.0748033,0.16536248475313187,0.227729,1.17466,0.287119,0.719158,,,3.36241,0.861181,0.711772,999,,,,,,,377.70000000000005,5.995238095238096,366,5.809523809523809,,,,,,,,,,,,,,,,,,,"Orion Kerkering","31776",689147
"José Urquidy","PIT",4.25355,6.32818,2.20421,4.90024,27.07,14.162,0,0.6584,,90.6751,391.084,92.6962,52.57,49.37,13.7614,28.4382,0.964949,3.48442,66.5836,6.60879,2.82265,2.34134,1.36589,0.170254,0.0727164,0.09753764420747757,0.258091,1.33592,0.283107,0.673068,,,4.69564,0.858437,0.225071,999,,,,,,,304.40000000000003,3.3450549450549456,318,3.4945054945054945,,,,,,,,,,,,,,,,,,,"Jose Urquidy","18413",664353
"Ben Brown","CHC",1.69071,1.7211,0,3.58472,35.271,2.16,0,4.8063,,53.6025,222.953,44.56,22.88,21.35,5.74883,18.5919,1.43793,2.16276,59.6102,10.0087,3.12162,3.20626,0.965243,0.267367,0.0833892,0.1839778944849968,0.220378,1.17815,0.283626,0.73084,,,3.4668,0.847415,0.663002,733.5499877929688,,,,,,,285.8,5.292592592592593,269,4.981481481481482,,,,,,,,,,,,,,,,,,,"Ben Brown","23590",676962
"Gabe Speier","SEA",2.42908,1.74115,0,3.40991,60.834,0,1,11.7292,,57.9605,237.635,47.3659,23.61,21.96,6.49452,16.9305,1.5603,2.54127,68.6875,10.6657,2.62894,4.05701,1.00846,0.289046,0.071246,0.21780014783143997,0.217112,1.10931,0.285851,0.737018,,,3.2295,0.838411,0.648521,746.530029296875,,,,,,,364.20000000000005,6.279310344827587,343,5.913793103448276,,,,,,,,,,,,,,,,,,,"Gabe Speier","17170",642100
"Max Scherzer","TOR",4.31352,5.26444,1.97798,4.54109,22.26,13.496,0,0.6524,,79.3157,333.953,72.487,42.68,40.02,14.9107,23.4232,0.747598,3.52797,76.0787,8.6327,2.65784,3.24801,1.69193,0.227813,0.0701391,0.15767351537942886,0.236112,1.20922,0.266541,0.709403,,,4.68005,0.834052,0.52177,706.47998046875,,,,,,,287.90000000000003,3.6443037974683548,275,3.481012658227848,,,,,,,,,,,,,,,,,,,"Max Scherzer","3137",453286
"Miles Mikolas","WSN",6.4997,11.124,10.8495,5.15024,25.639,25.639,0,0,,142.438,613.157,156.606,87.21,81.51,25.6959,33.1676,0.471503,4.67714,86.518,5.46667,2.09571,2.60851,1.6236,0.141102,0.0540932,0.0870092324912548,0.272211,1.33233,0.282683,0.666867,,,5.0626,0.83247,0.181633,999,,,,,,,382.8,2.695774647887324,432,3.0422535211267605,,,,,,,,,,,,,,,,,,,"Miles Mikolas","9803",571945
"Aaron Ashby","MIL",2.89703,2.20504,0,3.52462,56.38,1.737,1,13.2076,,75.1997,321.246,63.4877,31.55,29.45,5.23441,35.7428,1.70468,3.96982,77.9656,9.33103,4.27775,2.1813,0.626462,0.242697,0.111263,0.13143448531627655,0.225507,1.31956,0.293714,0.73644,,,3.55075,0.830404,0.857131,999,,,,,,,422.7,5.636,403,5.373333333333333,,,,,,,,,,,,,,,,,,,"Aaron Ashby","23550",676879
"Trevor McDonald","SFG",2.60231,3.64941,0.475075,4.02739,23.915,8.15,0,0.6515,,62.9291,268.267,59.7251,30.19,28.16,6.82339,21.6844,1.19351,3.76028,54.7809,7.83465,3.10126,2.52628,0.975868,0.204203,0.0808314,0.12337112426757812,0.245962,1.29367,0.291923,0.7128,,,4.01671,0.824523,0.749429,746.739990234375,,,,,,,260.1,4.128571428571429,260,4.126984126984127,,,,,,,,,,,,,,,,,,,"Trevor McDonald","26448",686790
"Johan Oviedo","BOS",4.6192,6.3005,0.867582,4.47922,32.412,14.367,0,0.676,,94.5165,410.057,85.2376,50.34,47.04,12.4104,42.9275,1.4386,5.92152,86.3752,8.22477,4.08762,2.01212,1.18173,0.210642,0.104687,0.10595519095659256,0.235979,1.35601,0.277519,0.702452,,,4.56485,0.821532,0.720042,570.969970703125,,,,,,,363.4,3.8252631578947365,348,3.663157894736842,,,,,,,,,,,,,,,,,,,"Johan Oviedo","22487",670912
"Matt Strahm","KCR",2.63756,1.84725,0,3.77185,60.896,0.121,3,16.6661,,62.9214,261.05,52.8108,28.19,26.37,7.81998,18.8203,1.11029,2.88218,68.9658,9.86456,2.69198,3.66443,1.11854,0.264186,0.0720947,0.19209105521440506,0.220645,1.13842,0.276761,0.715868,,,3.59342,0.804762,0.504884,733.1799926757812,,,,,,,385.00000000000006,6.111111111111112,366,5.809523809523809,,,,,,,,,,,,,,,,,,,"Matt Strahm","13799",621381
"Adrian Morejon","SDP",2.78247,1.79554,0,3.54065,63.083,0,3,13.3796,,65.022,268.864,57.414,27.55,25.58,6.38818,18.954,1.50495,1.91723,62.111,8.59707,2.62351,3.27694,0.884217,0.231012,0.0704963,0.16051588207483292,0.231514,1.17449,0.284276,0.724039,,,3.46484,0.797418,0.612785,728.4199829101562,,,,,,,387.00000000000006,5.953846153846155,375,5.769230769230769,,,,,,,,,,,,,,,,,,,"Adrian Morejon","20039",670970
"Griffin Canning","SDP",5.00629,6.94617,2.51876,4.64494,26.218,16.917,0,0.6537,,99.4566,429.647,95.6857,54.96,51.33,15.5442,39.0611,1.17339,3.71384,86.7694,7.85191,3.53471,2.22137,1.40663,0.201955,0.0909146,0.11104072630405426,0.247332,1.35483,0.281635,0.706173,,,4.71232,0.791292,0.568951,999,,,,,,,335.19999999999993,3.385858585858585,336,3.393939393939394,,,,,,,,,,,,,,,,,,,"Griffin Canning","19867",656288
"Joe Boyle","TBR",3.33212,5.28153,0.73729,4.36926,23.693,11.844,0,0.6597,,74.9989,327.812,61.8363,38.93,36.41,8.99229,43.2694,1.16216,4.49956,82.2989,9.87602,5.1924,1.90201,1.07909,0.251055,0.131994,0.11906059086322784,0.22081,1.40143,0.279965,0.715286,,,4.40994,0.791034,0.644888,737.5900268554688,,,,,,,310.1,4.134666666666667,285,3.8,,,,,,,,,,,,,,,,,,,"Joe Boyle","29608",671212
"A.J. Minter","NYM",2.57234,1.40243,0,3.36997,47.593,0,1,13.7055,,47.9648,195.937,38.0654,19.3,17.96,4.80693,15.2573,0.933491,1.58786,53.8106,10.0969,2.86284,3.52688,0.901961,0.274631,0.0778681,0.1967633217573166,0.212547,1.11171,0.276062,0.730211,,,3.24781,0.769708,0.626379,999,,,,,,,312.90000000000003,6.518750000000001,293,6.104166666666667,,,,,,,,,,,,,,,,,,,"A.J. Minter","18655",621345
"Matt Brash","SEA",2.34815,1.7994,0,3.5309,59.651,0.07,4,12.3263,,60.7154,257.63,49.8679,25.5,23.82,4.97842,27.343,1.40193,3.18275,69.8748,10.3577,4.05312,2.55549,0.737965,0.271221,0.106133,0.1650886982679367,0.219581,1.27169,0.294838,0.736191,,,3.40767,0.765655,0.603697,737.530029296875,,,,,,,377.9000000000001,6.195081967213116,358,5.868852459016393,,,,,,,,,,,,,,,,,,,"Matt Brash","25756",666374
"Lance McCullers Jr.","HOU",4.54784,6.39749,2.27847,4.58283,22.125,15.571,0,0.6558,,85.3882,373.403,78.9572,46.45,43.48,10.8002,41.3028,0.7411,5.31679,80.2593,8.45941,4.35335,1.94319,1.13835,0.21494,0.110612,0.10432834923267365,0.241619,1.40839,0.289139,0.702018,,,4.53746,0.763617,0.632343,999,,,,,,,314.30000000000007,3.6976470588235304,308,3.623529411764706,,,,,,,,,,,,,,,,,,,"Lance McCullers Jr.","14120",621121
"Aaron Bummer","ATL",2.20501,1.49585,0,3.79163,57.018,0.128,0,12.1178,,60.623,258.656,56.5866,27.45,25.54,3.55105,22.9733,1.5272,3.53565,58.9887,8.75737,3.41059,2.5677,0.527183,0.228058,0.0888181,0.1392403170466423,0.243753,1.31237,0.312696,0.698633,,,3.26237,0.763036,0.500393,999,,,,,,,339.0000000000001,5.55737704918033,338,5.540983606557377,,,,,,,,,,,,,,,,,,,"Aaron Bummer","16258",607481
"Patrick Corbin",,5.22876,7.84004,5.33544,5.25214,19.162,16.633,0,0,,92.1909,404.143,100.559,57.73,53.8,14.7647,32.0905,0.622305,2.76241,75.9607,7.41555,3.13279,2.36708,1.44138,0.187955,0.0794038,0.10855130851268768,0.272305,1.43886,0.307988,0.669051,,,4.70338,0.755439,-0.0617389,999,,,,,,,280.70000000000005,3.05108695652174,312,3.391304347826087,,,,,,,,,,,,,,,,,,,"Patrick Corbin","9323",571578
"Daniel Palencia","CHC",2.74787,1.78939,0,3.59957,61.938,0,29,4.4587,,64.2326,270.031,50.8558,27.47,25.69,6.33931,27.4528,1.33469,3.59566,73.7342,10.3313,3.84657,2.68585,0.888237,0.273058,0.101665,0.17139272391796112,0.212801,1.21914,0.280138,0.73219,,,3.57242,0.754936,0.6623,107.4800033569336,,,,,,,483.19999999999993,7.549999999999999,458,7.15625,,,,,,,,,,,,,,,,,,,"Daniel Palencia","27914",694037
"Tyler Anderson","LAA",5.06229,6.70374,4.72772,4.78908,17.621,14.878,0,0,,85.0185,368.268,80.8657,48.3,45.24,13.1302,34.3642,0.762567,3.13182,68.1919,7.21874,3.63777,1.98439,1.38995,0.185169,0.093313,0.0918562188744545,0.244476,1.35535,0.27154,0.691085,,,4.86178,0.74981,0.462574,999,,,,,,,283.5,3.335294117647059,281,3.3058823529411763,,,,,,,,,,,,,,,,,,,"Tyler Anderson","12880",542881
"Anthony Kay","CHW",5.50257,9.5053,4.93395,5.13543,28.111,20.604,0,0.5829,,121.871,541.045,122.083,74.24,69.54,18.0195,56.7533,1.42942,6.70801,100.728,7.43863,4.19115,1.77484,1.33072,0.186173,0.104896,0.08127756416797638,0.255626,1.46742,0.290003,0.680926,,,4.96643,0.743904,0.138966,999,,,,,,,378.2000000000002,3.100000000000002,390,3.19672131147541,,,,,,,,,,,,,,,,,,,"Anthony Kay","20387",641743
"Luis Gil","NYY",4.74232,5.62868,0.832936,4.51008,37.03,13.232,0,0.691,,97.322,423.228,82.6157,51.83,48.77,13.537,50.3033,1.424,4.98437,92.5356,8.55737,4.65188,1.83955,1.25186,0.218642,0.118856,0.09978598356246948,0.224535,1.36577,0.263792,0.711512,,,4.74601,0.73312,0.57609,350.6700134277344,,,,,,,354.8000000000001,3.657731958762888,328,3.381443298969072,,,,,,,,,,,,,,,,,,,"Luis Gil","21052",661563
"Dylan Lee","ATL",2.48532,1.59653,0,3.79931,62.543,0,2,15.9999,,64.0538,264.138,56.8813,29.09,27.04,8.81419,16.3214,1.36229,1.60921,69.8796,9.81857,2.29327,4.28148,1.23845,0.264557,0.061791,0.2027657926082611,0.23103,1.14283,0.286944,0.724789,,,3.5819,0.731971,0.455558,999,,,,,,,374.7000000000001,5.854687500000002,363,5.671875,,,,,,,,,,,,,,,,,,,"Dylan Lee","19996",669276
"Aroldis Chapman","BOS",3.07486,1.82353,0,3.33044,56.214,0,28,1.9343,,55.8304,234.165,38.5877,22.2,20.66,5.3971,29.6477,1.02018,2.37697,75.4315,12.1597,4.77928,2.54427,0.870026,0.32213,0.12661,0.19551977515220642,0.190896,1.22219,0.273598,0.758665,,,3.41049,0.729361,0.748112,63.540000915527344,,,,,,,453.5000000000001,8.098214285714288,417,7.446428571428571,,,,,,,,,,,,,,,,,,,"Aroldis Chapman","10233",547973
"Phil Maton","CHC",2.75914,1.82628,0,3.68011,62.992,0,6,14.1052,,63.4139,266.392,52.1803,27.75,25.93,6.58141,23.8098,1.33004,4.73334,72.6671,10.3133,3.3792,3.05198,0.934065,0.272782,0.0893787,0.18340355157852173,0.219384,1.19832,0.287508,0.722416,,,3.54283,0.722613,0.50483,733.280029296875,,,,,,,389.90000000000003,6.188888888888889,369,5.857142857142857,,,,,,,,,,,,,,,,,,,"Phil Maton","18064",664208
"Erik Sabrowski","CLE",2.29272,1.77983,0,3.56939,57.817,0,2,13.582,,59.4051,253.461,43.018,25.12,23.56,5.58223,32.8987,1.31168,3.45929,77.1687,11.6912,4.98423,2.34564,0.84572,0.304459,0.129798,0.1746615767478943,0.198145,1.27795,0.278639,0.745896,,,3.59479,0.697976,0.599183,999,,,,,,,363,6.1525423728813555,329,5.576271186440678,,,,,,,,,,,,,,,,,,,"Erik Sabrowski","24978",681870
"Chris Martin","TEX",2.40628,1.52803,0,3.63071,50.865,0,7,11.9724,,51.6593,210.189,47.9508,22.28,20.84,5.87557,8.44889,1.22295,1.98448,48.9735,8.53208,1.47195,5.79644,1.02363,0.232997,0.0401966,0.19280071929097176,0.240047,1.09176,0.290361,0.708261,,,3.32359,0.696748,0.531611,679.1199951171875,,,,,,,337.2,6.484615384615385,333,6.403846153846154,,,,,,,,,,,,,,,,,,,"Chris Martin","11847",455119
"Jonah Tong","NYM",1.77552,1.8736,0.201984,3.46177,12.123,4.837,0,0.7173,,31.6919,131.796,25.1969,13.03,12.19,3.11892,12.4996,0.438733,1.27218,36.5754,10.3868,3.54969,2.92612,0.885725,0.277516,0.0948409,0.18267497420310974,0.21349,1.18947,0.28186,0.740069,,,3.40999,0.682259,0.636875,659.77001953125,,,,,,,173.9,5.434375,160,5,,,,,,,,,,,,,,,,,,,"Jonah Tong","32157",804636
"Pete Fairbanks","MIA",2.20245,1.70816,0,3.76985,58.594,0,26,4.1124,,60.09,251.756,52.5933,27.05,25.17,5.95485,20.9362,1.18091,2.72589,59.6029,8.92704,3.13573,2.84687,0.89189,0.236748,0.0831608,0.1535874381661415,0.230577,1.22366,0.286941,0.712956,,,3.62097,0.676519,0.446421,113.58000183105469,,,,,,,426.40000000000003,7.106666666666667,416,6.933333333333334,,,,,,,,,,,,,,,,,,,"Pete Fairbanks","17998",664126
"Brant Hurter","DET",1.70703,1.23597,0,3.38225,43.21,0.084,0,6.2689,,51.037,212.614,45.3038,20.63,19.18,3.70283,15.0844,1.52871,2.92106,46.8673,8.2647,2.66002,3.107,0.652967,0.220434,0.0709474,0.14948616176843643,0.232795,1.18322,0.288819,0.720202,,,3.30009,0.67485,0.581749,999,,,,,,,275.20000000000005,5.39607843137255,267,5.235294117647059,,,,,,,,,,,,,,,,,,,"Brant Hurter","30133",676428
"Josiah Gray","WSN",4.86296,7.84702,8.03266,4.98975,18.343,18.343,0,0,,103.893,450.942,98.9006,61.53,57.6,18.067,42.7385,0.391131,4.61469,84.6843,7.336,3.70233,1.98145,1.5651,0.187795,0.0947761,0.09301841259002686,0.245053,1.36332,0.268696,0.688546,,,5.13298,0.672494,0.296754,999,,,,,,,316.80000000000007,3.046153846153847,312,3,,,,,,,,,,,,,,,,,,,"Josiah Gray","24580",680686
"Will Vest","DET",2.36764,1.87162,0,3.78062,61.866,0.063,8,11.5243,,64.7037,272.491,60.03,29.19,27.18,6.34366,20.0721,1.12173,3.08905,62.5454,8.69979,2.79194,3.11604,0.882376,0.229532,0.0736617,0.155870720744133,0.240766,1.23798,0.29753,0.714847,,,3.55026,0.672488,0.509467,518.7100219726562,,,,,,,396.20000000000005,6.095384615384616,392,6.030769230769231,,,,,,,,,,,,,,,,,,,"Will Vest","19769",676684
"Jonathan Cannon","CHW",3.39777,6.32762,0.957165,4.88045,28.668,13.203,0,0.5829,,90.6555,392.329,91.2852,52.63,49.16,13.8617,31.0042,1.32487,4.25177,67.3451,6.68582,3.078,2.17213,1.37614,0.171655,0.0790261,0.09262873232364655,0.255649,1.34895,0.280656,0.677073,,,4.80386,0.66769,0.18681,999,,,,,,,297.6,3.2703296703296707,306,3.3626373626373627,,,,,,,,,,,,,,,,,,,"Jonathan Cannon","31730",686563
"Raisel Iglesias","ATL",2.44955,1.60766,0,3.90013,62.022,0,26,4.4493,,63.3441,262.841,57.8667,29.42,27.45,8.34344,15.6016,1.43634,2.29447,64.5095,9.16558,2.21669,4.13481,1.18544,0.245432,0.0593575,0.18607443198561668,0.236244,1.15983,0.287773,0.7129,,,3.65821,0.658825,0.401753,101.2300033569336,,,,,,,439.00000000000006,6.968253968253969,433,6.873015873015873,,,,,,,,,,,,,,,,,,,"Raisel Iglesias","17130",628452
"Stephen Kolek","KCR",2.76513,3.89228,0.519342,4.54275,29.183,8.042,0,0.666,,67.6572,294.697,70.8481,36.53,34.15,6.89282,22.8188,1.12137,4.25089,48.3302,6.42906,3.03544,2.118,0.916908,0.164,0.0774315,0.08656826615333557,0.264727,1.38443,0.301102,0.680064,,,4.23118,0.652,0.297818,999,,,,,,,251.50000000000003,3.6985294117647065,268,3.9411764705882355,,,,,,,,,,,,,,,,,,,"Stephen Kolek","21487",663568
"Cole Sands","MIN",2.81846,2.03996,0,4.19036,61.761,0.205,5,12.8289,,65.8941,279.686,61.7466,32.86,30.68,7.33464,20.5649,1.22653,3.51612,61.2153,8.36096,2.80881,2.9767,1.00179,0.218872,0.0735284,0.14534324407577515,0.24157,1.24915,0.290887,0.686416,,,3.82052,0.644106,0.152019,737.8400268554688,,,,,,,365.1000000000001,5.531818181818183,363,5.5,,,,,,,,,,,,,,,,,,,"Cole Sands","21461",663485
"Chase Dollander","COL",5.4959,9.65505,8.61836,5.6497,22.665,22.665,0,0,,118.663,532.685,129.685,79.47,74.49,19.1348,51.1546,0.401689,6.27554,98.4021,7.46331,3.87982,1.92362,1.45128,0.184729,0.0960317,0.08869681507349014,0.272876,1.52398,0.309044,0.658028,,,5.02485,0.642378,-0.411674,742.1400146484375,,,,,,,333.89999999999986,2.8058823529411754,373,3.134453781512605,,,,,,,,,,,,,,,,,,,"Chase Dollander","33482",801403
"Corbin Burnes","ARI",2.40745,2.11121,2.66506,3.98513,5.976,5.84,0,0,,35.0503,146.672,32.0026,16.55,15.52,4.07701,10.7481,0.138985,1.3656,32.1933,8.26641,2.75982,2.99527,1.04687,0.219492,0.0732796,0.14621223509311676,0.237834,1.21969,0.284119,0.707307,,,3.84713,0.6421,0.482188,737.4199829101562,,,,,,,154.60000000000002,4.417142857142858,151,4.314285714285714,,,,,,,,,,,,,,,,,,,"Corbin Burnes","19361",669203
"Kody Funderburk","MIN",2.67806,1.73009,0,3.82996,58.441,0,4,14.9704,,62.3427,267.97,57.3154,28.49,26.53,4.03343,25.8715,1.44863,3.52858,56.8513,8.20724,3.7349,2.19745,0.582279,0.212155,0.0965462,0.11560899019241333,0.240245,1.33435,0.299867,0.705401,,,3.56714,0.636816,0.451053,746.6199951171875,,,,,,,365.3999999999999,5.893548387096773,362,5.838709677419355,,,,,,,,,,,,,,,,,,,"Kody Funderburk","24993",681892
"Mason Montgomery","PIT",2.64743,1.6839,0,3.84948,57.236,0,2,12.1538,,59.8288,254.696,52.025,27.43,25.59,6.05299,24.3579,1.47759,2.45058,66.8648,10.0584,3.66413,2.7451,0.910546,0.262528,0.0956352,0.16689301282167435,0.228293,1.27669,0.296652,0.720863,,,3.55942,0.634946,0.446467,999,,,,,,,349,5.816666666666666,336,5.6,,,,,,,,,,,,,,,,,,,"Mason Montgomery","29770",682254
"Hurston Waldrep","ATL",3.32799,3.71117,3.72966,4.75355,9.784,9.449,0,0,,52.7479,229.513,53.0597,29.63,27.86,6.33124,20.8234,0.215314,2.1994,44.7851,7.64136,3.55295,2.15071,1.08025,0.195131,0.0907286,0.10440195351839066,0.25696,1.40068,0.300748,0.680614,,,4.30683,0.631742,0.291336,708.8200073242188,,,,,,,201.60000000000002,3.803773584905661,208,3.9245283018867925,,,,,,,,,,,,,,,,,,,"Hurston Waldrep","33527",694462
"Shawn Armstrong","CLE",2.42167,2.27712,0,4.14187,63.324,0.396,3,16.457,,66.6221,282.091,61.734,32.81,30.66,8.02483,20.5813,0.959812,3.62313,65.6416,8.86755,2.78033,3.18939,1.08408,0.232697,0.0729597,0.15973707288503647,0.239384,1.23555,0.291549,0.696467,,,3.82038,0.628489,0.205524,999,,,,,,,372.2,5.555223880597015,367,5.477611940298507,,,,,,,,,,,,,,,,,,,"Shawn Armstrong","12857",542888
"Josh Hader","HOU",2.35138,1.35455,0,3.4202,47.015,0,24,2.7697,,49.2076,200.924,33.8735,19.95,18.7,6.98992,19.4216,0.861312,2.24184,67.3609,12.3202,3.55218,3.46835,1.27845,0.335255,0.0966612,0.2385937198996544,0.188962,1.08307,0.256253,0.766392,,,3.56469,0.625259,0.576804,117.44999694824219,,,,,,,391.1,7.981632653061225,357,7.285714285714286,,,,,,,,,,,,,,,,,,,"Josh Hader","14212",623352
"Tyler Rogers","TOR",3.23965,1.72234,0,3.59052,66.787,0,3,17.7404,,67.3022,277.039,64.3975,28.84,26.85,6.08024,13.1334,1.02366,3.29432,43.0441,5.75607,1.75626,3.27746,0.813081,0.155372,0.0474062,0.10796573385596275,0.247102,1.15198,0.275749,0.705475,,,3.76272,0.620701,0.617235,741.8300170898438,,,,,,,380.6,5.6805970149253735,382,5.701492537313433,,,,,,,,,,,,,,,,,,,"Tyler Rogers","15541",643511
"Andrew Nardi","MIA",1.98317,1.46303,0,3.63071,52.282,0,1,9.8362,,51.5601,215.254,42.3998,22.4,20.8,6.1859,18.9691,1.15446,2.13685,61.0174,10.6508,3.31112,3.21668,1.07977,0.283468,0.0881243,0.19534330070018768,0.218389,1.19024,0.285274,0.739326,,,3.556,0.619738,0.531561,999,,,,,,,305.8,5.880769230769231,286,5.5,,,,,,,,,,,,,,,,,,,"Andrew Nardi","25942",677053
"Ryan Walker","SFG",2.38727,1.82739,0,4.02056,59.825,0.177,23,6.1563,,61.6034,263.28,58.5518,29.57,27.52,6.22628,20.8494,1.27241,3.69036,61.3508,8.96309,3.04601,2.94257,0.909633,0.233025,0.0791909,0.15383370220661163,0.245253,1.28891,0.305705,0.704981,,,3.6523,0.619068,0.245277,157.5399932861328,,,,,,,417.6,6.735483870967743,418,6.741935483870968,,,,,,,,,,,,,,,,,,,"Ryan Walker","20423",676254
"Bryan King","HOU",2.98043,1.85812,0,3.66941,62.245,0,1,16.6617,,63.378,267.253,54.8531,27.71,25.84,6.15112,23.5444,1.25468,3.21855,62.3886,8.8595,3.34342,2.64983,0.873491,0.233444,0.0880978,0.145346499979496,0.228089,1.23698,0.283233,0.726328,,,3.69489,0.618749,0.504857,999,,,,,,,365.40000000000003,5.800000000000001,353,5.603174603174603,,,,,,,,,,,,,,,,,,,"Bryan King","25890",687911
"Jason Adam","SDP",2.312,1.45235,0,3.4501,50.617,0,1,14.8719,,52.1202,213.833,40.114,21.39,19.98,5.61877,17.4705,1.26114,3.18928,53.5545,9.24768,3.01676,3.06543,0.970237,0.25045,0.0817014,0.16874847561120987,0.207658,1.10484,0.257426,0.727993,,,3.67071,0.608513,0.635351,999,,,,,,,320,6.153846153846154,295,5.673076923076923,,,,,,,,,,,,,,,,,,,"Jason Adam","11861",592094
"Ryan Helsley","BAL",2.88545,1.83323,0,3.81997,60.157,0,29,3.4176,,62.5528,261.999,53.7394,28.38,26.55,7.54486,21.7312,1.39663,2.36431,63.8699,9.1895,3.12665,2.93908,1.08554,0.243779,0.0829441,0.16083531081676483,0.225888,1.20651,0.277464,0.7255,,,3.81664,0.603156,0.504912,85.41000366210938,,,,,,,440.4000000000001,6.990476190476192,424,6.73015873015873,,,,,,,,,,,,,,,,,,,"Ryan Helsley","18138",664854
"Camilo Doval","NYY",3.21497,1.66494,0,3.61046,61.076,0,5,13.7505,,62.0945,263.546,51.1272,26.6,24.91,5.02113,27.9485,1.5707,3.8375,64.7429,9.38385,4.05086,2.31651,0.727764,0.245661,0.106048,0.1396128609776497,0.220604,1.27347,0.284612,0.728362,,,3.63674,0.586718,0.554235,706.780029296875,,,,,,,379.69999999999993,6.124193548387096,360,5.806451612903226,,,,,,,,,,,,,,,,,,,"Camilo Doval","21992",666808
"Ryan Bergert","KCR",2.65987,4.08194,0.612587,4.74563,23.037,8.938,0,0.666,,60.0806,261.616,58.6178,33.82,31.68,8.45532,23.9291,0.932611,2.44104,54.4974,8.16365,3.58454,2.27746,1.2666,0.208311,0.0914665,0.11684470623731613,0.249177,1.37394,0.291147,0.689114,,,4.46726,0.577354,0.191686,999,,,,,,,226.20000000000002,3.7700000000000005,230,3.8333333333333335,,,,,,,,,,,,,,,,,,,"Ryan Bergert","29863",686701
"José Alvarado","PHI",2.28105,1.45293,0,3.7799,56.243,0,4,12.2601,,56.9777,241.78,49.8896,25.73,23.93,5.18632,23.2559,1.30956,2.68384,59.2543,9.3596,3.67342,2.54792,0.819212,0.245076,0.0961865,0.14888925850391388,0.231142,1.28376,0.295268,0.719674,,,3.60432,0.575696,0.388018,999,,,,,,,338.29999999999995,5.935087719298245,328,5.754385964912281,,,,,,,,,,,,,,,,,,,"Jose Alvarado","17780",621237
"Tyler Holton","DET",2.54728,2.00777,0,3.55432,62.419,0.541,1,13.7777,,68.6714,281.215,60.2028,29.22,27.12,8.02726,16.894,1.20967,2.4147,54.373,7.12607,2.2141,3.21849,1.05204,0.19335,0.0600749,0.1332755945622921,0.229864,1.12269,0.261523,0.726963,,,3.91471,0.57483,0.777944,999,,,,,,,368.20000000000005,5.336231884057971,353,5.115942028985507,,,,,,,,,,,,,,,,,,,"Tyler Holton","26231",663947
"Blake Treinen","LAD",2.98691,1.34403,0,3.92065,55.783,0,1,14.311,,56.3784,236.837,49.7144,26.31,24.56,6.34185,19.064,1.19136,2.71162,58.8226,9.39018,3.04329,3.08554,1.01238,0.248367,0.080494,0.1678733378648758,0.231164,1.21994,0.289349,0.708991,,,3.66948,0.573747,0.334227,999,,,,,,,323.6000000000001,5.77857142857143,315,5.625,,,,,,,,,,,,,,,,,,,"Blake Treinen","12572",595014
"Angel Zerpa","MIL",2.91455,1.7276,0,3.49147,57.438,0.181,0,11.5914,,59.3131,246.353,52.7058,24.73,23.01,5.44792,17.9676,1.23082,2.41721,50.7841,7.70583,2.72635,2.82642,0.826652,0.206143,0.0729343,0.13320888578891754,0.233244,1.19153,0.278419,0.728725,,,3.64783,0.566759,0.599234,999,,,,,,,327.3,5.547457627118645,320,5.423728813559322,,,,,,,,,,,,,,,,,,,"Angel Zerpa","22717",672582
"Eduard Bazardo","SEA",2.37553,1.9214,0,3.93979,60.477,0,1,14.0319,,64.1455,268.538,55.0372,30.03,28.08,8.07951,21.8466,1.3245,2.85482,66.4221,9.31941,3.06521,3.04038,1.1336,0.247347,0.0813538,0.16599278897047043,0.225713,1.19858,0.277306,0.714534,,,3.85684,0.565465,0.35262,999,,,,,,,350.20000000000005,5.471875000000001,334,5.21875,,,,,,,,,,,,,,,,,,,"Eduard Bazardo","20997",660825
"Gordon Graceffo","STL",2.25141,1.7864,0,4.10008,51.3,0,0,12.0227,,61.6158,262.079,58.7904,29.99,28.07,6.29417,19.6731,1.5939,2.41191,52.1001,7.61008,2.87358,2.64829,0.919367,0.198796,0.0750655,0.12373005598783493,0.244966,1.27343,0.289077,0.695942,,,3.84728,0.56271,0.245306,999,,,,,,,317.5999999999999,5.122580645161289,318,5.129032258064516,,,,,,,,,,,,,,,,,,,"Gordon Graceffo","29519",700669
"Caleb Thielbar","CHC",2.76569,1.91722,0,3.86961,62.606,0,2,15.1051,,60.3782,251.532,51.5447,27.86,25.96,7.72075,20.3165,1.08708,1.9197,60.3992,9.00312,3.02838,2.97291,1.15086,0.240125,0.080771,0.15935418754816055,0.224796,1.19018,0.271902,0.720715,,,3.90164,0.561499,0.343375,999,,,,,,,334.40000000000003,5.573333333333334,320,5.333333333333333,,,,,,,,,,,,,,,,,,,"Caleb Thielbar","10078",573204
"Jack Dreyer","LAD",2.62087,1.14355,0,3.62482,46.959,0.292,1,11.5421,,49.5087,206.24,41.3154,21.38,19.94,5.12079,17.5584,1.52293,1.65112,49.3492,8.971,3.19188,2.81057,0.930889,0.23928,0.0851357,0.15414416790008545,0.220901,1.18916,0.273041,0.725153,,,3.65021,0.557496,0.527222,999,,,,,,,292.9,5.858,276,5.52,,,,,,,,,,,,,,,,,,,"Jack Dreyer","30249",676263
"Jordan Montgomery","TEX",2.23689,3.33417,0.501611,4.5641,16.076,7.657,0,0.6445,,51.9796,222.706,52.1962,28.19,26.36,6.73663,16.7037,0.953874,1.71822,39.6895,6.87203,2.89216,2.37609,1.16641,0.178215,0.0750035,0.10321133583784103,0.255508,1.32552,0.287978,0.684561,,,4.35606,0.55387,0.350251,999,,,,,,,190.50000000000006,3.6634615384615397,196,3.769230769230769,,,,,,,,,,,,,,,,,,,"Jordan Montgomery","16511",656756
"Ryan Feltner","COL",4.23117,8.38011,2.88846,5.56471,26.71,16.983,0,0.6093,,99.8705,445.523,111.246,65.84,61.75,15.2514,38.7389,1.26027,4.18158,76.1443,6.86187,3.49103,1.96557,1.37441,0.17091,0.0869517,0.08395827561616898,0.276319,1.5018,0.308461,0.654149,,,4.88481,0.55164,-0.442261,999,,,,,,,293.9,2.9389999999999996,332,3.32,,,,,,,,,,,,,,,,,,,"Ryan Feltner","21446",663372
"Trevor Megill","MIL",2.88485,1.9786,0,4.21962,60.697,0,19,8.9471,,62.5578,266.083,55.9779,31.49,29.33,8.79843,22.4072,1.66202,2.77148,74.1636,10.6697,3.22365,3.30981,1.2658,0.278724,0.0842113,0.19451234489679337,0.232366,1.253,0.298714,0.709808,,,3.79994,0.547813,0.196312,140.07000732421875,,,,,,,413.9,6.56984126984127,402,6.380952380952381,,,,,,,,,,,,,,,,,,,"Trevor Megill","17722",656730
"Evan Sisk","PIT",2.18819,1.34622,0,3.62963,47.017,0,0,6.8479,,47.7569,204.677,42.0868,20.61,19.26,3.19312,21.0947,1.34073,2.39496,48.652,9.16868,3.97539,2.30636,0.601757,0.237701,0.103063,0.13463783264160156,0.232283,1.32298,0.300703,0.725101,,,3.44243,0.540037,0.41909,999,,,,,,,266.1000000000001,5.543750000000002,258,5.375,,,,,,,,,,,,,,,,,,,"Evan Sisk","24995",681895
"Colin Rea","CHC",3.34476,4.29274,0.561936,4.64599,35.528,8.894,0,0.7209,,82.0579,350.644,80.4067,45.38,42.36,12.6715,25.8575,1.34302,3.80777,65.0864,7.13859,2.83601,2.51712,1.38979,0.18562,0.0737429,0.11187685281038284,0.250505,1.29499,0.278493,0.687769,,,4.6408,0.53945,0.295338,746.1699829101562,,,,,,,282.9000000000001,3.450000000000001,285,3.475609756097561,,,,,,,,,,,,,,,,,,,"Colin Rea","12317",607067
"Brusdar Graterol","LAD",2.23217,0.863472,0,3.25963,39.993,0,0,4.7671,,41.2777,170.171,38.1532,16.09,14.95,2.48362,9.69907,0.949531,2.20565,29.3827,6.40646,2.11474,3.02943,0.541517,0.172666,0.0569961,0.11566973105072975,0.24107,1.15928,0.282197,0.715766,,,3.35889,0.531619,0.558977,999,,,,,,,222,5.414634146341464,221,5.390243902439025,,,,,,,,,,,,,,,,,,,"Brusdar Graterol","20367",660813
"Gregory Soto","PIT",2.82169,1.89147,0,3.99032,61.707,0,4,13.8169,,59.7697,258.421,54.2352,28.35,26.5,5.06547,26.1187,1.14136,3.84679,59.5578,8.9681,3.93289,2.28028,0.762748,0.230469,0.10107,0.12939830124378204,0.2374,1.34439,0.300123,0.709832,,,3.74802,0.528284,0.343384,746.5999755859375,,,,,,,348.1,5.801666666666667,341,5.683333333333334,,,,,,,,,,,,,,,,,,,"Gregory Soto","19677",642397
"Tanner Scott","LAD",3.2989,1.47066,0,3.87949,61.717,0,5,14.7389,,63.2171,270.595,55.018,29.2,27.25,6.2806,27.6126,1.46701,3.42065,66.5873,9.47981,3.93111,2.41148,0.894147,0.246077,0.102044,0.14403310418128967,0.229661,1.30709,0.292376,0.723622,,,3.79276,0.527382,0.401753,722.8900146484375,,,,,,,375.4000000000001,5.95873015873016,363,5.761904761904762,,,,,,,,,,,,,,,,,,,"Tanner Scott","17586",656945
"Andrew Alvarez","WSN",1.9402,3.26171,0.39708,4.08542,23.536,6.308,0,0.6515,,51.2628,220.458,49.4575,24.97,23.27,4.78195,19.801,0.894404,2.16246,39.6148,6.95502,3.47637,2.00065,0.839548,0.179693,0.0898172,0.08987593650817871,0.249163,1.35105,0.289916,0.707894,,,4.0876,0.527262,0.487488,999,,,,,,,206.50000000000003,4.049019607843138,208,4.078431372549019,,,,,,,,,,,,,,,,,,,"Andrew Alvarez","29914",674841
"Alek Manoah","LAA",4.06047,6.00669,5.87939,4.94964,14.821,14.821,0,0,,80.4422,350.701,78.5044,47.24,44.24,12.9954,31.2716,0.285647,5.89539,65.4765,7.32561,3.49872,2.0938,1.45395,0.186702,0.0891688,0.09753276407718658,0.250385,1.36466,0.278687,0.682839,,,4.99347,0.526741,0.291861,742.0999755859375,,,,,,,245.70000000000002,3.07125,250,3.125,,,,,,,,,,,,,,,,,,,"Alek Manoah","26410",666201
"JP Sears","SDP",2.55569,3.47283,0.483465,4.47846,23.316,7.652,0,0.6537,,57.7364,244.509,54.1737,30.91,28.73,9.64091,17.3792,1.01029,2.8893,49.695,7.74649,2.70908,2.85945,1.50283,0.203244,0.0710779,0.13216602057218552,0.241588,1.2393,0.270052,0.700068,,,4.63761,0.523467,0.352007,999,,,,,,,209.80000000000004,3.6172413793103457,204,3.5172413793103448,,,,,,,,,,,,,,,,,,,"JP Sears","23429",676664
"Justin Bruihl","STL",2.08759,1.50062,0,3.69008,46.596,0,0,9.8943,,47.1941,199.643,41.7121,20.72,19.35,3.59773,17.4572,1.87407,2.54963,44.3686,8.46118,3.32912,2.54157,0.686094,0.22224,0.0874421,0.1347978636622429,0.232203,1.25374,0.289469,0.710281,,,3.51768,0.518677,0.365153,999,,,,,,,257.40000000000003,5.476595744680852,251,5.340425531914893,,,,,,,,,,,,,,,,,,,"Justin Bruihl","23779",677865
"Edwin Uceta","TBR",2.66109,1.88904,0,4.09955,57.891,0,9,10.3826,,62.1288,264.181,52.0158,30.41,28.3,9.12134,24.9234,1.92139,3.64413,75.8846,10.9927,3.61041,3.04472,1.32132,0.287245,0.0943422,0.19290296733379364,0.220768,1.23838,0.284811,0.7251,,,3.98033,0.51814,0.245283,504.8800048828125,,,,,,,362.9,5.853225806451612,343,5.532258064516129,,,,,,,,,,,,,,,,,,,"Edwin Uceta","20539",670955
"Luis Garcia",,2.36035,3.57792,0,4.20512,38.508,3.502,1,0,,50.4028,212.194,44.1742,25.22,23.55,7.56536,17.1639,1.25574,1.95288,51.6586,9.22423,3.06482,3.00972,1.35088,0.24345,0.0808879,0.1625618189573288,0.228791,1.21696,0.2735,0.711735,,,4.17442,0.51583,0.296985,999,,,,,,,209.20000000000002,4.184,198,3.96,,,,,,,,,,,,,,,,,,,"Luis Garcia","23735",677651
"JoJo Romero","STL",2.74074,2.03651,0,3.79053,61.586,0,12,9.4502,,61.7091,261.701,56.84,27.88,25.99,5.42843,22.4725,1.32501,2.77314,54.2607,7.91368,3.27751,2.41454,0.791712,0.207339,0.0858709,0.12146788090467453,0.240384,1.28526,0.290845,0.717202,,,3.74744,0.514609,0.450968,492.4800109863281,,,,,,,378.09999999999997,6.098387096774193,374,6.032258064516129,,,,,,,,,,,,,,,,,,,"JoJo Romero","19574",668941
"Ryan Thompson","ARI",2.15138,1.75762,0,4.19063,61.813,0,6,15.9383,,62.6899,266.398,62.879,31.25,29.19,6.01374,17.9696,1.58706,2.97727,50.1405,7.19836,2.57979,2.79029,0.863356,0.188216,0.067454,0.12076234072446823,0.256177,1.28966,0.300402,0.684786,,,3.78498,0.513498,0.196311,999,,,,,,,359.6000000000001,5.707936507936509,368,5.841269841269841,,,,,,,,,,,,,,,,,,,"Ryan Thompson","16647",657044
"Hunter Harvey","CHC",2.15905,1.5115,0,3.93932,50.054,0,4,12.8961,,52.4558,218.386,47.5286,24.6,22.96,6.40329,14.6993,0.97764,2.16497,52.9538,9.08544,2.522,3.60247,1.09863,0.242478,0.0673089,0.17516914755105972,0.235849,1.18629,0.28928,0.706451,,,3.66755,0.507317,0.22227,746.6500244140625,,,,,,,313.2,6.023076923076923,309,5.9423076923076925,,,,,,,,,,,,,,,,,,,"Hunter Harvey","15507",640451
"Bryan Baker","TBR",2.76006,1.94313,0,4.08941,59.841,0,2,12.3776,,61.3144,259.014,52.8803,29.84,27.86,8.5899,22.7223,1.1288,2.75169,68.2895,10.0238,3.33527,3.0054,1.26086,0.263651,0.0877258,0.17592529952526093,0.226429,1.23303,0.282715,0.719801,,,3.97526,0.504569,0.191705,999,,,,,,,318.9000000000001,5.227868852459018,304,4.983606557377049,,,,,,,,,,,,,,,,,,,"Bryan Baker","19804",641329
"Jake Irvin","WSN",4.37148,8.51532,3.08195,4.96227,26.816,17.923,0,0.6515,,108.93,471.939,112.878,64.5,60.06,18.5573,35.5836,1.20936,4.52385,77.3179,6.38815,2.93998,2.17285,1.53324,0.16383,0.0753987,0.08843143284320831,0.261394,1.36291,0.280753,0.685506,,,5.03482,0.496182,0.294541,999,,,,,,,314.1000000000001,2.88165137614679,333,3.055045871559633,,,,,,,,,,,,,,,,,,,"Jake Irvin","21504",663623
"Ryan Yarbrough","NYY",2.35517,2.11774,0,4.08713,42.23,2.622,0,7.1865,,63.6168,267.782,57.5369,30.99,28.89,8.19186,19.7708,1.52868,3.98412,52.8999,7.48387,2.79702,2.67566,1.15892,0.197549,0.0738318,0.12371686846017838,0.235781,1.21521,0.269741,0.703498,,,4.26627,0.494439,0.427733,999,,,,,,,286.40000000000003,4.4750000000000005,278,4.34375,,,,,,,,,,,,,,,,,,,"Ryan Yarbrough","16502",642232
"Germán Márquez","SDP",5.37653,7.8687,4.55309,5.20776,23.035,18.473,0,0.6537,,100.667,438.76,106.813,62.45,58.25,17.2419,33.9718,0.822688,3.34762,73.0485,6.5308,3.0372,2.15027,1.54149,0.166489,0.0774268,0.08906182646751404,0.266073,1.39851,0.28787,0.671558,,,5.0226,0.493603,0.0550415,999,,,,,,,299.1000000000001,2.9613861386138622,323,3.198019801980198,,,,,,,,,,,,,,,,,,,"German Marquez","15038",608566
"Robert Garcia","TEX",2.86339,1.95279,0,3.98004,61.596,0,18,6.1873,,60.6702,256.911,54.5197,28.8,26.83,7.09939,21.9407,1.84641,2.37359,62.0608,9.20629,3.25474,2.82858,1.05315,0.241566,0.0854018,0.1561637744307518,0.234396,1.26026,0.290145,0.716469,,,3.81279,0.492168,0.294296,240.5800018310547,,,,,,,388.30000000000007,6.365573770491804,380,6.229508196721311,,,,,,,,,,,,,,,,,,,"Robert Garcia","23363",676395
"Kevin Ginkel","ARI",2.05653,1.63333,0,4.17048,58.665,0,16,10.8064,,60.2737,257.086,56.5213,29.91,27.93,6.56991,20.7815,1.2342,2.91878,57.5065,8.5868,3.10307,2.76719,0.981012,0.223686,0.080835,0.14285116642713547,0.24218,1.28253,0.295031,0.695879,,,3.82361,0.489043,0.138199,516.0499877929688,,,,,,,377.7,6.295,377,6.283333333333333,,,,,,,,,,,,,,,,,,,"Kevin Ginkel","19876",656464
"Steven Okert","HOU",2.92165,2.01758,0,4.09071,61.288,0.092,1,13.7369,,61.867,260.52,50.4973,30.08,28.12,9.18311,23.9488,1.31009,3.48694,71.1536,10.3509,3.48391,2.97107,1.3359,0.273121,0.0919269,0.18119457364082336,0.216649,1.20333,0.270474,0.720349,,,4.09494,0.48518,0.245275,999,,,,,,,340.09999999999997,5.485483870967742,315,5.080645161290323,,,,,,,,,,,,,,,,,,,"Steven Okert","13580",595345
"Luke Weaver","NYM",3.1191,2.02858,0,4.14136,60.182,0.213,5,14.4654,,67.304,283.656,60.0352,33.23,30.97,9.71951,21.66,1.22698,2.91924,70.8663,9.47636,2.89641,3.27176,1.29971,0.249831,0.0763599,0.17347151786088943,0.231727,1.21382,0.281894,0.711803,,,4.00223,0.481947,0.205527,724.719970703125,,,,,,,364.79999999999995,5.4447761194029844,353,5.268656716417911,,,,,,,,,,,,,,,,,,,"Luke Weaver","16918",596133
"Brendon Little","TOR",2.55131,1.28713,0,3.37009,52.739,0,0,9.6885,,52.0224,220.633,42.5903,20.93,19.48,4.03314,24.6216,1.51716,2.54708,55.0263,9.51968,4.25959,2.23488,0.697742,0.249402,0.111595,0.13780688494443893,0.220146,1.29198,0.286874,0.75175,,,3.59425,0.481626,0.635198,999,,,,,,,289.8,5.573076923076924,274,5.269230769230769,,,,,,,,,,,,,,,,,,,"Brendon Little","21574",663893
"Jon Gray",,2.6444,3.43958,2.46205,4.73172,9.315,7.615,0,0,,45.0407,193.489,44.8056,25.26,23.68,7.02938,14.8044,0.319322,1.86044,38.4996,7.69297,2.9582,2.60056,1.40461,0.198975,0.0765126,0.12246270477771759,0.25339,1.32347,0.287719,0.69019,,,4.56445,0.481351,0.291899,999,,,,,,,154.89999999999998,3.4422222222222216,159,3.533333333333333,,,,,,,,,,,,,,,,,,,"Jon Gray","14916",592351
"Sean Newcomb","CHW",2.21801,2.94138,0,4.23909,54.383,2.818,1,10.2281,,73.4167,317.813,65.7147,37.09,34.58,7.85242,34.1877,1.70621,3.82913,68.6448,8.41502,4.191,2.00788,0.962612,0.215991,0.107572,0.10841934382915497,0.234866,1.36076,0.284616,0.706479,,,4.20904,0.481223,0.282914,999,,,,,,,339.20000000000005,4.646575342465754,330,4.52054794520548,,,,,,,,,,,,,,,,,,,"Sean Newcomb","16943",656794
"Jared Koenig","MIL",2.99603,1.88576,0,3.81272,60.168,0.201,2,15.3048,,62.6718,264.035,55.0036,28.54,26.55,6.84254,22.2048,1.73674,3.0265,60.522,8.69128,3.18873,2.72563,0.982625,0.22922,0.0840979,0.1451217159628868,0.23033,1.23195,0.280922,0.71964,,,3.83087,0.480504,0.401782,999,,,,,,,354.1,5.620634920634921,341,5.412698412698413,,,,,,,,,,,,,,,,,,,"Jared Koenig","27517",657649
"Kenley Jansen","DET",2.2203,1.74229,0,3.90045,55.508,0,22,4.1731,,56.6243,234.769,45.4421,26.32,24.54,7.83866,19.4289,1.26002,2.27981,56.8147,9.03026,3.08808,2.92424,1.24589,0.242003,0.0827576,0.15924526005983353,0.213283,1.14564,0.253381,0.715273,,,4.07818,0.479648,0.388018,138.24000549316406,,,,,,,383.4,6.726315789473684,358,6.280701754385965,,,,,,,,,,,,,,,,,,,"Kenley Jansen","3096",445276
"Brandyn Garcia","ARI",1.6828,1.23407,0,3.72924,47.089,0,0,9.8108,,50.5599,217.527,45.5083,22.42,20.95,3.44999,22.1452,1.37518,2.85543,47.8811,8.52315,3.94199,2.16214,0.61412,0.220116,0.101804,0.11831124871969223,0.236374,1.33809,0.297873,0.720009,,,3.61159,0.47922,0.477724,999,,,,,,,281.9000000000001,5.5274509803921585,277,5.431372549019608,,,,,,,,,,,,,,,,,,,"Brandyn Garcia","33568",805299
"Clayton Beeter","WSN",2.06613,1.82686,0,3.89938,57.691,0,15,8.9987,,61.4636,265.007,48.101,28.49,26.63,6.67308,33.639,1.61361,3.21477,73.7456,10.7984,4.92569,2.19227,0.977126,0.278278,0.126936,0.15134191513061523,0.210828,1.32989,0.280422,0.735521,,,3.9457,0.477906,0.397204,324.6000061035156,,,,,,,388.50000000000006,6.368852459016394,362,5.934426229508197,,,,,,,,,,,,,,,,,,,"Clayton Beeter","27494",690925
"David Morgan","SDP",2.42182,1.76807,0,3.95344,55.746,0.228,0,11.7954,,59.7126,253.572,51.2895,28.15,26.23,7.12501,23.6825,2.00237,3.17918,63.8839,9.62871,3.56947,2.69752,1.0739,0.251936,0.0933954,0.1585404872894287,0.226234,1.25555,0.283649,0.720372,,,3.89615,0.474415,0.343444,999,,,,,,,320.29999999999995,5.338333333333333,304,5.066666666666666,,,,,,,,,,,,,,,,,,,"David Morgan","31616",688158
"Travis Adams","MIN",1.99506,2.20672,0,4.39484,41.948,2.277,0,4.1785,,58.7939,253.091,56.7167,30.75,28.71,6.86165,20.9466,1.56765,2.59599,50.9776,7.80351,3.20645,2.43369,1.05036,0.20142,0.082763,0.11865685135126114,0.247079,1.32094,0.290345,0.689324,,,4.11949,0.473103,0.10079,999,,,,,,,248.3,4.208474576271187,250,4.237288135593221,,,,,,,,,,,,,,,,,,,"Travis Adams","30180",701519
"Braydon Fisher","TOR",2.37759,1.3192,0,3.75161,49.175,0.091,1,6.7852,,50.7382,215.622,39.3927,22.62,21.15,5.72312,24.3857,2.13361,2.61149,59.5987,10.5717,4.32556,2.444,1.01517,0.276403,0.113095,0.16330865025520325,0.208841,1.25701,0.273063,0.738055,,,3.8485,0.471909,0.374326,999,,,,,,,274.20000000000005,5.3764705882352954,249,4.882352941176471,,,,,,,,,,,,,,,,,,,"Braydon Fisher","24609",680755
"PJ Poulin","WSN",2.02196,1.76292,0,3.89065,56.989,0,2,14.604,,57.9235,248.166,50.5059,26.86,25.04,5.50193,25.1405,1.92705,2.87239,58.7046,9.12137,3.90626,2.33507,0.854875,0.236554,0.101305,0.13524902611970901,0.229413,1.30597,0.288586,0.718041,,,3.79384,0.468856,0.338825,999,,,,,,,326.80000000000007,5.634482758620691,316,5.448275862068965,,,,,,,,,,,,,,,,,,,"PJ Poulin","23394",676571
"Alex Cobb",,2.26501,3.27006,1.01606,4.46429,11.799,7.056,0,0,,42.094,180.915,43.4451,22.38,20.88,5.09269,13.5025,0.409458,1.69112,33.2932,7.11832,2.88693,2.46571,1.08885,0.184026,0.0746343,0.10939217358827591,0.262157,1.35287,0.301191,0.69388,,,4.20891,0.468691,0.362484,999,,,,,,,155.5,3.7023809523809526,163,3.880952380952381,,,,,,,,,,,,,,,,,,,"Alex Cobb","6562",502171
"Robert Suarez","ATL",2.48892,1.75787,0,4.18968,64.223,0,11,10.9338,,65.9263,278.944,61.3901,32.84,30.69,8.7399,21.0363,1.49007,2.7169,65.5881,8.95383,2.87179,3.11786,1.19314,0.23513,0.075414,0.15971636027097702,0.240566,1.25028,0.291106,0.706454,,,3.94971,0.467811,0.152019,205.61000061035156,,,,,,,378.1,5.728787878787879,372,5.636363636363637,,,,,,,,,,,,,,,,,,,"Robert Suarez","30115",663158
"Jovani Morán","BOS",2.58566,1.67078,0,3.72003,48.741,0,0,7.0302,,52.2577,223.943,42.3635,23.16,21.6,4.55758,26.5076,1.45577,2.42234,57.2282,9.85603,4.56523,2.15893,0.784922,0.255548,0.118368,0.13718020915985107,0.217234,1.31791,0.28377,0.731489,,,3.73949,0.46776,0.428245,999,,,,,,,269.1,5.175000000000001,250,4.8076923076923075,,,,,,,,,,,,,,,,,,,"Jovani Moran","20422",663558
"Hoby Milner","CHC",2.61129,1.80443,0,3.86069,60.254,0,0,13.4575,,61.4502,257.136,59.4116,28.33,26.36,6.49154,15.738,1.04547,2.62481,48.8536,7.15511,2.30499,3.10417,0.950752,0.189991,0.0612051,0.12878617271780968,0.24882,1.22294,0.288506,0.708728,,,3.8149,0.46745,0.397173,999,,,,,,,317.20000000000005,5.200000000000001,320,5.245901639344262,,,,,,,,,,,,,,,,,,,"Hoby Milner","13346",571948
"Kendry Rojas","MIN",1.22423,1.09889,0,3.69173,25.209,1.037,0,0,,31.6193,132.978,28.2586,13.9,12.97,2.91322,10.5418,0.931826,1.05574,32.3665,9.21268,3.00059,3.07029,0.829209,0.243398,0.0792751,0.16412273794412613,0.232811,1.22711,0.29437,0.717139,,,3.38598,0.465443,0.334838,999,,,,,,,155.10000000000002,4.846875000000001,149,4.65625,,,,,,,,,,,,,,,,,,,"Kendry Rojas","sa3016746",696070
"Yimi García","TOR",2.50286,1.37225,0,3.78023,51.675,0,4,10.6347,,52.9491,218.484,44.5476,23.81,22.24,7.41875,15.4447,1.25501,2.56328,54.8228,9.31849,2.62521,3.54962,1.261,0.250923,0.0706902,0.18023309856653214,0.222209,1.13302,0.268593,0.729393,,,3.9061,0.46055,0.378873,999,,,,,,,309.1,5.832075471698114,294,5.547169811320755,,,,,,,,,,,,,,,,,,,"Yimi Garcia","12095",554340
"River Ryan","LAD",2.52328,2.31712,0.994647,4.41145,12.245,6.83,0,0.7772,,40.7825,174.723,38.3193,21.4,19.99,5.37573,15.4524,0.389222,1.96744,35.9821,7.94064,3.41008,2.32858,1.18633,0.205938,0.0884394,0.11749852448701859,0.243601,1.3185,0.28413,0.699994,,,4.36556,0.458971,0.402148,645.25,,,,,,,168.10000000000002,4.1000000000000005,165,4.024390243902439,,,,,,,,,,,,,,,,,,,"River Ryan","29514",689981
"Lucas Erceg","KCR",2.47369,1.81202,0,3.99019,58.85,0,6,12.8377,,61.4407,264.348,56.4243,29.16,27.24,5.28336,25.0346,1.28873,3.93589,54.3691,7.96413,3.66714,2.17175,0.773921,0.205672,0.0947033,0.1109689399600029,0.239718,1.32581,0.291028,0.706149,,,3.89778,0.456894,0.294313,629.6699829101562,,,,,,,347.30000000000007,5.693442622950821,343,5.622950819672131,,,,,,,,,,,,,,,,,,,"Lucas Erceg","19360",668674
"Hunter Gaddis","CLE",2.42637,2.19029,0,4.13049,61.896,0.16,5,13.5156,,65.6073,275.432,56.9847,32.2,30.11,9.83433,20.9878,1.47157,3.51893,64.8508,8.89623,2.8791,3.08993,1.34907,0.235452,0.0761995,0.15925204008817673,0.227099,1.18847,0.267535,0.712918,,,4.22746,0.450538,0.254487,746.5900268554688,,,,,,,353.2000000000001,5.351515151515153,336,5.090909090909091,,,,,,,,,,,,,,,,,,,"Hunter Gaddis","25636",683769
"Ryan Fernandez","STL",1.96759,1.52388,0,3.98077,44.598,0,0,0.6663,,47.0035,198.98,42.2979,22.21,20.79,5.12686,16.7841,1.34695,1.84238,47.0735,9.01339,3.21374,2.80464,0.981666,0.236574,0.0843508,0.15222325176000595,0.234528,1.25697,0.290052,0.710383,,,3.73896,0.449608,0.262161,999,,,,,,,218.10000000000002,4.640425531914894,211,4.48936170212766,,,,,,,,,,,,,,,,,,,"Ryan Fernandez","24862",681676
"Marcus Stroman",,3.28628,4.58381,2.80389,4.82469,12.249,10.095,0,0,,56.4471,246.486,57.643,32.43,30.26,7.18569,22.3881,0.359544,2.43689,40.2849,6.42307,3.56958,1.79939,1.1457,0.163437,0.090829,0.07260791957378387,0.260051,1.41781,0.289668,0.680296,,,4.68206,0.448578,0.26791,999,,,,,,,185.50000000000006,3.312500000000001,197,3.517857142857143,,,,,,,,,,,,,,,,,,,"Marcus Stroman","13431",573186
"Jeff Hoffman","TOR",2.90366,1.69596,0,4.07029,61.309,0,26,3.7941,,62.0226,260.193,51.58,30.05,28.05,9.46822,22.6162,1.1056,3.225,71.8813,10.4306,3.28181,3.17831,1.37392,0.276262,0.086921,0.18934061378240585,0.220096,1.19628,0.275236,0.724413,,,4.05171,0.448356,0.245275,105.56999969482422,,,,,,,424.8999999999999,6.853225806451611,405,6.532258064516129,,,,,,,,,,,,,,,,,,,"Jeff Hoffman","17432",656546
"Garrett Cleavinger","TBR",2.86105,1.94082,0,3.97066,62.115,0,7,13.4459,,61.6295,262.682,51.485,29.13,27.19,7.9029,26.5174,1.15585,3.5847,73.8307,10.7818,3.87244,2.78424,1.15409,0.281065,0.100949,0.18011637032032013,0.221365,1.26567,0.288917,0.730111,,,3.87151,0.446733,0.347992,559.8499755859375,,,,,,,369.79999999999995,5.9645161290322575,348,5.612903225806452,,,,,,,,,,,,,,,,,,,"Garrett Cleavinger","17897",664076
"Justin Topa","MIN",2.54579,2.01703,0,4.58115,58.629,0.121,5,11.9549,,61.4125,266.679,65.5369,33.51,31.26,5.81217,19.1177,1.72448,3.3545,47.6447,6.98234,2.80169,2.49218,0.851774,0.178659,0.0716879,0.10697153210639954,0.268366,1.37846,0.313104,0.668403,,,3.91161,0.439079,-0.216065,746.6699829101562,,,,,,,309.0000000000001,5.065573770491805,330,5.409836065573771,,,,,,,,,,,,,,,,,,,"Justin Topa","15145",623437
"Jimmy Herget","COL",2.68562,2.85159,0,4.68448,62.27,0.578,2,14.5869,,70.8937,304.87,70.6165,39.57,36.9,10.3078,21.2909,2.2275,3.67868,65.7669,8.34915,2.70289,3.08897,1.30858,0.215721,0.0698358,0.14588520675897598,0.252291,1.29641,0.295883,0.675526,,,4.22657,0.438012,-0.24067,999,,,,,,,344.79999999999995,4.856338028169014,352,4.957746478873239,,,,,,,,,,,,,,,,,,,"Jimmy Herget","17556",623474
"Tyler Alexander","TEX",2.47147,2.55622,0,4.39429,51.153,2.326,1,12.0629,,69.7383,294.338,68.059,36.49,34.05,10.3619,18.0601,2.02327,2.42499,58.3386,7.52882,2.33072,3.23025,1.33724,0.198203,0.0613582,0.13684438169002533,0.248524,1.23489,0.28124,0.693023,,,4.27486,0.437151,0.177681,999,,,,,,,327.2,4.674285714285714,329,4.7,,,,,,,,,,,,,,,,,,,"Tyler Alexander","17735",641302
"Erick Fedde","CHW",4.42073,7.71967,4.50398,5.35398,21.258,16.471,0,0.5829,,95.5813,418.633,99.7424,60.5,56.86,16.0438,36.145,0.698239,3.33634,64.0382,6.02988,3.40344,1.7717,1.51069,0.15297,0.0863407,0.06662920117378235,0.263068,1.42169,0.279864,0.664639,,,5.21647,0.433004,-0.0529492,999,,,,,,,268.60000000000014,2.797916666666668,287,2.9895833333333335,,,,,,,,,,,,,,,,,,,"Erick Fedde","17425",607200
"Javier Assad","CHC",1.79674,2.23797,0,4.3373,38.345,2.981,0,7.4978,,57.6442,248.02,53.7138,29.73,27.78,6.34207,23.3879,1.34247,2.88662,47.9603,7.48805,3.65156,2.05064,0.990189,0.193373,0.0942984,0.0990741029381752,0.242232,1.33755,0.282912,0.694368,,,4.26881,0.431979,0.205446,999,,,,,,,261,4.5,258,4.448275862068965,,,,,,,,,,,,,,,,,,,"Javier Assad","21741",665871
"Tyler Kinley","ATL",2.31794,1.61884,0,4.18979,58.863,0,2,13.3846,,59.824,254.089,51.7001,29.71,27.85,7.66991,23.2448,1.38865,2.82817,61.7682,9.29249,3.49698,2.65729,1.15387,0.243097,0.091483,0.15161395072937012,0.226739,1.25276,0.277657,0.704516,,,4.04433,0.431679,0.138199,999,,,,,,,318.40000000000003,5.3066666666666675,304,5.066666666666666,,,,,,,,,,,,,,,,,,,"Tyler Kinley","18297",641755
"Graham Ashcraft","CIN",2.01581,1.68077,0,4.12143,54.214,0.272,2,15.5476,,62.1702,266.31,61.1177,30.4,28.47,5.93168,21.0434,1.48119,3.31855,50.4525,7.3037,3.04633,2.39754,0.858693,0.18945,0.0790185,0.11043161153793335,0.252607,1.32155,0.297396,0.700831,,,3.92801,0.429592,0.245295,999,,,,,,,328.4,5.296774193548386,334,5.387096774193548,,,,,,,,,,,,,,,,,,,"Graham Ashcraft","27552",668933
"Charlie Morton",,3.10718,4.47345,2.47643,4.86016,11.544,9.924,0,0,,51.8316,228.127,49.0826,29.89,27.99,7.66336,24.0534,0.365965,3.8379,52.0583,9.03936,4.17662,2.16428,1.33066,0.228198,0.105439,0.12275969237089157,0.245124,1.41103,0.294769,0.692964,,,4.6628,0.428587,0.22027,999,,,,,,,178.99999999999997,3.4423076923076916,176,3.3846153846153846,,,,,,,,,,,,,,,,,,,"Charlie Morton","4676",450203
"Louis Varland","TOR",2.67705,1.7335,0,4.19225,57.815,0.348,4,13.4475,,64.8768,275.665,61.6489,32.42,30.22,8.81167,20.6608,1.73992,2.73863,64.3345,8.92477,2.86616,3.11384,1.22239,0.233379,0.0749491,0.15843018889427185,0.244381,1.26871,0.294983,0.712981,,,3.99956,0.425081,0.200921,741.7000122070312,,,,,,,337.1,5.186153846153847,336,5.1692307692307695,,,,,,,,,,,,,,,,,,,"Louis Varland","27691",686973
"John Schreiber","KCR",2.63527,1.95345,0,4.0796,62.677,0,1,13.5302,,61.3736,261.877,57.0795,29.76,27.82,6.57837,21.616,1.07982,3.25614,54.2135,7.95002,3.16984,2.50802,0.964671,0.207019,0.0825427,0.12447624653577805,0.240837,1.28224,0.286592,0.704252,,,3.97765,0.42472,0.191703,999,,,,,,,311.1000000000001,5.100000000000001,308,5.049180327868853,,,,,,,,,,,,,,,,,,,"John Schreiber","20020",670167
"Martín Pérez","ATL",3.00645,3.6674,3.45577,5.01317,9.188,9.052,0,0,,48.7955,214.056,52.1984,29.12,27.18,6.91508,18.0974,0.159352,1.94662,36.7226,6.77324,3.33795,2.02916,1.27544,0.171556,0.0845451,0.0870107039809227,0.269047,1.44062,0.301137,0.679304,,,4.7046,0.423525,0.158829,999,,,,,,,155.3,3.169387755102041,168,3.4285714285714284,,,,,,,,,,,,,,,,,,,"Martin Perez","6902",527048
"Riley O'Brien","STL",2.62985,2.05524,0,4.01017,59.602,0,15,10.6554,,62.7056,270.652,53.713,29.78,27.94,6.00753,30.0856,1.60882,4.60657,64.6725,9.2823,4.31812,2.14962,0.862247,0.238951,0.11116,0.1277911514043808,0.227637,1.33638,0.288636,0.716541,,,3.97764,0.420675,0.298915,252.66000366210938,,,,,,,396.0000000000001,6.285714285714287,381,6.0476190476190474,,,,,,,,,,,,,,,,,,,"Riley O'Brien","20348",676617
"Dennis Santana","PIT",2.84208,1.96496,0,4.2803,62.418,0,24,4.6497,,65.0352,279.819,60.6945,33.13,30.93,6.97727,24.925,1.72167,3.43601,59.9622,8.29796,3.44929,2.4057,0.96556,0.214289,0.0890754,0.12521345168352127,0.24137,1.31651,0.29112,0.692005,,,3.99411,0.416881,0.0985773,149.16000366210938,,,,,,,412.29999999999995,6.343076923076922,410,6.3076923076923075,,,,,,,,,,,,,,,,,,,"Dennis Santana","17878",642701
"Andrew Kittredge","BAL",2.58418,1.68721,0,4.02065,55.034,0,5,11.9401,,56.4983,235.363,52.4034,26.99,25.24,7.58481,14.8316,1.10312,2.12762,54.6365,8.70341,2.36263,3.68379,1.20824,0.232137,0.063016,0.16912133991718292,0.239938,1.19004,0.286963,0.710838,,,3.84679,0.407546,0.231469,741.9299926757812,,,,,,,312.8000000000001,5.585714285714288,308,5.5,,,,,,,,,,,,,,,,,,,"Andrew Kittredge","12828",552640
"Bennett Sousa","HOU",2.24942,1.47351,0,3.96935,47.674,0,1,6.8207,,50.5851,212.836,43.9571,23.96,22.31,6.44162,18.093,1.35939,1.85488,53.8554,9.58185,3.21906,2.97659,1.14608,0.253038,0.0850091,0.1680285781621933,0.22789,1.22665,0.282942,0.71825,,,3.84431,0.4068,0.27135,999,,,,,,,270.20000000000005,5.298039215686275,258,5.0588235294117645,,,,,,,,,,,,,,,,,,,"Bennett Sousa","21345",656986
"Kevin Kelly","TBR",1.89285,1.28334,0,3.93902,41.266,0,0,4.0461,,42.5436,178.081,41.2623,19.97,18.62,4.45968,10.0296,0.842708,2.60079,35.8155,7.57669,2.12174,3.57097,0.943434,0.20112,0.0563208,0.14479894936084747,0.249394,1.20563,0.29401,0.695295,,,3.70481,0.403599,0.252986,999,,,,,,,211.4,4.916279069767442,212,4.930232558139535,,,,,,,,,,,,,,,,,,,"Kevin Kelly","25679",687330
"Cade Gibson","MIA",2.02548,1.63467,0,3.97306,54.697,0.1,0,11.9227,,60.7995,261.456,57.0592,28.76,26.84,4.59032,24.1747,1.77518,3.33808,50.036,7.4067,3.57852,2.06977,0.679494,0.191374,0.0924617,0.09891244769096375,0.243902,1.33609,0.292604,0.701453,,,3.82824,0.403376,0.294338,999,,,,,,,308.7000000000001,5.06065573770492,307,5.032786885245901,,,,,,,,,,,,,,,,,,,"Cade Gibson","31815",806188
"Drew Thorpe","CHW",2.43666,3.34547,2.49511,4.5734,8.635,7.83,0,0,,42.487,180.335,40.2904,23.07,21.59,6.55358,13.9501,0.191402,1.52816,30.5631,6.47417,2.95505,2.19089,1.38824,0.16948,0.0773567,0.0921231061220169,0.244396,1.27664,0.264105,0.691671,,,4.79459,0.401437,0.305052,999,,,,,,,134.70000000000002,3.2071428571428577,133,3.1666666666666665,,,,,,,,,,,,,,,,,,,"Drew Thorpe","31967",689672
"Carlos Rodriguez","MIL",1.19685,1.28715,0,3.77392,21.502,1.825,0,0.621,,31.7177,133.404,25.4069,14.2,13.3,3.75549,12.7898,0.884761,1.6872,31.7803,9.01776,3.62915,2.48481,1.06563,0.238226,0.095873,0.1423531174659729,0.213635,1.20427,0.259637,0.728519,,,4.03974,0.400481,0.386516,999,,,,,,,145.60000000000002,4.550000000000001,131,4.09375,,,,,,,,,,,,,,,,,,,"Carlos Rodriguez","30161",692230
"Pierson Ohl","COL",1.01523,1.75175,0,4.91921,22.961,1.866,0,0,,43.1411,186.491,48.6899,25.31,23.58,6.33376,9.19095,1.428,1.32386,35.6456,7.4363,1.9174,3.87833,1.32133,0.191138,0.0492836,0.14185459911823273,0.276684,1.34166,0.316098,0.664527,,,4.12241,0.396897,-0.116383,999,,,,,,,158.99999999999997,3.6976744186046506,179,4.162790697674419,,,,,,,,,,,,,,,,,,,"Pierson Ohl","30179",701487
"Joel Payamps","ATL",1.97613,1.45322,0,4.32989,51.568,0,0,9.4616,,51.2992,217.58,50.1293,26.42,24.68,6.63722,14.3643,1.30077,2.44962,46.3149,8.12554,2.5201,3.2243,1.16444,0.212864,0.0660188,0.1468452587723732,0.249691,1.25721,0.294236,0.689721,,,3.99472,0.394746,0.0663377,999,,,,,,,241.30000000000007,4.731372549019609,244,4.784313725490196,,,,,,,,,,,,,,,,,,,"Joel Payamps","14332",606303
"A.J. Puk","ARI",1.0544,0.804918,0,3.8406,29.501,0.055,4,0.5386,,31.4482,131.848,27.7008,14.39,13.42,3.56625,9.96629,0.720218,1.52957,35.1017,10.0456,2.8522,3.52204,1.02061,0.266229,0.0755895,0.19063973426818848,0.230165,1.19775,0.295463,0.712396,,,3.47365,0.392963,0.225505,999,,,,,,,165.39999999999998,5.3354838709677415,161,5.193548387096774,,,,,,,,,,,,,,,,,,,"A.J. Puk","19343",640462
"Justin Lawrence","PIT",2.39678,1.70667,0,4.26054,53.7,0,1,11.5249,,57.2462,250.888,54.3967,28.92,27.1,4.87687,26.1187,1.33558,3.91004,55.1979,8.67797,4.10627,2.11334,0.766721,0.22001,0.104105,0.11590498685836792,0.246296,1.40648,0.307989,0.70019,,,3.88785,0.392604,0.0801553,999,,,,,,,292.9,5.1385964912280695,293,5.140350877192983,,,,,,,,,,,,,,,,,,,"Justin Lawrence","17639",664875
"Porter Hodge","CHC",1.3698,0.86843,0,3.47927,30.609,0,0,0.7209,,32.4896,137.413,24.9163,13.45,12.56,2.6614,15.6708,1.05211,1.87175,36.9945,10.2479,4.34101,2.36072,0.737239,0.269222,0.114042,0.15517980605363846,0.20786,1.24923,0.277443,0.736198,,,3.54256,0.389333,0.383024,999,,,,,,,158.9,4.965625,145,4.53125,,,,,,,,,,,,,,,,,,,"Porter Hodge","26413",687863
"Jake Bird","NYY",2.57391,1.43645,0,3.91049,49.954,0.062,0,10.0715,,53.717,229.183,47.5427,24.97,23.34,5.36914,21.0604,1.37762,3.64545,54.1789,9.07739,3.52856,2.57255,0.899571,0.2364,0.0918933,0.14450639486312866,0.232508,1.27712,0.290993,0.714286,,,3.7971,0.388474,0.329693,999,,,,,,,286.3,5.301851851851852,278,5.148148148148148,,,,,,,,,,,,,,,,,,,"Jake Bird","21267",656234
"Seranthony Domínguez","CHW",2.32171,2.02385,0,4.06042,59.151,0,21,5.5085,,59.181,250.982,48.0675,28.54,26.7,7.58112,26.0875,0.967486,3.45894,64.8222,9.85789,3.96728,2.4848,1.15291,0.258275,0.103942,0.15433263778686523,0.217072,1.25302,0.271662,0.717878,,,4.10757,0.383775,0.187099,199.97999572753906,,,,,,,385.40000000000003,6.532203389830509,363,6.1525423728813555,,,,,,,,,,,,,,,,,,,"Seranthony Dominguez","19249",622554
"Eric Lauer","TOR",1.94027,1.9915,0,4.31541,38.388,2.794,0,4.1755,,57.5195,245.512,51.3213,29.52,27.58,8.64633,22.5822,1.72731,2.05359,59.4271,9.29848,3.53341,2.63159,1.35288,0.242054,0.0919803,0.1500738486647606,0.232354,1.28484,0.279282,0.718195,,,4.30788,0.383757,0.205446,999,,,,,,,244.90000000000006,4.222413793103449,232,4,,,,,,,,,,,,,,,,,,,"Eric Lauer","19316",641778
"Kyle Finnegan","DET",2.27365,1.92121,0,4.14055,59.823,0,6,13.2709,,61.6875,260.839,57.5853,30.51,28.38,7.551,20.2432,1.32771,2.51803,56.0995,8.18473,2.95342,2.77127,1.10167,0.215074,0.0776083,0.13746527582406998,0.241876,1.26166,0.28685,0.703547,,,4.01453,0.382473,0.142806,613.0399780273438,,,,,,,334.59999999999997,5.396774193548387,331,5.338709677419355,,,,,,,,,,,,,,,,,,,"Kyle Finnegan","15009",640448
"Eric Orze","MIN",2.49063,1.78023,0,4.2994,54.778,0,0,11.3489,,58.9477,253.675,52.2911,30.11,28.16,7.15499,25.3153,1.47521,3.258,60.4302,9.22635,3.86508,2.3871,1.09241,0.238219,0.0997944,0.13842494040727615,0.2323,1.31653,0.286549,0.70272,,,4.11693,0.38035,0.0847611,999,,,,,,,295.3,5.005084745762712,284,4.813559322033898,,,,,,,,,,,,,,,,,,,"Eric Orze","27626",679358
"Sam Hentges","SFG",1.71986,1.32228,0,4.16036,43.862,0,0,0.6515,,43.8496,188.531,43.1735,21.88,20.27,4.63426,15.7569,0.839655,1.58198,42.5106,8.72518,3.23407,2.6979,0.951168,0.225484,0.0835776,0.14190611243247986,0.252193,1.34392,0.310682,0.706497,,,3.75637,0.375051,0.101346,999,,,,,,,188.3,4.279545454545455,191,4.340909090909091,,,,,,,,,,,,,,,,,,,"Sam Hentges","18548",656529
"Keegan Akin","BAL",2.89953,2.02934,0,4.17215,61.809,0.214,2,15.5222,,65.1031,275.89,60.7095,32.31,30.18,8.91749,20.9627,1.4437,2.33742,61.3932,8.48713,2.89793,2.92869,1.23277,0.222528,0.075982,0.14654583483934402,0.240348,1.25451,0.284136,0.713453,,,4.10347,0.373082,0.200918,999,,,,,,,338.70000000000005,5.210769230769231,335,5.153846153846154,,,,,,,,,,,,,,,,,,,"Keegan Akin","19362",669211
"Jack Perkins","ATH",0.957533,0.809827,0,3.517,20.471,0.539,0,0.6384,,27.0742,114.195,21.1537,11.32,10.58,2.48591,12.0725,0.718675,1.70055,30.1241,10.0139,4.01315,2.49526,0.826366,0.263795,0.105718,0.15807626396417618,0.210647,1.22723,0.275286,0.736444,,,3.62962,0.37109,0.376791,999,,,,,,,142.60000000000002,5.2814814814814826,131,4.851851851851852,,,,,,,,,,,,,,,,,,,"Jack Perkins","31468",678022
"Taylor Rogers","MIN",2.52622,1.86754,0,4.4302,56.825,0,14,5.735,,57.3089,248.595,54.2666,30.26,28.21,6.83782,23.1276,1.38466,3.08347,56.8932,8.93471,3.63204,2.45997,1.07384,0.228859,0.0930334,0.13582587242126465,0.244023,1.35047,0.298948,0.694977,,,4.07284,0.362893,-0.0219102,422.07000732421875,,,,,,,325.29999999999995,5.707017543859648,324,5.684210526315789,,,,,,,,,,,,,,,,,,,"Taylor Rogers","13449",573124
"Tommy Nance","TOR",2.3676,1.41829,0,4.13978,51.273,0,0,11.7726,,54.3725,231.442,50.2785,26.82,25.01,6.36945,19.2708,1.24748,2.99424,53.1225,8.79309,3.18979,2.75663,1.0543,0.229529,0.0832641,0.14626438915729523,0.240364,1.27913,0.293344,0.704731,,,3.93247,0.362474,0.124379,999,,,,,,,283.8,5.2555555555555555,280,5.185185185185185,,,,,,,,,,,,,,,,,,,"Tommy Nance","19178",667297
"Michael Lorenzen","COL",6.47875,10.6403,11.4936,5.72017,24.729,24.729,0,0,,141.494,632.554,157.11,95.84,89.93,25.6442,57.2229,0.453161,5.63677,104.743,6.6624,3.63978,1.83044,1.63115,0.165588,0.0904633,0.07512469589710236,0.27578,1.51479,0.299258,0.664083,,,5.34348,0.361778,-0.688384,999,,,,,,,336.40000000000015,2.3858156028368804,388,2.75177304964539,,,,,,,,,,,,,,,,,,,"Michael Lorenzen","14843",547179
"Mason Fluharty","TOR",1.95724,1.03078,0,3.6511,40.198,0,0,0.6524,,40.6727,170.172,33.5,17.66,16.5,4.75057,15.2276,1.89065,1.67332,41.8755,9.26614,3.36955,2.74996,1.0512,0.246077,0.0894838,0.15659347921609879,0.218567,1.19804,0.26958,0.738355,,,3.841,0.360601,0.351519,999,,,,,,,193.10000000000002,4.709756097560976,177,4.317073170731708,,,,,,,,,,,,,,,,,,,"Mason Fluharty","31553",689254
"Erik Miller","SFG",2.47202,1.83438,0,3.78587,59.222,0.386,3,14.8418,,58.9086,254.975,49.0467,26.67,24.78,5.08842,31.705,1.61154,2.93476,59.335,9.06515,4.84385,1.87147,0.777403,0.232709,0.124345,0.10836388170719147,0.2226,1.3708,0.281943,0.734527,,,4.00765,0.360443,0.392579,999,,,,,,,335.70000000000005,5.689830508474577,318,5.389830508474576,,,,,,,,,,,,,,,,,,,"Erik Miller","26252",669062
"Clarke Schmidt","NYY",1.35632,1.37706,0.159159,4.03969,12.463,3.145,0,0.691,,27.1803,114.744,24.0071,13.04,12.2,3.42073,9.46112,0.436384,1.44408,26.352,8.72575,3.13279,2.7853,1.13268,0.22966,0.0824545,0.1472058892250061,0.231197,1.23134,0.277948,0.712301,,,4.03583,0.359938,0.282292,999,,,,,,,126.5,4.685185185185185,122,4.518518518518518,,,,,,,,,,,,,,,,,,,"Clarke Schmidt","19899",657376
"Fernando Cruz","NYY",2.87418,1.7193,0,4.24923,56.719,0.065,2,15.9832,,57.8646,248.372,47.3507,29.23,27.32,8.84927,26.8707,0.946427,3.187,76.8031,11.9456,4.17934,2.85825,1.37638,0.309225,0.108187,0.2010384276509285,0.216892,1.28267,0.290221,0.727634,,,4.027,0.356357,0.133593,999,,,,,,,334.30000000000007,5.763793103448277,311,5.362068965517241,,,,,,,,,,,,,,,,,,,"Fernando Cruz","7048",518585
"Gage Jump","ATH",1.74326,2.15088,2.20082,4.71119,5.781,5.781,0,0,,31.024,133.491,31.226,17.4,16.24,4.8804,10.0999,0.12246,1.19973,28.1484,8.16579,2.92996,2.787,1.41579,0.210864,0.0756599,0.1352038010954857,0.255551,1.33206,0.295479,0.693639,,,4.45822,0.355002,0.230617,999,,,,,,,110.29999999999998,3.558064516129032,113,3.6451612903225805,,,,,,,,,,,,,,,,,,,"Gage Jump","sa3034986",695611
"George Klassen","LAA",1.61589,2.79742,0.390281,4.61854,16.403,5.656,0,0,,39.7918,173.205,37.655,21.84,20.42,5.69363,16.9286,0.653398,2.08667,38.9465,8.80882,3.82886,2.30064,1.28777,0.224858,0.0977372,0.12712065875530243,0.244212,1.37173,0.291753,0.702464,,,4.47134,0.353104,0.189318,999,,,,,,,144.39999999999998,3.6099999999999994,143,3.575,,,,,,,,,,,,,,,,,,,"George Klassen","sa3023440",691946
"AJ Blubaugh","HOU",1.56904,1.84218,0,4.13316,30.488,2.454,0,0.6558,,43.4413,185.128,36.9989,21.3,19.95,5.7718,18.1179,1.18847,2.11094,44.7699,9.27526,3.75359,2.47103,1.19578,0.241832,0.0978667,0.14396518468856812,0.224373,1.26877,0.273066,0.718952,,,4.19818,0.349986,0.263442,746.6699829101562,,,,,,,182.2,4.2372093023255815,171,3.9767441860465116,,,,,,,,,,,,,,,,,,,"AJ Blubaugh","31764",805123
"Andrew Chafin","MIN",2.1266,1.47568,0,4.12093,46.91,0,0,6.7692,,46.3221,200.609,41.5176,22.79,21.21,4.65017,21.6615,0.961401,1.9831,47.9469,9.31569,4.20865,2.21346,0.90349,0.239007,0.107979,0.13102809339761734,0.23461,1.36391,0.29644,0.712721,,,3.90134,0.349513,0.105953,999,,,,,,,221.70000000000005,4.819565217391306,217,4.717391304347826,,,,,,,,,,,,,,,,,,,"Andrew Chafin","12988",605177
"Justin Wilson",,2.35859,2.52512,0,4.04022,42.268,0,0,0,,40.7874,173.352,36.8306,19.64,18.31,4.81847,15.1316,0.912622,1.68547,41.393,9.13364,3.33889,2.73553,1.06323,0.238781,0.0872887,0.15149199217557907,0.235287,1.27398,0.290167,0.714835,,,3.87814,0.349136,0.145652,999,,,,,,,176.70000000000005,4.309756097560976,171,4.170731707317073,,,,,,,,,,,,,,,,,,,"Justin Wilson","4301",458677
"Bryan Hudson","NYM",1.64103,0.923611,0,3.60127,30.813,0,0,4.5906,,33.7131,141.757,28.4409,14.43,13.49,2.98867,13.0551,0.83576,1.46511,32.8929,8.78103,3.48518,2.51953,0.797851,0.232037,0.0920954,0.13994181901216507,0.223528,1.23086,0.278608,0.7254,,,3.62835,0.348234,0.387636,999,,,,,,,185.90000000000003,5.46764705882353,175,5.147058823529412,,,,,,,,,,,,,,,,,,,"Bryan Hudson","19924",663542
"Elvis Alvarado","ATH",2.43575,1.84475,0,4.1503,55.933,0,4,10.4828,,60.0679,259.417,50.863,29.68,27.7,7.07851,28.584,1.75937,4.07023,65.0664,9.74892,4.28275,2.27633,1.06058,0.250818,0.110185,0.140632264316082,0.2243,1.32262,0.283178,0.71569,,,4.13152,0.347304,0.138199,746.6400146484375,,,,,,,316.29999999999995,5.271666666666666,300,5,,,,,,,,,,,,,,,,,,,"Elvis Alvarado","21662",665660
"Wikelman González","CHW",1.68333,1.42889,0,3.96026,42.563,0,0,3.4974,,47.7469,207.015,37.5371,22.38,21.01,4.3862,26.5926,1.36911,3.18665,49.7036,9.36883,5.01255,1.86908,0.826772,0.240097,0.128457,0.11163920164108276,0.211792,1.34312,0.2692,0.719959,,,4.11847,0.345658,0.315978,999,,,,,,,229.20000000000005,4.775000000000001,210,4.375,,,,,,,,,,,,,,,,,,,"Wikelman Gonzalez","26641",682790
"Luis García","NYM",2.72905,1.82743,0,4.26994,54.222,0,0,13.3892,,56.0875,240.169,55.4031,28.52,26.61,5.89161,18.4597,1.19364,2.82904,46.5992,7.47747,2.96211,2.52438,0.945389,0.194027,0.0768613,0.11716554313898087,0.253121,1.31692,0.297564,0.691048,,,3.97773,0.340454,0.026791,999,,,,,,,280.6,5.010714285714286,285,5.089285714285714,,,,,,,,,,,,,,,,,,,"Luis Garcia","6984",472610
"Kyle Backhus","PHI",1.67864,1.09485,0,3.93969,41.708,0,0,6.6189,,40.1834,172.406,36.5993,18.9,17.59,3.82091,16.1358,1.42968,2.0193,39.2036,8.78054,3.61398,2.4296,0.855781,0.22739,0.0935915,0.13379882276058197,0.237271,1.31236,0.294699,0.714034,,,3.77545,0.339656,0.194658,999,,,,,,,202.60000000000002,5.065,200,5,,,,,,,,,,,,,,,,,,,"Kyle Backhus","29615",679775
"Grant Anderson","MIL",2.59108,1.75865,0,4.16969,53.277,0,0,9.5629,,56.6373,240.51,51.1785,28.21,26.24,7.66694,19.8844,1.49482,2.87834,55.831,8.87187,3.15975,2.80778,1.21832,0.232136,0.0826761,0.14946001023054123,0.235036,1.2547,0.282086,0.710318,,,4.12912,0.33825,0.182497,999,,,,,,,273.79999999999995,4.803508771929824,264,4.631578947368421,,,,,,,,,,,,,,,,,,,"Grant Anderson","20546",681982
"Tim Herrin","CLE",2.06155,1.73633,0,3.93006,53.443,0,0,10.103,,51.9152,222.996,45.6157,24.33,22.67,4.88385,23.2024,1.15801,2.80086,50.0309,8.67334,4.02237,2.15628,0.846663,0.224358,0.104049,0.12030921876430511,0.23156,1.32559,0.286686,0.717773,,,3.93333,0.335586,0.325045,999,,,,,,,265.70000000000005,5.109615384615386,257,4.9423076923076925,,,,,,,,,,,,,,,,,,,"Tim Herrin","25139",682120
"Ian Hamilton","ATL",1.63202,1.20053,0,4.23241,42.595,0.098,0,0.6492,,45.2508,195.933,41.8813,22.72,21.28,4.54669,19.5325,0.913506,2.44941,45.3968,9.02903,3.88484,2.32417,0.904298,0.231696,0.0996897,0.13200610131025314,0.240765,1.35719,0.301068,0.702904,,,3.89223,0.333435,0.0525249,999,,,,,,,190.3,4.228888888888889,188,4.177777777777778,,,,,,,,,,,,,,,,,,,"Ian Hamilton","19261",641656
"Taijuan Walker","PHI",4.67874,7.2146,1.29181,5.0735,36.861,16.693,0,0.6364,,111.775,488.195,115.214,67.54,63.01,18.2219,41.6603,1.48178,4.76521,76.423,6.1535,3.35444,1.83444,1.46721,0.156542,0.0853352,0.07120669633150101,0.260802,1.40349,0.279416,0.680054,,,5.13303,0.332959,-0.0342602,999,,,,,,,323.4000000000001,2.8875000000000006,341,3.044642857142857,,,,,,,,,,,,,,,,,,,"Taijuan Walker","11836",592836
"Luinder Avila","KCR",1.17948,0.793377,0,3.67008,27.382,0,0,0.666,,31.5851,134.559,26.6652,13.79,12.88,2.3709,13.6099,0.856842,1.8803,30.9953,8.83193,3.87807,2.2774,0.675576,0.230348,0.101145,0.12920279800891876,0.223948,1.27513,0.283473,0.716669,,,3.6196,0.332514,0.279566,999,,,,,,,160,5,152,4.75,,,,,,,,,,,,,,,,,,,"Luinder Avila","24452",679883
"Will Klein","LAD",2.36773,1.10722,0,4.09998,45.173,0,0,8.0834,,47.9197,209.837,40.1073,23.33,21.83,4.7108,27.2153,1.09922,2.78793,56.8318,10.6738,5.11141,2.08823,0.884755,0.270838,0.129697,0.14114071428775787,0.223025,1.4049,0.299232,0.724427,,,3.9195,0.331829,0.213075,999,,,,,,,245.70000000000005,5.118750000000001,231,4.8125,,,,,,,,,,,,,,,,,,,"Will Klein","27787",694361
"Isaac Mattson","PIT",2.69141,1.91227,0,4.32016,58.406,0,2,13.1025,,63.0602,274.831,54.4923,32.29,30.27,7.24459,31.6469,1.46205,3.57102,63.2048,9.02063,4.51667,1.99719,1.03395,0.229977,0.115151,0.11482659727334976,0.227418,1.36598,0.279302,0.708572,,,4.29948,0.33029,0.0939724,999,,,,,,,319.70000000000005,5.074603174603175,304,4.825396825396825,,,,,,,,,,,,,,,,,,,"Isaac Mattson","20385",676755
"Andre Granillo","WSN",1.32139,1.18776,0,3.98093,36.519,0,2,9.8545,,41.0105,174.294,33.1566,19.41,18.14,5.11747,18.3465,1.48297,1.83515,44.3415,9.73101,4.02626,2.41688,1.12306,0.254407,0.105262,0.1491445153951645,0.215146,1.25585,0.267924,0.723818,,,4.07122,0.328182,0.248429,999,,,,,,,234.10000000000002,5.709756097560976,218,5.317073170731708,,,,,,,,,,,,,,,,,,,"Andre Granillo","29542",701552
"Anthony Bender","MIA",2.20264,1.82032,0,4.17039,59.911,0,2,12.3686,,60.2534,257.231,55.9875,30.04,27.92,6.83993,21.7248,1.42645,3.57497,54.3112,8.11241,3.24501,2.49997,1.02167,0.211138,0.0844562,0.1266813725233078,0.241397,1.28976,0.287782,0.699659,,,4.0678,0.316681,0.138199,999,,,,,,,300.29999999999995,5.004999999999999,297,4.95,,,,,,,,,,,,,,,,,,,"Anthony Bender","19742",669622
"Mason Englert","TBR",2.44,1.78504,0,4.33976,53.906,0,0,11.9449,,62.0702,262.685,59.6787,32.14,29.93,9.22716,17.2747,1.32459,2.95188,57.9524,8.40293,2.50478,3.35476,1.33791,0.220616,0.065762,0.15485376864671707,0.24614,1.23978,0.287836,0.699822,,,4.17796,0.313366,0.040608,999,,,,,,,296.09999999999997,4.775806451612903,297,4.790322580645161,,,,,,,,,,,,,,,,,,,"Mason Englert","22288",669438
"Kohl Drake","ARI",1.25633,1.60605,1.0791,4.53444,5.022,4.021,0,0,,22.9444,98.5008,22.6592,12.38,11.56,3.2203,7.66924,0.162346,0.839627,21.0138,8.24271,3.00828,2.74001,1.26317,0.213336,0.0778597,0.13547644019126892,0.251792,1.32182,0.295614,0.695137,,,4.24054,0.312053,0.221196,999,,,,,,,88.50000000000001,3.8478260869565224,91,3.9565217391304346,,,,,,,,,,,,,,,,,,,"Kohl Drake","sa3021723",684442
"Tony Santillan","CIN",2.3674,2.02062,0,4.54002,65.3,0,5,13.2633,,66.1715,288.913,60.3652,35.64,33.38,8.74961,30.0458,1.58526,4.30099,70.3053,9.56224,4.08653,2.33994,1.19004,0.243344,0.103996,0.13934839516878128,0.23713,1.36631,0.294087,0.700741,,,4.28631,0.310349,-0.153916,664.7999877929688,,,,,,,336.7000000000001,5.101515151515153,328,4.96969696969697,,,,,,,,,,,,,,,,,,,"Tony Santillan","19926",663574
"Brenan Hanifee","DET",1.92074,1.61662,0,4.14956,50.638,0,0,10.8769,,55.7842,238.588,54.9442,27.71,25.72,5.2877,18.0638,1.41943,2.86795,39.9643,6.44769,2.91434,2.2124,0.853097,0.167503,0.0757113,0.09179221838712692,0.252435,1.30876,0.288023,0.690463,,,4.06025,0.309902,0.128986,999,,,,,,,270.90000000000003,4.8375,276,4.928571428571429,,,,,,,,,,,,,,,,,,,"Brenan Hanifee","22304",669724
"Yohan Ramírez","PIT",2.09334,1.44133,0,4.14013,45.825,0,0,10.1401,,50.0854,217.593,44.637,24.61,23.04,5.04355,22.0021,1.36334,5.01918,51.0585,9.17486,3.95362,2.32062,0.90629,0.234651,0.101115,0.13353543728590012,0.234226,1.33051,0.294441,0.705445,,,4.02387,0.308252,0.115166,999,,,,,,,252.5,5.05,246,4.92,,,,,,,,,,,,,,,,,,,"Yohan Ramirez","19444",670990
"Justin Martinez","ARI",0.830324,0.566428,0,3.38168,22.768,0,2,0.6568,,23.7663,101.818,19.2255,9.54,8.93,1.41063,12.0276,0.865745,1.57394,26.6305,10.0846,4.55469,2.21412,0.534187,0.26155,0.118128,0.14342182874679565,0.217935,1.31501,0.296048,0.741612,,,3.38261,0.30418,0.261336,999,,,,,,,141.9,5.9125000000000005,133,5.541666666666667,,,,,,,,,,,,,,,,,,,"Justin Martinez","24453",679885
"Kade Strowd","ARI",1.96778,1.63762,0,4.30069,57.031,0,1,3.8531,,58.8673,256.43,56.0054,30.12,28.13,5.89267,26.0213,1.45333,3.11476,55.7235,8.51936,3.9783,2.14146,0.900908,0.217305,0.101475,0.115829698741436,0.246401,1.39342,0.302471,0.703563,,,4.02809,0.302875,0.0847603,999,,,,,,,263.20000000000005,4.461016949152543,263,4.4576271186440675,,,,,,,,,,,,,,,,,,,"Kade Strowd","26191",669704
"Calvin Faucher","MIA",2.1797,2.03892,0,4.55017,61.849,0.078,6,11.493,,63.5713,278.422,62.3582,34.44,32.14,7.18797,27.2493,1.84026,3.159,61.3243,8.68188,3.85778,2.25049,1.01762,0.220256,0.0978706,0.12238587439060211,0.251431,1.40956,0.307353,0.693544,,,4.11074,0.30281,-0.0567622,999,,,,,,,332.3,5.1921875,335,5.234375,,,,,,,,,,,,,,,,,,,"Calvin Faucher","20116",676534
"Shane Drohan","MIL",1.15317,1.04602,0,3.75179,21.714,1.196,0,0,,28.0666,118.794,22.6345,12.49,11.7,3.02043,12.4245,0.800205,1.12827,31.1534,9.98984,3.98411,2.50742,0.968548,0.262248,0.104588,0.15765906870365143,0.215072,1.24913,0.275992,0.732037,,,3.76282,0.300794,0.324471,999,,,,,,,133.50000000000006,4.767857142857145,124,4.428571428571429,,,,,,,,,,,,,,,,,,,"Shane Drohan","sa3014447",675660
"Josh Sborz","TEX",2.08197,1.54388,0,4.40053,45.774,0,0,10.2799,,48.226,207.214,42.8022,25.17,23.58,5.988,20.576,0.948244,2.15214,51.5011,9.61119,3.83993,2.50296,1.11749,0.248541,0.0992988,0.14924222230911255,0.232009,1.31419,0.289884,0.694758,,,4.02732,0.29912,0.00838946,999,,,,,,,244.60000000000002,5.095833333333334,237,4.9375,,,,,,,,,,,,,,,,,,,"Josh Sborz","18323",622250
"Brent Headrick","NYY",2.19696,1.2515,0,4.10989,42.83,0,0,4.6067,,48.2422,204.381,42.8777,23.58,22.03,6.80595,17.0412,1.29447,1.96903,52.0119,9.70327,3.17918,3.05213,1.26971,0.254485,0.0833794,0.17110546678304672,0.231308,1.24204,0.285033,0.721145,,,3.99505,0.298646,0.11056,999,,,,,,,224.3,4.672916666666667,216,4.5,,,,,,,,,,,,,,,,,,,"Brent Headrick","27702",687396
"Carlos Estévez","KCR",2.56599,2.0662,0,4.47951,61.993,0,29,1.9979,,63.5695,273.103,60.6831,33.86,31.64,8.70769,21.4899,2.00626,3.15262,55.8152,7.90216,3.04248,2.59727,1.23281,0.204374,0.078688,0.12568625807762146,0.244237,1.29265,0.282571,0.690361,,,4.32277,0.294933,-0.0567622,105.04000091552734,,,,,,,397.30000000000007,6.207812500000001,396,6.1875,,,,,,,,,,,,,,,,,,,"Carlos Estevez","14542",608032
"Juan Mejia","COL",2.53342,2.56023,0,4.70986,60.626,0,3,14.3047,,64.2439,285.521,62.0512,36.07,33.62,7.7134,30.7023,2.91693,4.25229,68.7924,9.6372,4.30112,2.24063,1.08058,0.240937,0.107531,0.13340583443641663,0.247644,1.44377,0.312178,0.691644,,,4.18665,0.294928,-0.2599,999,,,,,,,318.00000000000006,4.968750000000001,320,5,,,,,,,,,,,,,,,,,,,"Juan Mejia","23237",675848
"Max Lazar","PHI",1.38629,0.948965,0,4.1596,34.544,0,0,0.6364,,37.1502,155.532,36.503,18.48,17.17,4.84059,8.39002,0.995292,1.29842,30.8882,7.48297,2.03256,3.68154,1.17268,0.198597,0.0539439,0.14465270191431046,0.250288,1.20842,0.287539,0.69296,,,3.9485,0.293516,0.13645,999,,,,,,,155.10000000000002,4.191891891891893,159,4.297297297297297,,,,,,,,,,,,,,,,,,,"Max Lazar","23426",676661
"Danny Coulombe","BOS",2.40285,2.55872,0,4.04161,42.434,0.102,0,10.2242,,41.2855,174.101,36.16,19.87,18.54,5.23168,15.2543,0.748869,1.4841,41.5602,9.05988,3.32534,2.7245,1.14048,0.238714,0.0876175,0.1510961502790451,0.229788,1.24533,0.279716,0.715453,,,3.98547,0.292484,0.145652,999,,,,,,,224.30000000000004,5.470731707317074,216,5.2682926829268295,,,,,,,,,,,,,,,,,,,"Danny Coulombe","13293",543056
"Ethan Roberts","CHC",1.55895,1.10196,0,4.05964,36.082,0,0,0.7209,,38.331,162.893,33.6898,18.53,17.29,4.37292,14.4716,1.3343,2.03014,38.3101,8.99508,3.39789,2.64726,1.02675,0.235185,0.088841,0.14634396880865097,0.230135,1.25646,0.282685,0.704849,,,3.91083,0.291724,0.0875263,999,,,,,,,175.6,4.621052631578947,170,4.473684210526316,,,,,,,,,,,,,,,,,,,"Ethan Roberts","24930",681799
"Jedixson Paez","CHW",0.903401,0.715696,0,3.66038,22.7,0,0,0,,24.8581,100.939,22.5838,10.85,10.11,3.27993,4.13779,0.657957,0.902333,22.9031,8.29217,1.49811,5.53509,1.18752,0.226901,0.0409931,0.18590767681598663,0.235497,1.07497,0.276895,0.717208,,,3.616,0.288785,0.211868,999,,,,,,,119.3,4.772,117,4.68,,,,,,,,,,,,,,,,,,,"Jedixson Paez","sa3016264",699151
"Dauri Moreta",,1.51385,1.56406,0,3.9209,26.5,0,0,0,,27.3611,114.923,22.2437,12.76,11.92,3.66071,10.5287,0.629352,1.39054,31.8267,10.4689,3.46325,3.02284,1.20413,0.276939,0.0916152,0.1853232979774475,0.215949,1.19777,0.275235,0.723843,,,3.85491,0.285772,0.113436,999,,,,,,,121.40000000000002,4.496296296296297,111,4.111111111111111,,,,,,,,,,,,,,,,,,,"Dauri Moreta","21101",664294
"Matt Festa","CLE",2.12384,2.02075,0,4.43041,56.256,0,1,12.2763,,57.6313,247.32,51.9449,30.36,28.37,8.14584,22.7007,1.38342,3.43367,58.3795,9.11685,3.54506,2.5717,1.2721,0.236049,0.091787,0.14426195621490479,0.234848,1.29523,0.283196,0.700262,,,4.30707,0.28541,0.0313925,999,,,,,,,286.6000000000001,4.941379310344829,277,4.775862068965517,,,,,,,,,,,,,,,,,,,"Matt Festa","19330",670036
"Jordan Leasure","CHW",2.39389,2.169,0,4.24198,61.032,0.107,7,10.4888,,61.5491,261.669,50.7869,31.02,29.01,9.59466,26.3604,1.88164,2.92965,68.0976,9.95756,3.85455,2.58333,1.40298,0.260244,0.10074,0.15950403362512589,0.218553,1.25343,0.266296,0.723966,,,4.37651,0.284947,0.142806,681.2100219726562,,,,,,,327.19999999999993,5.277419354838709,304,4.903225806451613,,,,,,,,,,,,,,,,,,,"Jordan Leasure","29950",673929
"Paul Blackburn","NYY",2.41798,2.54527,0,4.84694,46.578,3.06,0,12.2539,,63.2069,274.995,65.0258,36.36,34.04,8.72403,21.947,1.58043,2.89434,53.1913,7.57388,3.12503,2.42362,1.24221,0.193427,0.079809,0.11361768841743469,0.259944,1.376,0.299099,0.677011,,,4.42541,0.282731,-0.151931,999,,,,,,,265.50000000000006,4.214285714285715,277,4.396825396825397,,,,,,,,,,,,,,,,,,,"Paul Blackburn","14739",621112
"Ryan Brasier","TEX",1.95524,1.48987,0,4.2046,41.636,0.347,0,0.6445,,43.6023,183.462,41.1723,21.77,20.37,5.50004,12.015,0.774796,1.77661,36.5076,7.53558,2.48003,3.03851,1.13527,0.198993,0.0654904,0.1335025057196617,0.24266,1.21983,0.279426,0.690683,,,4.04931,0.280803,0.101346,999,,,,,,,181.20000000000002,4.118181818181818,178,4.045454545454546,,,,,,,,,,,,,,,,,,,"Ryan Brasier","5615",518489
"Spencer Turnbull",,1.92121,2.85488,1.60476,5.01966,7.786,6.111,0,0,,34.9446,153.492,35.4401,20.82,19.49,4.77171,14.3455,0.257239,2.01104,27.8336,7.16855,3.69468,1.94023,1.22896,0.181335,0.0934605,0.08787472546100616,0.258431,1.4247,0.293392,0.671975,,,4.72149,0.280513,0.061877,999,,,,,,,114.5,3.2714285714285714,118,3.3714285714285714,,,,,,,,,,,,,,,,,,,"Spencer Turnbull","16207",605513
"Brooks Raley","NYM",2.8082,1.95915,0,4.44004,56.06,0,2,14.1176,,55.5806,239.391,52.6579,29.41,27.42,7.92801,20.0493,1.14044,3.26,55.9178,9.0546,3.24653,2.78901,1.28376,0.233583,0.0837513,0.14983190596103668,0.243694,1.30814,0.293819,0.702786,,,4.23546,0.275277,0.0267868,999,,,,,,,287.2000000000001,5.128571428571431,285,5.089285714285714,,,,,,,,,,,,,,,,,,,"Brooks Raley","10061",548384
"Brandon Eisert","CHW",1.96344,1.7994,0,4.35183,52.003,0.06,0,6.0622,,54.2048,231.507,51.606,28.17,26.21,7.19401,18.2318,1.64339,2.2072,51.9881,8.63195,3.02716,2.8515,1.19447,0.224564,0.078753,0.14581139385700226,0.2445,1.28841,0.292405,0.69718,,,4.07348,0.274857,0.0221899,999,,,,,,,246.3,4.561111111111111,247,4.574074074074074,,,,,,,,,,,,,,,,,,,"Brandon Eisert","27668",685126
"Luke Little","CHC",0.900129,0.49466,0,2.86799,19.402,0,0,0.7209,,19.8955,83.533,13.9901,6.74,6.34,0.824615,10.6465,0.564075,1.44073,22.2029,10.0438,4.81609,2.08547,0.373026,0.265798,0.127453,0.1383458375930786,0.195814,1.2383,0.271912,0.762137,,,3.2646,0.274046,0.356855,999,,,,,,,111.29999999999998,5.5649999999999995,99,4.95,,,,,,,,,,,,,,,,,,,"Luke Little","28036",681432
"Gavin Stone","LAD",1.16617,1.02398,0.159495,4.40133,10.339,2.611,0,0.7772,,24.0882,102.946,23.8214,12.59,11.78,3.10511,7.69696,0.397251,0.851915,20.6765,7.72528,2.87579,2.68632,1.16015,0.200848,0.0747671,0.1260809451341629,0.252354,1.30846,0.293368,0.696633,,,4.15888,0.273426,0.117318,999,,,,,,,97.30000000000001,4.054166666666667,100,4.166666666666667,,,,,,,,,,,,,,,,,,,"Gavin Stone","27792",694813
"Cole Henry","WSN",2.26784,2.11673,0,4.16953,62.862,0,13,7.9996,,62.8992,270.016,51.7442,31.11,29.14,7.84017,29.2441,1.55823,4.49463,61.2579,8.76516,4.18443,2.09471,1.12182,0.226868,0.108305,0.1185624748468399,0.218998,1.28759,0.262616,0.712425,,,4.41691,0.271158,0.19631,738,,,,,,,352.6000000000001,5.596825396825398,331,5.253968253968254,,,,,,,,,,,,,,,,,,,"Cole Henry","27570",669371
"Caleb Ferguson","CIN",2.07601,1.73193,0,4.35159,56.687,0.059,0,4.3397,,56.0691,242.933,54.0863,29.01,27.11,6.03091,22.3429,1.07781,3.26211,48.5918,7.79978,3.58639,2.17482,0.968059,0.200022,0.0919714,0.10805021971464157,0.24887,1.36312,0.295353,0.697485,,,4.17017,0.270306,0.0267848,999,,,,,,,239.20000000000007,4.271428571428573,241,4.303571428571429,,,,,,,,,,,,,,,,,,,"Caleb Ferguson","19349",657571
"Peyton Pallette","CLE",1.49239,1.3036,0,4.10092,38.566,0,0,0,,40.9518,174.733,34.3487,19.93,18.66,5.39924,17.4292,0.977397,2.38025,44.9135,9.87066,3.83043,2.57691,1.18659,0.25704,0.0997476,0.1572924703359604,0.221713,1.26436,0.276734,0.720232,,,4.1068,0.269443,0.145657,999,,,,,,,186.50000000000003,4.548780487804879,173,4.219512195121951,,,,,,,,,,,,,,,,,,,"Peyton Pallette","sa3020742",688883
"Coleman Crow","MIL",0.839882,0.798234,0,3.61846,15.49,1.031,0,0,,18.8036,77.828,15.9616,8.11,7.56,2.17713,5.57894,0.496784,0.843808,19.4068,9.2887,2.67026,3.47858,1.04204,0.249355,0.0716829,0.17767173051834106,0.223535,1.14555,0.276678,0.726267,,,3.60086,0.269414,0.248471,999,,,,,,,91.4,4.810526315789474,86,4.526315789473684,,,,,,,,,,,,,,,,,,,"Coleman Crow","sa3015142",689441
"Tanner Gordon","COL",2.34447,4.83229,0.777547,5.73186,25.509,8.511,0,0.6093,,63.6076,282.077,75.5471,43.36,40.51,11.841,17.6744,1.30698,2.11495,48.1229,6.80903,2.50079,2.72275,1.67542,0.170602,0.062658,0.10794401168823242,0.288032,1.46557,0.314872,0.650559,,,4.97541,0.265965,-0.478829,999,,,,,,,168.4,2.63125,204,3.1875,,,,,,,,,,,,,,,,,,,"Tanner Gordon","27669",685299
"Brock Burke","CIN",2.16372,1.82305,0,4.42099,59.137,0.099,0,12.8121,,60.0748,256.584,60.3447,31.63,29.51,8.06094,17.7463,1.69156,2.23731,50.4168,7.5531,2.65863,2.84097,1.20763,0.196492,0.0691636,0.12732844799757004,0.255049,1.2999,0.293526,0.695465,,,4.19897,0.265876,-0.0659491,999,,,,,,,281.6,4.693333333333333,288,4.8,,,,,,,,,,,,,,,,,,,"Brock Burke","17968",656271
"Liam Hendriks","MIN",0.98957,0.684146,0,4.10062,21.715,0,2,0.5328,,22.1674,92.527,20.2822,10.82,10.1,3.04468,5.77451,0.414274,0.846725,24.0331,9.75748,2.34446,4.16193,1.23614,0.259742,0.0624089,0.19733261689543724,0.236098,1.17545,0.293016,0.699119,,,3.64843,0.265521,0.0506731,746.739990234375,,,,,,,114.9,5.222727272727273,112,5.090909090909091,,,,,,,,,,,,,,,,,,,"Liam Hendriks","3548",521230
"Yerry De los Santos","NYY",1.77969,1.01633,0,3.96934,34.354,0,0,0.691,,37.7065,160.477,35.0494,17.81,16.63,3.45612,13.6394,0.858242,1.96989,29.6591,7.07921,3.25553,2.17452,0.824926,0.184819,0.0849929,0.09982568025588989,0.24194,1.29126,0.282707,0.704188,,,3.99544,0.264185,0.1901,999,,,,,,,169.3,4.455263157894737,167,4.394736842105263,,,,,,,,,,,,,,,,,,,"Yerry De los Santos","21420",660787
"José Leclerc",,1.94313,2.0649,0,4.07109,34.027,0,0,0,,35.3935,150.955,28.6242,17.07,16.01,4.21628,16.4004,0.717545,2.06968,37.6977,9.58592,4.17035,2.29859,1.07213,0.249728,0.108644,0.14108383655548096,0.216056,1.27211,0.269489,0.714552,,,4.11911,0.263897,0.131844,999,,,,,,,156.4,4.468571428571429,145,4.142857142857143,,,,,,,,,,,,,,,,,,,"Jose Leclerc","14524",600917
"Brady Basso","ATH",1.69279,1.28686,0,4.11307,38.816,0.096,0,0.6384,,43.6316,185.38,40.5307,21.38,19.94,5.35094,14.935,1.26204,1.77026,40.3513,8.32337,3.08068,2.7018,1.10375,0.217668,0.080564,0.13710369914770126,0.240288,1.27123,0.286077,0.710498,,,4.02842,0.263647,0.203891,999,,,,,,,190.50000000000003,4.329545454545455,188,4.2727272727272725,,,,,,,,,,,,,,,,,,,"Brady Basso","25582",669620
"Carson Whisenhunt","SFG",1.23013,1.87408,0.283539,4.56691,12.332,3.962,0,0.6515,,29.0284,125.551,29.2678,15.8,14.73,3.91224,10.2347,0.46407,1.01442,24.5405,7.60856,3.17318,2.39777,1.21295,0.195462,0.0815184,0.11394378542900085,0.256057,1.36082,0.29535,0.696613,,,4.35896,0.26332,0.121831,999,,,,,,,111.00000000000003,3.8275862068965525,114,3.9310344827586206,,,,,,,,,,,,,,,,,,,"Carson Whisenhunt","31676",687931
"Yennier Cano","BAL",2.59152,1.79818,0,4.21024,56.498,0,2,12.5929,,55.7712,238.675,54.1739,27.94,26.09,5.89597,19.8603,1.03342,2.80023,48.2106,7.77991,3.20493,2.42749,0.951454,0.201993,0.0832106,0.11878197640180588,0.250788,1.32746,0.298181,0.700734,,,3.99953,0.262883,0.128986,999,,,,,,,289.20000000000005,5.1642857142857155,291,5.196428571428571,,,,,,,,,,,,,,,,,,,"Yennier Cano","25911",666974
"José Suarez","ATL",0.863881,0.873801,0,4.43008,21.93,0.762,0,0.6492,,30.3516,131.339,29.3026,16.05,14.94,3.5638,11.7763,0.891399,1.36181,30.3918,9.01193,3.49196,2.58077,1.05675,0.231401,0.0896635,0.1417371705174446,0.247906,1.35343,0.305523,0.693521,,,3.9575,0.261445,0.0247986,999,,,,,,,122.4,4.08,123,4.1,,,,,,,,,,,,,,,,,,,"Jose Suarez","19911",660761
"Hayden Birdsong","SFG",2.13096,3.69497,0.625019,4.97669,16.906,8.101,0,0.6515,,51.902,229.806,48.663,30.68,28.7,8.41728,26.2492,0.784462,3.01939,51.8623,8.99311,4.55171,1.97576,1.45959,0.225679,0.114223,0.11145506799221039,0.242663,1.44334,0.286941,0.700675,,,4.93672,0.259204,0.0435845,999,,,,,,,179.99999999999997,3.461538461538461,177,3.4038461538461537,,,,,,,,,,,,,,,,,,,"Hayden Birdsong","31635",806185
"Jose Quintana","COL",5.5784,9.73681,10.5538,5.99029,22.083,22.083,0,0,,127.241,578.556,152.07,90.34,84.69,19.9008,53.6638,0.385233,4.89961,78.7009,5.56666,3.79574,1.46655,1.40762,0.13603,0.0927547,0.043275170028209686,0.292447,1.61688,0.31365,0.648744,,,5.3121,0.257739,-0.923079,999,,,,,,,279.6000000000002,2.2015748031496076,356,2.8031496062992125,,,,,,,,,,,,,,,,,,,"Jose Quintana","11423",500779
"Tanner Houck","BOS",0.939992,1.18705,0.148418,4.10823,6.976,2.72,0,0,,20.8119,88.7206,20.0604,10.2,9.5,2.18222,6.77429,0.323111,1.34416,16.2846,7.0422,2.92951,2.40389,0.94369,0.18355,0.0763553,0.10719430446624756,0.248881,1.28939,0.287729,0.699536,,,4.10357,0.257277,0.26564,999,,,,,,,86.80000000000001,4.133333333333334,87,4.142857142857143,,,,,,,,,,,,,,,,,,,"Tanner Houck","19879",656557
"Luis Curvelo","TEX",1.48172,0.968865,0,3.87948,30.656,0,0,0.6445,,32.3394,134.443,26.54,14.89,13.94,4.38459,10.7775,0.835261,1.61043,32.87,9.14767,2.99937,3.04986,1.22022,0.24449,0.0801642,0.16432571411132812,0.217443,1.15394,0.261265,0.719313,,,4.01405,0.257014,0.1763,999,,,,,,,148.40000000000003,4.637500000000001,139,4.34375,,,,,,,,,,,,,,,,,,,"Luis Curvelo","24710",681168
"Keaton Winn","SFG",0.870146,1.24315,0,4.42791,20.321,1.659,0,0.6515,,30.0616,129.678,30.5794,15.97,14.79,3.64852,9.74284,0.800115,1.53192,26.1919,7.84146,2.91686,2.68832,1.09231,0.201976,0.075131,0.12684502452611923,0.258265,1.34132,0.304087,0.691544,,,4.09554,0.254409,0.0742809,999,,,,,,,112.20000000000002,3.7400000000000007,118,3.933333333333333,,,,,,,,,,,,,,,,,,,"Keaton Winn","23499",676775
"Walker Buehler","SDP",2.12758,3.1456,0.501069,4.78831,19.074,6.824,0,0.6537,,47.3654,205.674,46.4608,26.97,25.2,6.95896,18.5551,0.739969,2.31761,36.346,6.90618,3.5257,1.95881,1.32229,0.176716,0.090216,0.08650017529726028,0.251409,1.37265,0.279172,0.688323,,,4.83242,0.254098,0.104922,999,,,,,,,155.10000000000005,3.300000000000001,157,3.3404255319148937,,,,,,,,,,,,,,,,,,,"Walker Buehler","19374",621111
"Dylan Dodd","ATL",1.42633,1.06136,0,4.46999,38.002,0,0,3.9816,,42.1008,180.014,43.2046,22.43,20.91,5.36263,11.8614,1.13206,1.27844,37.4944,8.01528,2.53564,3.16105,1.14638,0.208286,0.0658914,0.1423947811126709,0.258905,1.30795,0.305135,0.686231,,,3.94616,0.252524,-0.00539632,999,,,,,,,188.5,4.488095238095238,196,4.666666666666667,,,,,,,,,,,,,,,,,,,"Dylan Dodd","29928",689266
"Spencer Bivens","SFG",2.36642,1.84311,0,4.23137,58.565,0.067,0,14.1875,,68.0844,292.318,66.3258,34.49,32.01,7.52677,23.9623,1.87298,3.64871,50.5388,6.68067,3.16754,2.1091,0.994955,0.17289,0.0819732,0.09091652929782867,0.250563,1.32612,0.284546,0.699657,,,4.30432,0.251304,0.156626,999,,,,,,,307.20000000000005,4.51764705882353,310,4.5588235294117645,,,,,,,,,,,,,,,,,,,"Spencer Bivens","30226",702352
"Andrew Hoffmann","ARI",1.04889,0.883734,0,4.36941,30.289,0,0,6.8304,,32.8328,142.014,30.7697,17.07,15.94,3.76778,13.1049,1.14225,1.57745,32.4146,8.88537,3.59227,2.47347,1.03281,0.22825,0.0922795,0.13597067445516586,0.241651,1.33631,0.29624,0.694425,,,3.994,0.250953,0.024904,999,,,,,,,161.40000000000006,4.890909090909092,160,4.848484848484849,,,,,,,,,,,,,,,,,,,"Andrew Hoffmann","29633",694851
"Colin Selby","BAL",1.79339,1.19078,0,4.00964,37.857,0,0,0.6611,,40.4251,173.051,34.621,19.22,18.01,4.5392,18.0506,1.21697,2.20495,40.8265,9.08937,4.01868,2.26178,1.01058,0.235922,0.104308,0.13161414116621017,0.226584,1.30294,0.280015,0.722236,,,4.07819,0.249003,0.194681,999,,,,,,,169.5,4.2375,161,4.025,,,,,,,,,,,,,,,,,,,"Colin Selby","24986",681882
"Jason Alexander","HOU",2.12978,3.14414,0.455523,5.0856,22.718,6.126,0,0.6558,,51.8877,228.389,55.3631,31.4,29.32,7.63016,18.7065,0.94702,2.86506,40.9689,7.10612,3.24466,2.19009,1.32346,0.179382,0.081906,0.09747592359781265,0.26769,1.4275,0.30169,0.673156,,,4.71487,0.247331,-0.0517828,999,,,,,,,163.39999999999998,3.142307692307692,176,3.3846153846153846,,,,,,,,,,,,,,,,,,,"Jason Alexander","19666",669920
"Juan Morillo","ARI",1.15966,0.914838,0,4.03918,32.7,0,0,0.6568,,32.2194,138.844,29.0761,15.48,14.46,2.96357,14.1296,0.954412,1.71739,30.3526,8.47855,3.94688,2.14816,0.827827,0.21861,0.101766,0.11684396862983704,0.236398,1.34098,0.291173,0.709883,,,3.9223,0.243318,0.176283,999,,,,,,,140.5,4.390625,137,4.28125,,,,,,,,,,,,,,,,,,,"Juan Morillo","21924",666661
"Jonathan Bowlan","PHI",1.91149,1.4292,0,4.47044,48.834,0.031,0,9.801,,54.2967,234.884,51.9104,29,26.97,7.45947,20.8864,1.9141,2.51041,53.453,8.86015,3.46205,2.55922,1.23645,0.227572,0.0889223,0.13864940404891968,0.245454,1.34072,0.295208,0.702395,,,4.24492,0.242493,-0.0796656,999,,,,,,,252.3,4.6722222222222225,253,4.685185185185185,,,,,,,,,,,,,,,,,,,"Jonathan Bowlan","24607",680742
"Brad Keller","PHI",2.35486,1.69188,0,4.02179,57.466,0.421,4,15.9024,,65.3664,282.082,58.5463,31.34,29.21,6.73136,29.9725,1.36743,3.39132,59.9539,8.25478,4.12678,2.0003,0.926811,0.212541,0.106255,0.10628612339496613,0.235392,1.35419,0.284646,0.722914,,,4.17071,0.239124,0.303542,746.469970703125,,,,,,,346.5,5.3307692307692305,339,5.2153846153846155,,,,,,,,,,,,,,,,,,,"Brad Keller","15734",641745
"Jordan Romano","LAA",2.23383,2.01168,0,4.37933,58.814,0,5,11.305,,58.92,250.19,52.8109,30.66,28.67,9.08278,21.0226,1.85774,3.05668,60.4442,9.23282,3.21119,2.8752,1.38739,0.241593,0.0840263,0.15756645798683167,0.233562,1.25311,0.279263,0.7064,,,4.31344,0.236529,-0.017314,737.969970703125,,,,,,,305.1,5.171186440677967,295,5,,,,,,,,,,,,,,,,,,,"Jordan Romano","16122",605447
"Steven Cruz","KCR",1.68742,1.27296,0,4.07334,39.534,0.097,0,0.666,,40.8093,175.447,35.6018,19.74,18.47,4.05339,18.2077,0.828638,2.29756,36.9286,8.14415,4.01548,2.02819,0.893926,0.210483,0.103779,0.10670395195484161,0.229775,1.31856,0.276837,0.707794,,,4.12395,0.233724,0.145655,999,,,,,,,178.60000000000005,4.356097560975611,171,4.170731707317073,,,,,,,,,,,,,,,,,,,"Steven Cruz","23165",674444
"Tanner Banks","PHI",2.16458,1.63397,0,4.51031,55.723,0.134,0,12.276,,59.1046,253.561,59.9117,31.96,29.62,8.27209,17.7526,1.08407,2.11833,53.947,8.21464,2.70323,3.03882,1.25961,0.212758,0.0700132,0.14274438470602036,0.256373,1.31401,0.301157,0.691616,,,4.1377,0.232896,-0.119082,999,,,,,,,278.20000000000005,4.7152542372881365,287,4.864406779661017,,,,,,,,,,,,,,,,,,,"Tanner Banks","16990",621383
"Cole Winn","TEX",2.61349,1.78927,0,4.10029,55.044,0,3,11.013,,62.4248,269.28,52.1246,30.36,28.44,6.52855,30.7493,1.99464,3.65408,57.6207,8.30737,4.43324,1.87389,0.941243,0.21398,0.114191,0.09978965669870377,0.221923,1.32758,0.267069,0.712208,,,4.30198,0.231673,0.245292,999,,,,,,,307.49999999999994,4.959677419354838,289,4.661290322580645,,,,,,,,,,,,,,,,,,,"Cole Winn","22113",668390
"Kervin Castro","NYY",1.34317,0.708798,0,3.74163,25.364,0,0,0.691,,26.6996,112.624,22.613,11.88,11.1,2.69553,10.314,0.952848,1.30401,25.5695,8.61905,3.47668,2.4791,0.908619,0.227034,0.0915793,0.13545508682727814,0.223879,1.23324,0.273815,0.721944,,,3.83766,0.229058,0.216412,999,,,,,,,126.10000000000001,4.670370370370371,119,4.407407407407407,,,,,,,,,,,,,,,,,,,"Kervin Castro","21656",665645
"Emilio Pagán","CIN",2.40684,1.92039,0,4.33133,63.301,0.071,26,3.9658,,65.1417,273.453,55.6831,33.47,31.35,11.8029,22.3,1.15166,2.51617,71.3175,9.85325,3.08098,3.19809,1.63069,0.260803,0.0815496,0.17925351858139038,0.223953,1.19713,0.26511,0.724273,,,4.44384,0.228106,0.098577,113.86000061035156,,,,,,,400.79999999999995,6.166153846153845,382,5.876923076923077,,,,,,,,,,,,,,,,,,,"Emilio Pagan","14771",641941
"George Soriano","STL",1.51547,1.29779,0,4.42895,35.191,0,0,4.4419,,41.4342,179.962,38.6145,21.75,20.39,4.58042,17.5539,1.03448,2.62823,38.0926,8.27416,3.81291,2.17004,0.994923,0.211671,0.0975422,0.11412833631038666,0.241673,1.3556,0.290625,0.691746,,,4.19481,0.225593,-0.0585765,999,,,,,,,169.50000000000003,4.134146341463415,169,4.121951219512195,,,,,,,,,,,,,,,,,,,"George Soriano","21863",666277
"Zach McCambley","PHI",1.48777,1.02032,0,4.16073,36.969,0,0,0,,38.3082,164.134,34.0479,19.05,17.71,4.99437,15.2973,1.36513,2.11657,39.8446,9.36096,3.59389,2.60469,1.17336,0.242757,0.0931999,0.14955684542655945,0.23206,1.28811,0.285171,0.715301,,,4.11349,0.225078,0.0875262,999,,,,,,,160.29999999999998,4.218421052631578,154,4.052631578947368,,,,,,,,,,,,,,,,,,,"Zach McCambley","sa3014478",685112
"Jonathan Loáisiga","ARI",1.38901,1.18649,0,4.36958,40.368,0,0,10.9704,,42.0384,180.222,44.0443,21.9,20.41,4.47305,11.6726,1.03733,2.19721,30.7379,6.58067,2.49899,2.63334,0.957635,0.170555,0.0647678,0.10578753799200058,0.264765,1.32538,0.301744,0.683796,,,4.04581,0.224798,-0.00540513,999,,,,,,,211.20000000000002,5.028571428571429,222,5.285714285714286,,,,,,,,,,,,,,,,,,,"Jonathan Loaisiga","19753",642528
"Paul Sewald","ARI",1.81486,1.52354,0,4.4895,51.383,0,9,9.1979,,52.1016,220.722,47.3648,27.84,25.99,8.69661,16.587,1.28404,2.2896,52.6565,9.09585,2.86522,3.17457,1.50225,0.238565,0.0751485,0.16341597586870193,0.234658,1.22744,0.275233,0.697454,,,4.37066,0.224419,-0.0842927,543.0999755859375,,,,,,,281.90000000000003,5.421153846153847,273,5.25,,,,,,,,,,,,,,,,,,,"Paul Sewald","13892",623149
"Cody Laweryson","MIN",0.85755,0.593179,0,4.16901,18.764,0,0,0.6268,,21.5447,91.4557,19.9786,10.7,9.98,2.41106,6.93989,0.635269,0.922259,20.0813,8.38869,2.89904,2.89361,1.00719,0.219574,0.0758826,0.14369167387485504,0.238997,1.24943,0.287516,0.688888,,,3.82058,0.223454,0.0506732,999,,,,,,,106.20000000000002,4.827272727272728,104,4.7272727272727275,,,,,,,,,,,,,,,,,,,"Cody Laweryson","26429",689520
"Scott Barlow","ATH",2.30531,1.93199,0,4.39316,53.524,0.247,4,8.9114,,55.0674,238.947,48.0114,28.71,26.88,6.77019,26.2897,1.33688,3.66629,58.0909,9.49414,4.29669,2.20964,1.10649,0.243112,0.110023,0.1330886334180832,0.229729,1.34928,0.286139,0.703318,,,4.25556,0.222516,-0.0265004,999,,,,,,,278.09999999999997,5.056363636363636,266,4.836363636363636,,,,,,,,,,,,,,,,,,,"Scott Barlow","14993",605130
"Richard Lovelady","WSN",0.940173,0.809973,0,3.79146,26.252,0,0,0.6515,,27.3694,115.991,24.9488,12.39,11.53,2.41918,9.71527,0.634365,1.39809,23.3915,7.69192,3.19471,2.4077,0.795508,0.201667,0.0837591,0.11790800839662552,0.237885,1.26652,0.284944,0.712149,,,3.79304,0.221927,0.216383,999,,,,,,,127.20000000000002,4.711111111111112,126,4.666666666666667,,,,,,,,,,,,,,,,,,,"Richard Lovelady","19337",663992
"Casey Legumina","SEA",1.79239,1.54392,0,4.24997,46.602,0.025,0,4.3334,,49.3204,211.123,44.7727,24.96,23.29,6.56224,18.8858,1.41654,2.3436,48.1257,8.782,3.44629,2.54825,1.19748,0.227951,0.089454,0.13849691301584244,0.235778,1.29071,0.28261,0.710438,,,4.20459,0.220377,0.0617343,999,,,,,,,208.5,4.255102040816326,203,4.142857142857143,,,,,,,,,,,,,,,,,,,"Casey Legumina","25921",668984
"Mike Vasil","CHW",2.35589,2.1715,0,4.25093,60.426,0.152,1,14.6187,,72.4289,310.644,65.13,36.68,34.21,8.50385,29.3256,2.1512,4.28372,60.0331,7.4597,3.64399,2.04713,1.05669,0.193254,0.0944023,0.09885118901729584,0.235097,1.30411,0.271591,0.699884,,,4.39584,0.220093,0.0636254,999,,,,,,,339.1000000000001,4.709722222222223,329,4.569444444444445,,,,,,,,,,,,,,,,,,,"Mike Vasil","30105",678024
"DL Hall","MIL",2.23836,1.54777,0,4.05489,45.165,0.338,0,6.4581,,54.4232,234.857,47.359,26.25,24.52,5.7278,25.4796,1.29564,2.73853,51.2816,8.48047,4.21358,2.01265,0.94721,0.218352,0.10849,0.10986227542161942,0.229187,1.33837,0.278228,0.718742,,,4.17426,0.215822,0.226899,999,,,,,,,245.60000000000002,4.548148148148148,234,4.333333333333333,,,,,,,,,,,,,,,,,,,"DL Hall","22207",669084
"Sam Moll","CIN",1.646,1.32009,0,4.25036,44.639,0,0,10.3826,,42.8575,185.145,39.7324,21.71,20.24,4.94289,17.8972,1.79171,2.33378,41.198,8.65152,3.75838,2.30192,1.038,0.222517,0.0966658,0.1258515864610672,0.240928,1.34468,0.292907,0.70834,,,4.12807,0.215327,0.0479174,999,,,,,,,214.7,4.993023255813953,212,4.930232558139535,,,,,,,,,,,,,,,,,,,"Sam Moll","14874",594580
"Chase Lee","TOR",0.912347,0.503981,0,3.79957,19.269,0,0,0.6524,,20.9866,87.7562,18.7638,9.5,8.86,2.49844,6.19777,0.758341,1.04715,21.3622,9.16105,2.65788,3.44675,1.07144,0.243426,0.0706249,0.17280128598213196,0.233058,1.18941,0.287117,0.720357,,,3.68263,0.215319,0.0996445,999,,,,,,,106.4,5.066666666666667,104,4.9523809523809526,,,,,,,,,,,,,,,,,,,"Chase Lee","29574",695445
"McCade Brown","COL",1.50574,3.09747,0.516854,5.39981,12.689,6.059,0,0.6093,,36.5513,161.729,38.9256,23.46,21.93,6.35442,13.695,0.546122,1.8512,33.6861,8.29451,3.37211,2.45974,1.56464,0.208287,0.0846786,0.12360867857933044,0.26628,1.43964,0.306863,0.666918,,,4.82793,0.215102,-0.0636087,999,,,,,,,122.6,3.3135135135135134,131,3.5405405405405403,,,,,,,,,,,,,,,,,,,"McCade Brown","30004",685326
"Ryan Watson","BOS",1.52234,1.09867,0,4.19011,29.553,0,0,0,,31.0374,132.448,28.9434,15.53,14.45,3.79786,10.805,1.15158,1.36286,29.1364,8.44876,3.13316,2.69656,1.10128,0.219984,0.0815794,0.13840435445308685,0.240633,1.28066,0.287885,0.703381,,,4.02449,0.213131,0.0202983,999,,,,,,,126.79999999999998,4.090322580645161,125,4.032258064516129,,,,,,,,,,,,,,,,,,,"Ryan Watson","sa3015070",670245
"Grant Wolfram","BAL",1.68011,1.13461,0,4.1601,36.171,0,0,4.4076,,39.4173,170.699,35.6123,19.54,18.22,4.18804,17.7865,1.3758,1.83967,38.4407,8.77701,4.06113,2.16122,0.956239,0.225195,0.104198,0.12099720537662506,0.235729,1.3547,0.289773,0.712284,,,4.05965,0.212584,0.0387133,999,,,,,,,177.80000000000004,4.55897435897436,175,4.487179487179487,,,,,,,,,,,,,,,,,,,"Grant Wolfram","21623",664991
"Julian Aguiar","CIN",0.958814,1.48117,0,4.46502,23.44,2.016,0,0.6509,,34.6695,147.941,33.8778,18.42,17.2,5.06821,10.2534,0.989103,1.85761,27.9784,7.26302,2.66172,2.7287,1.31568,0.189119,0.0693073,0.11981125175952911,0.249413,1.27291,0.280294,0.694227,,,4.46953,0.210669,0.142428,999,,,,,,,133.1,3.8028571428571425,134,3.8285714285714287,,,,,,,,,,,,,,,,,,,"Julian Aguiar","30031",687924
"Yuki Matsui","SDP",2.0333,1.47925,0,4.17923,46.694,0,0,4.1836,,48.174,205.766,41.3094,24.03,22.37,6.63745,20.5273,1.40051,1.73387,47.192,8.81655,3.83497,2.29899,1.24003,0.229348,0.0997603,0.12958761304616928,0.225113,1.28361,0.267375,0.719521,,,4.35335,0.202455,0.110559,999,,,,,,,203.50000000000003,4.239583333333334,190,3.9583333333333335,,,,,,,,,,,,,,,,,,,"Yuki Matsui","33826",673513
"Cionel Pérez","WSN",1.93077,1.8565,0,4.25002,55.99,0,2,11.2073,,56.8162,249.506,54.6204,28.79,26.83,4.22467,27.9767,1.21496,2.91554,44.7154,7.08317,4.43166,1.59831,0.669211,0.179216,0.112128,0.06708739697933197,0.249849,1.45376,0.297015,0.701686,,,4.1589,0.200372,0.0801545,999,,,,,,,280.6,4.92280701754386,284,4.982456140350878,,,,,,,,,,,,,,,,,,,"Cionel Perez","19614",672335
"Easton McGee","MIL",1.11507,0.755468,0,4.1908,23.092,0,0,0.621,,27.274,115.164,26.0835,13.61,12.7,3.58569,7.38419,0.721975,1.25633,24.595,8.11597,2.43667,3.33077,1.18322,0.213564,0.0641186,0.14944549649953842,0.244861,1.22709,0.28717,0.698042,,,3.9911,0.199688,0.011103,999,,,,,,,113.00000000000003,4.185185185185186,113,4.185185185185185,,,,,,,,,,,,,,,,,,,"Easton McGee","22176",668834
"Chris Roycroft","STL",1.54043,1.30763,0,4.35998,35.824,0,0,0.6663,,39.0965,171.175,37.724,20.16,18.94,3.22021,17.7364,1.10708,2.18502,30.9325,7.12064,4.08292,1.74401,0.74129,0.180707,0.103616,0.07709087431430817,0.249409,1.41855,0.29465,0.692816,,,4.15216,0.197532,0.0387133,999,,,,,,,158.90000000000003,4.074358974358975,162,4.153846153846154,,,,,,,,,,,,,,,,,,,"Chris Roycroft","31261",688297
"Evan Phillips","LAD",1.04921,0.455072,0,3.82908,19.406,0,1,0.7772,,19.4381,80.9701,17.2182,8.86,8.27,2.29852,5.66964,0.399962,0.909954,19.7297,9.135,2.62509,3.47988,1.06424,0.243666,0.0700215,0.17364481091499331,0.231457,1.17747,0.284932,0.713163,,,3.65783,0.19709,0.0950363,999,,,,,,,99.8,5.252631578947368,97,5.105263157894737,,,,,,,,,,,,,,,,,,,"Evan Phillips","17734",623465
"Colin Holderman","CLE",1.4635,1.35127,0,4.28034,38.516,0,0,0.6803,,39.6347,170.974,36.2919,20.14,18.85,4.42163,16.3318,0.790181,2.59396,35.3599,8.02929,3.70853,2.16509,1.00404,0.206814,0.095522,0.11129169166088104,0.238686,1.32772,0.283879,0.699576,,,4.23364,0.195456,0.0921329,999,,,,,,,170.20000000000002,4.255000000000001,165,4.125,,,,,,,,,,,,,,,,,,,"Colin Holderman","22361",670059
"Caden Dana","LAA",4.47291,6.82633,5.7984,5.2393,15.612,15.111,0,0,,82.2305,357.973,81.5727,51.03,47.87,16.318,31.3783,0.317894,3.77664,70.2998,7.6942,3.4343,2.2404,1.78598,0.196383,0.0876553,0.10872739553451538,0.252689,1.37359,0.276268,0.687204,,,5.28762,0.194847,0.0204597,999,,,,,,,231.80000000000007,2.8268292682926837,237,2.8902439024390243,,,,,,,,,,,,,,,,,,,"Caden Dana","31508",702674
"Carlos Vargas","SEA",1.99546,1.7376,0,4.23978,52.328,0,0,10.0103,,54.6608,234.576,54.1254,27.6,25.75,5.55827,18.5017,1.65913,2.9107,39.7603,6.54661,3.04634,2.14901,0.91518,0.169499,0.0788729,0.09062568843364716,0.253915,1.32869,0.289357,0.694375,,,4.17746,0.194615,0.0755501,999,,,,,,,246.79999999999998,4.487272727272727,251,4.5636363636363635,,,,,,,,,,,,,,,,,,,"Carlos Vargas","22915",672841
"Nolan Hoffman","PHI",0.655682,0.415922,0,3.71822,16.136,0,0,0.6364,,17.0162,72.4125,15.5128,7.56,7.03,1.23617,6.38843,0.442716,0.919742,15.6131,8.25788,3.37889,2.44396,0.653822,0.215613,0.0882227,0.1273903325200081,0.238276,1.28708,0.295857,0.710997,,,3.53291,0.192106,0.09045,999,,,,,,,86.9,5.111764705882353,87,5.117647058823529,,,,,,,,,,,,,,,,,,,"Nolan Hoffman","23381",676510
"Julian Fernández","WSN",1.46511,1.39637,0,4.28021,41.292,0,0,0.6515,,43.8834,188.267,38.0796,22.37,20.87,5.68103,19.2039,1.19677,2.03777,42.213,8.65742,3.93851,2.19815,1.16512,0.224219,0.102004,0.12221530079841614,0.227987,1.30536,0.271957,0.707753,,,4.34635,0.190967,0.101346,999,,,,,,,178,4.045454545454546,167,3.7954545454545454,,,,,,,,,,,,,,,,,,,"Julian Fernandez","18341",642759
"Jaden Hill","COL",1.7884,1.80517,0,4.73953,42.92,0,0,0.6093,,44.7386,196.882,44.522,25.25,23.56,5.38434,18.6665,1.14819,2.79198,45.1194,9.07661,3.75511,2.41714,1.08316,0.229169,0.0948102,0.13435907661914825,0.253796,1.41239,0.313301,0.681728,,,4.1216,0.18896,-0.151065,999,,,,,,,182.5,4.055555555555555,188,4.177777777777778,,,,,,,,,,,,,,,,,,,"Jaden Hill","30250",677955
"Chase Silseth","LAA",1.61509,1.36184,0,4.12943,41.886,0,0,6.5796,,48.3626,207.118,41.4859,23.71,22.19,6.08979,21.3195,1.39967,2.72577,49.2725,9.16933,3.96744,2.31115,1.13327,0.237895,0.102934,0.13496147096157074,0.226608,1.29864,0.277158,0.720258,,,4.22602,0.186491,0.11056,999,,,,,,,228.80000000000004,4.7666666666666675,216,4.5,,,,,,,,,,,,,,,,,,,"Chase Silseth","30074",681217
"Gregory Santos","SFG",1.67657,1.30847,0,4.26983,42.565,0,3,5.9805,,43.8003,190.337,44.566,22.36,20.78,3.86738,16.5037,1.16394,2.48207,33.0074,6.7823,3.39114,2.00001,0.794661,0.173415,0.0867074,0.08670797944068909,0.260085,1.39427,0.302644,0.695525,,,4.07619,0.184076,0.101346,999,,,,,,,207.40000000000003,4.713636363636365,216,4.909090909090909,,,,,,,,,,,,,,,,,,,"Gregory Santos","21894",666619
"Colton Gordon","HOU",1.27818,1.03555,0,4.28701,27.056,0.446,0,0.6558,,34.1357,144.882,32.0124,17.44,16.26,4.71653,10.8966,1.06347,1.32987,31.5327,8.3137,2.87293,2.89381,1.24353,0.217644,0.0752104,0.14243397861719131,0.241321,1.25701,0.283135,0.701512,,,4.15838,0.183806,0.0783131,999,,,,,,,138.90000000000003,4.085294117647059,137,4.029411764705882,,,,,,,,,,,,,,,,,,,"Colton Gordon","31312",676467
"Mitch Bratt","ARI",0.729098,0.953727,0.55729,4.49722,3.04,2.409,0,0,,12.6478,53.5685,12.8262,6.79,6.32,1.87003,3.1376,0.0827563,0.376716,11.156,7.93847,2.23267,3.55559,1.33069,0.208257,0.0585717,0.14968544989824295,0.256246,1.26218,0.295887,0.687394,,,4.12672,0.182735,0.0975568,999,,,,,,,50.8,3.9076923076923076,52,4,,,,,,,,,,,,,,,,,,,"Mitch Bratt","sa3017719",683352
"Zak Kent","MIN",0.974452,0.694964,0,4.24859,21.556,0,0,0.6268,,24.5305,105.732,22.7036,12.41,11.58,2.7843,9.8795,0.81926,1.21093,23.9628,8.79172,3.62469,2.42551,1.02153,0.226638,0.0934391,0.13319839537143707,0.239891,1.32827,0.293387,0.703261,,,4.01329,0.182719,0.108844,999,,,,,,,107.3,4.292,105,4.2,,,,,,,,,,,,,,,,,,,"Zak Kent","25703",687849
"Tristan Beck","SFG",0.868064,0.703156,0,4.36244,21.929,0.048,0,0.6515,,27.0468,116.222,26.7298,14.09,13.11,3.33585,8.81726,0.800242,1.14346,24.0596,8.00599,2.934,2.72869,1.11003,0.207014,0.0758656,0.13114846497774124,0.251548,1.31428,0.296629,0.694923,,,4.06423,0.182694,0.0111061,999,,,,,,,114.7,4.2481481481481485,118,4.37037037037037,,,,,,,,,,,,,,,,,,,"Tristan Beck","21584",663941
"Connor Phillips","CIN",1.71561,1.42896,0,4.45935,46.687,0,3,7.2906,,51.5658,226.546,44.1412,27.24,25.55,6.46845,28.0963,1.43479,3.11283,57.4069,10.0195,4.90376,2.04322,1.12897,0.2534,0.12402,0.12938038259744644,0.225974,1.40088,0.286568,0.712192,,,4.355,0.181825,0.0175975,999,,,,,,,260.6,5.011538461538462,246,4.730769230769231,,,,,,,,,,,,,,,,,,,"Connor Phillips","27649",683175
"Wade Miley",,1.79631,2.64754,1.38409,4.91407,7.258,5.757,0,0,,31.2816,136.878,32.2469,18.32,17.08,4.55915,12.3381,0.224664,1.26723,20.8976,6.01244,3.54979,1.69375,1.31171,0.152674,0.0901398,0.06253423541784286,0.261591,1.42528,0.283061,0.687526,,,4.99852,0.180479,0.122152,999,,,,,,,87.69999999999997,2.8290322580645153,93,3,,,,,,,,,,,,,,,,,,,"Wade Miley","8779",489119
"Austin Warren","NYM",1.75169,1.15971,0,4.26096,34.25,0,0,0.7173,,38.442,164.157,35.3603,19.46,18.2,5.04012,14.1917,1.04008,1.91709,36.6238,8.57431,3.32254,2.58065,1.17999,0.223102,0.0864518,0.13665026426315308,0.238844,1.28901,0.285007,0.708117,,,4.19128,0.177787,0.0875263,999,,,,,,,158.7,4.1763157894736835,155,4.078947368421052,,,,,,,,,,,,,,,,,,,"Austin Warren","24937",681810
"Tyler Phillips","MIA",2.04267,1.89079,0,4.60942,57.672,0.022,2,15.4502,,66.5224,289.92,69.217,36.63,34.07,7.47125,24.202,2.01197,2.80956,49.6126,6.71223,3.27436,2.04993,1.01081,0.171125,0.0834785,0.0876469761133194,0.263275,1.40433,0.299993,0.684541,,,4.32174,0.176894,-0.202229,999,,,,,,,319.29999999999995,4.7656716417910445,333,4.970149253731344,,,,,,,,,,,,,,,,,,,"Tyler Phillips","20629",663969
"Austin Gomber","TEX",1.2679,1.81837,0.658155,4.69699,6.444,4.339,0,0,,24.009,101.821,23.8346,13.39,12.53,4.12738,6.7302,0.259849,0.632659,17.7205,6.64269,2.52288,2.63298,1.54719,0.174035,0.0660983,0.10793706774711609,0.252329,1.27305,0.27141,0.69291,,,4.81382,0.176514,0.172334,999,,,,,,,78.00000000000003,3.2500000000000013,80,3.3333333333333335,,,,,,,,,,,,,,,,,,,"Austin Gomber","16561",596295
"Gavin Hollowell","CHC",0.821234,0.557528,0,3.77789,18.447,0,0,0.7209,,20.2494,85.5458,16.1562,9.09,8.5,2.25285,8.78797,0.824344,1.18979,21.7026,9.6459,3.90588,2.46958,1.0013,0.253696,0.102728,0.15096790343523026,0.213797,1.23185,0.269379,0.727583,,,3.91615,0.175892,0.148847,999,,,,,,,99.80000000000001,4.99,92,4.6,,,,,,,,,,,,,,,,,,,"Gavin Hollowell","25427",668970
"Huascar Brazobán","NYM",2.51189,1.72965,0,4.29986,48.784,0.18,1,7.4597,,52.9762,229.15,47.3438,27.11,25.31,6.03684,24.2406,0.951519,3.1011,48.6546,8.26582,4.11818,2.00715,1.02558,0.212327,0.105785,0.1065417230129242,0.234598,1.35126,0.280777,0.704458,,,4.32803,0.175332,0.0709454,999,,,,,,,246.20000000000005,4.645283018867925,237,4.471698113207547,,,,,,,,,,,,,,,,,,,"Huascar Brazoban","6107",623211
"Tony Gonsolin",,1.03415,1.33441,0.694319,4.37603,3.977,3.063,0,0,,16.4327,69.9068,14.7022,8.55,7.99,2.46464,6.27463,0.123889,0.735862,15.2189,8.33521,3.43654,2.42546,1.34985,0.217703,0.0897572,0.12794556468725204,0.233753,1.27653,0.270666,0.709037,,,4.51251,0.174631,0.0863598,999,,,,,,,63.80000000000001,3.9875000000000007,63,3.9375,,,,,,,,,,,,,,,,,,,"Tony Gonsolin","19388",664062
"Greg Weissert","BOS",3.18738,2.39915,0,4.42005,62.112,0,1,16.6607,,63.2843,271.231,59.7348,33.42,31.08,8.37663,22.5263,1.56052,3.13812,54.4655,7.74583,3.20358,2.41787,1.19129,0.200808,0.0830519,0.11775641143321991,0.243253,1.29986,0.281068,0.692449,,,4.35121,0.174363,-0.00811579,999,,,,,,,314.80000000000007,4.996825396825398,314,4.984126984126984,,,,,,,,,,,,,,,,,,,"Greg Weissert","20375",669711
"Prelander Berroa","CHW",1.02455,0.896423,0,4.05069,26.11,0,0,0.5829,,27.3287,118.348,21.8115,13.16,12.3,2.94144,15.2008,0.784612,1.42637,29.4189,9.68835,5.00598,1.93535,0.968689,0.248579,0.128441,0.12013810873031616,0.214424,1.35434,0.272056,0.72512,,,4.20663,0.173771,0.113436,999,,,,,,,119.7,4.433333333333334,110,4.074074074074074,,,,,,,,,,,,,,,,,,,"Prelander Berroa","22932",672860
"Nestor Cortes",,0.872987,1.06194,0.727147,4.39259,2.73,2.506,0,0,,13.113,55.3695,12.0629,6.85,6.4,2.153,4.22448,0.0609449,0.405413,11.7428,8.05956,2.89944,2.7797,1.4777,0.21208,0.0762961,0.13578428328037262,0.237741,1.24208,0.268969,0.711011,,,4.5378,0.16999,0.109375,999,,,,,,,52.39999999999999,4.03076923076923,51,3.923076923076923,,,,,,,,,,,,,,,,,,,"Nestor Cortes","17874",641482
"Alek Jacob","SDP",1.21613,0.899945,0,4.19867,28.256,0,0,0.6537,,31.4671,133.99,28.4373,15.78,14.68,4.20124,11.0542,1.05235,1.83148,29.2932,8.37825,3.16164,2.64997,1.20161,0.218623,0.0825001,0.13612275570631027,0.234817,1.25501,0.276636,0.705494,,,4.23745,0.169735,0.0203019,999,,,,,,,130.39999999999998,4.2064516129032254,126,4.064516129032258,,,,,,,,,,,,,,,,,,,"Alek Jacob","29628",689690
"Tink Hence","STL",0.49952,0.743934,0.24265,4.05942,2.419,1.765,0,0,,9.4447,39.7794,8.71853,4.54,4.26,1.11892,3.01241,0.084597,0.356086,9.03913,8.61352,2.87057,3.00063,1.06624,0.227232,0.075728,0.15150349587202072,0.239448,1.24207,0.289477,0.70746,,,3.83111,0.168795,0.0604766,999,,,,,,,39.90000000000001,4.4333333333333345,41,4.555555555555555,,,,,,,,,,,,,,,,,,,"Tink Hence","sa3014709",693311
"Griff McGarry","WSN",1.40164,1.264,0,4.06004,39.286,0,0,0,,44.9331,197.593,34.2978,21.61,20.27,4.70822,29.3344,1.49624,2.85957,53.6809,10.7522,5.87562,1.82996,0.943046,0.271674,0.148459,0.12321510910987854,0.207364,1.41616,0.276512,0.736706,,,4.25741,0.168472,0.154872,999,,,,,,,195.1,4.335555555555556,172,3.8222222222222224,,,,,,,,,,,,,,,,,,,"Griff McGarry","sa3017130",676046
"Adam Macko","TOR",0.570531,0.532178,0,3.86193,11.178,0.745,0,0,,14.7983,63.1931,12.5626,6.79,6.35,1.53496,6.40038,0.496157,0.76372,15.7395,9.57242,3.89257,2.45915,0.933527,0.24907,0.101283,0.14778699725866318,0.224215,1.28143,0.28455,0.723977,,,3.80871,0.166302,0.135904,999,,,,,,,63.60000000000001,4.24,60,4,,,,,,,,,,,,,,,,,,,"Adam Macko","sa3011555",671936
"Jalen Beeks","TEX",2.2687,2.61265,0,4.36191,41.262,0.15,0,6.9607,,42.917,185.478,41.4348,22.28,20.8,5.06443,16.7538,0.957619,1.84079,36.9954,7.75819,3.51339,2.20818,1.06205,0.19946,0.0903277,0.10913201421499252,0.248286,1.35584,0.291374,0.702734,,,4.24497,0.165642,0.0479204,999,,,,,,,195.1,4.537209302325581,195,4.534883720930233,,,,,,,,,,,,,,,,,,,"Jalen Beeks","17192",656222
"Jakob Junis","TEX",2.4416,1.95902,0,4.59021,53.672,0.298,0,13.2991,,61.605,260.895,61.8694,33.63,31.42,9.60836,14.839,1.30614,2.84155,51.6081,7.53954,2.16786,3.47788,1.40371,0.197812,0.0568772,0.1409347914159298,0.254382,1.24516,0.287152,0.681009,,,4.34825,0.165506,-0.162921,999,,,,,,,276.59999999999997,4.461290322580645,282,4.548387096774194,,,,,,,,,,,,,,,,,,,"Jakob Junis","13619",596001
"Victor Vodnik","COL",2.47102,2.48267,0,4.69977,59.341,0,17,4.0494,,62.9073,280.342,64.2224,35.21,32.85,5.97323,30.9592,1.89156,2.77565,56.2429,8.04654,4.42926,1.81668,0.854576,0.200622,0.110433,0.09018872678279877,0.260423,1.51304,0.315899,0.690765,,,4.19019,0.164986,-0.211461,506.8999938964844,,,,,,,337,5.349206349206349,348,5.523809523809524,,,,,,,,,,,,,,,,,,,"Victor Vodnik","24614",680767
"Jason Foley","SFG",1.00024,0.767684,0,4.19042,25.307,0,0,0.6515,,25.7731,110.364,26.7877,12.92,12,2.41609,7.48623,0.605679,1.21683,18.9103,6.60351,2.6142,2.52602,0.8437,0.171345,0.0678321,0.1035129576921463,0.2635,1.32983,0.303376,0.691258,,,3.89941,0.163684,0.0598864,999,,,,,,,115.60000000000001,4.446153846153846,122,4.6923076923076925,,,,,,,,,,,,,,,,,,,"Jason Foley","19531",671345
"Matt Gage","SFG",1.94065,1.71268,0,4.76042,51.203,0.088,0,10.0326,,53.4091,235.942,55.9588,30.32,28.25,6.22164,21.8859,1.71306,2.30997,46.9089,7.90464,3.688,2.14334,1.04841,0.198815,0.0927597,0.10605576634407043,0.264273,1.45752,0.313571,0.687425,,,4.25201,0.162844,-0.234239,999,,,,,,,234.80000000000004,4.430188679245283,249,4.69811320754717,,,,,,,,,,,,,,,,,,,"Matt Gage","17381",657424
"Anthony Banda","MIN",2.33338,1.87494,0,4.66123,52.801,0.256,0,9.6524,,55.2022,241.972,53.1406,30.67,28.59,6.83064,24.2824,2.20261,2.74543,52.6657,8.58646,3.95893,2.16888,1.11365,0.217653,0.100352,0.1173001304268837,0.247231,1.40254,0.297914,0.688962,,,4.30448,0.162585,-0.229702,999,,,,,,,248.09999999999997,4.51090909090909,249,4.527272727272727,,,,,,,,,,,,,,,,,,,"Anthony Banda","14706",607455
"Justin Slaten","BOS",2.88019,2.18881,0,4.43962,56.472,0,2,13.495,,60.8566,261.811,57.7986,32.24,30.02,8.42434,22.6862,1.34005,2.77804,55.0217,8.13708,3.35503,2.42534,1.24586,0.210158,0.086651,0.12350675463676453,0.24455,1.32253,0.285564,0.702348,,,4.38177,0.161691,-0.012695,999,,,,,,,296.2000000000001,4.855737704918035,295,4.836065573770492,,,,,,,,,,,,,,,,,,,"Justin Slaten","25648",686580
"Eduarniel Núñez","ATH",1.88924,1.45607,0,4.19926,43.807,0,0,4.256,,47.0226,206.707,39.5408,23.44,21.94,5.00923,26.9627,1.36079,3.45761,51.9213,9.9376,5.16059,1.92567,0.958753,0.251183,0.130439,0.1207440048456192,0.224298,1.41429,0.289316,0.723871,,,4.25244,0.160419,0.159471,999,,,,,,,212.3,4.517021276595745,200,4.25531914893617,,,,,,,,,,,,,,,,,,,"Eduarniel Nunez","23162",674384
"Jose Corniell","TEX",0.729764,0.495688,0,3.66691,14.786,0.143,0,0.6445,,17.5243,72.0381,14.3284,7.64,7.14,2.31577,5.11929,0.504373,0.918878,17.8688,9.17692,2.62913,3.49048,1.18932,0.248046,0.0710636,0.1769825965166092,0.217097,1.10975,0.262196,0.728617,,,3.8474,0.159998,0.144331,999,,,,,,,94.20000000000002,5.233333333333334,86,4.777777777777778,,,,,,,,,,,,,,,,,,,"Jose Corniell","27984",692030
"Gunnar Hoglund","ATH",1.86206,2.87629,0.439595,4.95748,20.23,5.547,0,0.6384,,46.6023,200.413,46.3804,27.49,25.67,8.65951,14.8932,0.828066,2.17314,39.3285,7.59525,2.87624,2.64069,1.67235,0.196237,0.0743126,0.12192416191101074,0.252965,1.31482,0.278673,0.687353,,,4.96157,0.159969,0.0751417,999,,,,,,,148.50000000000003,3.159574468085107,149,3.1702127659574466,,,,,,,,,,,,,,,,,,,"Gunnar Hoglund","31318",680684
"Angel Bastardo","TOR",0.697688,0.450434,0,3.6533,14.14,0.277,0,0,,16.3578,68.6951,13.6952,7.12,6.64,1.68517,6.33419,0.494775,0.703161,16.7695,9.22652,3.48505,2.64746,0.927172,0.244115,0.0922073,0.15190774947404861,0.222116,1.22445,0.27799,0.730575,,,3.71469,0.156086,0.139761,999,,,,,,,70.4,4.4,67,4.1875,,,,,,,,,,,,,,,,,,,"Angel Bastardo","sa3009716",682785
"Sammy Peralta","MIL",0.653481,0.393763,0,3.74763,13.117,0,0,0.621,,15.5378,65.3411,13.5847,6.93,6.47,1.57536,5.2815,0.477722,0.691444,14.8177,8.5829,3.05922,2.80559,0.912501,0.226775,0.0808297,0.14594514667987823,0.228822,1.21422,0.27945,0.716429,,,3.69912,0.152535,0.139807,999,,,,,,,73.4,4.5875,70,4.375,,,,,,,,,,,,,,,,,,,"Sammy Peralta","25589",671111
"Thomas Harrington","PIT",0.734805,1.02388,0.144233,4.66379,7.685,2.042,0,0.6584,,16.2486,69.7257,16.1964,9,8.42,2.45425,4.91619,0.269739,0.698043,13.5315,7.49502,2.72305,2.75244,1.35939,0.194068,0.0705076,0.12356001138687134,0.252629,1.29935,0.285548,0.685232,,,4.46971,0.152284,0.035459,999,,,,,,,66.20000000000002,4.137500000000001,68,4.25,,,,,,,,,,,,,,,,,,,"Thomas Harrington","31989",802419
"Juan Burgos","ARI",0.894153,0.717497,0,4.21879,25.236,0,0,0.6568,,26.5171,114.357,24.0047,13.3,12.43,2.76929,11.2076,0.756757,1.55208,24.0378,8.15852,3.80389,2.14478,0.939907,0.210199,0.0980048,0.11219429224729538,0.236272,1.32791,0.283932,0.699285,,,4.12333,0.151961,0.113439,999,,,,,,,113.5,4.203703703703703,109,4.037037037037037,,,,,,,,,,,,,,,,,,,"Juan Burgos","27271",686228
"Jayden Murray","HOU",1.57911,1.14164,0,4.22405,33.299,0.139,0,0.6558,,35.6246,151.758,31.7167,17.88,16.72,4.68296,13.1554,0.906662,2.18145,32.08,8.10452,3.3235,2.43855,1.18308,0.21139,0.0866869,0.12470299005508423,0.232491,1.25958,0.271265,0.704461,,,4.33456,0.150459,0.0829197,999,,,,,,,144.70000000000005,4.019444444444446,138,3.8333333333333335,,,,,,,,,,,,,,,,,,,"Jayden Murray","26482",681151
"Marco Raya","MIN",0.919833,0.624244,0,4.06151,19.897,0,0,0,,20.6081,88.4284,18.2346,9.96,9.3,2.27945,8.58788,0.591983,1.12569,20.0182,8.74237,3.75051,2.33098,0.995485,0.226377,0.0971167,0.1292605772614479,0.231653,1.30155,0.282806,0.713566,,,4.04435,0.149645,0.0996385,999,,,,,,,94.00000000000001,4.476190476190477,89,4.238095238095238,,,,,,,,,,,,,,,,,,,"Marco Raya","sa3014550",694397
"Josh Simpson","SEA",0.899087,0.705595,0,3.83058,22.941,0,0,0.65,,23.6126,101.557,19.7218,10.77,10.05,2.37053,11.5605,0.944806,1.30431,25.1893,9.60095,4.40631,2.17891,0.903533,0.248031,0.113833,0.13419807702302933,0.222362,1.32481,0.28383,0.733537,,,3.94118,0.149627,0.157963,999,,,,,,,116.00000000000003,4.833333333333335,109,4.541666666666667,,,,,,,,,,,,,,,,,,,"Josh Simpson","25957",681006
"Reiver Sanmartin","SFG",0.98948,0.758675,0,4.19969,25.14,0,0,0.6515,,27.7306,119.938,28.5827,13.9,12.94,2.54837,9.70235,0.721669,1.07322,21.5942,7.00844,3.14891,2.22567,0.827078,0.180046,0.080895,0.09915068000555038,0.261838,1.38061,0.306217,0.702389,,,3.93812,0.146394,0.0644931,999,,,,,,,109.9,3.9250000000000003,116,4.142857142857143,,,,,,,,,,,,,,,,,,,"Reiver Sanmartin","19754",665665
"Mitch Farris","LAA",1.34446,2.17525,1.55556,5.23662,4.95,4.843,0,0,,24.3707,107.19,24.9835,15.13,14.18,4.31981,9.94304,0.0876759,0.876744,21.5978,7.97596,3.67192,2.17215,1.59529,0.201491,0.092761,0.10872971266508102,0.259245,1.43314,0.293299,0.685504,,,4.99891,0.145343,0.00147988,999,,,,,,,74.40000000000003,3.1000000000000014,79,3.2916666666666665,,,,,,,,,,,,,,,,,,,"Mitch Farris","33628",815083
"Dax Fulton","MIA",0.420481,0.309047,0,3.57986,11.267,0,0,0,,11.6904,49.7686,10.4863,4.99,4.65,0.774169,4.6717,0.406449,0.511507,11.529,8.87574,3.59656,2.46784,0.596004,0.231652,0.0938684,0.13778356462717056,0.235196,1.29662,0.300851,0.722459,,,3.35376,0.145196,0.130701,999,,,,,,,56.500000000000014,4.708333333333335,53,4.416666666666667,,,,,,,,,,,,,,,,,,,"Dax Fulton","sa3014535",690978
"Yosver Zulueta","SEA",0.695306,0.533041,0,3.70891,17.614,0,0,0.65,,19.4855,83.5732,15.6726,8.57,8.03,1.5915,9.90823,0.465657,1.37044,20.9385,9.67109,4.57643,2.11324,0.735086,0.25054,0.118557,0.13198278844356537,0.216789,1.31282,0.282955,0.728431,,,3.78427,0.145015,0.0950429,999,,,,,,,87.4,4.6000000000000005,82,4.315789473684211,,,,,,,,,,,,,,,,,,,"Yosver Zulueta","27765",691172
"Paxton Schultz","WSN",1.15628,1.21098,0,4.57287,33.705,0.083,0,0.6515,,39.8743,174.248,36.8106,21.72,20.26,5.20783,18.445,1.22477,1.71483,39.6823,8.95666,4.16321,2.15138,1.17545,0.227735,0.105855,0.1218796968460083,0.238893,1.38574,0.289408,0.699173,,,4.3594,0.143802,-0.111635,999,,,,,,,162.3,4.0575,159,3.975,,,,,,,,,,,,,,,,,,,"Paxton Schultz","25501",687606
"Seth Halvorsen","COL",2.10471,2.10309,0,4.67978,49.669,0,6,0.6093,,51.7909,227.337,51.694,28.91,26.93,6.0718,21.9784,1.62254,2.65661,45.9991,7.99353,3.81931,2.09292,1.05513,0.202339,0.0966776,0.10566136986017227,0.255025,1.4225,0.302874,0.686836,,,4.30986,0.142901,-0.185841,698.2999877929688,,,,,,,226.8,4.361538461538462,233,4.480769230769231,,,,,,,,,,,,,,,,,,,"Seth Halvorsen","33294",678020
"Alex Lange","KCR",1.8681,1.52679,0,4.50053,46.03,0,0,6.9259,,46.2745,204.483,41.5749,24.73,23.14,4.7596,25.2255,0.785582,3.20658,47.5649,9.25098,4.90614,1.88559,0.925702,0.23261,0.123362,0.10924840718507767,0.236152,1.44357,0.297554,0.699576,,,4.25975,0.139699,-0.0980451,999,,,,,,,209.70000000000005,4.558695652173914,205,4.456521739130435,,,,,,,,,,,,,,,,,,,"Alex Lange","19883",656638
"Ryan Zeferjahn","LAA",2.10104,1.91798,0,4.48018,56.035,0.026,1,9.6194,,58.2365,254.794,49.6866,30.94,28.99,8.08664,30.0208,1.85625,4.15272,67.1176,10.3725,4.63947,2.23571,1.24973,0.26342,0.117824,0.14559584110975266,0.225213,1.36868,0.286076,0.713118,,,4.39571,0.139207,-0.0705284,999,,,,,,,277.80000000000007,4.789655172413794,263,4.5344827586206895,,,,,,,,,,,,,,,,,,,"Ryan Zeferjahn","25420",666171
"Justin Hagenman","NYM",0.908984,0.620077,0,4.24581,17.582,0.085,0,0.7173,,22.554,94.9553,21.0708,11.42,10.64,3.40731,6.34346,0.535064,0.912834,21.4111,8.54392,2.53131,3.3753,1.35966,0.225486,0.0668047,0.15868110209703445,0.240263,1.2155,0.280906,0.706335,,,4.16563,0.138596,0.104259,999,,,,,,,103.70000000000002,4.508695652173913,101,4.391304347826087,,,,,,,,,,,,,,,,,,,"Justin Hagenman","21546",663795
"Joel Peguero","SFG",1.81233,1.52259,0,4.66964,47.364,0,2,3.9522,,50.1688,221.788,50.5881,28,26.03,5.48203,22.3378,1.6148,2.63935,45.1069,8.09192,4.00728,2.01931,0.983445,0.203378,0.100717,0.10266128182411194,0.257039,1.45361,0.308476,0.688508,,,4.25105,0.138056,-0.19036,999,,,,,,,216.9,4.338,226,4.52,,,,,,,,,,,,,,,,,,,"Joel Peguero","21951",666711
"Justin Sterner","ATH",2.59167,2.15253,0,4.60115,60.011,0.026,10,10.2941,,64.51,275.646,56.8815,35.4,32.98,11.4484,24.0153,2.01216,3.90797,68.5788,9.56766,3.35045,2.85564,1.59721,0.248793,0.0871236,0.16166986525058746,0.229618,1.25402,0.270927,0.701364,,,4.61462,0.137754,-0.105322,409.3999938964844,,,,,,,341.5,5.253846153846154,326,5.015384615384615,,,,,,,,,,,,,,,,,,,"Justin Sterner","27694",686993
"Sam Aldegheri","LAA",1.39881,2.71768,1.11106,5.36936,8.683,5.69,0,0,,35.5182,158.34,37.0612,22.6,21.19,5.78726,15.5677,0.440188,1.89456,28.1164,7.12444,3.94471,1.80608,1.46644,0.17757,0.098318,0.0792517438530922,0.263074,1.48174,0.292351,0.674401,,,5.14505,0.136626,-0.0809724,999,,,,,,,98.40000000000002,2.733333333333334,104,2.888888888888889,,,,,,,,,,,,,,,,,,,"Sam Aldegheri","26443",691951
"Anthony Molina","ATL",0.364834,0.290918,0,4.3659,9.554,0.061,0,0,,16.8419,71.9879,17.5826,8.74,8.17,1.81536,4.44062,0.429125,0.607029,12.965,6.92823,2.37299,2.91962,0.970096,0.180099,0.0616857,0.1184132918715477,0.262661,1.30764,0.302286,0.68183,,,3.8959,0.136398,-0.011827,999,,,,,,,65.40000000000002,3.8470588235294128,70,4.117647058823529,,,,,,,,,,,,,,,,,,,"Anthony Molina","26952",683627
"Cole Wilcox","SEA",0.683102,0.558281,0,3.98165,17.535,0,0,0.65,,18.9419,80.3698,17.2443,8.99,8.38,1.92696,6.78012,0.549062,0.971539,16.5084,7.84376,3.22149,2.43483,0.915571,0.205405,0.0843615,0.12104402482509613,0.237465,1.26832,0.282697,0.704958,,,3.94227,0.135032,0.0950429,999,,,,,,,85.8,4.515789473684211,83,4.368421052631579,,,,,,,,,,,,,,,,,,,"Cole Wilcox","27481",677961
"Zack Kelly","BOS",2.6921,2.03099,0,4.39943,52.422,0,0,12.1976,,56.1959,244.571,50.6414,29.46,27.47,6.81441,26.1089,1.75607,3.36642,52.5014,8.40832,4.18144,2.01086,1.09136,0.214667,0.106754,0.10791361331939697,0.235437,1.36576,0.281339,0.703619,,,4.41655,0.134792,0.0267955,999,,,,,,,262.70000000000005,4.691071428571429,256,4.571428571428571,,,,,,,,,,,,,,,,,,,"Zack Kelly","20349",677161
"Jacob Webb","CHC",2.25306,1.6808,0,4.33966,52.172,0,0,10.7059,,54.1909,231.244,48.188,28.04,26.13,7.45292,21.3699,1.28568,2.65719,49.6057,8.23849,3.5491,2.32129,1.23778,0.214517,0.0924129,0.12210387736558914,0.232549,1.28357,0.271281,0.70222,,,4.4224,0.13448,0.0221899,999,,,,,,,260.7,4.8277777777777775,251,4.648148148148148,,,,,,,,,,,,,,,,,,,"Jacob Webb","19274",657097
"Joe Jiménez","ATL",0.641868,0.45785,0,4.27846,16.625,0,0,0.6492,,17.3754,73.8229,15.2565,8.84,8.26,2.38604,6.35394,0.291742,0.967286,19.8145,10.2634,3.29118,3.11845,1.2359,0.268406,0.0860701,0.1823355183005333,0.229415,1.24374,0.290521,0.698984,,,3.90365,0.134212,-0.0118979,999,,,,,,,85.20000000000002,5.011764705882354,82,4.823529411764706,,,,,,,,,,,,,,,,,,,"Joe Jimenez","15761",641729
"Pedro Avila","CLE",0.970211,1.45978,0,4.71019,24.91,1.488,0,0.6803,,34.1642,151.461,33.8055,19.1,17.88,3.78701,15.8372,0.733059,2.2081,31.3588,8.26097,4.17205,1.98007,0.997627,0.207043,0.104563,0.10247959941625595,0.253385,1.45306,0.305471,0.688816,,,4.32496,0.134199,-0.0665156,999,,,,,,,126.00000000000003,3.7058823529411775,130,3.823529411764706,,,,,,,,,,,,,,,,,,,"Pedro Avila","18864",658648
"Matt Waldron","SDP",1.00481,1.43178,0.829176,5.09752,4.212,3.406,0,0,,17.8675,77.762,18.6907,10.82,10.12,2.99029,5.74829,0.131568,0.885516,13.8427,6.97266,2.89546,2.40813,1.50623,0.178013,0.0739217,0.10409162193536758,0.262775,1.36779,0.289168,0.672457,,,4.87516,0.132946,0.0129109,999,,,,,,,53.90000000000001,2.9944444444444454,58,3.2222222222222223,,,,,,,,,,,,,,,,,,,"Matt Waldron","25550",663362
"Carson Seymour","SFG",0.720367,0.618161,0,4.10644,17.765,0.222,0,0.6515,,22.7277,98.1904,21.2778,11.17,10.37,2.46971,9.44814,0.697684,1.34505,21.9207,8.68042,3.74139,2.32011,0.977986,0.223247,0.0962226,0.12702402472496033,0.243461,1.35191,0.298508,0.717166,,,4.04347,0.132693,0.104259,999,,,,,,,109.00000000000003,4.73913043478261,107,4.6521739130434785,,,,,,,,,,,,,,,,,,,"Carson Seymour","30084",693313
"Connor Brogdon","CLE",1.70761,1.66924,0,4.60919,45.659,0,0,7.0755,,48.1712,206.892,45.0251,26.39,24.67,7.63651,17.6536,1.29088,2.2721,47.2492,8.82774,3.29829,2.67646,1.42676,0.228376,0.0853276,0.14304805546998978,0.240819,1.30117,0.283073,0.698026,,,4.47522,0.132245,-0.0934408,999,,,,,,,201.80000000000007,4.204166666666668,198,4.125,,,,,,,,,,,,,,,,,,,"Connor Brogdon","21205",641401
"Ben Casparius","LAD",2.41868,1.28514,0,4.68303,46.309,0.128,0,13.2996,,54.4647,235.924,49.5237,30.32,28.34,8.22702,23.2156,1.19621,2.69891,54.1661,8.95065,3.83625,2.33318,1.35947,0.229591,0.0984026,0.13118834793567657,0.235816,1.33553,0.279756,0.692883,,,4.53719,0.131954,-0.181124,999,,,,,,,253.20000000000005,4.68888888888889,248,4.592592592592593,,,,,,,,,,,,,,,,,,,"Ben Casparius","30085",676508
"Félix Bautista","BAL",0.48814,0.28077,0,3.39227,9.85,0,0,0.6611,,10.1348,42.1351,7.01599,4.06,3.82,1.06637,4.94402,0.174727,0.493878,13.4114,11.9097,4.39043,2.71265,0.946966,0.318295,0.117337,0.2009580284357071,0.191186,1.18009,0.267766,0.754747,,,3.46604,0.131784,0.126164,999,,,,,,,58.5,5.85,52,5.2,,,,,,,,,,,,,,,,,,,"Felix Bautista","20666",642585
"Chris Murphy","CHW",1.32229,1.13353,0,4.12048,33.9,0,0,0.5829,,40.3861,173.915,35.2841,19.84,18.49,4.38193,18.3654,1.15239,2.17565,36.2907,8.08734,4.09271,1.97604,0.976509,0.208669,0.1056,0.1030694767832756,0.230053,1.32841,0.274196,0.711557,,,4.27431,0.131569,0.092133,999,,,,,,,171.8,4.295,164,4.1,,,,,,,,,,,,,,,,,,,"Chris Murphy","26214",669684
"Robert Stephenson","LAA",1.995,1.81027,0,4.52054,52.579,0,10,9.0665,,53.1773,224.522,47.1317,28.59,26.71,9.91074,17.5521,1.21572,2.40984,58.7347,9.94057,2.97061,3.3463,1.67735,0.261599,0.0781756,0.18342377990484238,0.230406,1.21638,0.273856,0.710385,,,4.47511,0.130507,-0.132849,536.1300048828125,,,,,,,291.00000000000006,5.49056603773585,279,5.264150943396227,,,,,,,,,,,,,,,,,,,"Robert Stephenson","13594",596112
"Scott Alexander","SFG",1.49673,1.58807,0,4.01383,26.598,0.064,0,0,,26.3688,112.156,26.2976,12.66,11.76,2.31766,8.09089,0.833387,1.11875,16.821,5.74122,2.76152,2.07901,0.791047,0.149978,0.0721394,0.07783892750740051,0.255448,1.30413,0.286129,0.697683,,,4.04972,0.13026,0.0598863,999,,,,,,,107.20000000000002,4.1230769230769235,111,4.269230769230769,,,,,,,,,,,,,,,,,,,"Scott Alexander","10591",518397
"Rob Zastryzny","MIL",2.26326,1.72658,0,4.48242,46.987,0.4,0,3.9742,,45.9395,197.335,43.1555,24.6,22.88,6.81141,16.8321,1.1952,2.03356,43.8728,8.59511,3.29756,2.6065,1.33442,0.222327,0.085297,0.13702982664108276,0.241809,1.30579,0.284416,0.701416,,,4.3846,0.128986,-0.0980583,999,,,,,,,189.50000000000006,4.1195652173913055,186,4.043478260869565,,,,,,,,,,,,,,,,,,,"Rob Zastryzny","15094",642239
"Miguel Ullola","HOU",0.748295,0.520289,0,3.80056,15.113,0.141,0,0,,16.9317,72.5791,11.9758,7.59,7.15,1.80756,9.97006,0.486072,1.08315,20.2126,10.7439,5.29956,2.02733,0.960802,0.27849,0.137368,0.14112204313278198,0.194647,1.29614,0.257387,0.739411,,,4.09385,0.127659,0.0904593,999,,,,,,,77.00000000000001,4.529411764705883,66,3.8823529411764706,,,,,,,,,,,,,,,,,,,"Miguel Ullola","sa3016504",699044
"Ronan Kopp","LAD",0.705063,0.289997,0,3.59256,12.862,0,0,0,,13.4027,57.5806,9.99752,5.7,5.35,1.15275,7.7658,0.340439,0.725665,16.7429,11.2429,5.21478,2.15598,0.774079,0.290773,0.134868,0.15590451657772064,0.203661,1.32535,0.283545,0.746979,,,3.65551,0.12748,0.0812643,999,,,,,,,64.89999999999999,4.9923076923076914,59,4.538461538461538,,,,,,,,,,,,,,,,,,,"Ronan Kopp","sa3017751",691947
"Brandon Walter","HOU",0.448324,0.398706,0.450752,3.89887,1.374,1.065,0,0,,7.3175,30.3462,6.73139,3.39,3.17,0.940527,1.84843,0.0520151,0.339631,6.64805,8.17663,2.27343,3.5966,1.15678,0.219074,0.0609113,0.15816226601600647,0.239056,1.17251,0.281525,0.714548,,,3.88606,0.126237,0.139425,999,,,,,,,29.300000000000015,4.185714285714288,30,4.285714285714286,,,,,,,,,,,,,,,,,,,"Brandon Walter","26056",687888
"Lazaro Estrada","TOR",0.812618,0.516876,0,4.33237,17.401,0.055,0,0.6524,,21.9995,93.3618,19.8686,11.33,10.59,3.36314,7.45257,0.580155,1.02601,22.3961,9.16227,3.04885,3.00516,1.37586,0.239886,0.0798247,0.16006091982126236,0.23407,1.2419,0.279167,0.707174,,,4.24263,0.125976,0.0506732,999,,,,,,,97.9,4.45,95,4.318181818181818,,,,,,,,,,,,,,,,,,,"Lazaro Estrada","24914",681751
"John King","MIA",1.52687,1.35051,0,4.32905,42.754,0,0,6.6427,,44.2614,190.689,48.8277,22.94,21.29,4.03954,12.4594,0.890877,1.62548,25.7115,5.2281,2.53347,2.06361,0.821389,0.134834,0.0653389,0.06949523836374283,0.276481,1.38466,0.304986,0.689303,,,4.11445,0.125063,-0.000811416,999,,,,,,,187.00000000000003,4.250000000000001,206,4.681818181818182,,,,,,,,,,,,,,,,,,,"John King","22051",667463
"Danny Young","ATL",0.578971,0.401424,0,4.06931,15.208,0,0,0.6492,,15.1721,65.7634,13.9538,7.36,6.86,1.40325,6.61499,0.380494,1.04491,16.3545,9.7014,3.92397,2.47234,0.832397,0.248687,0.100588,0.1480993926525116,0.240155,1.3557,0.311076,0.709988,,,3.69623,0.121661,0.0858507,999,,,,,,,74.30000000000001,4.953333333333334,74,4.933333333333334,,,,,,,,,,,,,,,,,,,"Danny Young","18439",664849
"Dane Dunning","SEA",0.653396,0.891662,0.12443,4.55816,6.48,1.955,0,0.65,,14.4532,62.4361,14.016,7.81,7.32,1.9332,5.37012,0.22077,0.812922,12.4038,7.72381,3.34397,2.30977,1.2038,0.198663,0.0860099,0.1126532182097435,0.24916,1.3413,0.288262,0.694027,,,4.44095,0.120733,0.0311635,999,,,,,,,52.6,3.757142857142857,54,3.857142857142857,,,,,,,,,,,,,,,,,,,"Dane Dunning","19409",641540
"Domingo Gonzalez","SEA",0.617073,0.497465,0,3.94069,15.71,0,0,0,,16.421,69.8424,13.7787,7.67,7.19,1.83289,6.91042,0.50009,1.02201,17.0382,9.33827,3.78745,2.46558,1.00457,0.243952,0.0989431,0.14500896632671356,0.22256,1.25992,0.277559,0.718373,,,3.96021,0.119711,0.0368531,999,,,,,,,67.4,4.2125,64,4,,,,,,,,,,,,,,,,,,,"Domingo Gonzalez","sa3007495",682445
"Brent Suter","LAA",2.05435,1.90593,0,4.35222,53.753,0.24,0,12.2033,,59.7833,254.72,58.7006,30.97,28.91,8.01482,18.4214,0.90433,2.3572,44.7616,6.73857,2.77323,2.42986,1.20658,0.175728,0.0723203,0.10340802371501923,0.25092,1.29003,0.279777,0.700321,,,4.42321,0.119489,0.0360023,999,,,,,,,270.20000000000005,4.503333333333334,274,4.566666666666666,,,,,,,,,,,,,,,,,,,"Brent Suter","13942",608718
"Cal Quantrill","TEX",1.16653,1.69255,0.959821,5.16691,5.171,3.909,0,0,,19.8397,86.4701,19.9506,12.07,11.39,3.1151,7.39322,0.110375,1.07561,14.6095,6.62741,3.35383,1.97607,1.41312,0.168955,0.0855003,0.08345440030097961,0.255773,1.37824,0.279304,0.664579,,,4.98414,0.119256,0.0378007,999,,,,,,,65.1,3.255,67,3.35,,,,,,,,,,,,,,,,,,,"Cal Quantrill","19312",615698
"Wandy Peralta","SDP",2.50789,1.77865,0,3.91986,57.304,0.084,0,10.2465,,57.4459,245.903,53.0402,26.93,25.02,5.78878,23.1599,1.27292,2.72334,43.139,6.75854,3.62843,1.86266,0.906923,0.175431,0.0941828,0.08124787360429764,0.24107,1.32647,0.276175,0.723541,,,4.29494,0.119208,0.285109,999,,,,,,,258.2,4.529824561403508,255,4.473684210526316,,,,,,,,,,,,,,,,,,,"Wandy Peralta","14295",593974
"Drey Jameson","ARI",1.81265,1.64306,0,4.74924,53.848,0,2,0.6568,,58.7462,257.191,60.1065,33.25,31,7.56316,22.1996,1.82306,3.02266,50.9471,7.80517,3.401,2.29496,1.15869,0.198091,0.0863155,0.11177504062652588,0.259115,1.40104,0.302916,0.684017,,,4.36234,0.119188,-0.220527,746.7000122070312,,,,,,,223.20000000000005,3.783050847457628,232,3.9322033898305087,,,,,,,,,,,,,,,,,,,"Drey Jameson","26260",686753
"James Karinchak","ATL",0.699268,0.523823,0,4.49955,18.25,0,0,0.6492,,18.9819,82.8802,15.2015,10.14,9.49,2.40366,10.7864,0.378536,1.00525,24.0362,11.3964,5.11421,2.22839,1.13966,0.290012,0.130144,0.15986751019954681,0.213839,1.36909,0.286634,0.700528,,,4.11239,0.117627,-0.00729842,999,,,,,,,93,4.894736842105263,85,4.473684210526316,,,,,,,,,,,,,,,,,,,"James Karinchak","20151",675916
"Hunter Stratton","ATL",0.650849,0.487468,0,4.41957,16.943,0,0,0.6492,,18.0832,77.9404,17.0014,9.49,8.88,2.1662,6.86942,0.367972,1.00902,16.4479,8.18612,3.41891,2.39437,1.07811,0.211032,0.0881368,0.12289516627788544,0.242663,1.32006,0.288355,0.690121,,,4.18031,0.114562,0.0414598,999,,,,,,,76.40000000000002,4.244444444444445,76,4.222222222222222,,,,,,,,,,,,,,,,,,,"Hunter Stratton","23455",676702
"Beau Brieske","DET",1.59107,1.52793,0,4.38465,40.94,0.42,0,4.0186,,44.2133,189.607,40.3735,23.16,21.54,6.02243,17.0964,1.12262,2.04392,36.6213,7.45459,3.48013,2.14204,1.22592,0.193144,0.090168,0.10297581553459167,0.236842,1.29983,0.268741,0.699653,,,4.54806,0.112175,-0.000803879,999,,,,,,,180.8,4.109090909090909,175,3.977272727272727,,,,,,,,,,,,,,,,,,,"Beau Brieske","26079",689225
"Alexis Díaz","TEX",2.2891,1.66898,0,4.36947,48.366,0,3,0.6445,,49.8047,215.1,39.611,25.74,24.18,6.4535,25.3953,1.02397,4.16705,50.6791,9.158,4.58908,1.99561,1.16619,0.235607,0.118063,0.11754441261291504,0.213494,1.30523,0.258227,0.701542,,,4.56521,0.111557,0.0129891,737.8499755859375,,,,,,,226.2,4.524,206,4.12,,,,,,,,,,,,,,,,,,,"Alexis Diaz","21132",664747
"Pierce Johnson","CIN",2.08924,1.84671,0,4.76981,58.438,0,1,11.983,,58.9458,256.311,56.3799,33.34,31.24,9.12904,24.0659,1.18275,2.55319,60.7175,9.2705,3.67445,2.52296,1.39385,0.236889,0.0938933,0.1429961547255516,0.245459,1.36474,0.295603,0.696161,,,4.44312,0.107836,-0.220642,999,,,,,,,274.30000000000007,4.649152542372883,272,4.610169491525424,,,,,,,,,,,,,,,,,,,"Pierce Johnson","13435",572955
"Jackson Rutledge","WSN",1.79299,1.92093,0,4.67243,52.529,0.089,2,11.8257,,59.8275,262.398,57.8678,33.31,31.06,7.863,25.1847,1.52747,3.90286,52.0205,7.82557,3.78859,2.06556,1.18285,0.19825,0.0959787,0.10227122157812119,0.248029,1.3882,0.288333,0.690443,,,4.56325,0.107466,-0.167501,999,,,,,,,269.8,4.496666666666667,271,4.516666666666667,,,,,,,,,,,,,,,,,,,"Jackson Rutledge","26215",671131
"Didier Fuentes","ATL",0.563786,0.818992,0.128656,4.74878,5.223,1.852,0,0,,11.0302,47.3236,10.9919,6.23,5.82,1.83112,3.37126,0.146645,0.468803,10.4937,8.56226,2.75075,3.1127,1.49409,0.221744,0.0712385,0.15050530433654785,0.252783,1.30217,0.294003,0.689275,,,4.43497,0.106878,0.0591557,999,,,,,,,39.20000000000001,3.5636363636363644,40,3.6363636363636362,,,,,,,,,,,,,,,,,,,"Didier Fuentes","30661",800311
"Michael Fulmer","SFG",0.533415,0.413151,0,4.23728,13.411,0,0,0.6515,,14.2096,61.1436,13.2113,7.2,6.69,1.76639,5.34206,0.436766,0.773679,14.5641,9.22452,3.38353,2.72631,1.11879,0.238195,0.0873691,0.1508258432149887,0.240085,1.30569,0.295755,0.706037,,,3.99245,0.106335,0.0322465,999,,,,,,,61.20000000000003,4.371428571428574,60,4.285714285714286,,,,,,,,,,,,,,,,,,,"Michael Fulmer","13218",605242
"James McArthur","KCR",1.00962,0.82967,0,4.50052,24.861,0,1,0.666,,26.097,112.912,25.8686,13.97,13.05,3.18115,9.2156,0.622048,1.47551,22.6537,7.81251,3.17816,2.45819,1.09708,0.200632,0.0816177,0.11901398748159409,0.253067,1.34438,0.297012,0.689318,,,4.21269,0.106039,-0.0421408,999,,,,,,,112.9,4.342307692307693,116,4.461538461538462,,,,,,,,,,,,,,,,,,,"James McArthur","21527",663704
"Zach Pop","PHI",0.914315,0.62749,0,4.1406,22.837,0,0,0.6364,,23.3879,100.01,23.3045,11.57,10.76,2.28887,7.41058,0.668275,1.31707,16.6769,6.4175,2.8517,2.25041,0.880792,0.166752,0.0740984,0.09265366196632385,0.255302,1.31329,0.290606,0.695915,,,4.10079,0.105708,0.00189199,999,,,,,,,99.80000000000003,4.33913043478261,103,4.478260869565218,,,,,,,,,,,,,,,,,,,"Zach Pop","20185",647315
"Emiliano Teodo","TEX",0.594769,0.360756,0,3.4926,12.168,0,0,0,,12.4463,52.7029,9.34425,5.16,4.83,1.15274,6.30813,0.44913,0.753129,13.9603,10.0948,4.56145,2.21306,0.833554,0.264886,0.119692,0.14519420266151428,0.204731,1.25759,0.268322,0.747398,,,3.79789,0.103878,0.130638,999,,,,,,,60.100000000000016,5.008333333333335,54,4.5,,,,,,,,,,,,,,,,,,,"Emiliano Teodo","sa3015158",693713
"Ron Marinaccio","SDP",1.57237,1.18635,0,4.34932,36.723,0,0,0.6537,,40.3925,175.277,34.0247,20.91,19.52,4.94332,20.2691,0.891771,2.82553,41.2481,9.19063,4.51624,2.03502,1.10144,0.23533,0.11564,0.11968988925218582,0.223578,1.34416,0.274375,0.704699,,,4.39901,0.100516,-0.00999676,999,,,,,,,163.1,4.0775,152,3.8,,,,,,,,,,,,,,,,,,,"Ron Marinaccio","23488",676760
"Daison Acosta","SDP",0.665056,0.468878,0,3.94857,15.253,0,0,0,,16.0919,69.6492,13.0734,7.59,7.06,1.78664,8.39252,1.26021,0.945027,17.6632,9.87882,4.69383,2.10464,0.999246,0.253602,0.120497,0.13310550153255463,0.216764,1.33396,0.276218,0.731674,,,4.12399,0.0990553,0.0368532,999,,,,,,,69.00000000000001,4.312500000000001,63,3.9375,,,,,,,,,,,,,,,,,,,"Daison Acosta","sa944989",670897
"Henry Baez","ATH",0.494255,0.488658,0,3.93853,10.804,0.4,0,0,,13.5279,57.7375,12.1565,6.35,5.92,1.32167,5.26419,0.419845,0.843782,12.3805,8.23666,3.50222,2.35184,0.879293,0.214428,0.0911745,0.12325314432382584,0.235455,1.28776,0.285672,0.71101,,,3.92939,0.0985509,0.135313,999,,,,,,,66.10000000000001,4.721428571428572,63,4.5,,,,,,,,,,,,,,,,,,,"Henry Baez","sa3016584",692013
"Kyle Hart","SDP",1.12653,1.22257,0,4.57603,25.751,1.133,0,0.6537,,34.4775,150.197,32.5252,18.81,17.53,4.73966,14.5616,0.864967,1.70336,33.1373,8.65015,3.80115,2.27567,1.23724,0.220625,0.0969498,0.12367561459541321,0.242849,1.36572,0.289267,0.699033,,,4.41527,0.0982569,-0.0685146,999,,,,,,,123.30000000000003,3.626470588235295,124,3.6470588235294117,,,,,,,,,,,,,,,,,,,"Kyle Hart","19646",606996
"Manuel Rodríguez","TBR",0.528648,0.375747,0,4.07992,11.724,0,0,0.6597,,12.0664,51.64,11.7393,5.86,5.47,1.13801,4.06836,0.288718,0.718805,10.6037,7.90902,3.03448,2.60639,0.848814,0.205339,0.078783,0.12655611336231232,0.250557,1.31006,0.301935,0.699828,,,3.79384,0.0977618,0.0276399,999,,,,,,,56.30000000000001,4.691666666666667,58,4.833333333333333,,,,,,,,,,,,,,,,,,,"Manuel Rodriguez","20794",655889
"Gavin Collyer","TEX",0.717161,0.490717,0,4.06988,15.305,0,0,0,,16.0324,69.0088,13.2423,7.75,7.25,1.84407,7.52472,0.536202,1.14654,17.6818,9.92593,4.2241,2.34983,1.03519,0.256226,0.10904,0.1471855491399765,0.21947,1.29532,0.279288,0.715798,,,4.04723,0.0971078,0.0368532,999,,,,,,,69.00000000000001,4.312500000000001,63,3.9375,,,,,,,,,,,,,,,,,,,"Gavin Collyer","sa3011742",686560
"Adbert Alzolay","NYM",2.08886,1.4375,0,4.48977,41.16,0,0,0.7173,,42.4565,179.678,40.7903,22.69,21.18,6.7089,11.978,0.9003,2.06525,37.7853,8.0098,2.53911,3.15457,1.42216,0.210295,0.0666635,0.14363142102956772,0.246267,1.24288,0.281338,0.693434,,,4.40172,0.0970784,-0.107177,999,,,,,,,156.10000000000005,3.7166666666666677,157,3.738095238095238,,,,,,,,,,,,,,,,,,,"Adbert Alzolay","17859",640470
"Jean Cabrera","PHI",0.593299,0.728883,0.664589,4.84193,2.03,2.03,0,0,,10.2232,44.4708,10.662,5.89,5.5,1.44257,3.58646,0.0292771,0.452906,7.45474,6.56279,3.15734,2.07858,1.26996,0.167632,0.0806476,0.0869847908616066,0.263707,1.39374,0.292366,0.683504,,,4.69649,0.0912778,0.0243707,999,,,,,,,35.1,3.5100000000000002,39,3.9,,,,,,,,,,,,,,,,,,,"Jean Cabrera","sa3015433",691893
"Trent Thornton","CHC",0.952221,0.762196,0,4.52116,22.655,0,0,0.7209,,24.2261,103.88,23.3919,13.03,12.17,3.19479,8.31983,0.430602,1.26356,20.4112,7.58278,3.09082,2.45332,1.18686,0.196489,0.0800909,0.11639789491891861,0.248067,1.30899,0.285711,0.685844,,,4.35118,0.0904659,-0.0467204,999,,,,,,,97.90000000000002,4.0791666666666675,98,4.083333333333333,,,,,,,,,,,,,,,,,,,"Trent Thornton","17948",663423
"Bailey Horn","DET",1.25815,1.06812,0,4.27897,33.096,0,0,0.6028,,35.1673,152.959,31.4248,17.93,16.72,4.13785,16.6649,1.31692,1.54501,33.2003,8.4966,4.26487,1.99223,1.05896,0.217054,0.10895,0.10810380429029465,0.233211,1.36746,0.280123,0.713051,,,4.33003,0.0879334,0.0295053,999,,,,,,,142.20000000000002,4.062857142857143,136,3.8857142857142857,,,,,,,,,,,,,,,,,,,"Bailey Horn","27753",690544
"Craig Kimbrel","NYM",1.21522,0.801668,0,4.35108,23.537,0,0,0.7173,,24.0561,103.151,19.4577,12.42,11.63,3.56613,11.4567,0.463946,1.42707,28.4912,10.6593,4.28624,2.48686,1.33418,0.276209,0.111068,0.1651412844657898,0.215557,1.2851,0.273005,0.713468,,,4.30027,0.0870598,0.0552797,999,,,,,,,103.00000000000003,4.291666666666668,92,3.8333333333333335,,,,,,,,,,,,,,,,,,,"Craig Kimbrel","6655",518886
"Tim Mayza","PHI",0.926164,0.662121,0,4.35042,23.65,0,0,0.6364,,23.646,101.395,24.3718,12.31,11.43,2.69954,7.1935,0.600214,0.906405,18.2519,6.94692,2.73795,2.53727,1.02748,0.180007,0.0709453,0.10906216502189636,0.261233,1.33491,0.299573,0.692987,,,4.10317,0.0868393,0.0552797,999,,,,,,,94.30000000000001,3.929166666666667,97,4.041666666666667,,,,,,,,,,,,,,,,,,,"Tim Mayza","15042",641835
"Pete Hansen","STL",0.40476,0.627499,0.528893,4.79463,1.556,1.556,0,0,,7.9589,34.4031,8.50523,4.53,4.24,1.14036,2.37602,0.0228303,0.246889,5.71969,6.46788,2.68683,2.40726,1.28953,0.166255,0.0690641,0.09719093888998032,0.267627,1.36718,0.295539,0.684052,,,4.54915,0.0859444,-0.000209807,999,,,,,,,29.500000000000007,3.687500000000001,33,4.125,,,,,,,,,,,,,,,,,,,"Pete Hansen","sa3020798",677337
"Yariel Rodríguez","TOR",1.58145,0.973313,0,4.21218,33.193,0.094,0,0.6524,,36.1737,156.722,29.9056,18.05,16.93,4.24359,18.6652,1.00229,2.51496,35.2754,8.77651,4.64389,1.88991,1.0558,0.225083,0.119097,0.10598555952310562,0.220637,1.34271,0.267249,0.71595,,,4.46638,0.08322,0.0829197,999,,,,,,,147.20000000000005,4.08888888888889,136,3.7777777777777777,,,,,,,,,,,,,,,,,,,"Yariel Rodriguez","33838",684320
"Yilber Díaz","ARI",0.692605,0.781701,0,4.65827,19.316,0.54,0,0.6568,,24.1506,107.122,21.3264,13.33,12.5,2.97394,13.6434,0.757932,1.33158,24.8516,9.26122,5.08436,1.82151,1.10827,0.231993,0.127363,0.1046302318572998,0.231439,1.44799,0.285324,0.702447,,,4.53812,0.0830901,0.00551889,999,,,,,,,95.10000000000002,3.962500000000001,90,3.75,,,,,,,,,,,,,,,,,,,"Yilber Diaz","29271",700270
"Garrett Acton","MIA",0.716723,0.601148,0,4.28846,19.158,0,0,0.6387,,19.3706,82.2348,16.6977,9.94,9.23,3.14758,7.33946,0.798332,0.841118,20.4279,9.49124,3.41007,2.7833,1.46243,0.248409,0.0892501,0.1591593101620674,0.225479,1.24091,0.268432,0.718123,,,4.40533,0.0826904,-0.00730339,999,,,,,,,79.49999999999999,4.1842105263157885,76,4,,,,,,,,,,,,,,,,,,,"Garrett Acton","27583",670183
"Nate Pearson","HOU",1.87214,1.39539,0,4.55063,40.354,0,0,4.3723,,43.6687,188.431,38.6015,23.56,22.08,6.5438,18.7047,1.13705,2.4967,42.7946,8.81986,3.85498,2.28791,1.34866,0.22711,0.0992652,0.12784501165151596,0.230829,1.31229,0.271926,0.70093,,,4.57974,0.0824437,-0.102555,999,,,,,,,177.1,4.0249999999999995,168,3.8181818181818183,,,,,,,,,,,,,,,,,,,"Nate Pearson","20160",663878
"Rolddy Muñoz","ATL",0.530986,0.383076,0,4.25989,13.891,0,0,0.6492,,15.0215,65.3681,13.9583,7.62,7.11,1.55957,6.67962,0.569796,0.906639,14.8004,8.86756,4.00204,2.21576,0.934402,0.226417,0.102185,0.12423226237297058,0.241569,1.37389,0.299329,0.705406,,,4.02934,0.0821134,-0.0164809,999,,,,,,,60.00000000000001,4.000000000000001,59,3.933333333333333,,,,,,,,,,,,,,,,,,,"Rolddy Munoz","27407",691548
"Taylor Rashi","ARI",0.436061,0.362049,0,4.40974,12.443,0,0,0,,21.6135,93.8496,19.4399,11.34,10.59,2.74139,9.8478,0.832502,0.956908,21.6833,9.02908,4.10069,2.20185,1.14153,0.231043,0.104932,0.12611179798841476,0.234089,1.35506,0.284859,0.705221,,,4.27727,0.0812482,0.0506735,999,,,,,,,87.5,3.977272727272727,82,3.727272727272727,,,,,,,,,,,,,,,,,,,"Taylor Rashi","26344",688497
"Nick Raquet","STL",1.13599,0.972288,0,4.52914,26.98,0,0,0.6663,,28.9128,126.445,29.2788,15.56,14.55,2.98751,11.6775,0.970561,1.24526,24.1539,7.51865,3.63499,2.06841,0.929954,0.191022,0.0923523,0.09867016226053238,0.257912,1.41655,0.304364,0.690609,,,4.14846,0.0807969,-0.0860639,999,,,,,,,115.30000000000001,3.9758620689655175,119,4.103448275862069,,,,,,,,,,,,,,,,,,,"Nick Raquet","20333",675919
"Jhony Brito","SDP",0.74227,0.57293,0,4.36024,17.588,0,0,0.6537,,19.5471,83.7145,19.66,10.19,9.47,2.29672,5.99018,0.576869,0.774333,13.9117,6.40532,2.75804,2.32242,1.05747,0.166181,0.0715549,0.09462565928697586,0.25549,1.31222,0.285855,0.689117,,,4.27737,0.0800982,0.0460665,999,,,,,,,82.4,4.12,85,4.25,,,,,,,,,,,,,,,,,,,"Jhony Brito","25386",666745
"Angel Chivilli","NYY",1.18794,0.702871,0,4.23165,23.142,0,0,0.691,,25.3518,107.282,24.1811,12.77,11.92,3.4494,7.47063,0.510739,1.32463,20.8655,7.40736,2.65211,2.79301,1.22455,0.194492,0.0696352,0.12485659867525101,0.245526,1.2485,0.279508,0.70395,,,4.29864,0.0800045,0.00649747,999,,,,,,,107.69999999999999,4.308,108,4.32,,,,,,,,,,,,,,,,,,,"Angel Chivilli","26790",683409
"Cole Sulser","TBR",2.06876,1.62129,0,4.64048,46.463,0,0,10.1593,,50.6586,219.318,48.3233,27.96,26.12,7.47665,20.0999,1.14989,2.31996,47.7355,8.48068,3.57095,2.37491,1.3283,0.217655,0.0916476,0.12600695341825485,0.245424,1.35067,0.288291,0.698173,,,4.4969,0.0781053,-0.137324,999,,,,,,,236.50000000000006,4.637254901960786,234,4.588235294117647,,,,,,,,,,,,,,,,,,,"Cole Sulser","15256",642121
"Eric Cerantola","KCR",0.504272,0.359941,0,3.91982,11.724,0,0,0,,12.4215,53.5711,9.82586,5.77,5.41,1.27601,6.60221,0.297214,0.797672,13.6956,9.92316,4.78363,2.0744,0.924535,0.255653,0.123242,0.13241100311279297,0.212813,1.32255,0.274037,0.727928,,,4.05262,0.0776528,0.0276399,999,,,,,,,54.500000000000014,4.541666666666668,51,4.25,,,,,,,,,,,,,,,,,,,"Eric Cerantola","sa3017914",672021
"Drew Smith","WSN",0.900248,0.906112,0,4.56997,25.948,0,0,0.6515,,26.3503,113.819,24.0443,14.34,13.38,3.84182,10.632,0.56179,1.35193,25.2885,8.63735,3.63138,2.37853,1.31218,0.222181,0.093411,0.12876997143030167,0.236109,1.31597,0.277869,0.694125,,,4.47547,0.0772806,-0.0421517,999,,,,,,,98.79999999999998,3.7999999999999994,96,3.6923076923076925,,,,,,,,,,,,,,,,,,,"Drew Smith","17755",622098
"Taylor Clarke","ARI",1.7227,1.58026,0,4.77175,50.224,0.063,0,12.5097,,53.5653,230.039,54.897,30.43,28.4,8.65218,14.9533,1.07559,2.21945,43.6984,7.34217,2.51244,2.92232,1.45373,0.189961,0.0650034,0.12495724856853485,0.257894,1.30402,0.288101,0.682754,,,4.56517,0.076386,-0.181238,999,,,,,,,234.90000000000003,4.3500000000000005,242,4.481481481481482,,,,,,,,,,,,,,,,,,,"Taylor Clarke","17611",664199
"Jordan Hicks","CHW",1.8669,1.87579,0,4.36229,48.595,0.448,1,8.6562,,54.8794,239.916,51.1056,28.45,26.6,5.36847,25.9042,1.16134,3.95187,45.0263,7.38413,4.24818,1.73819,0.880408,0.187675,0.107972,0.07970338314771652,0.243291,1.40326,0.286456,0.698763,,,4.39801,0.076333,0.0755515,999,,,,,,,253.9,4.616363636363636,251,4.5636363636363635,,,,,,,,,,,,,,,,,,,"Jordan Hicks","19618",663855
"Yoniel Curet","PHI",0.423913,0.555258,0.211636,4.5689,2.178,1.417,0,0,,7.2884,31.8091,6.814,3.96,3.7,0.933638,3.22756,0.0646018,0.493495,6.71051,8.2864,3.98551,2.07913,1.15289,0.210962,0.101466,0.1094953715801239,0.242594,1.37775,0.287634,0.696272,,,4.49064,0.072675,0.0242166,999,,,,,,,26.300000000000015,3.7571428571428593,27,3.857142857142857,,,,,,,,,,,,,,,,,,,"Yoniel Curet","sa3015446",692414
"Ryan Loutos","SEA",0.631555,0.55885,0,4.32994,16.652,0,0,0.65,,17.0441,73.6319,16.2346,8.78,8.2,1.94608,6.66434,0.582683,0.80157,14.9261,7.8816,3.51905,2.2397,1.02761,0.202712,0.0905089,0.11220346391201019,0.245362,1.34351,0.289865,0.699844,,,4.1821,0.0726132,-0.0118979,999,,,,,,,69.60000000000002,4.094117647058825,69,4.0588235294117645,,,,,,,,,,,,,,,,,,,"Ryan Loutos","29521",702795
"Jackson Jobe","DET",0.331443,0.501348,0.0718741,4.45704,2.955,1.105,0,0,,8.6829,37.2368,7.92828,4.6,4.3,1.23507,3.45074,0.142601,0.419181,7.42204,7.69309,3.57676,2.15085,1.28017,0.19932,0.0926703,0.10664994269609451,0.237609,1.31051,0.270873,0.702495,,,4.61178,0.0725691,0.0344651,999,,,,,,,38.500000000000014,4.2777777777777795,37,4.111111111111111,,,,,,,,,,,,,,,,,,,"Jackson Jobe","30203",695549
"Jose Espada","BAL",0.589725,0.39926,0,4.1689,12.338,0,0,0.6611,,14.5506,61.862,11.6265,7.21,6.74,2.26644,6.55878,0.369254,0.751307,17.0033,10.5171,4.05681,2.59245,1.40186,0.274859,0.106023,0.16883587092161179,0.213127,1.2498,0.265291,0.731088,,,4.3301,0.0722915,0.0858872,999,,,,,,,69.2,4.613333333333333,63,4.2,,,,,,,,,,,,,,,,,,,"Jose Espada","21131",664744
"Joey Gerber","NYM",0.674611,0.449685,0,4.38019,13.264,0,0,0.7173,,14.6706,62.9176,13.4339,7.64,7.14,2.0362,5.49147,0.4954,0.660227,14.6192,8.96847,3.36886,2.66217,1.24915,0.232355,0.0872803,0.1450745090842247,0.236655,1.29002,0.284159,0.702059,,,4.20443,0.0716786,-0.0164713,999,,,,,,,68.60000000000001,4.573333333333334,65,4.333333333333333,,,,,,,,,,,,,,,,,,,"Joey Gerber","24591",680702
"Mitch Spence","KCR",0.881126,0.896904,0,4.70651,21.469,0.447,0,0.666,,26.3316,114.233,27.3699,14.75,13.77,3.38859,8.59742,0.68933,1.25195,20.948,7.15991,2.93855,2.43654,1.1582,0.18338,0.0752622,0.10811741650104523,0.262205,1.36594,0.299591,0.679535,,,4.33916,0.0714484,-0.14332,999,,,,,,,101.3,3.896153846153846,107,4.115384615384615,,,,,,,,,,,,,,,,,,,"Mitch Spence","27707",687765
"Tim Hill","NYY",3.18861,1.80635,0,3.97967,61.484,0,1,14.9259,,62.96,268.188,64.7229,29.95,27.84,5.82304,17.9148,1.31226,3.05985,32.1231,4.59192,2.56089,1.7931,0.832392,0.119778,0.0667995,0.052978694438934326,0.26181,1.31254,0.281458,0.707356,,,4.31648,0.0708492,0.29891,999,,,,,,,289.40000000000003,4.593650793650794,303,4.809523809523809,,,,,,,,,,,,,,,,,,,"Tim Hill","16814",657612
"Chase Shugart","PHI",1.17297,0.906057,0,4.69924,30.299,0,0,0.6364,,33.2288,144.871,33.3044,18.63,17.35,4.43326,12.5196,0.787081,1.58193,27.9804,7.57847,3.39092,2.23493,1.20075,0.19314,0.086419,0.10672128945589066,0.254681,1.37904,0.293538,0.686415,,,4.45857,0.0704396,-0.17822,999,,,,,,,124.20000000000006,3.7636363636363654,128,3.878787878787879,,,,,,,,,,,,,,,,,,,"Chase Shugart","21544",663767
"Gus Varland","WSN",1.01148,1.07864,0,4.75142,30.091,0,0,0.6515,,31.3864,137.658,30.4241,17.74,16.57,4.17862,13.4585,0.919575,1.78359,29.5551,8.47486,3.85919,2.19602,1.19821,0.214699,0.0977671,0.11693137884140015,0.24853,1.39814,0.295948,0.687374,,,4.43946,0.0682201,-0.182822,999,,,,,,,121.19999999999999,3.9096774193548383,122,3.935483870967742,,,,,,,,,,,,,,,,,,,"Gus Varland","24737",681402
"Chad Green",,2.11947,2.47258,0,4.57021,38.103,0,1,0,,39.4249,167.172,37.2948,21.52,20.02,6.63309,11.8145,1.02761,1.59629,33.4711,7.64086,2.69704,2.83306,1.51421,0.20022,0.0706728,0.1295473352074623,0.24255,1.24564,0.269775,0.692798,,,4.64485,0.0678771,-0.164735,999,,,,,,,135.3,3.4692307692307693,133,3.41025641025641,,,,,,,,,,,,,,,,,,,"Chad Green","15552",643338
"Joey Estes","ATH",1.08191,1.29442,0,4.71057,23.707,1.154,0,0.6384,,32.6712,138.974,30.9926,18.32,17.1,6.15812,9.22602,1.05398,1.88105,26.7877,7.37927,2.54151,2.9035,1.69639,0.192754,0.0663867,0.12636706978082657,0.242382,1.23101,0.261633,0.693054,,,4.96553,0.0669426,-0.0178533,999,,,,,,,114.80000000000004,3.47878787878788,112,3.393939393939394,,,,,,,,,,,,,,,,,,,"Joey Estes","26257",683155
"Ryan Webb","CLE",0.349376,0.537554,0.459307,4.87132,1.337,1.337,0,0,,6.8544,29.947,7.03281,3.97,3.71,0.934951,2.62404,0.0209907,0.327089,5.38334,7.06846,3.44543,2.05155,1.22761,0.179763,0.0876228,0.09213972091674805,0.260514,1.40885,0.294902,0.681229,,,4.62922,0.0642043,0.036766,999,,,,,,,22.3,3.185714285714286,23,3.2857142857142856,,,,,,,,,,,,,,,,,,,"Ryan Webb","sa3018280",669067
"Bobby Miller","LAD",0.890477,0.542322,0,4.40946,16.482,0.401,0,0.7772,,21.023,90.4385,19.6096,11.01,10.3,2.71308,8.18582,0.542394,1.10536,18.8179,8.056,3.50437,2.29884,1.16148,0.208074,0.0905126,0.11756157130002975,0.241655,1.32214,0.283422,0.699477,,,4.34846,0.0637198,-0.00268166,999,,,,,,,81.5,3.880952380952381,81,3.857142857142857,,,,,,,,,,,,,,,,,,,"Bobby Miller","27483",676272
"Konnor Pilkington","DET",0.971537,0.858629,0,4.17455,25.1,0.171,0,0.6028,,26.216,114.465,21.9352,13.01,12.16,2.9422,14.3202,0.734435,1.43462,27.2507,9.35523,4.91616,1.90295,1.01006,0.23807,0.125105,0.11296437680721283,0.222217,1.38295,0.277199,0.723337,,,4.31806,0.0634679,0.0598864,999,,,,,,,111.3,4.280769230769231,104,4,,,,,,,,,,,,,,,,,,,"Konnor Pilkington","21453",663455
"Hogan Harris","ATH",2.29373,1.96324,0,4.59187,54.044,0.243,8,11.3438,,63.3467,278.871,57.6853,34.58,32.32,8.05911,32.2904,1.83161,3.46631,63.667,9.0455,4.58767,1.9717,1.145,0.228302,0.11579,0.11251268535852432,0.237276,1.42037,0.289554,0.703948,,,4.4723,0.0633772,-0.211321,722.3599853515625,,,,,,,324.00000000000006,5.142857142857144,318,5.0476190476190474,,,,,,,,,,,,,,,,,,,"Hogan Harris","21520",663687
"Sean Guenther","DET",0.479004,0.430684,0,4.15129,12.458,0.098,0,0.6028,,13.4633,57.2495,13.0684,6.68,6.21,1.56419,4.12866,0.315824,0.5697,10.6014,7.08684,2.75995,2.56775,1.04564,0.185178,0.072117,0.11306120455265045,0.24868,1.27733,0.28486,0.700802,,,4.11757,0.0622044,-0.0210645,999,,,,,,,48.8,3.753846153846154,50,3.8461538461538463,,,,,,,,,,,,,,,,,,,"Sean Guenther","20045",674944
"José Buttó","SFG",2.16812,1.9223,0,4.64144,54.898,0.342,2,12.9636,,62.6508,275.096,59.4485,34.66,32.31,8.20319,29.1879,1.76362,3.50046,57.9626,8.32652,4.19293,1.98585,1.17842,0.2107,0.106101,0.10459893196821213,0.245242,1.41477,0.290767,0.699612,,,4.55222,0.0590078,-0.211351,999,,,,,,,293.4000000000001,4.657142857142858,290,4.603174603174603,,,,,,,,,,,,,,,,,,,"Jose Butto","23313",676130
"Colin Poche","DET",0.652932,0.566001,0,4.31895,16.803,0,0,0.6028,,16.6082,71.0594,14.1179,8.55,7.97,2.38797,7.16247,0.416814,0.776476,15.6313,8.47063,3.88135,2.18239,1.29404,0.219975,0.100795,0.11917993426322937,0.223665,1.28131,0.260079,0.709718,,,4.55599,0.0579473,-0.0118979,999,,,,,,,76.80000000000001,4.51764705882353,71,4.176470588235294,,,,,,,,,,,,,,,,,,,"Colin Poche","19403",621363
"Enmanuel De Jesus","DET",1.09859,1.06113,0,4.81933,30.489,0,0,0.6028,,31.6351,140.712,31.9505,18.19,16.94,3.30585,14.2175,1.09529,2.00482,25.674,7.30411,4.0448,1.8058,0.940494,0.182458,0.10104,0.08141816407442093,0.256652,1.45939,0.299913,0.673523,,,4.40888,0.0576754,-0.129934,999,,,,,,,124.7,3.896875,129,4.03125,,,,,,,,,,,,,,,,,,,"Enmanuel De Jesus","18554",646241
"Wilber Dotel","PIT",0.496797,0.412533,0,4.31163,10.605,0.187,0,0,,11.7102,50.7256,10.4799,6,5.61,1.39704,5.27408,0.344737,0.665375,11.1991,8.60722,4.05345,2.12343,1.07371,0.220779,0.103973,0.11680618673563004,0.233998,1.34532,0.282163,0.706905,,,4.29495,0.057184,0.0276399,999,,,,,,,54.500000000000014,4.541666666666668,51,4.25,,,,,,,,,,,,,,,,,,,"Wilber Dotel","sa3015163",696062
"Andry Lara","WSN",0.807223,0.83071,0,4.6098,23.486,0,0,0,,34.303,148.979,33.8463,18.84,17.57,4.41975,13.0776,1.03361,1.47774,26.4372,6.93627,3.43115,2.02156,1.1596,0.177456,0.0877815,0.0896742045879364,0.251788,1.36793,0.284131,0.689408,,,4.54167,0.057166,-0.125035,999,,,,,,,124.00000000000003,3.6470588235294126,128,3.764705882352941,,,,,,,,,,,,,,,,,,,"Andry Lara","27967",691251
"Tom Cosgrove","HOU",0.477699,0.323071,0,4.11021,10.126,0,0,0.6558,,10.5104,45.0765,9.13405,5.13,4.8,1.23261,4.47755,0.344288,0.603395,10.2451,8.77283,3.8341,2.28811,1.05548,0.227283,0.0993322,0.12795056402683258,0.228377,1.29506,0.27707,0.713583,,,4.16046,0.057014,0.0767047,999,,,,,,,54.70000000000001,4.9727272727272736,51,4.636363636363637,,,,,,,,,,,,,,,,,,,"Tom Cosgrove","23443",676680
"Bryse Wilson","PHI",0.90068,1.38874,0.249512,5.29842,9.29,2.933,0,0.6364,,23.5089,102.742,25.7897,14.83,13.84,4.07974,7.19027,0.304003,0.985635,16.1878,6.19724,2.75268,2.25135,1.56186,0.157557,0.0699835,0.0875738188624382,0.272715,1.40287,0.292198,0.665606,,,5.05733,0.0563752,-0.0727855,999,,,,,,,72.80000000000004,3.033333333333335,80,3.3333333333333335,,,,,,,,,,,,,,,,,,,"Bryse Wilson","19990",669060
"Michel Otañez","TEX",0.879415,0.628565,0,4.23849,19.025,0,0,0.6445,,19.1106,84.5223,14.9008,9.58,9,1.97684,12.5829,0.578656,1.49057,22.9417,10.8042,5.92585,1.82324,0.93098,0.271428,0.148871,0.12255649268627167,0.211513,1.43814,0.283855,0.724374,,,4.28822,0.0553413,-0.00730339,999,,,,,,,85,4.473684210526316,77,4.052631578947368,,,,,,,,,,,,,,,,,,,"Michel Otanez","22533",671305
"Hunter Bigge","TBR",2.00519,1.54545,0,4.58969,44.594,0,0,6.8608,,47.1208,204.618,42.0607,25.73,24.03,7.16007,21.7244,1.22134,2.48205,49.6443,9.48199,4.14933,2.28518,1.36756,0.242619,0.106171,0.13644876331090927,0.233137,1.35365,0.282351,0.707857,,,4.54453,0.0531734,-0.146509,999,,,,,,,208.50000000000006,4.436170212765958,200,4.25531914893617,,,,,,,,,,,,,,,,,,,"Hunter Bigge","26259",685801
"Nick Hernandez","ATH",0.425106,0.339899,0,4.35679,9.659,0,0,0,,11.878,50.7813,9.82563,6.15,5.75,1.95945,5.18215,0.336945,0.663116,13.3247,10.0962,3.92653,2.57127,1.48468,0.262394,0.102048,0.16034533083438873,0.218658,1.26349,0.265284,0.722226,,,4.51241,0.0526495,0.0276399,999,,,,,,,46.20000000000002,3.8500000000000014,42,3.5,,,,,,,,,,,,,,,,,,,"Nick Hernandez","19281",663321
"Sam Bachman","LAA",1.45108,1.28973,0,4.30987,38.214,0,0,4.2177,,40.1358,175.314,36.7408,20.53,19.22,4.1926,19.392,1.2475,2.62903,33.8341,7.58691,4.34844,1.74474,0.940143,0.192991,0.110613,0.08237799257040024,0.239676,1.39857,0.282372,0.708328,,,4.45313,0.0525199,-0.0100016,999,,,,,,,168.60000000000002,4.215000000000001,166,4.15,,,,,,,,,,,,,,,,,,,"Sam Bachman","29754",696147
"Nick Mears","KCR",2.39899,1.98195,0,4.64983,58.439,0,0,12.4311,,59.2667,258.223,54.955,32.73,30.62,8.19853,25.937,1.51609,2.88467,55.0208,8.35523,3.93868,2.12133,1.245,0.213074,0.100444,0.11263054609298706,0.239558,1.36488,0.281357,0.693836,,,4.53566,0.052174,-0.220642,999,,,,,,,266.20000000000005,4.511864406779662,262,4.440677966101695,,,,,,,,,,,,,,,,,,,"Nick Mears","25376",683232
"Daysbel Hernández","ATL",1.15606,0.87676,0,4.57012,30.227,0,0,0.6492,,31.765,139.991,27.8062,17.22,16.13,3.72121,17.6151,0.961949,1.85393,32.4481,9.19353,4.9909,1.84206,1.05433,0.231787,0.125831,0.1059567779302597,0.230716,1.42992,0.285529,0.701323,,,4.45378,0.0504227,-0.0283737,999,,,,,,,122.80000000000003,3.837500000000001,116,3.625,,,,,,,,,,,,,,,,,,,"Daysbel Hernandez","20271",678226
"Jackson Wolf","SDP",0.100736,0.0721473,0,4.16135,2.352,0,0,0.6537,,9.408,40.2106,8.41894,4.67,4.35,1.16141,3.66929,0.305872,0.381496,9.27954,8.87711,3.51016,2.52897,1.11105,0.230773,0.0912517,0.1395215541124344,0.232826,1.28489,0.282187,0.709047,,,4.05899,0.0489996,-0.0295234,999,,,,,,,43.500000000000014,4.833333333333335,42,4.666666666666667,,,,,,,,,,,,,,,,,,,"Jackson Wolf","29832",680232
"Seth Martinez","BOS",0.639771,0.4949,0,4.45895,12.42,0,0,0.676,,13.2206,57.0495,12.193,7.01,6.55,1.73258,5.28141,0.415341,0.805935,11.4069,7.7653,3.59535,2.15982,1.17946,0.199947,0.0925759,0.1073710024356842,0.239255,1.32175,0.276564,0.695365,,,4.49452,0.0479216,-0.0210645,999,,,,,,,48.39999999999999,3.7230769230769223,47,3.6153846153846154,,,,,,,,,,,,,,,,,,,"Seth Martinez","21045",661527
"Ryan Borucki","CHW",0.551331,0.479223,0,4.0812,14.095,0,0,0.5829,,14.2458,60.5326,12.7788,6.94,6.46,1.71716,5.44112,0.297789,0.728282,12.2127,7.71559,3.43751,2.24453,1.08484,0.201755,0.0898875,0.11186759918928146,0.235064,1.27897,0.273578,0.713202,,,4.28676,0.0477174,0.0322465,999,,,,,,,55.2,3.942857142857143,54,3.857142857142857,,,,,,,,,,,,,,,,,,,"Ryan Borucki","16350",621366
"Héctor Neris","KCR",0.583805,0.469356,0,4.49762,14.15,0,0,0.666,,14.3876,62.2109,12.9969,7.7,7.19,1.96653,6.12328,0.245462,0.779997,14.5442,9.09797,3.83035,2.37523,1.23014,0.233789,0.0984278,0.1353612169623375,0.234993,1.32893,0.284311,0.697755,,,4.32966,0.0470143,-0.0695348,999,,,,,,,58.20000000000003,4.157142857142859,57,4.071428571428571,,,,,,,,,,,,,,,,,,,"Hector Neris","11804",593576
"Scott Effross","DET",0.486796,0.459565,0,4.66691,13.381,0,0,0.6028,,13.9814,60.5606,14.828,7.8,7.25,1.66107,4.15298,0.507192,0.702726,10.0572,6.47393,2.67332,2.42168,1.06925,0.166068,0.0685756,0.09749247133731842,0.266188,1.35759,0.299339,0.671309,,,4.28285,0.0435492,-0.0694943,999,,,,,,,49,3.5,53,3.7857142857142856,,,,,,,,,,,,,,,,,,,"Scott Effross","18384",664123
"Rico Garcia","BAL",2.2567,1.7435,0,4.6707,49.169,0.039,0,10.1815,,52.7009,228.339,47.8058,29.23,27.35,8.90224,22.9058,1.65541,2.40788,54.5388,9.31386,3.91173,2.38101,1.52028,0.23885,0.100315,0.13853535056114197,0.235467,1.34175,0.27871,0.712149,,,4.70233,0.0428821,-0.13278,999,,,,,,,231.70000000000005,4.371698113207548,223,4.2075471698113205,,,,,,,,,,,,,,,,,,,"Rico Garcia","20023",670329
"Seth Johnson","PHI",0.688552,0.616116,0,4.55196,17.143,0.357,0,0.6364,,20.1869,88.0724,18.7974,10.98,10.21,2.67782,9.10258,0.693216,0.918145,19.9981,8.91583,4.05824,2.19697,1.19386,0.227064,0.103353,0.12371103465557098,0.240832,1.38208,0.291094,0.70059,,,4.3675,0.0424834,-0.0558177,999,,,,,,,75.69999999999999,3.7849999999999993,75,3.75,,,,,,,,,,,,,,,,,,,"Seth Johnson","26020",686751
"Joey Lucchesi","SFG",1.45627,1.20967,0,4.39176,36.356,0.187,0,0.6515,,39.6333,171.687,38.3612,20.83,19.34,4.88697,16.2222,1.18682,1.72719,32.9224,7.47607,3.68378,2.02946,1.10974,0.191759,0.0944876,0.09727110713720322,0.249525,1.37721,0.288751,0.707002,,,4.43541,0.0406536,-0.0099917,999,,,,,,,151.7,3.7924999999999995,151,3.775,,,,,,,,,,,,,,,,,,,"Joey Lucchesi","19320",664192
"AJ Smith-Shawver","ATL",0.287617,0.342299,0,4.42155,6.828,0.43,0,0.6492,,8.5694,36.7359,7.36142,4.51,4.21,1.22324,3.75333,0.233508,0.386113,9.23458,9.69861,3.94192,2.46037,1.2847,0.251377,0.10217,0.14920694380998611,0.225835,1.29703,0.277261,0.702467,,,4.28472,0.0403273,-0.0301647,999,,,,,,,46.10000000000001,5.122222222222224,42,4.666666666666667,,,,,,,,,,,,,,,,,,,"AJ Smith-Shawver","29960",700363
"Michael Darrell-Hicks","PIT",0.313064,0.234619,0,4.57633,7.076,0,0,0.6584,,7.9649,34.7048,7.96743,4.34,4.05,0.92356,2.87693,0.230768,0.475336,7.04898,7.96505,3.25081,2.45017,1.04358,0.203112,0.0828972,0.12021530419588089,0.254124,1.36152,0.301277,0.680987,,,4.13516,0.0387961,0.0184266,999,,,,,,,35.10000000000001,4.387500000000001,36,4.5,,,,,,,,,,,,,,,,,,,"Michael Darrell-Hicks","31501",690382
"Isaiah Campbell","ARI",0.626694,0.564084,0,4.73116,18.491,0,0,0,,22.6752,98.712,23.8349,12.77,11.92,2.68561,7.57366,0.699825,1.10735,16.4548,6.53107,3.00606,2.17264,1.06594,0.166695,0.0767249,0.08997038751840591,0.264741,1.38515,0.298337,0.67412,,,4.37201,0.0374947,-0.0995684,999,,,,,,,75.9,3.3000000000000003,81,3.5217391304347827,,,,,,,,,,,,,,,,,,,"Isaiah Campbell","25551",663462
"Shawn Dubin","ARI",0.379353,0.386225,0,4.71719,11.048,0.138,0,0,,13.3745,59.143,13.2312,7.5,7.01,1.44541,6.14042,0.308422,0.780631,11.8108,7.94778,4.13203,1.92346,0.972648,0.1997,0.103823,0.09587664902210236,0.253365,1.4484,0.302467,0.684321,,,4.32634,0.0359029,-0.121983,999,,,,,,,53.10000000000001,4.084615384615385,55,4.230769230769231,,,,,,,,,,,,,,,,,,,"Shawn Dubin","24977",681869
"Ryne Stanek","STL",2.47131,2.17913,0,4.68038,57.133,0,3,11.5134,,56.4954,246.488,51.3251,31.21,29.38,7.85659,26.3237,1.07101,2.66689,52.3022,8.33201,4.1935,1.98688,1.25159,0.21219,0.106795,0.10539456456899643,0.23598,1.37443,0.276274,0.696761,,,4.63089,0.0350933,-0.176795,999,,,,,,,263.4000000000001,4.70357142857143,256,4.571428571428571,,,,,,,,,,,,,,,,,,,"Ryne Stanek","15947",592773
"J.P. France","HOU",0.667427,0.892869,0,4.85559,13.523,1.142,0,0,,20.3518,88.9015,19.6094,11.74,10.98,3.20104,8.5934,0.583232,0.815719,17.599,7.78267,3.80018,2.04797,1.41557,0.197961,0.0966621,0.10129919648170471,0.246683,1.38577,0.279567,0.694008,,,4.83733,0.0346213,-0.10086,999,,,,,,,65.1,3.255,67,3.35,,,,,,,,,,,,,,,,,,,"J.P. France","21212",641585
"Daniel Lynch IV","KCR",2.09222,1.88395,0,4.6232,50.665,0.458,0,10.8051,,58.4595,254.413,58.4917,32.22,30.03,7.42324,21.8952,1.6393,2.89085,44.0032,6.77442,3.37082,2.00972,1.14283,0.17296,0.0860614,0.08689825981855392,0.254725,1.37509,0.286578,0.688154,,,4.55242,0.0334677,-0.172057,999,,,,,,,249.3,4.298275862068966,256,4.413793103448276,,,,,,,,,,,,,,,,,,,"Daniel Lynch IV","21537",663738
"Nick Burdi","NYM",0.386368,0.262979,0,4.38757,7.609,0,0,0.7173,,7.8768,34.1722,6.85266,4.11,3.84,1.048,3.74805,0.168213,0.460105,8.55704,9.77724,4.28251,2.28307,1.19744,0.250409,0.109681,0.14072804898023605,0.228696,1.34581,0.285114,0.710648,,,4.2948,0.0330647,0.0184266,999,,,,,,,38.7,4.8375,37,4.625,,,,,,,,,,,,,,,,,,,"Nick Burdi","16074",595897
"Trevor Stephan","CLE",0.461423,0.479826,0,4.90128,12.807,0,0,0.6803,,13.3312,58.432,12.9375,7.76,7.26,1.86571,5.3786,0.28808,1.02437,13.3303,8.99939,3.63113,2.4784,1.25956,0.228134,0.0920488,0.13608471304178238,0.248659,1.37393,0.300594,0.672187,,,4.39553,0.0329957,-0.122218,999,,,,,,,49.8,3.8307692307692305,51,3.923076923076923,,,,,,,,,,,,,,,,,,,"Trevor Stephan","19932",663986
"Lou Trivino","PHI",0.719349,0.570305,0,4.71722,18.537,0.021,0,0.6364,,19.1172,83.5348,18.7539,10.75,10.02,2.45641,7.87858,0.377046,1.13569,16.3197,7.68299,3.70908,2.0714,1.15643,0.195364,0.0943149,0.1010490208864212,0.251661,1.39312,0.292361,0.684782,,,4.51279,0.0329751,-0.108821,999,,,,,,,75.6,3.978947368421052,78,4.105263157894737,,,,,,,,,,,,,,,,,,,"Lou Trivino","15043",642152
"Marco Gonzales","SDP",0.375766,0.556917,0.441037,5.2214,1.451,1.451,0,0,,7.0326,30.7605,7.48123,4.37,4.08,1.23406,2.45034,0.0229105,0.254871,4.60872,5.89803,3.13583,1.88085,1.5793,0.149826,0.0796585,0.07016736268997192,0.26666,1.41222,0.281245,0.677919,,,5.25967,0.0315391,0.036766,999,,,,,,,25.3,3.6142857142857143,26,3.7142857142857144,,,,,,,,,,,,,,,,,,,"Marco Gonzales","15467",594835
"Dom Hamel","NYY",0.860682,0.582693,0,4.58422,17.094,0.118,0,0.691,,18.1994,79.6327,16.668,9.9,9.27,2.50208,8.4189,0.525999,1.02107,18.1341,8.96773,4.16333,2.15398,1.23734,0.227722,0.105722,0.12200076133012772,0.23746,1.37845,0.285853,0.703619,,,4.48566,0.0298713,-0.0604212,999,,,,,,,65.10000000000001,3.616666666666667,64,3.5555555555555554,,,,,,,,,,,,,,,,,,,"Dom Hamel","30153",687589
"Joe La Sorsa","PIT",0.242038,0.162857,0,4.18291,5.212,0,0,0,,6.7991,28.8909,6.62916,3.39,3.16,0.783492,2.00623,0.298416,0.291046,4.88824,6.47059,2.65565,2.43653,1.03711,0.169197,0.0694416,0.09975507855415344,0.249276,1.27008,0.279404,0.695813,,,4.20892,0.0288936,0.0676944,999,,,,,,,25.3,3.6142857142857143,26,3.7142857142857144,,,,,,,,,,,,,,,,,,,"Joe La Sorsa","25481",686747
"Chayce McDermott","BAL",0.516332,0.556855,0,4.65976,10.629,0.547,0,0.6611,,14.1767,62.7464,12.087,7.81,7.34,2.00013,8.35773,0.389,0.86661,14.8376,9.41954,5.30586,1.77531,1.26977,0.236469,0.133199,0.10327006876468658,0.225833,1.44214,0.274964,0.716071,,,4.82803,0.027573,-0.0227245,999,,,,,,,54.800000000000026,3.914285714285716,51,3.642857142857143,,,,,,,,,,,,,,,,,,,"Chayce McDermott","29866",694646
"Bradley Blalock","MIA",0.467058,0.680757,0,4.92256,12.544,0.626,0,0.6387,,16.6194,73.3086,17.1171,9.75,9.09,2.26308,6.83921,0.575808,0.714458,12.2527,6.63528,3.70368,1.79154,1.22554,0.167139,0.0932934,0.07384522259235382,0.260317,1.44147,0.289896,0.68339,,,4.79438,0.027156,-0.0630177,999,,,,,,,61.000000000000014,3.588235294117648,63,3.7058823529411766,,,,,,,,,,,,,,,,,,,"Bradley Blalock","26419",687134
"Logan VanWey","HOU",0.481433,0.345869,0,4.32945,10.332,0,0,0,,11.1215,48.2871,9.65652,5.72,5.35,1.43645,5.35279,0.388624,0.73207,11.2064,9.06872,4.33171,2.09357,1.16244,0.232079,0.110853,0.12122540920972824,0.228815,1.34958,0.278086,0.714657,,,4.44032,0.0270014,-0.0256389,999,,,,,,,47.10000000000001,4.281818181818182,46,4.181818181818182,,,,,,,,,,,,,,,,,,,"Logan VanWey","31884",701121
"Jeff Criswell","COL",0.395034,0.420933,0,4.98855,9.46,0,0,0.6093,,10.3918,45.8429,10.1236,6.18,5.76,1.61222,4.53893,0.447026,0.464926,10.9143,9.45253,3.93102,2.4046,1.39629,0.238081,0.0990105,0.1390702798962593,0.24789,1.41097,0.300622,0.683776,,,4.496,0.0269239,-0.0784438,999,,,,,,,34.4,3.44,35,3.5,,,,,,,,,,,,,,,,,,,"Jeff Criswell","27608",676105
"Cole Irvin","LAD",0.596143,0.643251,0.535308,5.5952,1.93,1.73,0,0,,9.1364,40.3137,10.5551,6.06,5.68,1.71988,2.59732,0.0482256,0.420724,5.74949,5.66366,2.55854,2.21362,1.6942,0.142619,0.0644277,0.07819098979234695,0.283011,1.43956,0.296222,0.660092,,,5.31472,0.0253791,-0.0345589,999,,,,,,,16.400000000000006,1.8222222222222229,22,2.4444444444444446,,,,,,,,,,,,,,,,,,,"Cole Irvin","19244",608344
"Carlos Hernández","CLE",0.447834,0.446946,0,4.71672,12.025,0,0,0.6803,,12.6889,55.3597,11.8416,7.1,6.65,1.77373,5.55483,0.250183,0.634427,11.6643,8.27326,3.93994,2.09984,1.25807,0.2107,0.100341,0.11035917699337006,0.240828,1.371,0.281758,0.690424,,,4.57716,0.0245893,-0.0210645,999,,,,,,,47.39999999999999,3.6461538461538456,46,3.5384615384615383,,,,,,,,,,,,,,,,,,,"Carlos Hernandez","22713",672578
"Carson Spiers","CIN",0.154824,0.290218,0.048479,5.35337,1.619,0.581,0,0,,5.8169,25.7066,6.15438,3.69,3.46,1.02457,2.1706,0.116054,0.313187,4.80177,7.42938,3.35839,2.21218,1.58522,0.186792,0.0844377,0.10235390067100525,0.265015,1.43117,0.294877,0.672654,,,5.05492,0.0245826,-0.0347902,999,,,,,,,20.500000000000007,3.416666666666668,21,3.5,,,,,,,,,,,,,,,,,,,"Carson Spiers","27685",686730
"Bryan Hoeing","SDP",0.492324,0.431957,0,4.55243,11.731,0.144,0,0,,13.562,58.583,13.845,7.37,6.86,1.69523,4.54695,0.375139,0.576162,10.5755,7.0181,3.01744,2.32585,1.12499,0.180522,0.0776154,0.10290615260601044,0.258979,1.35614,0.294974,0.68807,,,4.3338,0.0237222,0.0322466,999,,,,,,,46.6,3.3285714285714287,48,3.4285714285714284,,,,,,,,,,,,,,,,,,,"Bryan Hoeing","26304",663773
"Blas Castaño","SEA",0.307407,0.283334,0,4.50509,8.129,0.006,0,0.65,,9.9887,43.447,9.52038,5.36,5,1.21212,4.04457,0.306592,0.683352,8.4728,7.63414,3.64423,2.09486,1.09215,0.195015,0.0930921,0.10192263871431351,0.245884,1.35803,0.286155,0.691352,,,4.43619,0.0237175,0.0230333,999,,,,,,,40.7,4.07,42,4.2,,,,,,,,,,,,,,,,,,,"Blas Castano","26117",680604
"Daniel Robert","PHI",0.221922,0.155694,0,4.32426,5.531,0,0,0,,5.3697,23.1195,4.73001,2.76,2.58,0.710044,2.29907,0.112435,0.292136,5.50794,9.23169,3.8534,2.39573,1.19008,0.238238,0.0994429,0.13879508525133133,0.230414,1.30903,0.280914,0.707385,,,4.25034,0.0231607,-0.0393256,999,,,,,,,17.7,3.54,18,3.6,,,,,,,,,,,,,,,,,,,"Daniel Robert","21229",642016
"Lake Bachar","MIA",1.67479,1.61893,0,4.77142,46.757,0.1,1,4.0878,,51.098,224.513,46.8117,29.14,27.09,8.08303,24.5724,1.74207,2.70185,53.4334,9.41134,4.32798,2.17453,1.42368,0.237996,0.109447,0.1285492405295372,0.237334,1.397,0.285351,0.703273,,,4.70145,0.022066,-0.238691,999,,,,,,,199.8,3.9176470588235297,194,3.803921568627451,,,,,,,,,,,,,,,,,,,"Lake Bachar","19222",669199
"Logan Gillaspie","SDP",0.678712,0.573063,0,4.82033,16.626,0,0,0.6537,,18.7456,81.5426,19.2273,10.75,10.04,2.73845,6.27174,0.444505,0.947362,15.331,7.3606,3.01114,2.44445,1.31476,0.188012,0.0769137,0.11109819263219833,0.258697,1.36027,0.293114,0.680771,,,4.55388,0.0218974,-0.108718,999,,,,,,,67.29999999999998,3.542105263157894,69,3.6315789473684212,,,,,,,,,,,,,,,,,,,"Logan Gillaspie","22461",670810
"Tayler Saucedo","LAA",0.965738,0.902579,0,4.54108,26.282,0,0,0.6327,,26.4783,116.03,26.1981,14.31,13.36,3.09315,11.1776,0.720659,1.65201,22.8406,7.76354,3.79929,2.04342,1.05136,0.196852,0.0963344,0.10051722824573517,0.253858,1.41156,0.299031,0.698003,,,4.38214,0.0218084,-0.0421517,999,,,,,,,98.9,3.803846153846154,102,3.923076923076923,,,,,,,,,,,,,,,,,,,"Tayler Saucedo","17888",642048
"Ky Bush","CHW",0.861384,1.69539,1.01494,5.46802,4.629,4.049,0,0,,18.2205,80.8698,19.2129,11.84,11.07,3.17371,7.83277,0.0717797,0.712207,12.589,6.21832,3.86899,1.60722,1.56765,0.15567,0.0968566,0.0588131844997406,0.265648,1.48435,0.283568,0.672744,,,5.4246,0.0209724,-0.0808181,999,,,,,,,45.90000000000001,2.5500000000000007,50,2.7777777777777777,,,,,,,,,,,,,,,,,,,"Ky Bush","29823",681066
"Drew Pomeranz","LAA",2.00333,2.09685,0,4.72169,54.161,0.438,3,12.378,,54.2094,236.696,50.7506,30.47,28.44,8.69773,23.8296,1.29848,2.76753,58.1526,9.65467,3.95626,2.44035,1.44402,0.245685,0.100676,0.14500929415225983,0.241556,1.37578,0.293567,0.706856,,,4.54737,0.0205524,-0.181335,732.8499755859375,,,,,,,254.30000000000004,4.70925925925926,251,4.648148148148148,,,,,,,,,,,,,,,,,,,"Drew Pomeranz","11426",519141
"Luis Mey","CIN",1.06754,0.882295,0,4.43865,29.141,0,0,0.6509,,29.34,130.289,26.117,15.41,14.47,3.02136,17.1228,1.01291,2.01919,28.5189,8.74812,5.25239,1.66555,0.926798,0.218889,0.131421,0.08746767044067383,0.234977,1.47375,0.290121,0.713404,,,4.48708,0.0198282,0.0156943,999,,,,,,,115.10000000000002,3.9689655172413802,111,3.8275862068965516,,,,,,,,,,,,,,,,,,,"Luis Mey","25620",682825
"Lyon Richardson","CIN",0.706862,0.653592,0,4.74112,19.671,0.082,0,0.6509,,21.9062,97.112,21.2785,12.31,11.54,2.48772,10.8712,0.726788,1.16029,19.2658,7.9152,4.46635,1.77219,1.02206,0.198387,0.111945,0.08644229918718338,0.250099,1.46761,0.296727,0.692078,,,4.50019,0.0185508,-0.0512777,999,,,,,,,89.60000000000002,4.072727272727274,90,4.090909090909091,,,,,,,,,,,,,,,,,,,"Lyon Richardson","24581",680689
"Angel Perdomo","LAA",0.409973,0.371121,0,4.46251,10.924,0,0,0,,11.4151,50.5377,9.24599,6.05,5.66,1.52248,6.99705,0.401182,0.792467,14.0981,11.1154,5.51668,2.01487,1.20037,0.278963,0.138452,0.14051081240177155,0.21629,1.42294,0.284711,0.722318,,,4.44607,0.0178536,-0.0256552,999,,,,,,,37.400000000000006,3.4000000000000004,33,3,,,,,,,,,,,,,,,,,,,"Angel Perdomo","17759",622780
"Ken Waldichuk","WSN",0.405122,0.53531,0,4.54055,11.316,0.369,0,0.6515,,13.2407,57.864,11.9654,7.18,6.68,1.75234,6.41199,0.386715,0.733002,13.309,9.04646,4.35838,2.07565,1.1911,0.230006,0.110811,0.1191941574215889,0.235916,1.38795,0.286421,0.703173,,,4.46417,0.0178419,-0.021051,999,,,,,,,49.39999999999999,3.7999999999999994,48,3.6923076923076925,,,,,,,,,,,,,,,,,,,"Ken Waldichuk","27681",686610
"Enyel De Los Santos","HOU",2.54953,1.99438,0,4.83007,56.67,0,0,12.2423,,58.229,252.404,56.0282,33.38,31.25,9.26042,21.6966,1.14799,3.4841,54.016,8.34883,3.35347,2.48961,1.43131,0.214006,0.0859599,0.12804654240608215,0.246578,1.33481,0.285262,0.684754,,,4.64462,0.0153019,-0.273574,999,,,,,,,253.90000000000006,4.377586206896553,254,4.379310344827586,,,,,,,,,,,,,,,,,,,"Enyel De Los Santos","18403",660853
"Orlando Ribalta","WSN",1.15913,1.18519,0,4.631,33.346,0,0,4.1698,,34.7873,152.312,31.2305,19.19,17.9,4.91901,16.869,1.23263,1.86156,32.5721,8.42689,4.36427,1.93088,1.27262,0.213851,0.110753,0.10309778898954391,0.233793,1.38267,0.27382,0.701467,,,4.71602,0.01485,-0.0723615,999,,,,,,,141.9,4.054285714285714,135,3.857142857142857,,,,,,,,,,,,,,,,,,,"Orlando Ribalta","26247",687377
"Carson Palmquist","COL",0.771004,1.26598,0,5.08964,17.328,1.232,0,0.6093,,24.1196,107.76,23.0658,14.61,13.64,3.60081,12.4599,0.683097,1.35827,24.3305,9.07869,4.64931,1.9527,1.34361,0.225783,0.115626,0.11015698313713074,0.245532,1.4729,0.294876,0.686108,,,4.77713,0.0148048,-0.190527,999,,,,,,,81.60000000000004,3.4000000000000017,81,3.375,,,,,,,,,,,,,,,,,,,"Carson Palmquist","31612",687223
"Ryan Rolison","CHC",1.09812,0.855554,0,4.43122,25.81,0.068,0,0.7209,,28.5971,122.547,28.2177,15.11,14.08,3.78107,9.68456,0.922462,0.8262,21.6845,6.82447,3.0479,2.23907,1.18997,0.176948,0.0790275,0.0979209616780281,0.251863,1.32539,0.282274,0.698961,,,4.44007,0.0111516,0.0157006,999,,,,,,,107.60000000000004,3.710344827586208,108,3.7241379310344827,,,,,,,,,,,,,,,,,,,"Ryan Rolison","22200",669020
"Tucker Davidson","PHI",0.217152,0.1586,0,4.5342,5.561,0,0,0.6364,,5.8555,25.5301,5.73619,3.18,2.95,0.661657,2.43905,0.163742,0.250548,4.87942,7.49974,3.74887,2.00054,1.01698,0.191124,0.0955364,0.09558765590190887,0.251141,1.39616,0.293335,0.689101,,,4.31548,0.0108653,0.0138199,999,,,,,,,24.500000000000007,4.083333333333335,25,4.166666666666667,,,,,,,,,,,,,,,,,,,"Tucker Davidson","19871",656353
"Jake Eder","WSN",0.481629,0.500619,0,4.65183,14.091,0.025,0,0.6515,,17.4899,76.6366,16.4755,9.68,9.04,2.18164,8.07662,0.509307,0.891481,15.8867,8.17503,4.15609,1.967,1.12263,0.207299,0.105389,0.1019107922911644,0.243474,1.40379,0.288183,0.691797,,,4.47832,0.00919754,-0.113109,999,,,,,,,68.60000000000002,4.0352941176470605,68,4,,,,,,,,,,,,,,,,,,,"Jake Eder","27590",671109
"Guillo Zuñiga","SEA",0.214345,0.195905,0,4.54957,5.597,0,0,0.65,,5.8555,25.2022,5.2532,3.16,2.96,0.873216,2.41044,0.209147,0.311422,5.52817,8.49689,3.70489,2.29343,1.34215,0.219352,0.0956439,0.12370853126049042,0.233679,1.30879,0.272404,0.699199,,,4.58011,0.00825282,0.0138199,999,,,,,,,29.10000000000001,4.850000000000001,27,4.5,,,,,,,,,,,,,,,,,,,"Guillo Zuniga","19588",670871
"Eli Morgan","KCR",0.919293,0.815902,0,4.96161,22.898,0,0,0.666,,24.8871,107.422,25.0289,14.69,13.72,4.21059,7.96673,0.457917,1.16689,21.4774,7.76695,2.88103,2.69589,1.52269,0.199935,0.0741628,0.1257719025015831,0.254647,1.32581,0.286751,0.675464,,,4.70959,0.00779647,-0.196155,999,,,,,,,89.80000000000001,3.5920000000000005,92,3.68,,,,,,,,,,,,,,,,,,,"Eli Morgan","20203",669212
"Tyler Gilbert","CHW",1.26041,1.35354,0,4.78633,33.635,0.315,0,0.5829,,36.1404,157.027,35.1489,20.62,19.22,5.48028,13.9381,1.01113,1.48752,32.9068,8.19474,3.47099,2.36092,1.36475,0.209561,0.0887626,0.12079885601997375,0.248225,1.35823,0.287447,0.687367,,,4.56586,0.00754794,-0.222038,999,,,,,,,138.90000000000003,3.8583333333333343,140,3.888888888888889,,,,,,,,,,,,,,,,,,,"Tyler Gilbert","17964",656457
"Jose Franco","CIN",0.507952,0.462318,0,4.7485,13.84,0.038,0,0,,14.6699,63.852,13.2917,8.25,7.74,2.4708,6.64724,0.417557,0.712795,15.1123,9.27143,4.07809,2.27347,1.51584,0.236677,0.104104,0.13257356733083725,0.235285,1.35917,0.278109,0.709288,,,4.7695,0.00718234,-0.0164809,999,,,,,,,58.60000000000001,3.906666666666667,55,3.6666666666666665,,,,,,,,,,,,,,,,,,,"Jose Franco","sa3008714",683742
"Vince Velasquez","CHC",0.237144,0.198601,0,4.79757,5.712,0,0,0.7209,,5.928,25.8729,5.45634,3.37,3.16,0.896946,2.72439,0.138444,0.286494,5.93514,9.01084,4.13622,2.17852,1.36176,0.229396,0.105299,0.12409692257642746,0.238664,1.38002,0.28443,0.69469,,,4.62344,0.00671449,0.0138199,999,,,,,,,26.10000000000001,4.350000000000001,24,4,,,,,,,,,,,,,,,,,,,"Vince Velasquez","11189",592826
"Jorge Alcala","TOR",0.822383,0.543379,0,4.6614,17.896,0,0,0,,19.3268,82.8833,17.6283,10.73,10.01,3.36354,7.40304,0.357453,0.954774,19.3021,8.98849,3.44741,2.60732,1.56631,0.232883,0.0893188,0.14356381446123123,0.236541,1.29516,0.275064,0.703724,,,4.69749,0.00664909,-0.108773,999,,,,,,,70.89999999999999,3.7315789473684204,70,3.6842105263157894,,,,,,,,,,,,,,,,,,,"Jorge Alcala","19459",660896
"Chris Devenski","PIT",0.57526,0.501652,0,5.11085,13.164,0.077,0,0.6584,,14.3342,62.2127,14.617,8.71,8.14,2.32016,4.76328,0.262709,0.646585,12.5248,7.86391,2.99072,2.62944,1.45676,0.201322,0.0765645,0.12475711852312088,0.257328,1.35203,0.293075,0.661433,,,4.62404,0.0063781,-0.170048,999,,,,,,,52.00000000000003,3.714285714285716,56,4,,,,,,,,,,,,,,,,,,,"Chris Devenski","12763",606965
"Mark Leiter Jr.","ATH",2.58134,2.31404,0,4.88991,62.88,0,6,13.0966,,62.6331,272.55,60.8623,36.55,34.03,10.7643,23.6533,1.20501,4.52669,66.2271,9.51644,3.39884,2.79991,1.54676,0.242991,0.0867853,0.15620527416467667,0.249058,1.34938,0.299309,0.690693,,,4.60435,0.00555407,-0.414011,728.25,,,,,,,299.30000000000007,4.750793650793652,299,4.746031746031746,,,,,,,,,,,,,,,,,,,"Mark Leiter Jr.","15551",643410
"Shinnosuke Ogasawara","WSN",0.290827,0.372431,0,4.7777,8.383,0.195,0,0,,11.4532,50.1224,11.5809,6.52,6.08,1.48989,4.40488,0.337124,0.451939,9.18346,7.21643,3.46138,2.08484,1.17077,0.183221,0.0878823,0.09533824026584625,0.255843,1.39575,0.291712,0.680994,,,4.49477,0.00488952,-0.12601,999,,,,,,,43.900000000000006,3.9909090909090916,48,4.363636363636363,,,,,,,,,,,,,,,,,,,"Shinnosuke Ogasawara","35324",829272
"Brock Stewart","LAD",1.6771,0.948231,0,5.02062,33.496,0,0,0.7772,,33.5576,147.546,31.7137,20.1,18.72,5.86724,14.7638,0.794751,2.1651,37.5201,10.0627,3.95958,2.54136,1.57357,0.254295,0.100062,0.15423259884119034,0.242799,1.385,0.296304,0.689366,,,4.68532,0.00395886,-0.22658,999,,,,,,,123.60000000000001,3.6352941176470592,121,3.5588235294117645,,,,,,,,,,,,,,,,,,,"Brock Stewart","16727",592779
"Zach Brzykcy","MIA",0.33066,0.305452,0,4.7197,9.241,0,0,0.6387,,8.4285,37.0044,7.89984,4.74,4.42,1.20516,3.87724,0.390458,0.461378,8.11414,8.66432,4.14014,2.09276,1.28688,0.219275,0.104778,0.11449693143367767,0.241838,1.39729,0.286753,0.697441,,,4.61282,0.0030241,-0.0830444,999,,,,,,,34.10000000000001,4.262500000000001,35,4.375,,,,,,,,,,,,,,,,,,,"Zach Brzykcy","27783",694350
"Triston McKenzie","SDP",0.261955,0.382763,0.0622944,5.01978,2.829,0.755,0,0.6537,,6.0421,26.4084,5.39263,3.59,3.37,1.11217,3.04754,0.110354,0.244541,5.42035,8.07387,4.53947,1.7786,1.65663,0.205251,0.115401,0.08985039591789246,0.233282,1.39689,0.258111,0.704645,,,5.36842,0.00235846,-0.0431364,999,,,,,,,24.10000000000001,4.016666666666668,22,3.6666666666666665,,,,,,,,,,,,,,,,,,,"Triston McKenzie","18000",663474
"Collin Snider","CHC",0.396376,0.342593,0,4.91654,9.8,0,0,0.7209,,10.1962,44.8398,10.3373,5.96,5.57,1.36328,4.19276,0.271509,0.559958,8.73736,7.71231,3.70087,2.08391,1.20334,0.194857,0.0935054,0.10135188698768616,0.257872,1.42505,0.29927,0.679007,,,4.55783,0.0020516,-0.0785266,999,,,,,,,42.7,4.2700000000000005,44,4.4,,,,,,,,,,,,,,,,,,,"Collin Snider","23307",676092
"Génesis Cabrera","PHI",0.765742,0.564567,0,4.54911,19.173,0,0,0.6364,,19.883,85.6914,18.566,10.83,10.05,2.90996,7.89123,0.56689,0.985736,16.9693,7.6811,3.57195,2.15039,1.31719,0.198028,0.092089,0.10593859851360321,0.2417,1.33065,0.274981,0.698165,,,4.67021,0.00193566,-0.0558626,999,,,,,,,72.69999999999999,3.6349999999999993,72,3.6,,,,,,,,,,,,,,,,,,,"Genesis Cabrera","17490",650893
"Derek Law","ARI",0.554749,0.55939,0,5.17811,17.123,0,0,0.6568,,18.163,80.8856,20.1113,11.17,10.45,2.24548,7.01203,0.422481,0.865547,13.8009,6.83852,3.47455,1.96818,1.11266,0.170622,0.0866906,0.08393176645040512,0.275467,1.49333,0.313647,0.665286,,,4.52379,0.0015522,-0.161391,999,,,,,,,64.60000000000002,3.5888888888888903,72,4,,,,,,,,,,,,,,,,,,,"Derek Law","13133",571882
"Kolby Allard","CLE",0.799169,0.863832,0,4.76311,21.421,0.208,0,0.6803,,24.8472,107.635,25.2246,14.11,13.15,3.69285,8.50723,0.787665,0.916054,19.8123,7.17629,3.08144,2.32888,1.3376,0.184069,0.0790377,0.10503126680850983,0.256839,1.35757,0.288217,0.686995,,,4.61025,0.000587265,-0.0950968,999,,,,,,,84.80000000000001,3.3920000000000003,87,3.48,,,,,,,,,,,,,,,,,,,"Kolby Allard","18694",663465
"Julian Merryweather","MIN",0.365147,0.317264,0,5.20772,8.672,0,0,0,,8.5546,38.0997,8.82261,5.3,4.95,1.23125,3.75953,0.184187,0.470394,8.00793,8.42487,3.95528,2.13003,1.29536,0.210183,0.0986761,0.1115073412656784,0.260486,1.4708,0.308208,0.670646,,,4.6174,-0.000514409,-0.0302225,999,,,,,,,34.90000000000001,3.877777777777779,36,4,,,,,,,,,,,,,,,,,,,"Julian Merryweather","16703",657240
"Dylan Coleman","NYY",0.252696,0.157732,0,4.50134,4.957,0,0,0.691,,5.0385,22.2728,4.20731,2.68,2.52,0.573896,3.00893,0.134251,0.40188,4.99512,8.92252,5.3747,1.6601,1.02512,0.224271,0.135095,0.08917577564716339,0.223058,1.43222,0.273335,0.707375,,,4.66393,-0.000544309,-0.0392633,999,,,,,,,19.299999999999997,3.8599999999999994,17,3.4,,,,,,,,,,,,,,,,,,,"Dylan Coleman","22276",669395
"Ty Adcock","SDP",0.913882,0.703886,0,4.47808,21.475,0,0,0.6537,,23.0925,98.6645,21.4115,12.36,11.49,3.82292,8.10088,0.870847,1.02666,21.5138,8.38472,3.15721,2.65573,1.48993,0.21805,0.0821053,0.13594458997249603,0.239136,1.27801,0.273965,0.709941,,,4.60977,-0.000929034,0.00189882,999,,,,,,,87.4,3.8000000000000003,84,3.652173913043478,,,,,,,,,,,,,,,,,,,"Ty Adcock","25651",686654
"Roddery Muñoz","HOU",1.94243,1.72106,0,4.71421,41.898,0.732,0,9.7392,,50.3817,220.01,44.9704,28.25,26.39,7.9924,24.3354,1.49543,2.73804,52.813,9.43432,4.34718,2.17021,1.42773,0.240048,0.11061,0.12943796068429947,0.233084,1.37561,0.279859,0.70644,,,4.713,-0.00156596,-0.135846,999,,,,,,,219.60000000000002,4.392,211,4.22,,,,,,,,,,,,,,,,,,,"Roddery Munoz","25311",682610
"Osvaldo Bido","NYY",0.662855,0.599937,0,4.88998,12.831,0.499,0,0.691,,17.3191,76.1866,16.0624,10.02,9.41,2.55659,7.91737,0.437823,1.29685,15.7577,8.1886,4.11432,1.99027,1.32855,0.20683,0.103921,0.1029094010591507,0.239836,1.38459,0.277566,0.684284,,,4.83054,-0.00181971,-0.113018,999,,,,,,,56.300000000000004,3.311764705882353,55,3.235294117647059,,,,,,,,,,,,,,,,,,,"Osvaldo Bido","23150",674370
"Brennan Bernardino","COL",2.27201,2.7299,0,5.28137,56.518,0.366,1,10.9942,,56.0991,252.103,62.0565,35.35,32.92,7.22511,23.2842,1.91056,3.62703,47.7181,7.65544,3.73549,2.04938,1.15913,0.189281,0.0923599,0.09692072868347168,0.275572,1.52125,0.322068,0.664544,,,4.54735,-0.00270968,-0.580697,999,,,,,,,231.10000000000008,4.126785714285716,253,4.517857142857143,,,,,,,,,,,,,,,,,,,"Brennan Bernardino","16835",657514
"Tyson Miller","CHW",0.184603,0.189338,0,4.87933,4.935,0,0,0.5829,,5.1462,22.425,4.87849,2.99,2.79,0.807936,2.12195,0.102987,0.315959,4.446,7.77545,3.711,2.09524,1.41297,0.198261,0.0946242,0.10363642126321793,0.244081,1.36031,0.276285,0.683288,,,4.86941,-0.00387195,-0.0392633,999,,,,,,,17.7,3.54,18,3.6,,,,,,,,,,,,,,,,,,,"Tyson Miller","19976",668338
"Scott Blewett","STL",0.72206,0.723467,0,5.08051,17.411,0.066,0,0.6663,,19.9468,88.0032,20.6854,12.03,11.26,2.77156,7.91403,0.609846,0.909511,15.8244,7.13997,3.57081,1.99954,1.25053,0.179816,0.0899289,0.08988726884126663,0.261247,1.43379,0.295688,0.670305,,,4.68186,-0.0047403,-0.15679,999,,,,,,,65.5,3.275,70,3.5,,,,,,,,,,,,,,,,,,,"Scott Blewett","16427",656240
"Jairo Iriarte","CHW",0.293372,0.288905,0,4.6894,7.788,0,0,0,,8.387,36.9245,7.54125,4.67,4.37,1.1366,4.25224,0.238536,0.602998,7.94468,8.52535,4.56304,1.86835,1.21967,0.21516,0.115161,0.09999966621398926,0.235155,1.40616,0.278609,0.698227,,,4.73907,-0.0058992,-0.0829403,999,,,,,,,27.100000000000005,3.3875000000000006,28,3.5,,,,,,,,,,,,,,,,,,,"Jairo Iriarte","26907",683568
"Josh Fleming","TOR",0.283661,0.174069,0,4.31377,6.149,0,0,0,,9.931,42.8337,10.3663,5.12,4.76,1.06331,3.24906,0.392512,0.409748,5.70537,5.17051,2.94447,1.75601,0.963627,0.133198,0.0758528,0.057345420122146606,0.264615,1.37099,0.287074,0.700548,,,4.48331,-0.00653791,0.0230334,999,,,,,,,38.7,3.87,40,4,,,,,,,,,,,,,,,,,,,"Josh Fleming","20418",676596
"Luis Guerrero","TBR",0.936428,0.692187,0,4.46166,20.275,0,0,0.6597,,22.4311,97.8643,19.3319,11.89,11.12,2.94274,11.334,0.89062,1.46113,20.4444,8.20286,4.54752,1.80381,1.18071,0.208905,0.115813,0.09309180825948715,0.227249,1.36711,0.265703,0.707295,,,4.72901,-0.00683271,-0.0512777,999,,,,,,,84.5,3.840909090909091,79,3.590909090909091,,,,,,,,,,,,,,,,,,,"Luis Guerrero","31184",692285
"Randy Dobnak","SEA",0.317782,0.362947,0,4.75212,8.336,0.206,0,0.65,,10.9467,48.4049,10.9091,6.17,5.78,1.23168,5.05867,0.307698,0.655613,8.64505,7.10766,4.15906,1.70896,1.01264,0.178599,0.104507,0.07409124076366425,0.255538,1.45868,0.294918,0.68788,,,4.58439,-0.00785275,-0.0255939,999,,,,,,,44.50000000000001,4.045454545454546,46,4.181818181818182,,,,,,,,,,,,,,,,,,,"Randy Dobnak","23798",677976
"Kaleb Ort","LAA",0.859409,0.862549,0,4.89104,23.319,0,0,0.6327,,24.1605,105.864,22.5082,14.03,13.13,3.84897,11.0045,0.748101,1.34975,23.4144,8.72207,4.09927,2.12771,1.43378,0.221174,0.103949,0.11722466349601746,0.240703,1.38709,0.281663,0.692739,,,4.80193,-0.00852588,-0.148044,999,,,,,,,82.60000000000004,3.441666666666668,82,3.4166666666666665,,,,,,,,,,,,,,,,,,,"Kaleb Ort","20061",672391
"Corbin Martin","CHC",0.359315,0.319893,0,4.87134,8.696,0.051,0,0.7209,,9.3855,41.5826,8.78461,5.43,5.08,1.24809,4.92618,0.238573,0.48699,8.9665,8.59821,4.72384,1.82017,1.19683,0.215631,0.118467,0.09716391563415527,0.242874,1.46085,0.290371,0.692173,,,4.68345,-0.0089298,-0.0302225,999,,,,,,,37.90000000000001,4.211111111111112,39,4.333333333333333,,,,,,,,,,,,,,,,,,,"Corbin Martin","19884",656686
"Nick Sandlin","LAA",1.209,1.09903,0,4.47071,31.426,0,0,0.6327,,31.0018,133.685,26.3937,16.45,15.4,4.66787,14.4536,0.925643,2.11071,30.304,8.79742,4.19597,2.09663,1.35511,0.226682,0.108117,0.11856471747159958,0.225354,1.31758,0.264468,0.711037,,,4.74044,-0.00935265,0.0202966,999,,,,,,,116.29999999999998,3.751612903225806,106,3.4193548387096775,,,,,,,,,,,,,,,,,,,"Nick Sandlin","20517",680704
"Josh Staumont","CIN",0.33591,0.305596,0,4.93163,9.347,0,0,0.6509,,9.6905,42.8455,9.00992,5.64,5.31,1.33962,4.9543,0.174725,0.552782,9.04903,8.40424,4.60128,1.8265,1.24417,0.211201,0.115632,0.0955696702003479,0.241304,1.44102,0.284614,0.688592,,,4.76955,-0.0106685,-0.0784438,999,,,,,,,42.300000000000004,4.23,41,4.1,,,,,,,,,,,,,,,,,,,"Josh Staumont","18335",622251
"Kevin Herget","NYM",0.206885,0.171021,0,5.31387,4.348,0,0,0,,7.1304,31.296,7.60613,4.52,4.21,1.34862,2.32776,0.163692,0.326483,6.20389,7.83056,2.9381,2.66517,1.70224,0.198233,0.074379,0.12385393679141998,0.265561,1.39318,0.296716,0.672883,,,4.97053,-0.0148314,-0.133122,999,,,,,,,24.7,3.5285714285714285,28,4,,,,,,,,,,,,,,,,,,,"Kevin Herget","15369",643361
"Jayvien Sandridge","LAA",0.727178,0.654618,0,4.50067,19.393,0,0,0.6327,,19.5571,87.1495,15.9707,10.4,9.78,2.50594,12.7491,0.783894,1.21319,23.3098,10.727,5.86703,1.82835,1.15321,0.267469,0.14629,0.12117926776409149,0.218217,1.46851,0.284238,0.726646,,,4.55889,-0.0148756,0.0460665,999,,,,,,,77.5,3.875,69,3.45,,,,,,,,,,,,,,,,,,,"Jayvien Sandridge","25158",682144
"T.J. McFarland",,1.17324,1.4336,0,4.72137,22.071,0,0,0,,21.1591,92.7831,22.6814,11.93,11.1,2.32818,7.71205,0.679108,1.06097,13.8935,5.90957,3.28031,1.80153,0.99029,0.149741,0.0831192,0.06662216037511826,0.269985,1.43643,0.300247,0.680455,,,4.49618,-0.0157974,-0.104338,999,,,,,,,72.00000000000001,3.4285714285714293,80,3.8095238095238093,,,,,,,,,,,,,,,,,,,"T.J. McFarland","3237",519008
"Tanner Rainey","DET",0.420336,0.393163,0,4.71159,11.107,0,0,0.6028,,11.4802,50.2604,9.87581,6.42,6.01,1.76237,5.97141,0.221673,0.680259,11.3323,8.88408,4.68133,1.89777,1.38162,0.225472,0.118809,0.10666296631097794,0.226464,1.3804,0.265892,0.70458,,,4.89478,-0.0159969,-0.0256552,999,,,,,,,35.800000000000004,3.254545454545455,34,3.090909090909091,,,,,,,,,,,,,,,,,,,"Tanner Rainey","17610",663432
"Michael Kopech",,2.06974,2.51011,0,4.60195,37.047,0.282,0,0,,39.0552,172.138,31.9676,21.35,19.97,5.19869,23.5802,0.997736,2.22599,42.0746,9.69579,5.43389,1.78432,1.198,0.244424,0.136984,0.10743945837020874,0.21846,1.42229,0.270234,0.708474,,,4.69325,-0.0164338,-0.0632054,999,,,,,,,149.90000000000003,3.8435897435897446,136,3.4871794871794872,,,,,,,,,,,,,,,,,,,"Michael Kopech","17282",656629
"Tayler Scott","ATL",0.350044,0.332585,0,5.44497,9.879,0.031,0,0.6492,,10.4794,47.0478,10.9187,6.76,6.34,1.47103,4.92165,0.280574,0.633405,9.65499,8.29197,4.22685,1.96174,1.26336,0.205217,0.10461,0.1006070151925087,0.263148,1.51157,0.311121,0.658909,,,4.70761,-0.0170424,-0.178551,999,,,,,,,39.1,3.91,43,4.3,,,,,,,,,,,,,,,,,,,"Tayler Scott","13652",605463
"Rafael Montero","NYY",1.5662,1.00164,0,4.63899,31.326,0,0,0.691,,31.9143,139.021,29.8256,17.58,16.45,4.11965,14.3714,0.582372,1.7618,28.1083,7.92668,4.0528,1.95585,1.16176,0.202187,0.103375,0.09881149977445602,0.242706,1.38486,0.283542,0.692619,,,4.5683,-0.018026,-0.129966,999,,,,,,,121.60000000000002,3.8000000000000007,120,3.75,,,,,,,,,,,,,,,,,,,"Rafael Montero","12760",606160
"Valente Bellozo","COL",0.524959,0.730429,0,5.09936,11.979,0.474,0,0.6093,,14.896,64.9851,15.827,9.07,8.44,2.42482,4.53293,0.429227,0.649642,10.3996,6.28331,2.73875,2.29423,1.46505,0.16003,0.0697534,0.0902768224477768,0.264655,1.36681,0.285286,0.665477,,,4.89878,-0.0190802,-0.117511,999,,,,,,,50.800000000000004,3.386666666666667,55,3.6666666666666665,,,,,,,,,,,,,,,,,,,"Valente Bellozo","23899",678368
"Kirby Yates","LAA",2.04625,1.88746,0,4.6292,54.453,0,9,9.781,,54.8065,238.415,46.3906,30.14,28.19,8.74933,27.4563,1.45052,3.28184,62.9623,10.3393,4.50872,2.29318,1.43676,0.264087,0.115162,0.14892472326755524,0.223378,1.34741,0.276844,0.709553,,,4.59539,-0.0236695,-0.128261,292.3900146484375,,,,,,,297.70000000000005,5.412727272727274,279,5.072727272727272,,,,,,,,,,,,,,,,,,,"Kirby Yates","9073",489446
"Yunior Marte","CIN",0.254727,0.250504,0,5.25515,7.323,0,0,0.6509,,7.6211,33.8668,7.955,4.74,4.45,1.11978,3.30091,0.166726,0.402561,5.97257,7.05319,3.89815,1.80937,1.32239,0.176355,0.0974675,0.0788872241973877,0.263731,1.47694,0.296269,0.67256,,,4.93572,-0.0264785,-0.0828068,999,,,,,,,33.10000000000001,4.137500000000001,34,4.25,,,,,,,,,,,,,,,,,,,"Yunior Marte","14416",628708
"Matt Bowman","MIN",0.492119,0.410985,0,5.17198,11.486,0,0,0,,14.1822,62.7197,14.7468,8.7,8.15,1.94509,5.76118,0.377719,0.704761,11.1501,7.07582,3.65604,1.93538,1.23435,0.177776,0.091856,0.08592023700475693,0.262149,1.44604,0.296621,0.663936,,,4.71345,-0.0271131,-0.16963,999,,,,,,,41,2.9285714285714284,45,3.2142857142857144,,,,,,,,,,,,,,,,,,,"Matt Bowman","13528",621199
"Zach Agnos","COL",2.29348,2.33733,0,4.89982,53.761,0,4,10.5284,,56.2061,244.891,57.6018,32.8,30.6,8.40723,19.6064,1.77235,2.43116,43.6623,6.99143,3.13948,2.22694,1.34621,0.178293,0.0800618,0.09823094308376312,0.258474,1.37366,0.288052,0.67863,,,4.70226,-0.0310207,-0.379105,999,,,,,,,251.2,4.485714285714286,262,4.678571428571429,,,,,,,,,,,,,,,,,,,"Zach Agnos","31552",688642
"Kyle Keller","BOS",1.06189,0.891682,0,4.93881,21.328,0,0,0.676,,22.1592,97.9532,20.1054,13.06,12.16,3.62415,11.3411,0.659045,1.33798,23.5395,9.5606,4.60621,2.07559,1.47195,0.240314,0.115781,0.12453282624483109,0.235773,1.41912,0.283619,0.697179,,,4.85326,-0.0326314,-0.152523,999,,,,,,,77.60000000000002,3.5272727272727282,74,3.3636363636363638,,,,,,,,,,,,,,,,,,,"Kyle Keller","18890",664918
"Michael Tonkin","MIN",1.35328,1.76017,0,5.02946,25.601,0,0,0,,27.9334,122.131,27.5745,16.72,15.61,4.70685,10.5617,0.526105,1.96033,26.3962,8.50472,3.40294,2.49923,1.51652,0.21613,0.0864789,0.12965147197246552,0.251572,1.36525,0.291286,0.678875,,,4.78058,-0.0341492,-0.239836,999,,,,,,,85.90000000000005,3.0678571428571444,88,3.142857142857143,,,,,,,,,,,,,,,,,,,"Michael Tonkin","10315",543859
"Ryder Ryan","LAD",0.374423,0.212225,0,5.18609,7.48,0,0,0.7772,,7.8267,34.5913,7.90179,4.83,4.51,1.19034,3.3416,0.173765,0.50837,6.35447,7.30706,3.84253,1.90163,1.36879,0.183701,0.0966021,0.08709897845983505,0.257041,1.43654,0.289329,0.669672,,,4.96419,-0.0355282,-0.0828068,999,,,,,,,30.100000000000005,3.7625000000000006,31,3.875,,,,,,,,,,,,,,,,,,,"Ryder Ryan","19891",656924
"Luke Jackson",,2.07394,2.58352,0,4.80986,39.176,0,1,0,,40.6228,179.848,40.5015,23.28,21.71,4.72085,19.0871,1.15948,2.22854,34.3214,7.60392,4.22874,1.79815,1.04591,0.190836,0.106129,0.08470677584409714,0.255478,1.46688,0.299444,0.685334,,,4.53029,-0.0359761,-0.160163,999,,,,,,,145.30000000000004,3.543902439024391,150,3.658536585365854,,,,,,,,,,,,,,,,,,,"Luke Jackson","11752",592426
"Victor Mederos","LAA",0.744394,0.979971,0,5.08908,19.911,0.578,0,0.6327,,26.1914,116.78,25.5002,15.8,14.81,3.77845,12.7897,0.813536,2.05783,22.3966,7.69602,4.39483,1.75115,1.29837,0.191785,0.109519,0.08226571977138519,0.250168,1.46192,0.286729,0.68151,,,5.00098,-0.0360946,-0.189495,999,,,,,,,78.6,3.023076923076923,81,3.1153846153846154,,,,,,,,,,,,,,,,,,,"Victor Mederos","31533",682989
"Kyle Nicolas","CIN",1.24075,1.14336,0,4.93012,34.83,0,0,0.6509,,37.9707,168.549,35.6803,22.16,20.8,5.58554,19.5104,0.873962,2.19705,38.0048,9.00808,4.62444,1.94793,1.32391,0.225483,0.115755,0.1097274199128151,0.242985,1.45351,0.291472,0.697277,,,4.76072,-0.0366711,-0.217492,999,,,,,,,127.79999999999998,3.3631578947368417,126,3.3157894736842106,,,,,,,,,,,,,,,,,,,"Kyle Nicolas","27775",693312
"Brandon Waddell","NYM",0.25203,0.282045,0,5.01175,4.875,0.31,0,0,,13.9173,62.0071,14.0496,8.28,7.75,1.77075,6.61275,0.443338,0.673503,11.3096,7.31363,4.27631,1.71027,1.1451,0.182391,0.106645,0.07574627548456192,0.256751,1.48465,0.294878,0.680974,,,4.73454,-0.0375536,-0.0685944,999,,,,,,,40.6,2.9,42,3,,,,,,,,,,,,,,,,,,,"Brandon Waddell","18347",663399
"Tejay Antone","CIN",0.407283,0.422048,0,5.42101,12.092,0,0,0.6509,,12.767,57.556,13.5695,8.2,7.69,1.9529,6.0361,0.337892,0.764036,11.7532,8.28534,4.2551,1.94715,1.37668,0.204205,0.104874,0.09933149069547653,0.267348,1.53565,0.313541,0.676026,,,4.88039,-0.0394053,-0.122111,999,,,,,,,42.199999999999996,3.2461538461538457,46,3.5384615384615383,,,,,,,,,,,,,,,,,,,"Tejay Antone","16233",622088
"Jorge López",,1.32654,1.69997,0,4.93003,25.238,0,0,0,,26.0688,114.751,27.0862,15.28,14.28,3.59353,9.88146,0.692807,1.85488,21.0857,7.27964,3.41148,2.13387,1.24063,0.183752,0.0861124,0.0976400077342987,0.262936,1.41808,0.299899,0.679082,,,4.66008,-0.0397344,-0.143545,999,,,,,,,78.99999999999999,3.038461538461538,84,3.230769230769231,,,,,,,,,,,,,,,,,,,"Jorge Lopez","14527",605347
"John Brebbia","COL",1.46795,1.7183,0,5.52081,36.819,0,0,4.0619,,37.6249,166.824,41.3871,24.75,23.08,6.64048,12.7085,0.806308,1.75205,34.9028,8.34887,3.03992,2.74641,1.58843,0.209219,0.0761791,0.13304024934768677,0.271634,1.43776,0.31354,0.655051,,,4.72723,-0.0405756,-0.518966,999,,,,,,,129.5,3.4078947368421053,140,3.6842105263157894,,,,,,,,,,,,,,,,,,,"John Brebbia","12777",605154
"Miguel Castro",,0.648173,0.639155,0,4.8815,17.546,0,0,0,,17.9023,78.5493,16.8,10.36,9.71,2.39106,8.41415,0.393091,1.24995,15.1274,7.60496,4.23004,1.79785,1.20205,0.192584,0.107119,0.08546490222215652,0.243883,1.40843,0.28051,0.679305,,,4.80092,-0.0419623,-0.060445,999,,,,,,,67.40000000000002,3.7444444444444454,67,3.7222222222222223,,,,,,,,,,,,,,,,,,,"Miguel Castro","15684",612434
"Tommy Kahnle",,2.72728,3.1456,0,4.49917,49.676,0,1,0,,49.8092,217.44,46.9794,26.65,24.9,6.2942,22.6724,0.94962,2.66113,42.3317,7.6489,4.09666,1.86711,1.1373,0.194683,0.10427,0.09041299670934677,0.244549,1.39837,0.28356,0.706802,,,4.60397,-0.0439681,-0.0888861,740.5800170898438,,,,,,,185,3.7,183,3.66,,,,,,,,,,,,,,,,,,,"Tommy Kahnle","11384",592454
"Michael Petersen","MIA",0.852704,0.844325,0,5.00947,24.356,0,0,0.6387,,26.2483,117.331,24.6543,15.65,14.61,3.723,14.0442,0.980124,1.78359,25.9567,8.90001,4.81548,1.84821,1.27654,0.221225,0.119697,0.10152822732925415,0.242891,1.47432,0.291425,0.688297,,,4.81026,-0.0450627,-0.244221,999,,,,,,,86.19999999999999,3.315384615384615,86,3.3076923076923075,,,,,,,,,,,,,,,,,,,"Michael Petersen","20827",656848
"Joe Ross","ARI",0.578826,0.71704,0,5.31708,17.304,0.4,0,0,,19.601,87.3433,21.7678,12.4,11.58,2.72786,7.31012,0.583923,1.14169,14.4076,6.61539,3.35652,1.97091,1.25252,0.164954,0.0836941,0.08125938475131989,0.27592,1.48349,0.308309,0.660278,,,4.76783,-0.0464342,-0.15679,999,,,,,,,57.89999999999999,2.8949999999999996,65,3.25,,,,,,,,,,,,,,,,,,,"Joe Ross","12972",605452
"Hunter Strickland","LAA",0.929996,1.18508,0,5.0609,17.227,0,0,0.6327,,18.1035,79.5289,17.2853,10.9,10.18,2.78538,7.99344,0.455373,1.04953,14.6231,7.26974,3.97387,1.82939,1.38473,0.183872,0.10051,0.08336156606674194,0.24523,1.39634,0.273184,0.672556,,,5.01834,-0.0494387,-0.161391,999,,,,,,,59.10000000000001,3.2833333333333337,58,3.2222222222222223,,,,,,,,,,,,,,,,,,,"Hunter Strickland","7836",519326
"Casey Lawrence","SEA",0.358251,0.630079,0.431334,6.3687,1.586,1.346,0,0,,7.4191,33.2243,8.94702,5.57,5.25,1.69018,2.25206,0.0470297,0.309461,3.69715,4.48496,2.73194,1.64167,2.05033,0.111279,0.0677836,0.04349503666162491,0.291788,1.50949,0.287111,0.63729,,,6.13584,-0.0499329,-0.159149,999,,,,,,,5.800000000000004,0.8285714285714292,11,1.5714285714285714,,,,,,,,,,,,,,,,,,,"Casey Lawrence","11121",596271
"Keegan Thompson","COL",1.40686,1.59749,0,5.15375,33.985,0.199,0,9.2154,,38.1567,170.4,38.3532,23.46,21.85,5.70135,18.0717,0.938866,2.13601,37.376,8.81585,4.26256,2.06821,1.34477,0.219343,0.106055,0.11328835785388947,0.255361,1.47877,0.304831,0.680488,,,4.7073,-0.0578783,-0.318181,999,,,,,,,158.59999999999997,4.173684210526315,162,4.2631578947368425,,,,,,,,,,,,,,,,,,,"Keegan Thompson","19795",624522
"Thomas Hatch","ARI",0.154446,0.229378,0,5.66897,4.598,0.191,0,0,,10.9385,49.2362,12.1824,7.38,6.89,1.76781,4.51551,0.40031,0.667847,8.33425,6.85727,3.71528,1.8457,1.45453,0.169271,0.0917112,0.07755973935127258,0.276541,1.52653,0.306756,0.655131,,,5.13387,-0.061693,-0.124766,999,,,,,,,23.600000000000005,2.145454545454546,27,2.4545454545454546,,,,,,,,,,,,,,,,,,,"Thomas Hatch","19264",641672
"Cam Sanders","PIT",1.03758,0.798816,0,4.7812,23.052,0,0,0.6584,,24.7344,111.046,21.2845,13.95,13.14,3.12443,15.7898,0.896883,1.8199,25.1795,9.16196,5.74538,1.59467,1.13687,0.226749,0.142192,0.08455674350261688,0.227798,1.4989,0.278819,0.707164,,,4.87715,-0.0620439,-0.0951649,999,,,,,,,93.5,3.74,86,3.44,,,,,,,,,,,,,,,,,,,"Cam Sanders","23479",676742
"Jesse Scholtens","TBR",1.0326,1.12806,0,5.41265,24.33,0.482,0,0.6597,,31.7423,141.38,34.1386,20.52,19.09,5.38317,12.5359,1.02747,1.50718,28.3762,8.0456,3.55435,2.26359,1.52631,0.200709,0.0886682,0.11204028874635696,0.268097,1.47042,0.30729,0.668263,,,4.87912,-0.070383,-0.429983,999,,,,,,,101.9,3.184375,110,3.4375,,,,,,,,,,,,,,,,,,,"Jesse Scholtens","19205",669947
"JT Brubaker","SFG",1.75985,1.79528,0,5.24938,47.444,0.298,0,12.2018,,56.0295,248.919,61.582,35.28,32.68,8.81283,20.5691,1.55534,3.30867,47.8416,7.68477,3.304,2.3259,1.4156,0.192197,0.0826335,0.10956373065710068,0.273648,1.46621,0.313381,0.671379,,,4.75066,-0.0788915,-0.57933,999,,,,,,,214.50000000000006,3.8303571428571437,235,4.196428571428571,,,,,,,,,,,,,,,,,,,"JT Brubaker","17578",664141
"Vinny Nittoli","BOS",0.546005,0.492456,0,5.3332,11.227,0,0,0,,13.3147,58.6535,13.3516,8.47,7.89,2.61203,5.3648,0.336591,0.728468,12.2802,8.3007,3.62631,2.28902,1.76559,0.209368,0.091466,0.11790169030427933,0.254024,1.40569,0.28511,0.680392,,,5.21374,-0.0798782,-0.121983,999,,,,,,,31.500000000000014,2.4230769230769242,32,2.4615384615384617,,,,,,,,,,,,,,,,,,,"Vinny Nittoli","16754",657697
"Kendall Graveman",,1.57564,2.06414,0,5.05965,30.087,0,0,0,,31.182,138.808,31.6354,18.78,17.53,4.1053,14.5259,0.641234,2.11493,25.5442,7.37277,4.19258,1.75853,1.1849,0.184026,0.104648,0.07937812805175781,0.258952,1.48038,0.297567,0.677522,,,4.80927,-0.0815009,-0.283609,999,,,,,,,97.99999999999999,3.1612903225806446,104,3.3548387096774195,,,,,,,,,,,,,,,,,,,"Kendall Graveman","15514",608665
"Lucas Sims","CHW",0.541685,0.573344,0,5.14253,14.411,0,0,0.5829,,14.2459,63.8013,12.084,8.65,8.14,2.21728,8.80473,0.31678,1.28421,13.6823,8.64395,5.56248,1.55397,1.40079,0.214452,0.138002,0.07644978165626526,0.224976,1.4663,0.260936,0.688167,,,5.36222,-0.0854267,-0.170212,999,,,,,,,49.800000000000026,3.557142857142859,46,3.2857142857142856,,,,,,,,,,,,,,,,,,,"Lucas Sims","13470",608371
"Steven Wilson","TBR",1.98647,1.61836,0,4.90992,43.959,0,0,0.6597,,44.3408,192.759,39.8932,25.87,24.19,8.18652,19.1643,1.18892,2.48213,42.8825,8.704,3.88984,2.23762,1.66165,0.222467,0.099421,0.12304592877626419,0.23314,1.3319,0.264127,0.69727,,,5.06562,-0.0937297,-0.305175,999,,,,,,,150.20000000000002,3.413636363636364,143,3.25,,,,,,,,,,,,,,,,,,,"Steven Wilson","20353",621051
"Albert Suárez","BAL",0.858666,0.811466,0,5.5705,20.138,0.108,0,0.6611,,23.8955,107.365,25.4381,15.8,14.79,3.93015,10.6751,0.640494,1.22774,20.1163,7.57661,4.02067,1.88442,1.48025,0.187364,0.0994279,0.08793564885854721,0.266472,1.5113,0.301164,0.663591,,,5.08395,-0.11165,-0.347911,999,,,,,,,71.40000000000003,2.9750000000000014,76,3.1666666666666665,,,,,,,,,,,,,,,,,,,"Albert Suarez","6175",544150
"Nick Anderson","ATH",0.847971,0.80903,0,5.30817,20.922,0,0,0.6384,,22.0076,96.6512,22.9196,13.94,12.98,4.37046,7.83276,0.747509,1.00272,19.7596,8.08067,3.20321,2.52268,1.7873,0.204442,0.0810416,0.12340064346790314,0.260997,1.39735,0.291261,0.682494,,,5.1255,-0.113715,-0.253019,999,,,,,,,70.80000000000003,3.218181818181819,75,3.409090909090909,,,,,,,,,,,,,,,,,,,"Nick Anderson","18337",623433
"Dietrich Enns","BAL",2.24654,1.9009,0,5.00041,50.568,0.252,0,12.7526,,59.8811,264.923,58.157,35.58,33.27,9.50457,28.2264,2.08541,2.97721,58.7259,8.82638,4.24237,2.08053,1.42852,0.221671,0.106546,0.11512579768896103,0.248833,1.44258,0.293992,0.695204,,,4.80041,-0.117857,-0.470371,999,,,,,,,247.2,4.12,247,4.116666666666666,,,,,,,,,,,,,,,,,,,"Dietrich Enns","13932",608650
"Tomoyuki Sugano","COL",4.85096,9.13041,9.47651,6.26011,20.315,20.315,0,0,,114.942,516.594,142.326,85.17,79.95,23.724,33.5617,0.51025,5.74476,67.2245,5.2637,2.62789,2.00301,1.8576,0.13013,0.0649673,0.06516298651695251,0.298197,1.53023,0.306989,0.635837,,,5.67452,-0.118933,-1.13396,999,,,,,,,200.59999999999997,1.7443478260869563,277,2.408695652173913,,,,,,,,,,,,,,,,,,,"Tomoyuki Sugano","35321",608372
"Tyler Ferguson","ATH",1.86387,1.67583,0,5.00074,45.158,0,1,6.4401,,47.7469,213.715,43.9006,28.35,26.53,6.61781,26.6248,1.35253,4.07301,47.9451,9.03736,5.01862,1.80077,1.24742,0.224341,0.124581,0.0997602716088295,0.239872,1.47707,0.290242,0.688461,,,4.85744,-0.120255,-0.296031,999,,,,,,,186.70000000000002,3.889583333333334,181,3.7708333333333335,,,,,,,,,,,,,,,,,,,"Tyler Ferguson","19481",621053
"Luis Peralta","COL",1.15854,1.31811,0,5.38157,28.827,0,0,0.6093,,28.514,130.262,29.2163,18.23,17.05,3.79924,16.2637,0.726312,1.60588,27.438,8.66038,5.1334,1.68707,1.19917,0.210637,0.124854,0.08578314632177353,0.25995,1.59501,0.313192,0.678518,,,4.82283,-0.124409,-0.288104,999,,,,,,,94.00000000000003,3.2413793103448287,97,3.3448275862068964,,,,,,,,,,,,,,,,,,,"Luis Peralta","24203",678821
"Dan Altavilla","MIN",1.03528,0.893423,0,5.31163,23.996,0,0,0.6268,,24.6704,110.583,24.0745,15.51,14.56,3.56375,12.9808,0.618942,1.67579,20.45,7.46037,4.73552,1.5754,1.30009,0.18493,0.117385,0.06754417717456818,0.250969,1.50201,0.285218,0.671903,,,5.13747,-0.135495,-0.296644,999,,,,,,,72.4,2.8960000000000004,72,2.88,,,,,,,,,,,,,,,,,,,"Dan Altavilla","16507",656186
"Jackson Kowar","BAL",1.07236,0.941599,0,5.38985,24.936,0,0,0.6611,,26.6334,120.186,26.7479,17,15.95,4.1197,13.9564,0.623036,1.858,24.4408,8.25907,4.71618,1.75122,1.39213,0.203359,0.116124,0.0872347429394722,0.256277,1.52832,0.298483,0.678493,,,5.092,-0.148834,-0.292198,999,,,,,,,84.40000000000002,3.1259259259259267,87,3.2222222222222223,,,,,,,,,,,,,,,,,,,"Jackson Kowar","21549",663804
"Scott McGough",,1.25471,1.74896,0,5.39995,24.24,0.061,0,0,,26.2169,117.04,26.7224,16.85,15.73,4.66346,12.1032,0.659748,1.44707,23.6198,8.10845,4.1549,1.95154,1.60092,0.20181,0.103411,0.09839945286512375,0.258213,1.48094,0.293312,0.680428,,,5.19625,-0.171322,-0.34431,999,,,,,,,69.7,2.680769230769231,74,2.8461538461538463,,,,,,,,,,,,,,,,,,,"Scott McGough","12056",543518
"Michael Kelly","ATH",2.24697,2.35135,0,5.7594,57.263,0,3,11.4076,,59.8656,270.029,64.187,40.98,38.31,11.0653,27.1813,1.89023,3.37433,49.2681,7.4068,4.08635,1.81257,1.66352,0.182455,0.100661,0.08179396390914917,0.268034,1.52622,0.296537,0.664079,,,5.42325,-0.521432,-0.971119,999,,,,,,,209.29999999999998,3.488333333333333,224,3.7333333333333334,,,,,,,,,,,,,,,,,,,"Michael Kelly","12791",547184