Name,Team,G,PA,AB,H,1B,2B,3B,HR,R,RBI,BB,IBB,SO,HBP,SF,SH,GDP,SB,CS,AVG,BB%,K%,BB/K,OBP,SLG,wOBA,OPS,ISO,Spd,BABIP,UBR,wSB,wRC,wRAA,wRC+,BsR,Fld,Off,Def,WAR,ADP,InterSD,InterSK,IntraSD,Vol,Skew,Dim,FPTS,FPTS/G,SPTS,SPTS/G,P10,P20,P30,P40,P50,P60,P70,P80,P90,TT10,TT20,TT30,TT40,TT50,TT60,TT70,TT80,TT90,NameASCII,PlayerId,MLBAMID
"Aaron Judge","NYY",145.111,637.707,517.885,148.858,75.3084,24.1481,0.756185,48.6451,104.904,117.76,108.428,18.2188,159.169,5.98771,4.28457,0.517038,9.03211,8.04874,2.88091,0.287434,0.170028,0.249596,0.681214,0.413572,0.618773,0.426439,1.03234,0.331339,3.49,0.318788,,-0.702259,134.055,58.7052,179.43,-0.702259,-2.34,58.99802362918854,-9.350192785263062,7.32524,1.909999966621399,,,,,,,1201.1,8.283448275,1201.1,8.283448275,,,,,,,,,,,,,,,,,,,"Aaron Judge","15640",592450
"Cal Raleigh","SEA",149.964,623.634,538.716,126.316,59.1576,23.0181,0.48273,43.6572,87.5266,110.986,73.5213,6.88848,170.68,6.20114,4.3988,0.507143,6.43114,7.77359,2.29475,0.234475,0.117892,0.273687,0.430754,0.330806,0.522113,0.359258,0.852919,0.287638,3.5043,0.251412,,-0.256387,97.0814,23.3942,138.555,-0.256387,14.95,28.08247610926628,21.703858375549316,7.28985,18.040000915527344,,,,,,,896.5,5.976666666,896.5,5.976666666,,,,,,,,,,,,,,,,,,,"Cal Raleigh","21534",663728
"Shohei Ohtani","LAD",148.484,660.136,559.969,159.222,80.3245,26.4646,5.59487,46.8381,122.062,115.901,89.635,13.4592,155.856,4.77889,3.63435,0.742485,8.50331,23.2429,10.6263,0.284341,0.135783,0.236097,0.575114,0.385455,0.602516,0.410249,0.987971,0.318176,6.23915,0.311391,,-0.767772,130.093,52.0929,167.128,-0.767772,0,51.75319713354111,-14.016881942749023,6.10798,1.2200000286102295,,,,,,,1179.7,7.970945945,1179.7,7.970945945,,,,,,,,,,,,,,,,,,,"Shohei Ohtani","19755",660271
"Juan Soto","NYM",154.765,678.279,547.289,145.959,83.0932,24.8438,0.638654,37.3831,106.909,97.1487,121.869,8.89387,120.909,4.16722,3.86599,1.08761,13.8158,17.3793,5.71444,0.266694,0.179674,0.178258,1.00794,0.401652,0.51934,0.393136,0.920992,0.252646,4.05881,0.27637,,-0.186187,124.244,44.1006,158.197,-0.186187,-2.99,46.59864856302738,-10.350013494491577,6.01753,4.639999866485596,,,,,,,1090.1,7.032903225,1090.1,7.032903225,,,,,,,,,,,,,,,,,,,"Juan Soto","20123",665742
"Bobby Witt Jr.","KCR",151.414,660.092,599.352,170.715,101.278,36.2408,6.08751,27.1081,100.361,90.9357,47.7272,5.00543,113.846,6.40998,5.74153,0.861796,6.88571,34.9599,9.94101,0.284832,0.0723039,0.172469,0.419227,0.341082,0.5013,0.357348,0.842382,0.216467,7.11512,0.309404,,1.92802,101.733,23.7378,127.691,1.92802,3.65,23.471144437789917,10.659907341003418,5.8165,3.0199999809265137,,,,,,,951.5,6.301324503,951.5,6.301324503,,,,,,,,,,,,,,,,,,,"Bobby Witt Jr.","25764",677951
"Julio Rodríguez","SEA",151.546,659.331,597.875,165.433,103.718,28.1825,3.85911,29.6738,96.1369,90.5928,47.8213,3.64276,147.945,9.22523,3.85529,0.554558,11.1926,25.2573,7.13762,0.276703,0.0725301,0.224386,0.323238,0.337717,0.485646,0.35197,0.823363,0.208944,6.10049,0.320104,,1.09122,98.737,20.8319,133.535,1.09122,0.52,27.15085279941559,2.6677606105804443,5.37261,9.550000190734863,,,,,,,910.9,5.992763157,910.9,5.992763157,,,,,,,,,,,,,,,,,,,"Julio Rodriguez","23697",677594
"Gunnar Henderson","BAL",152.564,659.146,582.564,156.739,92.6518,33.1541,3.85311,27.0798,96.7198,82.7874,64.9901,3.18233,141.925,5.70515,5.35361,0.533031,11.9818,20.3221,5.22412,0.26905,0.0985974,0.215317,0.457919,0.345323,0.47864,0.353051,0.823963,0.20959,5.8518,0.309513,,0.8677,99.2875,21.4043,129.192,0.8677,-1.33,23.54616153240204,5.733147978782654,5.31678,12.229999542236328,,,,,,,905.5,5.918300653,905.5,5.918300653,,,,,,,,,,,,,,,,,,,"Gunnar Henderson","26289",683002
"José Ramírez","CLE",150.798,649.666,577.061,159.877,93.8968,33.5051,3.14779,29.3276,94.2807,89.8893,61.3101,14.9483,74.1664,4.4921,5.90263,0.71195,7.05893,32.8117,10.4865,0.277055,0.0943717,0.114161,0.826656,0.34786,0.498493,0.354745,0.846353,0.221439,5.92105,0.27228,,1.31234,98.7531,21.99,130.099,1.31234,0.6,24.35927402973175,1.1997756361961365,4.90276,5.739999771118164,,,,,,,937,6.205298013,937,6.205298013,,,,,,,,,,,,,,,,,,,"Jose Ramirez","13510",608070
"Corey Seager","TEX",124.021,531.47,458.706,126.631,74.7385,23.7619,0.781178,27.3492,70.7222,83.3411,59.3606,8.5125,98.1819,4.65709,4.32469,0.490694,10.3995,1.83567,0.717547,0.276061,0.111691,0.184737,0.604598,0.361729,0.510137,0.368695,0.871865,0.234076,2.64292,0.294168,,-0.78654,86.8059,24.0086,139.929,-0.78654,-0.09,24.225006937980652,3.9977218210697174,4.75907,96.63999938964844,,,,,,,774.3,6.244354838,774.3,6.244354838,,,,,,,,,,,,,,,,,,,"Corey Seager","13624",608369
"Francisco Lindor","NYM",140.706,620.836,547.421,142.007,86.7106,26.8404,1.5938,26.8617,87.0378,79.3199,52.8584,1.06501,115.912,9.5393,4.51012,0.686377,9.28626,22.0416,6.18138,0.25941,0.0851406,0.186703,0.456023,0.332728,0.461472,0.342551,0.7942,0.202062,5.51471,0.281419,,0.899612,88.2241,14.8675,123.544,0.899612,1.02,18.224055349826813,7.051635265350342,4.69932,26.8799991607666,,,,,,,805.7,5.714184397,805.7,5.714184397,,,,,,,,,,,,,,,,,,,"Francisco Lindor","12916",596019
"Kyle Tucker","LAD",142.781,620.24,527.792,143.984,83.3018,29.0197,2.06037,29.6024,96.459,88.2194,81.535,5.83087,87.4596,3.55773,5.10124,0.82704,8.8957,18.5965,5.50445,0.272805,0.131457,0.141009,0.932259,0.370683,0.503858,0.372996,0.874541,0.231053,5.08542,0.275068,,0.391936,103.471,30.1847,141.608,0.391936,0.35,30.978806525468826,-6.2602318823337555,4.64029,13.199999809265137,,,,,,,933.2,6.525874125,933.2,6.525874125,,,,,,,,,,,,,,,,,,,"Kyle Tucker","18345",663656
"William Contreras","MIL",143.897,599.621,522.863,138.542,92.7048,25.9227,0.988776,18.9255,71.7463,76.1791,67.0245,2.71383,117.348,4.6419,4.1264,0.965616,14.9798,5.94765,1.7616,0.264968,0.111778,0.195703,0.571162,0.351134,0.426916,0.339303,0.77805,0.161948,3.47019,0.306146,,-0.599082,83.6283,12.7785,118.773,-0.599082,5.49,12.74265968799591,12.624372959136963,4.63645,54.849998474121094,,,,,,,736.9,5.117361111,736.9,5.117361111,,,,,,,,,,,,,,,,,,,"William Contreras","20503",661388
"Ketel Marte","ARI",140.022,612.149,533.875,146.134,85.58,29.4741,2.653,28.4266,85.1143,93.1074,66.4086,4.38928,101.367,6.30006,4.24855,0.633839,12.6143,4.82036,1.7996,0.273723,0.108484,0.165593,0.655128,0.358269,0.498607,0.366022,0.856877,0.224884,3.9081,0.288265,,-0.788889,98.6552,26.3251,135.338,-0.788889,-0.25,24.849678456783295,-0.17876380681991577,4.60788,32.119998931884766,,,,,,,867.9,6.199285714,867.9,6.199285714,,,,,,,,,,,,,,,,,,,"Ketel Marte","13613",606466
"Corbin Carroll","ARI",138.004,601.744,523.351,136.036,74.3448,27.7762,9.36682,24.5484,97.3803,75.0428,63.0929,2.58939,128.058,7.92881,3.91356,3.45788,7.28031,33.4913,7.13118,0.259933,0.10485,0.212812,0.492689,0.346085,0.48952,0.357223,0.835605,0.229588,8.25464,0.297572,,2.83536,92.6791,21.5784,129.31,2.83536,7.11,23.738909006118774,0.9102320671081543,4.57023,15.069999694824219,,,,,,,862.2,6.247826086,862.2,6.247826086,,,,,,,,,,,,,,,,,,,"Corbin Carroll","25878",682998
"Yordan Alvarez","HOU",129.283,552.423,470.27,139.295,79.4984,28.7334,1.03233,30.031,82.0491,87.6947,68.7157,8.89001,90.2547,7.6929,5.21751,0.527021,9.29148,3.64712,1.20024,0.296203,0.12439,0.16338,0.761354,0.390841,0.55327,0.397543,0.944112,0.257068,3.18544,0.307612,,-0.732653,103.167,37.8939,158.971,-0.732653,-0.44,37.66329324245453,-12.211138188838959,4.54939,33.290000915527344,,,,,,,916,7.100775193,916,7.100775193,,,,,,,,,,,,,,,,,,,"Yordan Alvarez","19556",670541
"Fernando Tatis Jr.","SDP",148.445,645.902,564.397,150.383,92.7382,26.923,3.32664,27.3953,95.8225,82.3989,70.1376,3.08033,129.137,6.21415,4.19922,0.954138,12.5191,23.7943,6.58419,0.266449,0.108589,0.199933,0.543126,0.351555,0.471557,0.354406,0.823112,0.205108,5.94569,0.298468,,0.966568,98.0034,21.6851,132.104,0.966568,4.32,25.54276692867279,-2.7433552742004395,4.53129,14.199999809265137,,,,,,,879.2,5.94054054,879.2,5.94054054,,,,,,,,,,,,,,,,,,,"Fernando Tatis Jr.","19709",665487
"Ronald Acuña Jr.","ATL",143.672,628.896,532.749,146.668,91.5415,24.9735,2.03403,28.1186,99.7188,81.6088,83.2985,3.40977,135.785,8.47618,3.82245,0.549843,12.2435,28.0611,7.70802,0.275303,0.132452,0.21591,0.613458,0.379476,0.488156,0.374306,0.867632,0.212853,5.57702,0.318109,,1.26796,105.584,31.2752,141.526,1.26796,-2.8,32.22043192386627,-10.214375257492065,4.39223,5.71999979019165,,,,,,,941.1,6.535416666,941.1,6.535416666,,,,,,,,,,,,,,,,,,,"Ronald Acuna Jr.","18401",660670
"Mookie Betts","LAD",142.519,621.46,544.454,145.923,91.126,30.0776,2.32024,22.399,85.5257,79.5978,63.5667,1.26201,71.1211,5.81547,5.92856,0.710378,8.96802,8.82622,2.7287,0.268017,0.102286,0.114442,0.893781,0.347398,0.455205,0.347065,0.802603,0.187188,4.38284,0.270374,,-0.403495,90.5904,17.1601,123.845,-0.403495,-1.65,17.159599632024765,4.94810163974762,4.37732,58.29999923706055,,,,,,,797.5,5.576923076,797.5,5.576923076,,,,,,,,,,,,,,,,,,,"Mookie Betts","13611",605141
"Junior Caminero","TBR",149.262,636.962,585.156,158.85,95.4365,25.4797,1.31029,36.6231,83.4105,106.21,41.3853,2.20489,121.986,4.6517,5.18341,0.585986,13.3269,5.41579,1.41949,0.271466,0.0649729,0.191513,0.339261,0.321958,0.507249,0.352045,0.829207,0.235783,3.47481,0.283109,,-0.417552,95.4258,20.1638,126.172,-0.417552,-0.39,19.230877608060837,1.331507682800293,4.34681,16.700000762939453,,,,,,,876.1,5.879865771,876.1,5.879865771,,,,,,,,,,,,,,,,,,,"Junior Caminero","28163",691406
"Willy Adames","SFG",151.861,649.508,568.313,134.833,75.7278,26.6159,1.27813,31.2107,86.732,87.6,68.8905,1.63495,169.478,3.80555,5.06295,0.502691,7.80811,11.2976,3.07522,0.23725,0.106066,0.260933,0.406486,0.321216,0.453336,0.333644,0.774551,0.216085,4.32559,0.278039,,0.0311168,87.6017,10.8573,116.535,0.0311168,0.76,12.760060660541058,7.790601491928101,4.31349,129.41000366210938,,,,,,,794.9,5.229605263,794.9,5.229605263,,,,,,,,,,,,,,,,,,,"Willy Adames","15986",642715
"Vladimir Guerrero Jr.","TOR",152.96,662.677,577.702,168.729,109.358,31.7655,0.546425,27.0588,92.1584,91.923,72.9027,7.00332,88.6807,7.13627,4.31087,0.625138,16.5629,5.9456,2.25029,0.292069,0.110012,0.133822,0.822081,0.375753,0.489463,0.370941,0.865215,0.197394,3.18522,0.303834,,-0.936517,109.445,31.1445,140.675,-0.936517,-0.37,30.832349002361298,-12.367149472236633,4.22279,18.209999084472656,,,,,,,966.5,6.316993464,966.5,6.316993464,,,,,,,,,,,,,,,,,,,"Vladimir Guerrero Jr.","19611",665489
"Trea Turner","PHI",143.427,627.757,572.458,162.838,110.97,28.9706,4.13415,18.7625,85.5571,75.6066,38.985,0.323056,114.162,5.32219,4.17631,0.777685,11.6422,24.5403,6.19525,0.284453,0.0621021,0.181857,0.341489,0.333598,0.44783,0.337639,0.781428,0.163377,6.15868,0.324706,,1.34804,86.7044,12.53,115.268,1.34804,-0.43,12.708066582679749,6.210139095783234,4.07243,26.110000610351562,,,,,,,789,5.517482517,789,5.517482517,,,,,,,,,,,,,,,,,,,"Trea Turner","16252",607208
"Wyatt Langford","TEX",142.493,613.139,532.387,133.184,79.2962,28.2094,2.30005,23.3779,84.5438,72.5808,70.1968,2.63596,144.048,6.28889,3.71815,0.548387,8.05555,19.8924,5.46378,0.250163,0.114488,0.234936,0.487315,0.342266,0.443525,0.340717,0.785791,0.193362,5.50064,0.297835,,0.729957,86.2174,13.7703,120.656,0.729957,5.45,15.657358348369598,2.29496169090271,3.99587,41.33000183105469,,,,,,,773.6,5.447887323,773.6,5.447887323,,,,,,,,,,,,,,,,,,,"Wyatt Langford","33333",694671
"Will Smith","LAD",123.476,497.176,423.736,110.338,67.4058,20.9476,1.57281,20.4121,68.4158,66.8886,56.827,2.28294,93.007,9.14958,5.86065,0.46911,7.69847,3.03967,0.960024,0.260394,0.1143,0.187071,0.610997,0.35578,0.461768,0.352954,0.817548,0.201374,3.62936,0.284417,,-0.650688,74.8509,16.1057,127.879,-0.650688,-2.55,15.777445435523987,6.391163110733032,3.96049,99.51000213623047,,,,,,,653.2,5.310569105,653.2,5.310569105,,,,,,,,,,,,,,,,,,,"Will Smith","19197",669257
"Matt Chapman","SFG",145.563,613.512,532.679,126.997,70.9027,26.7709,2.87891,26.4446,83.857,76.6305,68.9951,1.0606,153.257,6.65429,4.65291,0.531156,8.62218,8.92893,2.17131,0.238412,0.112459,0.249802,0.450193,0.330592,0.448412,0.337139,0.779004,0.21,5.03269,0.281163,,-0.06389,84.4875,11.9964,118.929,-0.06389,1.2,13.700370281934738,3.4463424682617188,3.84269,163.82000732421875,,,,,,,757.5,5.188356164,757.5,5.188356164,,,,,,,,,,,,,,,,,,,"Matt Chapman","16505",656305
"Elly De La Cruz","CIN",148.702,640.66,574.651,148.226,90.582,29.8386,4.87853,22.9267,93.7873,71.7835,57.2193,4.96948,178.87,3.30509,3.94593,1.53898,8.93486,39.5436,10.5112,0.257941,0.0893131,0.279197,0.319892,0.326621,0.446535,0.331536,0.773156,0.188594,7.34511,0.332535,,2.63945,85.3116,9.61268,107.818,2.63945,0.56,8.575421810150146,7.205311834812164,3.79535,8.550000190734863,,,,,,,810.7,5.440939597,810.7,5.440939597,,,,,,,,,,,,,,,,,,,"Elly De La Cruz","26668",682829
"Adley Rutschman","BAL",137.748,559.804,489.305,122.635,79.4743,25.5291,0.938795,16.6927,65.4351,63.4778,61.0452,1.84073,89.0996,3.83093,4.99667,0.62651,10.9456,1.0512,0.392185,0.250631,0.109047,0.159162,0.685134,0.335334,0.408988,0.325284,0.744322,0.158357,2.4754,0.272689,,-0.891168,71.7031,5.55794,110.064,-0.891168,5.56,5.7489131689071655,11.497413635253906,3.73583,150.97999572753906,,,,,,,637.6,4.620289855,637.6,4.620289855,,,,,,,,,,,,,,,,,,,"Adley Rutschman","26288",668939
"Alejandro Kirk","TOR",122.314,484.139,428.329,112.647,79.2234,20.1072,0.295361,13.0206,55.2627,55.1787,46.058,1.62285,58.4524,4.5482,4.63655,0.567234,12.1839,0.430692,0.117171,0.262991,0.0951339,0.120735,0.787957,0.337598,0.402509,0.323867,0.740106,0.139518,1.72434,0.275596,,-0.808224,61.4547,4.24995,108.247,-0.808224,7.31,3.897883892059326,15.865312099456787,3.72688,156.9499969482422,,,,,,,538,4.409836065,538,4.409836065,,,,,,,,,,,,,,,,,,,"Alejandro Kirk","22581",672386
"Zach Neto","LAA",148.063,633.985,567.958,141.281,83.6315,29.0015,1.1949,27.4532,85.0233,76.4808,42.8359,2.83054,158.622,16.0937,3.86864,3.2287,8.55751,27.0134,7.96843,0.248753,0.0675662,0.250199,0.27005,0.317414,0.449033,0.330004,0.766447,0.200281,5.61124,0.295081,,1.21702,83.6346,8.72441,110.693,1.21702,-1.66,9.207355380058289,5.194768786430359,3.70605,27.790000915527344,,,,,,,771.1,5.210135135,771.1,5.210135135,,,,,,,,,,,,,,,,,,,"Zach Neto","31347",687263
"Geraldo Perdomo","ARI",150.441,648.401,550.764,142.948,99.1248,26.5837,3.63864,13.6011,83.4728,59.6098,72.716,1.23446,88.6652,6.9336,5.4209,12.5669,12.617,18.4314,5.31461,0.259546,0.112147,0.136744,0.820119,0.350088,0.39511,0.328809,0.745198,0.135565,5.57485,0.284957,,0.337804,84.907,8.29341,109.846,0.337804,-0.26,7.90401217341423,6.7048609256744385,3.7018,76.6500015258789,,,,,,,742.7,4.951333333,742.7,4.951333333,,,,,,,,,,,,,,,,,,,"Geraldo Perdomo","22799",672695
"Jazz Chisholm Jr.","NYY",139.829,584.631,519.608,124.149,72.9775,18.1279,3.21635,29.8275,88.1686,72.146,54.9648,1.96965,157.318,4.83013,3.97612,1.25166,7.87587,31.6868,7.91534,0.238929,0.0940162,0.26909,0.349386,0.315308,0.458408,0.332109,0.773716,0.219479,6.78217,0.280354,,2.23238,78.123,9.04438,114.45,2.23238,1.82,12.189050912857056,3.7771241664886475,3.69228,20.1200008392334,,,,,,,744.1,5.315,744.1,5.315,,,,,,,,,,,,,,,,,,,"Jazz Chisholm Jr.","20454",665862
"Shea Langeliers","ATH",128.415,525.998,478.318,123.674,66.923,24.5935,1.68917,30.4685,73.3517,79.0562,38.8752,1.11639,120.777,4.1121,3.95281,0.739603,7.32069,6.08447,1.65421,0.25856,0.0739075,0.229614,0.321877,0.317294,0.508138,0.35043,0.825432,0.249577,4.26039,0.281566,,-0.178755,78.112,15.9613,123.122,-0.178755,-3.75,14.155970841646194,3.516280174255371,3.66036,55.369998931884766,,,,,,,717.1,5.60234375,717.1,5.60234375,,,,,,,,,,,,,,,,,,,"Shea Langeliers","25816",669127
"Nick Kurtz","ATH",142.045,577.044,497.041,127.933,64.2527,24.8697,2.07017,36.7402,87.7777,93.2287,71.2608,3.62531,177.656,4.3717,3.72614,0.576159,8.25422,3.11149,1.04734,0.257389,0.123493,0.307872,0.401118,0.353167,0.537508,0.376926,0.890675,0.280119,3.71726,0.318442,,-0.706149,98.1059,29.9237,141.374,-0.706149,-0.7,27.433141350746155,-11.909359157085419,3.6203,17.860000610351562,,,,,,,879.4,6.192957746,879.4,6.192957746,,,,,,,,,,,,,,,,,,,"Nick Kurtz","35110",701762
"Jackson Merrill","SDP",142.772,606.554,554.744,149.016,91.9539,32.17,2.37799,22.5146,76.1449,78.7811,40.4906,1.95336,119.161,3.17223,5.16565,2.98109,9.54367,8.88819,2.59885,0.268622,0.0667552,0.196455,0.339799,0.319231,0.456942,0.332425,0.776174,0.188321,4.39486,0.302466,,-0.169038,81.2078,9.53879,117.045,-0.169038,0.13,12.084720030426979,2.1374250650405884,3.51979,70.52999877929688,,,,,,,737.5,5.157342657,737.5,5.157342657,,,,,,,,,,,,,,,,,,,"Jackson Merrill","29490",701538
"Pete Crow-Armstrong","CHC",146.878,617.769,562.497,139.294,82.9193,27.7952,5.20847,23.3707,87.5114,69.8528,34.7725,2.34978,152.344,8.08671,4.99992,7.41332,5.55996,33.9193,7.60254,0.247635,0.0562872,0.246603,0.228251,0.298437,0.440212,0.315942,0.73865,0.192578,7.70385,0.295886,,2.85565,74.4422,1.44801,103.808,2.85565,5.81,5.64371132850647,8.076635837554932,3.50663,32.0099983215332,,,,,,,713.5,4.853741496,713.5,4.853741496,,,,,,,,,,,,,,,,,,,"Pete Crow-Armstrong","27769",691718
"Rafael Devers","SFG",149.88,649.365,557.685,142.768,80.5832,28.1037,0.91432,33.167,88.0427,95.7359,80.8948,9.27624,157.791,6.437,3.80289,0.545144,11.621,2.09864,0.918449,0.256001,0.124575,0.242993,0.512669,0.354644,0.488092,0.358829,0.842735,0.23209,2.68671,0.295796,,-1.00367,100.86,24.1329,133.788,-1.00367,0.02,25.000426173210144,-12.58328865095973,3.48084,58.22999954223633,,,,,,,901.9,6.012666666,901.9,6.012666666,,,,,,,,,,,,,,,,,,,"Rafael Devers","17350",646240
"Bryce Harper","PHI",140.172,606.854,522.449,143.419,84.7138,31.2682,0.885419,26.5512,84.1346,87.0641,74.5135,7.58975,127.586,4.75303,4.1598,0.978815,11.5339,9.7595,4.42225,0.274512,0.122787,0.210242,0.584025,0.367543,0.490213,0.366223,0.857756,0.215701,3.83002,0.313762,,-0.891529,97.9005,26.196,134.849,-0.891529,0.39,24.17342919111252,-10.516820311546326,3.46295,47.029998779296875,,,,,,,876,6.257142857,876,6.257142857,,,,,,,,,,,,,,,,,,,"Bryce Harper","11579",547180
"Jeremy Peña","HOU",137.4,592.536,540.492,148.378,103.539,25.9606,1.62964,17.2486,76.6508,66.2356,34.0994,0.75386,107.199,10.0768,3.92547,2.21076,13.1243,16.2373,4.56858,0.274524,0.0575482,0.180915,0.318096,0.327143,0.424324,0.326492,0.751467,0.1498,5.22388,0.312235,,0.40636,76.4768,6.46414,110.027,0.40636,-0.37,7.408995419740677,5.991110682487488,3.45757,104.48999786376953,,,,,,,683.8,4.991240875,683.8,4.991240875,,,,,,,,,,,,,,,,,,,"Jeremy Pena","21636",665161
"Jacob Wilson","ATH",138.249,578.63,534.95,162.645,121.671,28.3733,1.43379,11.1674,70.8041,63.3194,30.4396,0.762247,47.5181,6.36488,3.99332,2.88192,17.0547,5.4694,1.8241,0.304038,0.0526063,0.0821217,0.640589,0.346418,0.425064,0.335707,0.771482,0.121026,3.68317,0.315409,,-0.694288,79.0112,10.6416,112.98,-0.694288,-0.54,8.158036530017853,5.7149524092674255,3.45699,188.1199951171875,,,,,,,680,4.927536231,680,4.927536231,,,,,,,,,,,,,,,,,,,"Jacob Wilson","33266",805779
"Kyle Schwarber","PHI",150.241,657.654,549.841,127.323,62.6652,20.1781,1.05506,43.4246,96.4486,109.9,96.9475,3.82889,183.433,7.14193,3.17239,0.550766,9.41769,6.00479,2.01248,0.231563,0.147414,0.278921,0.528516,0.352171,0.509029,0.367766,0.8612,0.277466,3.4694,0.257234,,-0.698771,106.92,29.2129,135.906,-0.698771,0,27.288360059261322,-16.040470123291016,3.38943,23.90999984741211,,,,,,,946.9,6.312666666,946.9,6.312666666,,,,,,,,,,,,,,,,,,,"Kyle Schwarber","16478",656941
"Austin Riley","ATL",145.948,626.003,564.207,145.779,88.3478,27.7378,2.49709,27.1961,80.0036,86.5861,47.8574,0.897501,161.173,8.43834,4.98072,0.519545,10.038,2.46016,0.870388,0.258378,0.0764492,0.257464,0.296932,0.323069,0.461,0.337211,0.784069,0.202621,3.54491,0.311389,,-0.813371,86.2444,12.2773,116.114,-0.813371,-0.75,11.142668962478638,1.1269031763076782,3.38622,62.91999816894531,,,,,,,769,5.267123287,769,5.267123287,,,,,,,,,,,,,,,,,,,"Austin Riley","18360",663586
"Alex Bregman","CHC",148.699,641.169,563.282,141.595,90.8391,27.5236,1.4335,21.799,75.9848,79.1322,63.6605,1.41668,89.9255,7.87621,5.42254,0.92783,11.9918,2.52845,0.726962,0.251375,0.0992881,0.140252,0.707925,0.332893,0.421428,0.328774,0.754321,0.170053,2.91008,0.262148,,-0.854613,83.9417,8.18268,112.598,-0.854613,0.48,8.718885838985443,2.7747375667095184,3.35846,118.83000183105469,,,,,,,744.8,4.998657718,744.8,4.998657718,,,,,,,,,,,,,,,,,,,"Alex Bregman","17678",608324
"Jackson Chourio","MIL",144.931,629.064,578.821,157.841,97.8515,33.3584,3.20412,23.4271,82.6919,85.2885,40.1493,2.54588,127.908,4.30373,4.5886,1.20112,9.2253,24.3793,6.42091,0.272694,0.0638239,0.203331,0.313891,0.322195,0.462818,0.335869,0.785013,0.190124,5.79257,0.31109,,1.32375,85.9807,11.652,116.421,1.32375,4.68,13.566644191741943,-1.8373737335205078,3.34136,19.09000015258789,,,,,,,795.6,5.486896551,795.6,5.486896551,,,,,,,,,,,,,,,,,,,"Jackson Chourio","28806",694192
"Byron Buxton","MIN",121.103,521.832,468.99,117.246,60.4047,25.663,2.68585,28.492,75.6974,76.1641,40.4782,1.93692,143.093,8.49826,3.33062,0.535402,5.30026,14.4674,3.1531,0.249996,0.0775694,0.274213,0.28288,0.318863,0.498425,0.347589,0.817288,0.248429,6.00193,0.295122,,0.892911,76.2896,14.6312,123.227,0.892911,-0.26,15.178309619426727,-0.6337747573852539,3.32568,71.86000061035156,,,,,,,704.1,5.819008264,704.1,5.819008264,,,,,,,,,,,,,,,,,,,"Byron Buxton","14161",621439
"Manny Machado","SDP",146.603,628.663,568.336,147.922,94.5057,26.1549,1.46985,25.7912,78.6495,82.7616,51.121,3.6499,122.54,2.30558,5.71093,0.623816,10.9379,9.50464,2.51262,0.260271,0.081317,0.194921,0.417179,0.320887,0.447605,0.329425,0.768492,0.187333,4.07572,0.286882,,-0.0805371,82.6367,8.35536,114.99,-0.0805371,-0.27,11.088752523064613,-0.5650946795940399,3.21665,37.68000030517578,,,,,,,755.9,5.14217687,755.9,5.14217687,,,,,,,,,,,,,,,,,,,"Manny Machado","11493",592518
"Patrick Bailey","SFG",126.69,473.278,428.685,92.0866,62.5709,19.0046,1.16148,9.34957,45.1593,43.1662,34.8728,0.418548,129.363,3.42512,3.47,2.82505,7.37509,1.84902,0.588972,0.214812,0.0736835,0.273334,0.269573,0.277147,0.329992,0.268476,0.607139,0.115181,3.24092,0.281953,,-0.534531,38.7916,-17.1298,71.8932,-0.534531,21.91,-16.300572335720062,31.685462951660156,3.18509,746.6099853515625,,,,,,,346.6,2.729133858,346.6,2.729133858,,,,,,,,,,,,,,,,,,,"Patrick Bailey","27478",672275
"Gabriel Moreno","ARI",113.025,440.8,393.465,108.179,75.6142,20.9386,1.35806,10.2684,52.6873,51.8928,39.0888,1.85471,75.0306,3.93079,3.64777,0.667659,10.1135,4.13365,1.39005,0.27494,0.088677,0.170215,0.520971,0.34353,0.413351,0.329915,0.756881,0.138411,3.81477,0.314004,,-0.513458,58.118,6.03407,110.604,-0.513458,3.31,5.0262386202812195,11.146675109863281,3.15516,178.91000366210938,,,,,,,506.2,4.479646017,506.2,4.479646017,,,,,,,,,,,,,,,,,,,"Gabriel Moreno","22664",672515
"Xander Bogaerts","SDP",136.389,569.657,506.682,134.503,95.5611,24.1395,1.33165,13.4709,70.3806,59.8516,44.9318,1.41655,102.008,4.9389,5.41187,0.902317,11.7901,17.9137,4.17809,0.265459,0.0788752,0.17907,0.440472,0.328088,0.398117,0.317114,0.726205,0.132658,5.04669,0.305164,,0.921008,69.1866,1.87726,106.557,0.921008,0.12,5.34808737039566,6.434305779635906,3.14458,238.92999267578125,,,,,,,619.5,4.555147058,619.5,4.555147058,,,,,,,,,,,,,,,,,,,"Xander Bogaerts","12161",593428
"Bo Bichette","NYM",139.219,607.795,563.107,161.859,114.512,29.0711,2.07386,16.2014,74.1371,71.7736,35.7299,1.16491,97.7954,3.67807,4.15712,0.682297,14.1188,6.47264,1.99783,0.287439,0.0587862,0.160902,0.365354,0.331755,0.432745,0.330786,0.7645,0.145306,4.02543,0.32135,,-0.532059,80.5655,8.74983,115.485,-0.532059,-0.81,10.623070061206818,-0.26146191358566284,3.12903,96.41999816894531,,,,,,,715.9,5.150359712,715.9,5.150359712,,,,,,,,,,,,,,,,,,,"Bo Bichette","19612",666182
"Riley Greene","DET",148.286,629.68,562.633,144.219,85.7445,25.4008,3.76256,29.3114,83.8918,86.2142,57.4216,1.88448,179.812,4.91114,4.23225,0.481974,10.8748,3.92377,1.0418,0.256329,0.0911917,0.285561,0.319342,0.328278,0.471141,0.342879,0.799419,0.214812,4.39174,0.321203,,-0.607,89.6485,15.247,120.489,-0.607,1.45,14.59913569688797,-5.808789491653442,3.11674,77.75,,,,,,,802.1,5.419594594,802.1,5.419594594,,,,,,,,,,,,,,,,,,,"Riley Greene","25976",682985
"Maikel Garcia","KCR",150.054,640.193,576.205,153.71,106.397,30.3331,3.90586,13.0747,82.242,65.7571,53.0445,0.817917,93.0866,1.63625,5.95769,3.34938,12.6158,26.3263,5.96191,0.266763,0.082857,0.145404,0.56984,0.327225,0.401036,0.31757,0.728262,0.134273,6.17764,0.295452,,1.76577,77.9905,2.34675,100.289,1.76577,3.97,1.9839745312929153,6.383149147033691,3.11046,66.29000091552734,,,,,,,716,4.773333333,716,4.773333333,,,,,,,,,,,,,,,,,,,"Maikel Garcia","22715",672580
"Hunter Goodman","COL",137.438,555.024,510.78,130.946,70.9305,29.0647,2.05642,28.8945,70.94,87.8867,33.5824,0.407271,145.369,5.64171,4.55177,0.467728,8.20088,2.52413,0.730815,0.256365,0.0605063,0.261915,0.231015,0.306859,0.491028,0.339474,0.797887,0.234663,3.66581,0.299212,,-0.518972,77.4855,11.9051,104.483,-0.518972,4.68,2.429982841014862,8.70743465423584,3.02878,64.41999816894531,,,,,,,713.6,5.208759124,713.6,5.208759124,,,,,,,,,,,,,,,,,,,"Hunter Goodman","29715",696100
"Austin Wells","NYY",116.951,440.669,394.738,85.101,48.9248,18.2031,1.14395,16.8292,48.7157,51.4105,36.8525,0.764711,111.123,4.75489,3.47625,0.825499,5.78585,3.4955,0.968819,0.215589,0.0836285,0.25217,0.331636,0.28809,0.395401,0.297113,0.683491,0.179812,3.80199,0.252614,,-0.290263,46.3645,-5.7039,90.3418,-0.290263,10.95,-5.306517332792282,19.67319679260254,3.02168,259.4800109863281,,,,,,,427.6,3.654700854,427.6,3.654700854,,,,,,,,,,,,,,,,,,,"Austin Wells","27562",669224
"Pete Alonso","BAL",152.706,654.769,574.642,142.913,80.9486,24.3434,1.76614,35.8551,87.2578,95.9392,61.9172,4.09237,150.33,12.5312,5.07892,0.599974,11.1694,2.95773,0.823829,0.2487,0.0945635,0.229593,0.411875,0.332272,0.484397,0.348869,0.816668,0.235697,3.33554,0.272042,,-0.744691,96.405,19.039,126.311,-0.744691,-0.43,19.56002128124237,-12.795939147472382,2.99777,24.469999313354492,,,,,,,873.1,5.706535947,873.1,5.706535947,,,,,,,,,,,,,,,,,,,"Pete Alonso","19251",624413
"Taylor Ward","BAL",147.812,630.401,551.973,134.892,81.1627,24.6183,1.92914,27.1815,81.1051,80.7648,65.9517,0.578664,155.661,6.61288,5.2715,0.591994,9.48837,4.97527,1.4279,0.244381,0.104619,0.246924,0.423687,0.329395,0.443704,0.335101,0.773099,0.199323,3.76446,0.287686,,-0.600734,85.7706,11.2839,116.827,-0.600734,2.07,11.90173476934433,-4.773147821426392,2.94926,150.0399932861328,,,,,,,767.4,5.185135135,767.4,5.185135135,,,,,,,,,,,,,,,,,,,"Taylor Ward","17548",621493
"Brendan Donovan","SEA",131.496,564.873,499.994,132.551,92.9401,26.8011,0.66504,12.1445,64.3672,61.4261,49.189,1.986,77.9651,9.69148,4.42065,1.57828,12.846,5.07223,1.77533,0.265105,0.0870798,0.138022,0.630911,0.339842,0.394236,0.322463,0.734078,0.129131,3.27166,0.290623,,-0.701744,71.0586,4.31453,113.208,-0.701744,-0.21,8.091545343399048,1.2104814499616623,2.94087,270.5299987792969,,,,,,,622.5,4.751908396,622.5,4.751908396,,,,,,,,,,,,,,,,,,,"Brendan Donovan","24679",680977
"Carlos Correa","HOU",129.297,545.75,485.202,129.667,88.5707,23.5611,0.347896,17.1871,65.3498,65.3514,48.7968,1.56099,108.394,3.29175,3.69983,0.522291,12.4123,0.495495,0.152941,0.267243,0.0894123,0.198616,0.450178,0.335968,0.423504,0.330462,0.759472,0.156261,1.78478,0.309588,,-0.881814,72.1974,7.71284,112.762,-0.881814,0.18,7.327006220817566,2.5694620013237,2.93435,281.4100036621094,,,,,,,628.4,4.871317829,628.4,4.871317829,,,,,,,,,,,,,,,,,,,"Carlos Correa","14162",621043
"Brent Rooker","ATH",149.883,640.781,567.935,150.252,84.8043,30.4675,1.40573,33.5748,89.7954,92.9632,59.6068,2.45763,161.672,8.32329,4.33596,0.579438,9.17166,7.00052,2.0312,0.264559,0.0930221,0.252304,0.368691,0.340803,0.500507,0.359293,0.84131,0.235948,3.85225,0.309469,,-0.423787,99.7687,24.0555,129.228,-0.423787,-0.04,21.650235205888748,-15.159775771200657,2.92052,45.150001525878906,,,,,,,896,5.973333333,896,5.973333333,,,,,,,,,,,,,,,,,,,"Brent Rooker","19627",667670
"Gleyber Torres","DET",147.174,633.532,551.319,141.642,97.6933,26.0121,0.611894,17.3246,75.8666,68.8006,71.2067,0.0367385,109.254,3.98788,5.71606,1.28231,11.7885,7.9413,2.56492,0.256914,0.112396,0.172453,0.651752,0.342971,0.400587,0.327638,0.743558,0.143673,3.49056,0.288803,,-0.603229,82.3577,7.50106,109.991,-0.603229,-2.44,6.856738805770874,-0.16879653930664062,2.9152,248.13999938964844,,,,,,,716.9,4.876870748,716.9,4.876870748,,,,,,,,,,,,,,,,,,,"Gleyber Torres","16997",650402
"Dansby Swanson","CHC",153.172,629.433,564.578,134.883,87.9352,23.8977,2.08618,20.9641,76.3565,73.2409,50.1889,0.981796,163.263,3.66676,4.47619,1.11519,10.0902,15.5885,3.95946,0.23891,0.0797366,0.259381,0.307411,0.302995,0.400025,0.305831,0.703021,0.161116,5.06175,0.296027,,0.566646,70.6805,-3.69185,96.8814,0.566646,2.07,-1.7598435878753662,9.161296129226685,2.89983,149.14999389648438,,,,,,,650.6,4.252287581,650.6,4.252287581,,,,,,,,,,,,,,,,,,,"Dansby Swanson","18314",621020
"Luke Keaschall","MIN",126.93,536.518,476.284,129.735,89.14,27.4338,1.31984,11.8414,68.8234,54.7357,45.9745,1.61476,90.514,8.73062,4.8828,0.645847,9.35271,20.9236,4.61763,0.27239,0.0856905,0.168706,0.507927,0.344187,0.410118,0.329803,0.754304,0.137728,5.3127,0.31122,,1.35477,70.6891,7.29534,110.975,1.35477,-0.52,8.294600367546082,0.9551428556442261,2.83568,125.95999908447266,,,,,,,639.7,5.037007874,639.7,5.037007874,,,,,,,,,,,,,,,,,,,"Luke Keaschall","33321",807712
"Andy Pages","LAD",139.8,573.921,524.62,133.261,79.1489,29.0161,1.26653,23.8289,75.9495,78.0073,35.6275,1.21423,127.235,8.34678,4.80924,0.517899,7.52003,9.34523,2.87693,0.254014,0.0620773,0.221695,0.280013,0.309093,0.450415,0.326025,0.759508,0.196401,4.51448,0.289222,,-0.113911,73.857,6.04377,109.432,-0.113911,0.4,6.302016831934452,2.1560292541980743,2.81897,134.74000549316406,,,,,,,675.9,4.827857142,675.9,4.827857142,,,,,,,,,,,,,,,,,,,"Andy Pages","24816",681624
"Randy Arozarena","SEA",151.714,651.461,564.429,132.387,82.3281,24.7479,2.56579,22.7456,88.0484,71.5624,65.5271,0.868541,170.229,16.863,3.99733,0.644321,10.8179,24.9855,6.88513,0.234551,0.100585,0.261304,0.384935,0.330012,0.408383,0.324529,0.738396,0.173833,5.94079,0.292026,,1.09584,83.044,6.06887,114.631,1.09584,0,12.33000659942627,-7.216890335083008,2.81721,89,,,,,,,757.9,4.98618421,757.9,4.98618421,,,,,,,,,,,,,,,,,,,"Randy Arozarena","19290",668227
"Roman Anthony","BOS",140.601,609.875,529.759,138.586,87.9816,30.9653,2.08251,17.5563,78.0141,70.4516,71.2145,1.42209,146.386,4.68835,3.53837,0.674331,12.8879,9.48015,3.16903,0.261601,0.116769,0.240026,0.486485,0.352082,0.427335,0.340778,0.779417,0.165734,4.26697,0.327677,,-0.474267,85.7887,13.7272,115.097,-0.474267,4.08,10.377472400665283,-3.8758177757263184,2.81283,52.869998931884766,,,,,,,755.6,5.358865248,755.6,5.358865248,,,,,,,,,,,,,,,,,,,"Roman Anthony","31812",701350
"James Wood","WSN",146.111,630.905,550.561,143.223,86.33,30.4028,1.94054,24.5495,84.2315,81.5341,72.4311,4.46447,186.329,4.28828,3.07731,0.547304,11.292,16.9783,5.46031,0.26014,0.114805,0.295337,0.388726,0.348917,0.456181,0.347387,0.805097,0.196041,4.79763,0.346229,,0.11265,92.1325,17.5862,123.577,0.11265,-0.2,17.742267541587353,-11.57203121483326,2.77887,34.04999923706055,,,,,,,829.5,5.681506849,829.5,5.681506849,,,,,,,,,,,,,,,,,,,"James Wood","29518",695578
"Freddie Freeman","LAD",143.129,618.061,543.255,149.807,94.7494,32.1846,2.00925,20.8634,84.2011,80.3707,62.0784,7.43498,111.897,6.91644,5.07602,0.735122,10.924,8.66703,2.39911,0.275758,0.100441,0.181045,0.554781,0.354434,0.457612,0.348212,0.812047,0.181855,4.36249,0.31028,,-0.280974,90.6709,17.6422,124.631,-0.280974,-0.24,17.762002140283585,-11.331404909491539,2.76179,66.73999786376953,,,,,,,817.1,5.713986013,817.1,5.713986013,,,,,,,,,,,,,,,,,,,"Freddie Freeman","5361",518692
"Nico Hoerner","CHC",145.961,606.913,554.856,152.869,117.735,25.175,3.47441,6.4849,73.7003,54.9514,37.2428,1.19576,58.7755,8.93108,4.70132,1.08999,12.6287,26.1443,6.70619,0.275511,0.0613643,0.0968434,0.633645,0.328599,0.368469,0.306849,0.697068,0.0929583,5.96071,0.296146,,1.40838,68.6532,-3.05826,97.5786,1.40838,4.63,-0.3333735466003418,6.977325916290283,2.74567,105.04000091552734,,,,,,,615.6,4.216438356,615.6,4.216438356,,,,,,,,,,,,,,,,,,,"Nico Hoerner","21479",663538
"Mike Trout","LAA",117.875,502.312,424.016,101.849,55.6639,17.885,1.71736,26.5828,67.1219,70.654,68.0958,5.16999,151.271,6.66351,3.11859,0.417848,5.95938,3.3794,0.979365,0.240201,0.135565,0.30115,0.450156,0.351884,0.47856,0.355761,0.830443,0.238359,3.69492,0.301934,,-0.552068,76.7688,17.4168,128.436,-0.552068,-0.94,16.283089458942413,-6.76098769903183,2.74309,178.82000732421875,,,,,,,692.5,5.868644067,692.5,5.868644067,,,,,,,,,,,,,,,,,,,"Mike Trout","10155",545361
"Yainer Diaz","HOU",130.562,518.923,488.353,130.388,88.8454,23.3815,0.913676,17.2473,58.5971,65.4439,22.2613,1.08109,90.4602,3.39375,4.24149,0.673507,11.7075,1.63918,0.518115,0.266995,0.0428991,0.174323,0.24609,0.301096,0.424567,0.311995,0.725664,0.157572,2.85931,0.293958,,-0.633099,60.868,-0.446768,100.041,-0.633099,1.11,-0.6082698479294777,9.347913146018982,2.72153,110.80000305175781,,,,,,,548.2,4.184732824,548.2,4.184732824,,,,,,,,,,,,,,,,,,,"Yainer Diaz","23003",673237
"Francisco Alvarez","NYM",111.393,429.812,383.307,85.2369,51.608,14.5087,1.19012,17.9301,49.3482,53.8087,37.461,1.28722,116.461,5.71937,2.75379,0.571255,8.23764,0.929533,0.341352,0.222373,0.0871567,0.270958,0.321662,0.299173,0.406766,0.306725,0.705939,0.184393,2.8749,0.267441,,-0.571147,48.5767,-2.20893,99.0028,-0.571147,6.69,-1.0791314244270325,13.192409038543701,2.7024,171.82000732421875,,,,,,,442.3,3.984684684,442.3,3.984684684,,,,,,,,,,,,,,,,,,,"Francisco Alvarez","26121",682626
"Trevor Story","BOS",135.988,575.363,522.176,130.432,81.5301,24.7876,2.761,21.3537,74.2329,70.946,35.0453,1.41284,156.832,6.24655,4.06753,1.03827,6.98647,22.8382,4.74428,0.249786,0.0609099,0.27258,0.223457,0.302579,0.430512,0.315521,0.733091,0.180726,6.40444,0.313393,,1.82326,69.1354,1.15186,97.6982,1.82326,-0.03,0.2623574733734131,6.265741081908345,2.69401,109.33000183105469,,,,,,,645.7,4.747794117,645.7,4.747794117,,,,,,,,,,,,,,,,,,,"Trevor Story","12564",596115
"Marcus Semien","NYM",137.286,580.17,516.562,124.936,79.4693,23.5461,2.54148,19.3787,68.7871,66.9096,49.2268,0.458816,97.5507,3.40786,5.36583,0.615566,8.46322,8.47919,2.2322,0.24186,0.0848489,0.168142,0.504627,0.309053,0.409827,0.312304,0.71888,0.167967,4.65556,0.260636,,-0.087365,68.198,-0.353569,102.825,-0.087365,2.8,1.8550379201769829,4.734383821487427,2.64906,256.3399963378906,,,,,,,613.9,4.481021897,613.9,4.481021897,,,,,,,,,,,,,,,,,,,"Marcus Semien","12533",543760
"J.P. Crawford","SEA",143.833,597.995,516.872,125.13,89.3264,23.8319,0.614486,11.3575,64.9982,56.5009,66.2883,0.776712,115.757,5.25899,3.448,3.39568,12.8811,4.24267,1.58352,0.242091,0.110851,0.193576,0.572649,0.3323,0.356498,0.307686,0.688798,0.114406,3.00258,0.289347,,-0.856854,68.051,-2.60673,103.029,-0.856854,-2.64,1.277791440486908,4.018934488296509,2.64772,746.6699829101562,,,,,,,576.7,4.004861111,576.7,4.004861111,,,,,,,,,,,,,,,,,,,"J.P. Crawford","15491",641487
"Jose Altuve","HOU",138.527,600.006,540.843,142.03,93.5693,26.0666,0.575814,21.8181,77.1564,72.4347,49.4128,1.86653,104.179,5.12943,3.61271,1.00801,12.0209,12.1014,3.50683,0.262608,0.0823538,0.17363,0.474305,0.328168,0.433957,0.330156,0.762125,0.171348,4.18379,0.287273,,0.0187175,79.226,8.33066,112.551,0.0187175,-3.02,8.894667375832796,-3.6685346364974976,2.64758,115.86000061035156,,,,,,,715.7,5.148920863,715.7,5.148920863,,,,,,,,,,,,,,,,,,,"Jose Altuve","5417",514888
"Matt Olson","ATL",153.655,664.908,573.873,140.844,81.8339,28.8595,0.824877,29.3257,84.8126,91.0572,79.8265,3.818,157.251,5.68809,4.9061,0.613985,11.5915,1.19873,0.41326,0.245427,0.120056,0.2365,0.507639,0.34075,0.451894,0.342273,0.792645,0.206468,2.20793,0.284338,,-1.00907,94.3371,15.7731,119.582,-1.00907,1,14.42279326915741,-10.856095314025879,2.62824,49.5099983215332,,,,,,,837.9,5.44090909,837.9,5.44090909,,,,,,,,,,,,,,,,,,,"Matt Olson","14344",621566
"Ryan Jeffers","MIN",125.761,499.757,438.818,105.917,68.2983,21.5061,0.812052,15.3003,57.4026,54.822,45.7688,0.522126,105.57,8.97662,3.43053,2.67994,8.95702,2.56913,0.829015,0.241368,0.091582,0.211243,0.43354,0.323268,0.398679,0.31708,0.721947,0.157311,3.16657,0.281962,,-0.634518,60.6833,1.63316,102.21,-0.634518,3.34,0.6674944758415222,7.803739309310913,2.62657,311.45001220703125,,,,,,,533,4.23015873,533,4.23015873,,,,,,,,,,,,,,,,,,,"Ryan Jeffers","24618",680777
"Brandon Nimmo","TEX",143.043,615.949,542.646,136.748,87.3281,22.5322,5.41853,21.4693,80.608,70.3835,59.2471,0.85357,133.283,8.6538,4.25414,1.14779,11.3744,7.54539,2.17801,0.252002,0.0961884,0.216386,0.444523,0.33287,0.432188,0.33264,0.765058,0.180186,5.30446,0.293967,,-0.401993,82.5732,9.79408,115.092,-0.401993,0.66,10.554473459720612,-6.845342457294464,2.54851,145.27999877929688,,,,,,,730.4,5.107692307,730.4,5.107692307,,,,,,,,,,,,,,,,,,,"Brandon Nimmo","12927",607043
"Cody Bellinger","NYY",138.63,594.506,534.759,136.09,84.9716,23.9829,3.19081,23.9446,74.3166,73.0063,49.6619,2.63125,90.2407,3.24727,6.31023,0.5275,8.26525,11.4625,2.88193,0.254488,0.0835347,0.151791,0.550327,0.318192,0.445599,0.327576,0.763791,0.191111,4.87807,0.262707,,0.219422,77.2544,7.0089,111.327,0.219422,1.12,8.156020849943161,-3.7907851934432983,2.54013,79.83000183105469,,,,,,,710.4,5.110791366,710.4,5.110791366,,,,,,,,,,,,,,,,,,,"Cody Bellinger","15998",641355
"Seiya Suzuki","CHC",138.604,597.244,523.646,131.414,79.4672,24.9234,2.88044,24.1428,79.2886,77.3343,63.4901,1.77476,151.076,4.33812,5.02352,0.746155,8.47364,10.0753,2.98717,0.250959,0.106305,0.252954,0.420254,0.33402,0.447872,0.33778,0.781892,0.196913,4.98339,0.303496,,-0.168918,82.5584,11.9895,118.768,-0.168918,-0.12,13.11607015132904,-8.286902539432049,2.52708,89.97000122070312,,,,,,,736.4,5.297841726,736.4,5.297841726,,,,,,,,,,,,,,,,,,,"Seiya Suzuki","30116",673548
"Brice Turang","MIL",148.782,633.238,565.874,142.442,101.096,24.6796,3.2905,13.3757,76.4702,61.6169,56.8207,1.35268,133.839,2.44363,4.18531,3.91407,10.5039,30.1362,6.60025,0.25172,0.0897304,0.211356,0.424547,0.320512,0.377874,0.306846,0.698386,0.126155,5.99268,0.305232,,2.27462,71.6296,-3.19239,96.539,2.27462,1.51,-0.32294178009033203,3.954148530960083,2.52704,51.790000915527344,,,,,,,655.4,4.398657718,655.4,4.398657718,,,,,,,,,,,,,,,,,,,"Brice Turang","22186",668930
"CJ Abrams","WSN",140.488,613.357,557.652,139.837,89.7199,28.3239,3.2702,18.5228,77.3283,67.4774,37.1805,1.39055,118.913,11.9662,4.26456,2.29387,8.72022,30.8584,7.9209,0.25076,0.0606181,0.193872,0.31267,0.30927,0.412927,0.313184,0.722197,0.162167,6.36092,0.285794,,2.02037,72.5371,0.0642615,100.146,2.02037,-3.48,2.126821018755436,2.0605077743530273,2.51626,64.62999725341797,,,,,,,686.4,4.902857142,686.4,4.902857142,,,,,,,,,,,,,,,,,,,"CJ Abrams","25768",682928
"Otto Lopez","MIA",135.928,563.819,516.598,138.135,99.688,24.8445,2.58391,11.0187,64.667,57.3876,36.6767,1.56028,87.1303,4.0686,4.60705,1.86893,12.3088,17.2273,4.58182,0.267394,0.0650504,0.154536,0.42094,0.318321,0.389478,0.308416,0.707799,0.122084,5.38129,0.300472,,0.652334,64.4961,-2.12346,95.5192,0.652334,1.85,-2.341893434524536,8.142962574958801,2.51274,226.42999267578125,,,,,,,590.1,4.338970588,590.1,4.338970588,,,,,,,,,,,,,,,,,,,"Otto Lopez","19608",672640
"Kazuma Okamoto","TOR",126.112,523.094,460.4,108.673,60.7869,22.155,0.523441,25.2079,65.3131,73.8601,51.5688,2.41444,114.005,6.96422,3.55622,0.604643,9.41892,1.24971,0.457653,0.236041,0.0985843,0.217943,0.452339,0.320019,0.450693,0.331842,0.770711,0.214652,2.39598,0.257019,,-0.709246,69.7866,7.97899,113.741,-0.709246,0,7.762602269649506,-1.3623210191726685,2.49687,999,,,,,,,633.8,5.03015873,633.8,5.03015873,,,,,,,,,,,,,,,,,,,"Kazuma Okamoto","sa3063134",672960
"Bo Naylor","CLE",119.919,445.95,393.037,83.3434,48.8096,17.6601,1.59054,15.2832,49.364,49.1181,43.9711,1.04006,114.284,3.46749,3.40308,2.07146,5.44961,5.19109,1.54457,0.21205,0.0986011,0.256271,0.384753,0.294635,0.381731,0.295882,0.676365,0.169681,4.34655,0.255029,,-0.222843,46.4746,-6.21785,89.5504,-0.222843,5.41,-5.715206906199455,14.663008689880371,2.48585,658.1099853515625,,,,,,,421.3,3.510833333,421.3,3.510833333,,,,,,,,,,,,,,,,,,,"Bo Naylor","21865",666310
"Masyn Winn","STL",143.938,611.254,559.852,141.337,97.1538,28.4972,2.6296,13.0566,67.3387,60.994,39.0015,0.248408,112.618,4.66675,4.64574,3.08755,10.1291,12.6496,3.44988,0.252454,0.0638056,0.184241,0.346317,0.304202,0.382714,0.299944,0.686915,0.130259,5.01159,0.292328,,0.189115,65.7174,-6.50699,93.2041,0.189115,1.74,-4.734243705868721,8.403796434402466,2.45613,313.8900146484375,,,,,,,598.4,4.155555555,598.4,4.155555555,,,,,,,,,,,,,,,,,,,"Masyn Winn","27479",691026
"Josh Naylor","SEA",144.075,606.623,543.253,141.908,92.3589,25.8557,0.421278,23.2718,75.5951,79.5245,50.8133,5.2786,88.613,5.96868,5.47658,0.652223,12.7272,15.0206,4.0591,0.261218,0.0837642,0.146076,0.573429,0.328135,0.438877,0.329449,0.767012,0.177659,4.0597,0.271574,,0.39211,79.7517,8.07455,118.021,0.39211,0.91,13.276440560817719,-10.456715404987335,2.42467,64.33999633789062,,,,,,,732.1,5.084027777,732.1,5.084027777,,,,,,,,,,,,,,,,,,,"Josh Naylor","18839",647304
"Trent Grisham","NYY",125.274,521.925,442.383,97.2568,53.5802,16.9242,1.57387,25.1785,68.867,64.6766,68.1023,0.502165,129.365,5.85894,3.00176,2.57902,7.97125,5.66987,1.59531,0.219848,0.130483,0.247861,0.526437,0.32968,0.435967,0.333889,0.765647,0.216119,4.04547,0.247827,,-0.358006,70.498,8.82859,115.676,-0.358006,-5.61,9.285026252269745,-3.6767594814300537,2.41172,251.3300018310547,,,,,,,624.7,4.9976,624.7,4.9976,,,,,,,,,,,,,,,,,,,"Trent Grisham","18564",663757
"Ben Rice","NYY",131.686,541.309,475.948,115.844,65.398,23.4269,2.0697,24.9498,71.0148,70.1724,53.1322,0.45398,112.274,7.82569,3.76554,0.549071,9.36091,5.26846,1.39715,0.243397,0.0981551,0.207412,0.473237,0.327005,0.45858,0.339173,0.785585,0.215182,4.29274,0.265394,,-0.349628,75.4383,11.4785,119.315,-0.349628,0.7,11.973578155040741,-7.094354450702667,2.40539,53.349998474121094,,,,,,,676.4,5.124242424,676.4,5.124242424,,,,,,,,,,,,,,,,,,,"Ben Rice","29576",700250
"Oneil Cruz","PIT",126.581,533.316,473.29,111.376,65.5229,21.7773,3.62473,20.4507,75.0138,61.5146,52.6861,2.79975,162.273,3.71758,3.16818,0.454198,6.84971,25.1117,5.97668,0.235322,0.0987896,0.304272,0.324676,0.314864,0.426281,0.320098,0.741145,0.190959,6.80373,0.309548,,1.78834,66.0648,3.04945,102.979,1.78834,0.25,3.6712273359298706,2.0004587173461914,2.39567,95.33999633789062,,,,,,,624.9,4.92047244,624.9,4.92047244,,,,,,,,,,,,,,,,,,,"Oneil Cruz","21711",665833
"Isaac Paredes","HOU",117.01,494.802,425.728,103.32,62.7843,17.9389,0.476171,22.1208,63.0628,63.5539,55.5392,0.408286,82.0449,9.46172,3.60804,0.46487,8.04635,1.17537,0.367478,0.24269,0.112245,0.165814,0.676937,0.340498,0.442944,0.341424,0.783442,0.200253,2.39845,0.249713,,-0.756315,69.8614,11.3967,120.313,-0.756315,0.16,11.090064883232117,-4.755543559789658,2.39051,236.14999389648438,,,,,,,606.7,5.185470085,606.7,5.185470085,,,,,,,,,,,,,,,,,,,"Isaac Paredes","20036",670623
"Ian Happ","CHC",145.836,631.223,544.207,129.516,79.1579,28.2882,1.41223,20.6581,78.801,73.5674,77.2586,1.55353,149.159,5.23122,3.73846,0.788189,10.7222,8.44311,2.48951,0.237991,0.122395,0.236301,0.517963,0.336286,0.409042,0.327118,0.745328,0.171051,3.94142,0.287887,,-0.387765,81.7908,7.20693,111.463,-0.387765,1.02,8.18840816617012,-5.82743501663208,2.39022,183.33999633789062,,,,,,,723.9,4.958219178,723.9,4.958219178,,,,,,,,,,,,,,,,,,,"Ian Happ","17919",664023
"Luis Arraez","SFG",139.275,607.785,559.987,173.694,137.728,27.9415,2.82505,5.19887,70.8755,61.1275,33.6451,2.64069,23.3572,4.01683,5.18443,4.95194,14.8576,7.76529,3.33358,0.310175,0.055357,0.03843,1.44046,0.350604,0.398013,0.326431,0.748617,0.0878382,4.03442,0.313996,,-0.952538,78.4152,6.60069,111.594,-0.952538,-3.26,7.399549245834351,-4.34672749042511,2.38122,284.3500061035156,,,,,,,680.5,4.895683453,680.5,4.895683453,,,,,,,,,,,,,,,,,,,"Luis Arraez","18568",650333
"Steven Kwan","CLE",147.249,645.385,574.401,157.313,120.306,25.7155,2.85901,8.43155,74.9111,58.5364,58.1523,1.36502,55.4468,4.80853,5.35246,2.67076,12.8361,16.4896,5.00947,0.273872,0.0901048,0.0859128,1.04879,0.342724,0.372633,0.316212,0.715356,0.0987605,4.76757,0.288599,,0.0455979,77.9114,1.65416,103.555,0.0455979,3.24,2.7496982365846634,-2.4289424419403076,2.3055,168.5500030517578,,,,,,,678.3,4.614285714,678.3,4.614285714,,,,,,,,,,,,,,,,,,,"Steven Kwan","24610",680757
"Wilyer Abreu","BOS",125.027,504.913,448.179,109.177,61.5322,24.5991,1.01117,22.0341,62.5203,70.5172,49.0072,2.43679,125.154,3.18179,3.83519,0.709435,6.08686,8.47422,2.8141,0.2436,0.0970606,0.247872,0.391575,0.32004,0.45049,0.331006,0.77053,0.20689,4.07606,0.285875,,-0.192241,67.0182,7.35885,108.365,-0.192241,6.12,4.786008238792419,0.22741937637329102,2.29095,209.6999969482422,,,,,,,610.2,4.8816,610.2,4.8816,,,,,,,,,,,,,,,,,,,"Wilyer Abreu","23772",677800
"Max Muncy","LAD",109.057,444.249,372.245,81.507,42.7152,15.7677,1.257,21.7671,60.8998,61.8966,62.5595,2.22266,108.15,5.34684,3.64244,0.455225,5.79228,2.33668,0.738316,0.218961,0.140821,0.243444,0.578454,0.336673,0.443498,0.338238,0.780171,0.224537,3.49496,0.242874,,-0.550631,61.5748,9.08333,117.799,-0.550631,-2.7,8.820768058300018,-1.3277254104614258,2.27884,246.63999938964844,,,,,,,551.1,5.055963302,551.1,5.055963302,,,,,,,,,,,,,,,,,,,"Max Muncy","13301",571970
"Daulton Varsho","TOR",132.974,544.83,492.133,108.466,58.4295,21.1933,2.40346,26.4398,69.3783,72.2097,43.2837,1.08182,141.559,4.55278,3.64143,1.2189,6.31574,9.61309,2.36197,0.2204,0.0794444,0.259823,0.305764,0.287526,0.434407,0.3101,0.721933,0.214007,5.10711,0.250251,,0.260958,63.0685,-1.30741,98.7634,0.260958,2,-0.5331079959869385,4.052067756652832,2.27861,200.25,,,,,,,586.9,4.412781954,586.9,4.412781954,,,,,,,,,,,,,,,,,,,"Daulton Varsho","19918",662139
"Drake Baldwin","ATL",132.712,531.628,478.291,121.327,82.0899,21.947,0.662395,16.6279,60.2847,64.2987,44.1835,0.838627,96.5908,4.35127,4.22907,0.573368,12.6195,0.503229,0.176473,0.253668,0.0831099,0.181689,0.45743,0.319858,0.406621,0.316767,0.726479,0.152952,2.01654,0.283507,,-0.828428,64.4183,1.60237,102.11,-0.828428,3.72,0.5011362433433533,3.958142399787903,2.26588,82.12999725341797,,,,,,,574.8,4.321804511,574.8,4.321804511,,,,,,,,,,,,,,,,,,,"Drake Baldwin","31539",686948
"Iván Herrera","STL",127.937,539.662,474.514,127.092,86.8963,21.841,0.854642,17.5003,68.2402,63.5325,51.8073,0.730476,108.456,9.22804,3.40653,0.693511,12.4524,7.84327,2.39298,0.267837,0.0959995,0.20097,0.47768,0.349059,0.428109,0.340034,0.777168,0.160272,3.99823,0.311372,,-0.383087,75.586,11.8208,120.667,-0.383087,1.26,12.83584663271904,-8.657068490982056,2.26453,167.00999450683594,,,,,,,667.5,5.21484375,667.5,5.21484375,,,,,,,,,,,,,,,,,,,"Ivan Herrera","20599",671056
"Kevin McGonigle","DET",103.802,424.372,380.991,96.8366,61.762,19.5789,3.22694,12.2687,52.4183,47.1347,36.3456,1.07055,62.0482,2.39776,3.30945,1.32856,6.92661,8.40525,2.4301,0.254171,0.0856457,0.146212,0.585764,0.320487,0.419107,0.320504,0.739594,0.164936,5.47146,0.272815,,0.0294457,52.7092,2.56641,105.076,0.0294457,0,2.568334635347128,4.639218807220459,2.23182,999,,,,,,,473.7,4.554807692,473.7,4.554807692,,,,,,,,,,,,,,,,,,,"Kevin McGonigle","sa3022895",805808
"Colson Montgomery","CHW",130.35,550,491.563,106.284,62.0491,19.9873,1.67095,22.5767,61.8,66.0754,45.3413,1.81401,167.221,8.74667,3.82866,0.520535,7.88919,3.54749,1.12784,0.216216,0.0824387,0.304038,0.271146,0.291862,0.401461,0.30098,0.693322,0.185244,3.60858,0.273917,,-0.507096,59.5947,-5.39204,91.6206,-0.507096,2.66,-5.9389761090278625,8.694722414016724,2.21873,240.82000732421875,,,,,,,554,4.261538461,554,4.261538461,,,,,,,,,,,,,,,,,,,"Colson Montgomery","29712",695657
"Dillon Dingler","DET",109.547,415.948,382.034,91.2588,58.7178,19.4469,1.02445,12.0696,43.7173,47.499,24.0359,0.764134,106.668,6.49828,2.86251,0.516848,6.38589,1.63728,0.542733,0.238876,0.0577859,0.256445,0.225334,0.293172,0.389921,0.297005,0.683094,0.151045,3.01351,0.297525,,-0.47897,43.7273,-5.42013,88.889,-0.47897,4.63,-5.926077157258987,13.082700729370117,2.19694,271.07000732421875,,,,,,,392.2,3.565454545,392.2,3.565454545,,,,,,,,,,,,,,,,,,,"Dillon Dingler","27464",693307
"Brandon Lowe","PIT",123.929,527.982,473.588,115.621,67.7133,22.3134,1.46424,24.1298,65.1135,74.8595,44.8824,1.10509,135.766,5.14049,3.89582,0.474889,7.91751,4.19483,1.25001,0.244138,0.0850075,0.257141,0.330587,0.314012,0.45029,0.328934,0.764302,0.206152,3.73349,0.28808,,-0.442895,69.1921,6.80695,109.032,-0.442895,-2.91,5.209158092737198,-1.3898200988769531,2.188,182.75,,,,,,,625.5,5.044354838,625.5,5.044354838,,,,,,,,,,,,,,,,,,,"Brandon Lowe","18882",664040
"Agustín Ramírez","MIA",123.533,515.888,470.431,116.175,71.7549,25.8156,1.02932,17.5748,59.6136,64.3467,36.1986,1.84271,103.891,5.08313,3.62555,0.550045,10.5201,10.052,2.3894,0.246954,0.0701675,0.201382,0.348429,0.30554,0.418283,0.312567,0.723823,0.171329,4.45787,0.279644,,0.297835,60.7518,-0.204338,98.3627,0.297835,5.62,-0.7032483518123627,4.91765171289444,2.18725,83.12000274658203,,,,,,,566.3,4.566935483,566.3,4.566935483,,,,,,,,,,,,,,,,,,,"Agustin Ramirez","26546",682663
"Jordan Westburg","BAL",94.333,400.703,366.687,94.6041,56.7969,18.523,2.51584,16.7684,52.5251,51.5271,25.8284,0.192558,92.3735,5.08751,2.42442,0.675214,6.68262,4.8942,1.58532,0.257997,0.0644577,0.230529,0.279608,0.313778,0.459421,0.332284,0.773199,0.201424,4.87286,0.299403,,-0.248156,53.6019,6.25573,114.886,-0.248156,0.41,6.7821604907512665,0.7566085457801819,2.18236,469.3599853515625,,,,,,,493.9,5.254255319,493.9,5.254255319,,,,,,,,,,,,,,,,,,,"Jordan Westburg","27815",676059
"Tyler Soderstrom","ATH",140.106,585.138,524.498,132.975,78.5247,27.9772,1.73993,24.733,75.5184,75.9352,50.1085,2.4125,140.944,5.48253,4.53227,0.516334,11.3182,5.74284,1.77418,0.253528,0.0856353,0.240872,0.355522,0.322543,0.45497,0.333909,0.777513,0.201442,4.01456,0.297896,,-0.447452,79.0457,9.90715,111.742,-0.447452,-0.02,7.650262326002121,-6.866744060069323,2.14069,83.0199966430664,,,,,,,719.2,5.137142857,719.2,5.137142857,,,,,,,,,,,,,,,,,,,"Tyler Soderstrom","27467",691016
"Bryson Stott","PHI",137.303,559.029,503.753,127.253,89.7226,23.4314,1.97837,12.1202,67.1733,55.0226,46.8508,1.10835,94.9168,2.86477,4.18419,1.37674,8.87576,22.0238,5.7275,0.252609,0.0838075,0.169789,0.493598,0.317345,0.379157,0.305517,0.696502,0.126548,5.47983,0.287185,,1.14605,62.6324,-3.4212,93.2639,1.14605,3.26,-3.3170623779296875,5.4741034507751465,2.12361,186.16000366210938,,,,,,,573.1,4.183211678,573.1,4.183211678,,,,,,,,,,,,,,,,,,,"Bryson Stott","26294",681082
"Colton Cowser","BAL",128.118,516.244,457.954,103.755,61.01,21.5995,0.836593,20.3087,64.8238,60.8845,47.0227,1.64228,163.023,7.15508,3.24866,0.863111,7.71308,11.1164,3.24526,0.226561,0.0910861,0.315787,0.288442,0.306439,0.41042,0.31169,0.716858,0.183859,4.66944,0.300305,,0.144701,60.4259,-0.572334,100.699,0.144701,0.39,0.5703062564134598,2.3671294450759888,2.11845,254.9199981689453,,,,,,,556.4,4.346875,556.4,4.346875,,,,,,,,,,,,,,,,,,,"Colton Cowser","29591",681297
"Jackson Holliday","BAL",113.77,486.175,432.135,108.558,72.4894,21.5355,1.75029,12.7824,61.3923,49.6393,46.5856,1.23972,108.205,3.75493,3.12514,0.574056,9.46795,12.622,4.40042,0.251212,0.0958207,0.222564,0.430532,0.327219,0.397886,0.317553,0.725106,0.146674,4.92586,0.304751,,-0.0803453,59.2206,1.7753,104.738,-0.0803453,-0.61,2.6347642838954926,1.252116322517395,2.10971,198.0800018310547,,,,,,,542.3,4.757017543,542.3,4.757017543,,,,,,,,,,,,,,,,,,,"Jackson Holliday","31781",702616
"Michael Harris II","ATL",138.549,571.881,534.25,140.075,91.8903,27.5023,2.07713,18.6056,73.3878,67.4138,27.2114,2.01382,113.565,4.77391,3.74752,1.89793,10.3382,18.8476,5.14865,0.26219,0.0475823,0.198582,0.23961,0.30187,0.425921,0.312667,0.727791,0.163731,5.56993,0.299314,,0.856577,67.3918,-0.180344,99.301,0.856577,-1.05,0.38276734948158264,1.0881016254425049,2.09715,100.81999969482422,,,,,,,639.3,4.599280575,639.3,4.599280575,,,,,,,,,,,,,,,,,,,"Michael Harris II","25931",671739
"Ezequiel Tovar","COL",147.415,627.051,582.526,152.827,97.0758,33.6537,2.52783,19.5695,73.1785,77.1686,30.4498,0.249297,158.109,3.91917,5.23807,4.91808,8.78503,10.1236,2.79194,0.262352,0.0485603,0.252147,0.192587,0.300894,0.429586,0.314178,0.730479,0.167234,4.83511,0.32495,,0.015267,74.6624,0.57148,87.154,0.015267,2.16,-9.53169284760952,8.984768152236938,2.0785,208.0399932861328,,,,,,,690.1,4.694557823,690.1,4.694557823,,,,,,,,,,,,,,,,,,,"Ezequiel Tovar","24064",678662
"Vinnie Pasquantino","KCR",146.426,628.394,563.595,148.465,88.8656,30.8677,1.83289,26.8984,76.0974,92.7309,51.0555,3.41972,91.2242,6.05399,6.66484,1.02465,11.6037,1.01892,0.274626,0.263424,0.0812476,0.14517,0.55967,0.327676,0.467877,0.339897,0.795553,0.204453,2.66187,0.26887,,-0.849784,87.9441,13.6945,115.669,-0.849784,-0.22,10.755422949790955,-12.163919180631638,2.06874,77.45999908447266,,,,,,,792.8,5.430136986,792.8,5.430136986,,,,,,,,,,,,,,,,,,,"Vinnie Pasquantino","27676",686469
"Andrés Giménez","TOR",138.148,558.486,507.18,124.436,90.6927,21.9445,1.59763,10.2014,64.9364,49.1048,30.276,1.54596,99.2957,13.7109,4.10664,3.21269,10.596,22.6779,4.99818,0.245349,0.0542108,0.177794,0.304907,0.303316,0.355259,0.290009,0.658574,0.109909,5.92516,0.284315,,1.60983,55.5393,-10.4501,84.9236,1.60983,2.71,-8.314061880111694,9.105740547180176,2.04767,378.1499938964844,,,,,,,518.3,3.755797101,518.3,3.755797101,,,,,,,,,,,,,,,,,,,"Andres Gimenez","19950",665926
"Luis Robert Jr.","NYM",127.615,522.407,473.796,112.257,70.4105,20.428,1.43522,19.9829,71.5686,57.2911,37.5699,2.19353,147.502,6.01652,3.49635,0.724905,5.11943,30.9017,6.7866,0.23693,0.0719168,0.282351,0.254708,0.299192,0.412633,0.307508,0.711825,0.175702,6.54528,0.297842,,2.66303,59.3737,-2.35272,99.5391,2.66303,-1.75,2.377683013677597,0.024861693382263184,2.02406,107.1500015258789,,,,,,,576.2,4.5015625,576.2,4.5015625,,,,,,,,,,,,,,,,,,,"Luis Robert Jr.","20043",673357
"Munetaka Murakami","CHW",132.855,547.42,457.748,94.378,46.8071,15.7965,0.754897,31.0194,77.6537,77.4528,80.703,2.47888,206.31,5.95951,2.43664,0.573133,6.8317,10.3928,3.41429,0.206179,0.147424,0.376877,0.391174,0.331062,0.447283,0.337767,0.778345,0.241104,4.32442,0.284304,,-0.184401,75.6654,10.9835,116.962,-0.184401,0,10.75942176580429,-9.958267211914062,2.00967,999,,,,,,,683.5,5.139097744,683.5,5.139097744,,,,,,,,,,,,,,,,,,,"Munetaka Murakami","sa3063258",808959
"Teoscar Hernández","LAD",132.486,553.918,508.929,134.058,81.3341,25.9461,0.920657,25.8575,76.1892,79.8709,34.9994,0.864372,141.491,5.40857,4.02377,0.557185,10.4548,6.34699,1.79921,0.263413,0.0631852,0.255436,0.247362,0.315285,0.470436,0.336479,0.785721,0.207023,4.13709,0.313077,,-0.265408,75.984,10.5344,116.593,-0.265408,-3.34,10.628130972385406,-9.473610639572144,2.00364,130.1699981689453,,,,,,,692.7,5.247727272,692.7,5.247727272,,,,,,,,,,,,,,,,,,,"Teoscar Hernandez","13066",606192
"J.T. Realmuto","PHI",121.04,474.446,425.789,107.282,71.7079,19.5627,2.92124,13.0903,56.6601,53.7416,30.7755,0.830091,114.014,6.99661,3.56279,0.495338,8.43107,8.58373,2.45114,0.251961,0.0648662,0.240309,0.269928,0.310527,0.403858,0.310589,0.714385,0.151897,5.28193,0.311638,,-0.00431052,55.1095,-0.949927,96.7382,-0.00431052,-3.54,-1.8385026748292148,5.512136459350586,1.99085,214.39999389648438,,,,,,,496,4.099173553,496,4.099173553,,,,,,,,,,,,,,,,,,,"J.T. Realmuto","11739",592663
"Miguel Vargas","CHW",137.889,579.806,512.443,121.849,74.3481,28.634,1.48226,17.3848,65.6841,62.9176,55.4933,0.565299,108.669,6.007,4.93511,0.927929,7.52868,7.90278,2.0402,0.237781,0.0957101,0.187423,0.510663,0.316732,0.401219,0.313916,0.717952,0.163438,3.98315,0.266951,,-0.148034,68.914,0.405447,100.532,-0.148034,-2.18,0.2154148370027542,-0.7448934316635132,1.98757,289.82000732421875,,,,,,,613.4,4.444927536,613.4,4.444927536,,,,,,,,,,,,,,,,,,,"Miguel Vargas","20178",678246
"Danny Jansen","TEX",89.877,332.945,288.917,59.3629,34.3122,11.9039,0.255734,12.8911,36.1296,39.4271,35.6624,0.213241,80.4912,4.98892,2.12078,0.549663,4.3927,0.38507,0.120429,0.205467,0.107112,0.241755,0.44306,0.30153,0.382295,0.301578,0.683825,0.176828,2.03158,0.235116,,-0.465781,36.2375,-3.10255,93.6949,-0.465781,3.89,-2.940012603998184,10.82495379447937,1.97917,999,,,,,,,321.4,3.571111111,321.4,3.571111111,,,,,,,,,,,,,,,,,,,"Danny Jansen","16535",643376
"Jeff McNeil","ATH",131.792,536.797,478.702,124.415,83.1301,26.189,2.36806,12.728,62.3442,56.4725,42.6271,2.05414,69.9544,8.34377,4.49349,2.631,10.4945,2.88597,0.877665,0.259901,0.0794101,0.130318,0.609356,0.328336,0.404269,0.319308,0.732606,0.144368,3.78007,0.27886,,-0.653955,66.1518,2.72511,101.684,-0.653955,-0.85,0.4112005829811096,0.39970099925994873,1.97326,494.70001220703125,,,,,,,580.3,4.396212121,580.3,4.396212121,,,,,,,,,,,,,,,,,,,"Jeff McNeil","15362",643446
"Salvador Perez","KCR",141.002,576.039,525.417,132.624,80.6229,24.8676,0.280506,26.8526,63.6936,90.4347,28.949,4.02818,118.487,9.29388,5.26219,0.498206,9.52818,0.549069,0.159075,0.252416,0.0502553,0.205693,0.244322,0.300334,0.454135,0.321075,0.754469,0.201719,1.67941,0.274488,,-0.713451,71.8144,3.75093,102.704,-0.713451,-2.74,1.122240424156189,-1.7807072401046753,1.96111,92.04000091552734,,,,,,,662,4.69503546,662,4.69503546,,,,,,,,,,,,,,,,,,,"Salvador Perez","7304",521692
"Eugenio Suárez","CIN",142.601,599.163,533.347,126.03,65.3201,22.6281,0.583442,37.4987,76.6188,98.4662,49.4545,0.563585,175.701,9.78396,5.24164,0.549006,7.66331,2.5421,0.719516,0.236301,0.0825393,0.293243,0.28147,0.309904,0.49184,0.341836,0.801744,0.255539,2.69991,0.272079,,-0.604808,84.7965,14.0008,114.874,-0.604808,0,9.957383871078491,-11.053177833557129,1.92741,100.5,,,,,,,772.7,5.403496503,772.7,5.403496503,,,,,,,,,,,,,,,,,,,"Eugenio Suarez","12552",553993
"Willson Contreras","BOS",133.662,563.284,486.775,122.791,75.9606,23.254,0.943125,22.6331,71.5151,74.8666,51.5747,0.87518,142.711,16.4011,3.92349,1.23257,12.0733,5.24219,1.58306,0.252254,0.0915607,0.253356,0.361392,0.341463,0.443389,0.341793,0.784852,0.191135,3.72234,0.307842,,-0.544297,79.6991,13.1428,115.796,-0.544297,0.38,9.942663371562958,-10.502442479133606,1.92629,168.0800018310547,,,,,,,698.3,5.211194029,698.3,5.211194029,,,,,,,,,,,,,,,,,,,"Willson Contreras","11609",575929
"Matt McLain","CIN",131.047,545.32,484.645,112.861,71.286,21.4202,3.24378,16.9108,66.8665,56.28,49.3792,0.596389,154.314,6.50105,3.31846,1.47602,6.79885,16.1934,4.39271,0.232873,0.0905509,0.282978,0.319992,0.310275,0.395137,0.308776,0.705412,0.162264,5.75898,0.302931,,0.604213,62.5392,-1.89454,92.2266,0.604213,2.74,-4.419890642166138,4.944112539291382,1.90988,173.64999389648438,,,,,,,572.8,4.372519083,572.8,4.372519083,,,,,,,,,,,,,,,,,,,"Matt McLain","29695",680574
"Yandy Díaz","TBR",142.183,615.965,550.138,154.898,110.249,26.7188,0.8723,17.058,72.8465,75.9883,56.0078,1.45481,90.9996,5.41105,3.62632,0.781725,18.1481,2.23988,0.871572,0.281562,0.0909269,0.147735,0.615473,0.35163,0.426321,0.339729,0.777951,0.144759,2.49525,0.309262,,-1.03264,86.1207,13.3397,117.688,-1.03264,-0.08,11.808680057525635,-14.353980138897896,1.90866,137.13999938964844,,,,,,,745.8,5.252112676,745.8,5.252112676,,,,,,,,,,,,,,,,,,,"Yandy Diaz","16578",650490
"Kyle Teel","CHW",106.515,429.546,377.027,92.2236,62.6282,17.1065,1.19088,11.2981,49.3751,42.8877,44.2056,0.359745,111.071,4.26067,3.17188,0.880683,7.53003,5.00666,1.43161,0.244607,0.102912,0.258577,0.397994,0.328205,0.386195,0.315152,0.7144,0.141588,4.02788,0.313872,,-0.31597,51.4855,0.731382,101.383,-0.31597,0,0.3842978775501251,3.457543134689331,1.90568,208.83999633789062,,,,,,,447.3,4.180373831,447.3,4.180373831,,,,,,,,,,,,,,,,,,,"Kyle Teel","33549",691019
"Xavier Edwards","MIA",135.174,580.056,521.974,145.333,115.347,23.2529,3.41878,3.31463,67.288,43.7583,45.9933,1.51965,81.3689,2.72959,4.10504,5.2546,11.5776,27.6092,6.78371,0.278431,0.0792911,0.140278,0.565244,0.337606,0.355129,0.306636,0.692735,0.0766981,5.85676,0.32175,,1.67069,65.5148,-3.0233,94.2993,1.67069,-0.58,-2.248462677001953,1.506018340587616,1.89853,186.8800048828125,,,,,,,582.6,4.315555555,582.6,4.315555555,,,,,,,,,,,,,,,,,,,"Xavier Edwards","22266",669364
"George Springer","TOR",131.287,568.352,499.02,126.011,80.2605,20.7792,2.43133,22.54,76.9493,69.5253,56.0442,0.96584,108.498,6.07502,3.84144,0.712756,10.6239,12.7463,2.85231,0.252517,0.0986083,0.1909,0.516545,0.332985,0.439407,0.335249,0.772392,0.18689,5.22118,0.27828,,0.447629,77.3966,10.2414,116.088,0.447629,-0.16,11.22454884648323,-12.340039402246475,1.88728,92.33999633789062,,,,,,,697.4,5.323664122,697.4,5.323664122,,,,,,,,,,,,,,,,,,,"George Springer","12856",543807
"Michael Busch","CHC",141.298,590.232,520.203,125.962,73.4764,25.4454,2.02149,25.019,73.7146,80.8247,57.0297,1.2648,150.112,8.06039,4.15939,0.779616,9.6495,3.12673,1.0823,0.242141,0.0966225,0.254327,0.379915,0.324118,0.443111,0.331954,0.767229,0.20097,3.68197,0.289044,,-0.724297,78.7968,9.05639,114.776,-0.724297,0.1,9.612410306930542,-10.853333853185177,1.88217,106.41999816894531,,,,,,,702.4,4.981560283,702.4,4.981560283,,,,,,,,,,,,,,,,,,,"Michael Busch","26319",683737
"Jake Cronenworth","SDP",140.582,575.937,497.876,114.344,74.483,25.1886,1.64177,13.0304,63.6111,56.2259,60.4919,1.38191,116.105,9.8674,4.09889,2.41106,10.6061,4.31507,1.56469,0.229663,0.105032,0.201594,0.521009,0.322719,0.365366,0.30547,0.688085,0.135703,3.67946,0.271735,,-0.724835,64.5046,-3.54675,98.5807,-0.724835,-0.56,-1.6936559677124023,0.8381062150001526,1.87293,742.260009765625,,,,,,,558.5,3.960992907,558.5,3.960992907,,,,,,,,,,,,,,,,,,,"Jake Cronenworth","18036",630105
"Evan Carter","TEX",109.212,433.622,384.186,91.2272,58.5421,17.9289,3.48354,11.2726,55.3679,41.5625,40.1696,1.59382,97.9362,5.59916,3.13001,0.537712,5.39249,15.6936,4.19043,0.237456,0.0926373,0.225856,0.410161,0.316326,0.390283,0.30895,0.706609,0.152827,6.35268,0.287496,,0.744559,49.7904,-1.4454,98.773,0.744559,3.12,0.1174655556678772,3.020860403776169,1.84806,277.1300048828125,,,,,,,455.5,4.178899082,455.5,4.178899082,,,,,,,,,,,,,,,,,,,"Evan Carter","27790",694497
"Sean Murphy","ATL",88.889,344.94,300.68,67.2228,39.5305,12.2444,0.689917,14.758,41.5805,45.0295,33.1652,0.575046,95.4223,7.50149,2.17553,0.387469,6.59372,0.203951,0.0739367,0.223569,0.0961477,0.276634,0.347562,0.314069,0.416128,0.318784,0.730196,0.192558,2.29502,0.272297,,-0.515127,42.3618,1.60449,103.492,-0.515127,4.54,0.9123515486717224,5.539745450019836,1.83429,742.3900146484375,,,,,,,378.7,4.255056179,378.7,4.255056179,,,,,,,,,,,,,,,,,,,"Sean Murphy","19352",669221
"Joey Bart","PIT",83.509,313.984,277.565,65.2323,46.1075,10.8735,0.630202,7.6211,33.5569,32.0829,28.529,0.0133129,87.6861,5.65931,1.83503,0.38843,6.77549,0.908271,0.306244,0.235017,0.0908614,0.279269,0.325354,0.317042,0.361103,0.301778,0.678145,0.126087,2.75273,0.312947,,-0.473757,34.2249,-2.87475,90.4295,-0.473757,5.05,-4.035303443670273,11.493596076965332,1.83187,999,,,,,,,305.7,3.639285714,305.7,3.639285714,,,,,,,,,,,,,,,,,,,"Joey Bart","21524",663698
"Jonathan Aranda","TBR",136.751,569.142,501.855,130.422,83.4153,25.1721,1.09309,20.7419,67.0296,76.0028,53.2147,2.48825,140.1,9.11939,4.45704,0.496262,10.9823,1.02962,0.326547,0.259881,0.0934998,0.246161,0.379832,0.338975,0.438386,0.336964,0.777361,0.178506,2.43004,0.317482,,-0.873567,78.2965,11.048,115.783,-0.873567,-0.03,9.713915944099426,-11.455025939270854,1.82606,195.27000427246094,,,,,,,689.5,5.032846715,689.5,5.032846715,,,,,,,,,,,,,,,,,,,"Jonathan Aranda","21837",666018
"Alec Bohm","PHI",132.94,562.374,516.309,138.424,98.6732,24.638,1.67073,13.4423,61.7108,65.031,35.3321,0.839872,89.6652,4.44575,5.70493,0.5826,13.1384,2.71428,0.940911,0.268104,0.0628267,0.15944,0.394045,0.317203,0.400401,0.31199,0.717605,0.132298,3.30123,0.298353,,-0.750927,65.9624,-0.48639,97.6977,-0.750927,-0.13,-2.2854617834091187,1.3556002378463745,1.81916,249.52999877929688,,,,,,,582.8,4.381954887,582.8,4.381954887,,,,,,,,,,,,,,,,,,,"Alec Bohm","21618",664761
"Jakob Marsee","MIA",132.419,571.241,497.447,112.007,73.0835,23.7033,2.92498,12.2948,68.3975,49.1346,58.2948,0.610799,126.058,7.5897,3.70507,4.2042,8.62494,26.0102,6.02739,0.225163,0.102049,0.220675,0.462443,0.313721,0.35872,0.298747,0.672441,0.133557,6.33711,0.27484,,1.82033,60.8603,-6.63621,88.8951,1.82033,2.82,-5.698119163513184,4.365087628364563,1.8081,137.3699951171875,,,,,,,560.3,4.244696969,560.3,4.244696969,,,,,,,,,,,,,,,,,,,"Jakob Marsee","31370",805300
"Chase Meidroth","CHW",124.488,531.292,469.188,119.786,91.8747,19.9363,0.984073,6.99118,58.6924,43.2889,50.1432,0.0249388,79.485,7.29994,2.96501,1.6963,13.5202,10.8667,3.46361,0.255306,0.0943797,0.149607,0.630851,0.33465,0.346693,0.305458,0.681344,0.0913878,4.28637,0.292461,,-0.230643,59.499,-3.2772,94.705,-0.230643,0.38,-3.5463246256113052,2.7333608865737915,1.78773,605.1400146484375,,,,,,,516,4.161290322,516,4.161290322,,,,,,,,,,,,,,,,,,,"Chase Meidroth","31580",805367
"Jarren Duran","BOS",140.198,608.192,547.129,141.352,87.6941,32.7756,5.82831,15.0541,80.5218,63.8931,49.5368,0.839451,141.133,7.02359,3.33807,1.16447,8.7196,24.5883,5.2937,0.258353,0.0814493,0.232054,0.350994,0.326036,0.422107,0.325092,0.748142,0.163754,6.85454,0.320326,,1.80302,77.8063,5.94375,104.291,1.80302,0.69,4.879219174385071,-8.417033731937408,1.77974,68.63999938964844,,,,,,,718,5.128571428,718,5.128571428,,,,,,,,,,,,,,,,,,,"Jarren Duran","24617",680776
"Nolan Arenado","ARI",134.137,559.627,513.034,131.432,89.1884,25.6475,0.995214,15.6009,59.7871,70.0549,36.4296,2.48343,75.9726,4.01847,5.45191,0.692864,10.191,2.83996,0.879409,0.256186,0.0650963,0.135756,0.47951,0.307514,0.401284,0.306491,0.708799,0.145099,3.05403,0.271323,,-0.631565,63.1416,-2.98268,94.5568,-0.631565,0.69,-4.241886794567108,2.56966894865036,1.73386,686.6699829101562,,,,,,,575,4.291044776,575,4.291044776,,,,,,,,,,,,,,,,,,,"Nolan Arenado","9777",571448
"Sal Frelick","MIL",131.546,548.648,493.195,128.993,95.832,21.9056,3.48634,7.76932,62.238,50.9195,43.3952,0.738508,75.1277,5.4391,3.37484,2.28005,11.13,16.6573,4.1709,0.261546,0.0790948,0.136933,0.577619,0.326047,0.367359,0.306179,0.693406,0.105813,5.6368,0.293043,,0.673236,61.764,-3.06298,96.0822,0.673236,5.53,-1.8743692636489868,0.32978391647338867,1.70955,217.00999450683594,,,,,,,550.6,4.171212121,550.6,4.171212121,,,,,,,,,,,,,,,,,,,"Sal Frelick","29622",686217
"Heliot Ramos","SFG",144.326,607.953,548.875,139.085,90.2243,25.1903,1.79912,21.8708,75.6723,73.366,45.6542,1.2965,148.772,8.41152,4.08225,0.929882,11.8691,6.42494,2.34562,0.253399,0.075095,0.244709,0.306874,0.318193,0.425389,0.322438,0.743582,0.17199,4.08017,0.30659,,-0.61958,76.4657,4.63137,108.859,-0.61958,-1.93,5.76367324590683,-9.297067761421204,1.70794,219.66000366210938,,,,,,,687.9,4.777083333,687.9,4.777083333,,,,,,,,,,,,,,,,,,,"Heliot Ramos","22515",671218
"Lawrence Butler","ATH",135.98,562.536,506.777,121.331,73.4425,25.1624,1.97173,20.7544,73.919,64.135,49.3062,0.703221,151.803,1.77243,3.59213,1.08812,8.62871,16.7312,3.93243,0.239417,0.0876499,0.269854,0.324805,0.307081,0.419712,0.314948,0.726792,0.180295,5.64638,0.297729,,0.918436,67.3323,0.864366,98.68,0.918436,0.7,0.04325711727142334,-2.9972808957099915,1.6787,156.72999572753906,,,,,,,626,4.602941176,626,4.602941176,,,,,,,,,,,,,,,,,,,"Lawrence Butler","22542",671732
"Nolan Schanuel","LAA",141.12,599.038,515.143,136.098,98.8686,22.6284,1.69388,12.9067,69.5615,57.5009,66.7778,2.94557,81.7606,9.28385,4.7357,3.09765,14.4512,6.22257,2.14963,0.264194,0.111475,0.136486,0.816749,0.356008,0.38986,0.329508,0.745868,0.125667,3.79225,0.289717,,-0.771184,78.7828,8.00184,110.351,-0.771184,-0.02,6.537038087844849,-10.90888835862279,1.66218,563.7000122070312,,,,,,,680.7,4.827659574,680.7,4.827659574,,,,,,,,,,,,,,,,,,,"Nolan Schanuel","33189",694384
"Tyler Stephenson","CIN",108.58,425.744,377.033,88.8816,57.539,15.8321,0.800476,14.71,47.2733,50.5472,40.1431,0.813201,121.325,4.95611,2.84448,0.49138,8.07854,0.982795,0.38299,0.23574,0.0942894,0.284971,0.330874,0.315267,0.399023,0.312634,0.71429,0.163284,2.53432,0.304178,,-0.632498,50.1594,-0.145544,94.8694,-0.632498,0.86,-3.2213627099990845,5.158322691917419,1.64739,278.5,,,,,,,451.4,4.141284403,451.4,4.141284403,,,,,,,,,,,,,,,,,,,"Tyler Stephenson","17988",663886
"Konnor Griffin","PIT",96.717,403.148,369.126,94.6691,66.221,16.5568,1.13376,10.7575,49.1883,42.2754,23.6544,1.27874,103.88,6.96344,2.1386,1.26528,6.68486,14.7847,3.90357,0.256468,0.0586743,0.257671,0.22771,0.31175,0.394894,0.307978,0.706644,0.138426,5.57767,0.326978,,0.72751,45.9733,-1.66171,94.6767,0.72751,0,-1.8160312175750732,4.477639198303223,1.64462,999,,,,,,,431.7,4.450515463,431.7,4.450515463,,,,,,,,,,,,,,,,,,,"Konnor Griffin","sa3065496",804606
"Ozzie Albies","ATL",139.807,587.562,533.936,131.826,85.7487,26.8103,2.52203,16.7453,67.5027,66.6303,42.2098,1.36017,87.5922,4.81569,6.02979,0.571068,8.6504,9.57888,2.74127,0.246896,0.0718389,0.149077,0.48189,0.304693,0.400641,0.305769,0.705334,0.153746,4.76385,0.264173,,-0.0743742,65.9492,-3.47582,94.5758,-0.0743742,-1.82,-3.851702928543091,0.3375154733657837,1.64049,155.61000061035156,,,,,,,612,4.371428571,612,4.371428571,,,,,,,,,,,,,,,,,,,"Ozzie Albies","16556",645277
"Royce Lewis","MIN",122.128,496.573,454.525,108.841,67.5809,23.0377,0.588061,17.6345,57.9686,58.7575,34.8668,0.977216,105.57,2.86778,3.71044,0.602994,6.94494,10.8859,2.55606,0.239461,0.0702149,0.212597,0.330272,0.295533,0.409127,0.304734,0.70466,0.169666,4.39326,0.272234,,0.441621,55.3189,-3.35501,93.7054,0.441621,0.62,-3.242429256439209,2.1324065923690796,1.63508,181.00999450683594,,,,,,,523.5,4.290983606,523.5,4.290983606,,,,,,,,,,,,,,,,,,,"Royce Lewis","20437",668904
"Christian Yelich","MIL",135.215,577.499,505.35,129.064,86.2892,20.9526,1.98893,19.8328,73.3384,71.4607,64.0158,4.81957,141.734,4.10939,2.81775,1.05242,13.7387,15.7883,4.28174,0.255394,0.11085,0.245428,0.451661,0.342167,0.422464,0.332183,0.764632,0.16707,4.84362,0.315149,,0.416639,77.2044,8.96845,113.896,0.416639,-0.05,9.927570074796677,-13.172716904431581,1.63377,126.11000061035156,,,,,,,700.9,5.191851851,700.9,5.191851851,,,,,,,,,,,,,,,,,,,"Christian Yelich","11477",592885
"Kyle Higashioka","TEX",74.583,274.343,251.84,54.2644,33.0559,10.5993,0.359564,10.2497,28.1039,33.0048,16.9764,0.1231,69.7864,1.44742,1.90835,0.920092,3.68597,1.94689,0.623196,0.215472,0.0618801,0.254376,0.243262,0.267067,0.382513,0.28153,0.64958,0.167041,3.13941,0.253378,,-0.20487,25.3938,-7.02195,79.8846,-0.20487,7.78,-6.7090969532728195,13.213659763336182,1.63158,999,,,,,,,231.3,3.084,231.3,3.084,,,,,,,,,,,,,,,,,,,"Kyle Higashioka","5517",543309
"Josh Smith","TEX",122.586,502.737,439.755,105.855,73.0641,20.9018,1.95896,9.93042,57.3308,46.0602,46.3647,0.98999,94.961,10.2495,3.44591,2.92145,9.39344,9.10853,2.85845,0.240714,0.0922246,0.188888,0.48825,0.325059,0.364899,0.306229,0.689958,0.124185,4.84633,0.283541,,-0.198439,56.6161,-2.78614,96.8991,-0.198439,-0.86,-2.0358422994613647,0.663917064666748,1.62999,513.2000122070312,,,,,,,496.6,4.037398373,496.6,4.037398373,,,,,,,,,,,,,,,,,,,"Josh Smith","26396",669701
"Carlos Narváez","BOS",108.059,410.23,367.06,81.9679,53.5569,16.245,0.359053,11.807,41.8072,46.2888,35.4061,0.926566,109.061,3.71752,2.99963,1.04693,7.24696,3.08106,0.899355,0.223309,0.0863079,0.265854,0.324644,0.295935,0.366022,0.290866,0.661957,0.142712,3.08377,0.281555,,-0.357819,41.0815,-7.39032,80.7147,-0.357819,3.43,-9.682322412729263,11.46468997001648,1.62696,425.04998779296875,,,,,,,371.3,3.437962962,371.3,3.437962962,,,,,,,,,,,,,,,,,,,"Carlos Narvaez","19722",665966
"Bryan Reynolds","PIT",146.244,632.509,563.83,143.586,94.1652,24.7075,5.8936,18.8198,77.8918,73.5383,55.2603,2.09944,153.488,8.26568,4.54921,0.604121,11.8659,5.87886,1.83235,0.254662,0.0873668,0.242666,0.36003,0.327758,0.419525,0.324602,0.747283,0.164862,4.98286,0.31501,,-0.601772,80.6653,5.92953,106.064,-0.601772,-1.84,3.9442272186279297,-9.101175665855408,1.62542,203.92999267578125,,,,,,,722.5,4.948630136,722.5,4.948630136,,,,,,,,,,,,,,,,,,,"Bryan Reynolds","19326",668804
"Gavin Lux","TBR",110.317,446.892,397.168,100.94,71.0619,19.195,3.01272,7.67049,49.9172,43.7948,44.1093,0.459767,97.298,2.002,3.14714,0.465354,9.29563,4.05934,1.17772,0.25415,0.0987024,0.217722,0.453342,0.329397,0.375589,0.311159,0.704986,0.121439,4.31973,0.315797,,-0.440932,52.1158,-0.687888,98.0075,-0.440932,0,-1.4904022812843323,1.7548049688339233,1.60075,746.739990234375,,,,,,,458.8,4.17090909,458.8,4.17090909,,,,,,,,,,,,,,,,,,,"Gavin Lux","19955",666158
"Colt Keith","DET",121.321,488.938,438.95,113.338,74.4117,20.7843,3.86662,14.2753,59.2353,55.3894,43.1133,1.53398,102.962,2.96086,3.44881,0.464707,8.13997,3.64316,1.20197,0.258202,0.0881775,0.210583,0.41873,0.326348,0.420734,0.32403,0.747081,0.162532,4.46198,0.304656,,-0.548878,62.1284,4.35658,107.505,-0.548878,0.13,3.775987982749939,-5.012061238288879,1.5953,427.6600036621094,,,,,,,551.9,4.561157024,551.9,4.561157024,,,,,,,,,,,,,,,,,,,"Colt Keith","27899",690993
"Spencer Torkelson","DET",146.552,615.101,537.539,124.827,70.5899,27.012,0.510195,26.7151,73.2724,80.939,64.2001,2.89745,159.734,7.46468,5.40971,0.487218,7.78639,2.46945,0.681282,0.23222,0.104373,0.259687,0.40192,0.3197,0.433466,0.325519,0.753165,0.201246,2.64849,0.275209,,-0.705096,78.9034,6.22447,108.531,-0.705096,0.45,5.479478120803833,-11.10655289888382,1.59032,181.52999877929688,,,,,,,713.8,4.855782312,713.8,4.855782312,,,,,,,,,,,,,,,,,,,"Spencer Torkelson","27465",679529
"Jung Hoo Lee","SFG",136.896,568.8,515.914,140.406,93.368,33.7199,4.58087,8.73698,68.842,58.1037,42.0562,1.36116,63.6902,5.08832,4.98263,0.759,11.6943,7.99654,2.43562,0.27215,0.0739384,0.111973,0.660324,0.33017,0.406072,0.320247,0.736243,0.133923,4.95427,0.293596,,-0.316751,70.5292,3.3211,107.358,-0.316751,-3.21,4.643406122922897,-8.187947750091553,1.57352,339.4800109863281,,,,,,,630.3,4.600729927,630.3,4.600729927,,,,,,,,,,,,,,,,,,,"Jung Hoo Lee","33824",808982
"Harrison Bader","SFG",123.045,486.512,444.501,106.014,69.6877,18.2525,3.15281,14.9206,61.8396,50.079,30.5355,0.309679,120.424,7.38175,3.17228,0.9213,7.15132,15.4716,4.35145,0.2385,0.0627641,0.247525,0.253567,0.296404,0.39445,0.300796,0.690854,0.15595,6.13507,0.291657,,0.603991,52.6429,-4.84225,94.0336,0.603991,-0.02,-2.8363196849823,1.8788424544036388,1.55811,481.0299987792969,,,,,,,490.2,3.985365853,490.2,3.985365853,,,,,,,,,,,,,,,,,,,"Harrison Bader","18030",664056
"Jo Adell","LAA",139.555,567.953,516.529,119.642,66.4521,21.0763,2.01929,30.0945,71.7113,77.608,39.3172,1.23666,156.284,7.87889,3.51925,0.515088,7.43117,10.2439,2.83562,0.231628,0.0692262,0.275171,0.251575,0.294121,0.455039,0.320774,0.74916,0.223412,4.96912,0.268373,,0.145443,70.6676,3.55954,104.335,0.145443,-2.5,3.047362431883812,-7.673654079437256,1.52668,119.06999969482422,,,,,,,660.9,4.720714285,660.9,4.720714285,,,,,,,,,,,,,,,,,,,"Jo Adell","20220",666176
"Tommy Edman","LAD",108.981,441.481,403.72,98.2672,64.6987,18.622,2.032,12.9145,55.5932,48.8757,27.9607,0.737821,75.0789,4.30225,3.36985,2.06785,8.59049,9.70475,2.50215,0.243405,0.0633339,0.170061,0.372418,0.297097,0.395563,0.300644,0.69266,0.152158,5.45672,0.267483,,0.28104,47.7159,-4.44851,92.0454,0.28104,2.32,-3.881190925836563,4.049180269241333,1.51997,708.3599853515625,,,,,,,440.1,4.037614678,440.1,4.037614678,,,,,,,,,,,,,,,,,,,"Tommy Edman","19470",669242
"Logan O'Hoppe","LAA",116.962,453.444,413.169,93.0285,57.0075,16.1274,0.806101,19.0875,49.0707,55.8405,31.1781,0.41107,131.885,5.15324,2.82041,1.12292,6.76436,2.7845,0.912008,0.225158,0.0687584,0.290852,0.236404,0.285991,0.406687,0.300186,0.692678,0.181528,3.19957,0.279004,,-0.430061,48.8402,-4.73774,90.1527,-0.430061,-2.25,-5.69283190369606,4.91830587387085,1.51753,246.85000610351562,,,,,,,449.4,3.841025641,449.4,3.841025641,,,,,,,,,,,,,,,,,,,"Logan O'Hoppe","24729",681351
"Caleb Durbin","BOS",131.926,526.254,472.672,118.972,84.1173,23.7438,1.44456,9.66681,60.5044,50.3604,33.1789,0.995757,55.3716,12.9739,4.03431,3.39484,11.2288,19.2281,4.5761,0.251702,0.0630474,0.105218,0.599205,0.315812,0.369402,0.301918,0.685214,0.1177,5.36391,0.265519,,1.1182,57.4225,-4.75848,88.3278,1.1182,0.66,-6.12149715423584,2.6958948969841003,1.50268,225.6199951171875,,,,,,,522.8,3.96060606,522.8,3.96060606,,,,,,,,,,,,,,,,,,,"Caleb Durbin","29646",702332
"Matt Wallner","MIN",117.686,480.716,418.083,93.6927,50.2116,19.8028,1.54217,22.1361,61.9842,62.8662,48.5727,1.06394,150.664,10.8207,2.8537,0.386014,6.1232,4.35631,1.35136,0.224101,0.101042,0.313415,0.322392,0.31871,0.437684,0.32823,0.756394,0.213583,4.29353,0.288375,,-0.398696,62.723,5.92272,109.891,-0.398696,-1.45,5.205488681793213,-7.218921422958374,1.48681,386.4599914550781,,,,,,,569.4,4.825423728,569.4,4.825423728,,,,,,,,,,,,,,,,,,,"Matt Wallner","26466",670242
"Josh Jung","TEX",125.494,512.744,475.49,115.614,76.1413,22.1464,1.12705,16.1994,55.3052,60.6253,29.1485,0.414313,130.229,4.31072,3.28629,0.508853,8.30671,3.95351,1.26277,0.243148,0.0568481,0.253985,0.223825,0.291025,0.396671,0.29832,0.687696,0.153523,3.48095,0.299129,,-0.447238,54.4504,-6.13426,91.4506,-0.447238,0.52,-5.613874673843384,2.4566357135772705,1.48257,625.4000244140625,,,,,,,498.3,3.9864,498.3,3.9864,,,,,,,,,,,,,,,,,,,"Josh Jung","26299",673962
"Jonathan India","KCR",121.934,514.325,443.683,107.527,72.0703,22.8564,1.47663,11.1241,60.7061,52.0717,53.0614,0.0218074,98.2548,12.5324,3.70965,1.33834,9.82374,8.49598,2.64076,0.242352,0.103167,0.191036,0.540039,0.337477,0.375739,0.317647,0.713216,0.133388,4.4929,0.285205,,-0.290908,62.689,1.9175,100.342,-0.290908,-1.42,-0.0834585577249527,-3.1426807641983032,1.48109,588.3300170898438,,,,,,,541.4,4.437704918,541.4,4.437704918,,,,,,,,,,,,,,,,,,,"Jonathan India","21523",663697
"Carson Kelly","CHC",95.371,363.671,320.992,74.6493,49.4761,12.367,0.592016,12.2143,40.148,43.4147,33.8905,0.254792,72.9507,4.04617,3.08765,0.551094,6.83121,1.29635,0.358003,0.232558,0.0931899,0.200595,0.464567,0.310997,0.388929,0.307233,0.699926,0.156371,2.83141,0.261328,,-0.462727,41.2515,-1.71907,97.8419,-0.462727,-2.69,-1.3929276168346405,3.7553582191467285,1.47963,626.9000244140625,,,,,,,368.2,3.875789473,368.2,3.875789473,,,,,,,,,,,,,,,,,,,"Carson Kelly","13620",608348
"Willi Castro","COL",128.102,522.869,465.873,120.507,80.7318,23.644,3.1737,12.9576,66.1216,55.3108,40.2783,0.783462,117.202,11.2396,3.57596,1.9019,8.96123,15.5622,4.69834,0.258669,0.0770333,0.224151,0.343667,0.330203,0.406487,0.322378,0.73669,0.147818,5.78174,0.316984,,0.320499,65.7386,3.95755,92.7712,0.320499,-0.65,-4.159253358840942,1.2241874933242798,1.47953,259.20001220703125,,,,,,,589.9,4.60859375,589.9,4.60859375,,,,,,,,,,,,,,,,,,,"Willi Castro","17338",650489
"Kerry Carpenter","DET",114.868,473.471,431.595,108.354,62.1271,19.2508,2.96972,24.006,60.6504,68.4551,30.1829,1.35091,112.482,6.87793,3.50206,0.499821,7.02437,2.63995,0.976591,0.251054,0.0637481,0.237569,0.268335,0.307979,0.476285,0.334408,0.784263,0.225231,4.07073,0.282469,,-0.517829,64.1528,8.20853,114.655,-0.517829,-0.03,7.659996330738068,-9.501038817688823,1.47893,236.08999633789062,,,,,,,584.5,5.082608695,584.5,5.082608695,,,,,,,,,,,,,,,,,,,"Kerry Carpenter","25961",681481
"Ha-Seong Kim","ATL",88.465,356.275,312.792,75.4635,52.3381,12.8158,1.79537,8.51423,45.076,32.0819,34.4521,1.0087,64.4435,3.07512,2.70401,2.95146,5.66906,13.9765,3.38698,0.241258,0.0967008,0.180881,0.534609,0.320066,0.37537,0.306141,0.695435,0.134112,5.88719,0.276036,,0.821673,40.0968,-1.99989,94.8309,0.821673,-0.24,-1.3610392808914185,3.8556015640497208,1.46797,741.8699951171875,,,,,,,369.9,4.20340909,369.9,4.20340909,,,,,,,,,,,,,,,,,,,"Ha-Seong Kim","27506",673490
"Ceddanne Rafaela","BOS",140.314,559.16,522.597,128.402,83.8786,25.8539,3.76214,14.9073,66.4244,60.046,24.0717,0.750885,122.922,6.03193,4.08813,2.37103,7.31244,20.9043,5.33495,0.2457,0.0430498,0.219833,0.195829,0.284678,0.395145,0.293501,0.679823,0.149446,6.34326,0.291868,,1.24859,57.1918,-8.87731,82.5295,1.24859,3.17,-10.265089750289917,5.335339307785034,1.46467,131.22999572753906,,,,,,,548.9,3.920714285,548.9,3.920714285,,,,,,,,,,,,,,,,,,,"Ceddanne Rafaela","24262",678882
"Jared Triolo","PIT",123.48,490.795,436.178,105.811,73.5627,21.6197,1.59088,9.03796,55.4249,45.8066,46.038,0.616394,111.901,3.76172,3.30965,1.50781,7.77391,11.7692,3.508,0.242588,0.093803,0.228,0.411417,0.318036,0.361611,0.300895,0.679647,0.119023,4.81747,0.303795,,0.106917,53.1457,-4.84551,89.8244,0.106917,1.56,-5.812145248055458,3.6159939765930176,1.44595,737.4600219726562,,,,,,,479,3.894308943,479,3.894308943,,,,,,,,,,,,,,,,,,,"Jared Triolo","25807",669707
"Joey Ortiz","MIL",131.575,514.02,469.55,112.586,79.6542,22.5866,2.36511,7.98031,53.2719,46.7636,33.6187,0.562821,89.2954,4.02216,3.20385,3.62565,9.2536,12.9652,3.70854,0.239775,0.0654035,0.17372,0.376489,0.294335,0.348939,0.2831,0.643274,0.109164,5.21946,0.278594,,0.303706,48.2342,-12.5013,80.2725,0.303706,2.41,-11.714699417352676,8.501435041427612,1.42095,742.3200073242188,,,,,,,443.6,3.36060606,443.6,3.36060606,,,,,,,,,,,,,,,,,,,"Joey Ortiz","25493",687401
"Ryan McMahon","NYY",117.293,474.9,415.401,86.6713,52.346,16.644,0.781443,16.8998,52.8702,52.7096,53.4032,1.36237,151.507,2.69898,2.98268,0.414597,7.59698,3.34694,1.24376,0.208645,0.112452,0.31903,0.35248,0.300902,0.374525,0.297243,0.675426,0.165879,3.26797,0.279112,,-0.546897,50.0163,-6.09675,90.4316,-0.546897,1.56,-5.902584075927734,3.3700770139694214,1.41322,729.1300048828125,,,,,,,457.9,3.913675213,457.9,3.913675213,,,,,,,,,,,,,,,,,,,"Ryan McMahon","15112",641857
"Pedro Pagés","STL",89.652,332.492,305.474,68.1205,46.5831,12.3269,0.505283,8.70525,30.6879,35.376,20.1597,0.657609,89.4505,3.16003,2.2325,1.46623,6.03629,0.698134,0.238977,0.223,0.0606321,0.269031,0.225372,0.276233,0.352154,0.274972,0.628387,0.129154,2.47545,0.283537,,-0.415372,29.0059,-10.2806,76.0979,-0.415372,5.54,-9.83451235294342,12.457592487335205,1.40016,999,,,,,,,271.8,3.02,271.8,3.02,,,,,,,,,,,,,,,,,,,"Pedro Pages","25782",686780
"Brandon Marsh","PHI",120.855,473.03,419.893,105.417,68.8994,20.9286,2.19175,13.3969,58.1391,51.2118,45.4623,1.22888,134.926,2.92162,2.80903,1.94438,7.14468,9.71877,2.73446,0.251056,0.0961088,0.285238,0.336942,0.326481,0.407055,0.320231,0.733536,0.155999,5.19943,0.335375,,0.0577928,58.6483,2.75612,103.344,0.0577928,-0.19,1.9322913251817226,-4.103970468044281,1.38799,656.0900268554688,,,,,,,517.1,4.273553719,517.1,4.273553719,,,,,,,,,,,,,,,,,,,"Brandon Marsh","20202",669016
"Ramón Laureano","SDP",127.286,518.648,468.055,114.391,69.4987,20.7592,3.64042,20.4928,68.0688,65.0384,36.5795,0.646598,137.552,9.87476,3.53192,0.606495,9.37735,9.02957,2.42185,0.244397,0.0705285,0.265212,0.265932,0.310487,0.435653,0.322413,0.74614,0.191256,5.64773,0.299476,,0.0529086,65.2226,3.94037,110.187,0.0529086,-4.13,6.314776569604874,-10.022870540618896,1.38607,223.0800018310547,,,,,,,594.6,4.681889763,594.6,4.681889763,,,,,,,,,,,,,,,,,,,"Ramon Laureano","17128",657656
"Kyle Stowers","MIA",138.554,576.813,512.644,120.294,69.2688,25.1596,1.87175,23.9939,67.2816,77.1911,52.622,1.94184,164.909,6.87451,3.83096,0.841457,9.18928,3.82619,1.08869,0.234654,0.0912289,0.285897,0.319097,0.312152,0.431447,0.321381,0.743599,0.196793,3.54019,0.293982,,-0.517846,72.0538,3.89894,104.4,-0.517846,-2.22,2.4902501106262207,-8.536229848861694,1.34487,132.89999389648438,,,,,,,653.3,4.7,653.3,4.7,,,,,,,,,,,,,,,,,,,"Kyle Stowers","26151",669065
"Victor Caratini","MIN",91.167,347.137,310.026,76.7506,55.0667,11.8275,0.297458,9.55895,37.1656,38.4656,26.4475,0.851839,63.5788,6.2294,3.00356,0.448659,8.54972,0.934031,0.318623,0.247562,0.0761874,0.183152,0.41598,0.316533,0.380129,0.306052,0.696662,0.132567,2.42773,0.280091,,-0.517306,39.0431,-1.97378,94.6136,-0.517306,3.46,-2.7211005091667175,3.647586449980736,1.31721,701.260009765625,,,,,,,347.9,3.823076923,347.9,3.823076923,,,,,,,,,,,,,,,,,,,"Victor Caratini","14968",605170
"Lars Nootbaar","STL",117.354,499.141,433.063,102.933,68.3515,20.0105,1.48049,13.0903,56.9999,51.7363,57.9411,2.03411,99.9238,3.41984,3.35308,1.3644,9.71058,5.6102,2.07243,0.237686,0.116082,0.200192,0.579853,0.330055,0.381412,0.313692,0.711467,0.143726,3.86374,0.277805,,-0.569545,59.2356,0.258255,102.622,-0.569545,0.31,0.9818797707557678,-4.720606744289398,1.31654,728.3400268554688,,,,,,,518.5,4.431623931,518.5,4.431623931,,,,,,,,,,,,,,,,,,,"Lars Nootbaar","21454",663457
"Hunter Feduccia","TBR",73.891,256.055,228.849,48.6186,33.5025,10.1401,0.637393,4.33858,23.1782,23.9591,24.0239,0.334183,65.8606,1.20818,1.61988,0.354192,4.85433,0.464925,0.184824,0.212449,0.0938233,0.257213,0.364769,0.288817,0.319203,0.271612,0.60802,0.106755,2.62763,0.276285,,-0.368244,21.6392,-8.61569,70.765,-0.368244,7.49,-9.191108882427216,13.191465854644775,1.31097,999,,,,,,,192.7,2.604054054,192.7,2.604054054,,,,,,,,,,,,,,,,,,,"Hunter Feduccia","23372",676439
"Cedric Mullins","TBR",111.218,451.048,399.81,91.8128,56.079,17.9452,2.9452,14.8434,58.0913,47.2804,41.0215,0.583755,100.163,4.02214,3.13746,2.81337,4.80834,20.9835,4.593,0.229641,0.090947,0.222068,0.409545,0.305489,0.400637,0.307832,0.706125,0.170996,6.51659,0.26731,,1.65207,51.382,-1.91284,95.7153,1.65207,-3.43,-0.6257100105285645,-2.1175146102905273,1.30767,322.989990234375,,,,,,,486.4,4.381981981,486.4,4.381981981,,,,,,,,,,,,,,,,,,,"Cedric Mullins","17929",656775
"Sal Stewart","CIN",119.788,483.702,439.87,118.293,75.39,24.338,0.546253,18.019,58.661,63.1693,35.3544,0.865188,88.8724,4.27548,3.61974,0.582293,9.20584,6.1359,1.78744,0.268928,0.0730912,0.183734,0.397811,0.326882,0.449634,0.334902,0.776516,0.180707,3.60591,0.297904,,-0.258418,65.7329,8.57976,110.124,-0.258418,-0.09,5.545399934053421,-8.922105640172958,1.30102,181.83999633789062,,,,,,,588.1,4.900833333,588.1,4.900833333,,,,,,,,,,,,,,,,,,,"Sal Stewart","31505",701398
"Brenton Doyle","COL",137.675,562.912,515.684,129.753,82.7701,24.4929,3.33177,19.1584,72.8823,64.5418,36.1442,0.369822,151.266,3.32598,4.30898,3.44839,7.69378,21.1303,5.17035,0.251614,0.0642093,0.26872,0.238945,0.302474,0.423486,0.313279,0.72596,0.171872,6.23543,0.316374,,1.30416,66.6146,0.10222,86.5383,1.30416,-0.49,-7.677081227302551,1.6346142292022705,1.29791,168.41000366210938,,,,,,,620.2,4.494202898,620.2,4.494202898,,,,,,,,,,,,,,,,,,,"Brenton Doyle","25479",686668
"Denzel Clarke","ATH",97.88,378.895,345.86,77.1163,50.5301,16.5194,1.93052,8.13632,44.3627,32.3265,25.0318,0.0702774,128.322,5.07183,1.71111,1.22009,6.02243,10.8053,2.93366,0.22297,0.0660654,0.338674,0.19507,0.283895,0.352471,0.280263,0.636366,0.129501,6.05301,0.326745,,0.42783,34.6817,-10.0877,74.7871,0.42783,8.79,-10.831529408693314,10.300493717193604,1.27992,737.8300170898438,,,,,,,323.6,3.302040816,323.6,3.302040816,,,,,,,,,,,,,,,,,,,"Denzel Clarke","29858",672016
"Nick Gonzales","PIT",95.413,394.5,361.9,94.4529,64.3901,21.1557,1.94799,6.95904,42.4742,41.8138,23.2922,0.501331,80.6204,4.99911,3.3777,0.931115,7.63709,3.12957,1.05458,0.260992,0.0590422,0.204361,0.288911,0.311875,0.387902,0.305135,0.699777,0.12691,4.06207,0.315068,,-0.414499,44.0764,-2.53679,92.7289,-0.414499,0.4,-3.814210593700409,3.148522526025772,1.27475,999,,,,,,,389.4,4.098947368,389.4,4.098947368,,,,,,,,,,,,,,,,,,,"Nick Gonzales","27490",693304
"Dylan Beavers","BAL",100.402,400.87,353.997,84.5323,52.9195,18.8904,1.37496,11.3475,49.2036,41.3928,40.1758,1.11113,94.6462,2.35636,3.15664,1.18413,5.02644,10.0489,2.8078,0.238794,0.100221,0.236102,0.424484,0.317911,0.396092,0.312008,0.714002,0.157298,4.97658,0.291387,,0.237141,47.0251,-0.340814,100.919,0.237141,2.01,0.6712390929460526,-2.074817419052124,1.26803,417.67999267578125,,,,,,,422.8,4.228,422.8,4.228,,,,,,,,,,,,,,,,,,,"Dylan Beavers","31695",687637
"Jorge Polanco","NYM",123.238,507.036,451.28,110.699,67.4056,21.4776,0.37838,21.4375,61.604,65.6893,45.1136,1.36388,103.564,3.65693,3.90328,1.38017,7.62885,5.41019,1.90792,0.2453,0.0889752,0.204254,0.43561,0.316437,0.43708,0.325389,0.753517,0.19178,3.406,0.27034,,-0.457241,64.9876,5.07736,111.788,-0.457241,-1.34,6.626666605472565,-11.145492434501648,1.2636,213.1699981689453,,,,,,,579.8,4.713821138,579.8,4.713821138,,,,,,,,,,,,,,,,,,,"Jorge Polanco","13152",593871
"Anthony Volpe","NYY",110.492,450.326,409.227,90.8604,56.6096,19.7206,1.98511,12.5451,53.2807,43.6561,31.6132,0.395918,109.503,4.20233,3.53394,1.74937,6.75525,15.8667,3.76069,0.222029,0.0702007,0.243164,0.288697,0.282395,0.371888,0.285527,0.654283,0.149858,6.01654,0.26939,,1.02573,43.1445,-10.0649,82.3608,1.02573,-0.06,-8.336499571800232,5.055370274931192,1.25009,664.7999877929688,,,,,,,419.4,3.812727272,419.4,3.812727272,,,,,,,,,,,,,,,,,,,"Anthony Volpe","27647",683011
"Ryan O'Hearn","PIT",124.819,511.063,453.556,118.867,82.1048,21.7498,1.71664,13.2956,58.6777,58.491,47.2863,2.56966,96.8373,4.92186,4.32095,0.977972,10.4832,3.80226,1.13613,0.262078,0.0925254,0.189482,0.488307,0.335385,0.405544,0.323071,0.740929,0.143466,3.5944,0.303589,,-0.574539,64.5418,4.15577,105.015,-0.574539,0.53,2.4633448123931885,-7.372437238693237,1.23738,280.0899963378906,,,,,,,570.6,4.5648,570.6,4.5648,,,,,,,,,,,,,,,,,,,"Ryan O'Hearn","16442",656811
"Jordan Lawlar","ARI",91.341,340.289,308.465,74.1488,48.8016,15.8208,1.92378,7.60256,41.339,34.4087,24.7353,0.817766,93.2778,3.95207,2.13855,0.997659,4.80286,12.3875,2.94965,0.240379,0.072689,0.274114,0.265178,0.303091,0.378081,0.297808,0.681171,0.137701,6.21458,0.317304,,0.763409,35.9951,-4.21263,88.6087,0.763409,3.42,-3.8308646082878113,4.539375066757202,1.23082,287.92999267578125,,,,,,,340.8,3.745054945,340.8,3.745054945,,,,,,,,,,,,,,,,,,,"Jordan Lawlar","29976",691783
"Luis García Jr.","WSN",122.736,501.225,466.505,123.208,84.9192,21.8178,2.07559,14.3951,56.8563,59.77,27.2795,1.687,79.4083,1.89011,4.83023,0.720303,9.4795,13.8096,4.25608,0.264108,0.0544256,0.158428,0.343534,0.304447,0.412347,0.308583,0.716794,0.148239,4.91955,0.288221,,0.276935,57.4035,-1.82008,96.9942,0.276935,0.34,-1.5086633265018463,-3.2614084780216217,1.21811,251.52999877929688,,,,,,,531,4.31707317,531,4.31707317,,,,,,,,,,,,,,,,,,,"Luis Garcia Jr.","20391",671277
"Alec Burleson","STL",139.345,578.494,527.007,139.461,96.148,24.5524,0.969173,17.7912,64.296,70.4049,39.2917,1.07473,81.5415,4.00007,5.59186,1.6826,11.8152,5.50648,1.54708,0.264628,0.0679207,0.140955,0.481862,0.317339,0.416171,0.317803,0.73351,0.151543,3.28828,0.280819,,-0.445702,70.5836,2.23012,105.439,-0.445702,-0.14,3.2831713259220123,-10.644757881760597,1.21599,176.24000549316406,,,,,,,633.6,4.558273381,633.6,4.558273381,,,,,,,,,,,,,,,,,,,"Alec Burleson","27615",676475
"JJ Wetherholt","STL",119.593,499.81,447.974,107.247,75.0513,21.9774,1.65024,8.56774,52.0489,46.7878,41.1007,1.21496,93.2468,6.23642,3.23271,1.26644,9.93224,7.27676,2.27114,0.239404,0.0822327,0.186564,0.440773,0.310071,0.353208,0.293358,0.663279,0.113804,4.27144,0.282431,,-0.274668,51.0634,-7.99302,88.6928,-0.274668,0,-6.972781270742416,2.0762672424316406,1.20036,999,,,,,,,459.7,3.830833333,459.7,3.830833333,,,,,,,,,,,,,,,,,,,"JJ Wetherholt","sa3025154",802139
"Jake Meyers","HOU",116.738,458.535,412.731,99.6814,70.208,19.5074,1.23201,8.73406,52.0531,41.3493,34.9499,0.331617,95.7422,5.89327,2.85378,2.10701,8.45626,10.6513,3.18464,0.241517,0.0762208,0.2088,0.365042,0.307879,0.358236,0.294489,0.666115,0.116719,4.94435,0.292333,,0.0951607,47.2674,-6.912,87.9814,0.0951607,0.36,-6.4001258090138435,2.16151225566864,1.18104,742.4600219726562,,,,,,,430.8,3.682051282,430.8,3.682051282,,,,,,,,,,,,,,,,,,,"Jake Meyers","20308",676694
"Yoán Moncada","LAA",92.603,372.638,330.3,78.9182,48.9422,16.169,0.735391,13.0716,41.7029,43.3769,35.1268,0.876366,98.3968,4.18681,2.58187,0.442902,6.48564,0.938574,0.282042,0.238929,0.0942652,0.264055,0.356991,0.317661,0.41106,0.31761,0.728721,0.172131,2.59347,0.297393,,-0.504637,45.408,1.37795,102.155,-0.504637,-2.11,0.4418395757675171,-1.7362461686134338,1.17978,746.6699829101562,,,,,,,405.6,4.361290322,405.6,4.361290322,,,,,,,,,,,,,,,,,,,"Yoan Moncada","17232",660162
"Cam Smith","HOU",116.28,459.496,411.149,98.9014,67.1585,19.3172,1.44313,10.9825,53.1399,45.5125,39.2241,1.24791,122.416,5.87898,2.57674,0.667446,8.32281,6.47222,1.9609,0.240549,0.0853632,0.266413,0.320417,0.313852,0.374688,0.302927,0.68854,0.134139,4.38172,0.313629,,-0.241456,50.5145,-3.77852,93.7941,-0.241456,3.93,-3.6023871898651123,-0.8551852703094482,1.16202,401.82000732421875,,,,,,,448.4,3.865517241,448.4,3.865517241,,,,,,,,,,,,,,,,,,,"Cam Smith","35108",701358
"Kyle Manzardo","CLE",126.496,518.766,458.982,108.382,61.0316,23.0423,0.949652,23.3583,60.3681,72.4002,48.5135,2.03038,120.948,5.71279,5.14305,0.414866,6.60162,1.47926,0.43864,0.236135,0.0935171,0.233147,0.401109,0.313703,0.443151,0.325506,0.756854,0.207016,2.63496,0.26585,,-0.631271,66.5403,5.24408,109.957,-0.631271,-0.15,5.456756830215454,-12.00006428360939,1.15734,245.7100067138672,,,,,,,601.3,4.772222222,601.3,4.772222222,,,,,,,,,,,,,,,,,,,"Kyle Manzardo","29794",700932
"Dylan Crews","WSN",136.436,563.723,513.97,118.669,77.9332,21.9421,3.12541,15.6685,65.6091,57.9458,37.2997,0.651709,128.711,7.99748,3.69757,0.757862,8.75913,22.3917,6.32611,0.230887,0.0661666,0.228324,0.289793,0.291255,0.377196,0.292064,0.668451,0.146309,6.20404,0.275928,,1.07846,57.001,-9.60726,85.6787,1.07846,4.38,-8.490022420883179,1.035980463027954,1.15625,168.24000549316406,,,,,,,543.7,3.997794117,543.7,3.997794117,,,,,,,,,,,,,,,,,,,"Dylan Crews","33541",686611
"Tyler O'Neill","BAL",89.604,370.047,324.916,75.1822,44.0018,12.4132,1.12914,17.6381,47.7069,48.3946,37.2862,1.38461,103.103,4.87744,2.55015,0.416837,5.37752,4.13813,1.08095,0.231389,0.100761,0.278621,0.361641,0.317468,0.4394,0.327068,0.756868,0.20801,4.15148,0.27836,,-0.174735,47.9339,4.21002,111.293,-0.174735,-0.54,4.75061422586441,-6.2941394448280334,1.14517,541.9600219726562,,,,,,,435.5,4.838888888,435.5,4.838888888,,,,,,,,,,,,,,,,,,,"Tyler O'Neill","15711",641933
"Marcelo Mayer","BOS",107.733,420.26,383.778,93.9698,59.694,22.1852,1.13612,10.9545,45.9774,48.3243,31.0897,1.98475,99.1544,1.99726,2.82174,0.57356,7.0638,6.72278,1.83903,0.244855,0.0739774,0.235936,0.313549,0.302742,0.394215,0.301975,0.696957,0.14936,4.41684,0.300246,,-0.00796709,45.8764,-3.7806,88.3671,-0.00796709,1.12,-5.770038698799908,2.400978207588196,1.13522,610.5999755859375,,,,,,,422,3.907407407,422,3.907407407,,,,,,,,,,,,,,,,,,,"Marcelo Mayer","29668",691785
"Justin Crawford","PHI",106.966,429.099,395.038,105.06,79.091,18.6384,1.99637,5.33469,52.1452,35.1439,26.5977,0.786071,88.8242,2.17318,1.73265,3.55735,9.12993,20.651,5.16476,0.26595,0.061985,0.207002,0.299442,0.314496,0.363751,0.297993,0.678248,0.0978012,6.1542,0.32955,,1.30826,45.454,-5.24738,88.1096,1.30826,0,-4.738868951797485,1.5536092519760132,1.13474,999,,,,,,,419.4,3.919626168,419.4,3.919626168,,,,,,,,,,,,,,,,,,,"Justin Crawford","sa3020240",702222
"Jose Trevino","CIN",69.89,253.441,233.452,54.1682,39.6917,9.25136,0.244702,4.98048,22.3554,25.0874,14.1113,0.18968,39.3568,1.63329,1.98968,1.3657,5.89092,0.427779,0.127014,0.232031,0.0556787,0.15529,0.358547,0.27833,0.337758,0.27071,0.616088,0.105727,2.11663,0.257386,,-0.331178,21.2326,-8.71338,66.15,-0.331178,7.45,-10.499038428068161,12.84274673461914,1.10249,999,,,,,,,190.5,2.721428571,190.5,2.721428571,,,,,,,,,,,,,,,,,,,"Jose Trevino","16725",624431
"Brooks Lee","MIN",134.995,544.625,501.889,119.912,83.3133,21.7694,1.30992,13.5198,55.0711,58.2159,34.1255,1.16653,97.1775,3.1112,4.84343,0.655648,10.7228,3.7821,1.3182,0.238922,0.0626588,0.17843,0.351167,0.288893,0.36833,0.286344,0.657224,0.129408,3.30706,0.268644,,-0.571537,52.5404,-11.8112,81.0375,-0.571537,-1.57,-12.743661940097809,4.581732392311096,1.08279,516.77001953125,,,,,,,486.9,3.606666666,486.9,3.606666666,,,,,,,,,,,,,,,,,,,"Brooks Lee","31595",686797
"Daylen Lile","WSN",132.291,546.36,500.89,133.962,89.2742,29.2344,5.47717,9.97625,63.1952,57.1258,34.4653,0.801029,97.2337,5.49687,4.32884,1.17927,7.66022,14.0713,3.96449,0.267448,0.0630817,0.177966,0.354458,0.319021,0.407434,0.315272,0.726455,0.139986,6.02954,0.311515,,0.342851,65.5401,0.98346,101.577,0.342851,-1.28,1.3638959527015686,-8.997970819473267,1.07873,205.1999969482422,,,,,,,588.4,4.457575757,588.4,4.457575757,,,,,,,,,,,,,,,,,,,"Daylen Lile","29995",695734
"Carson Williams","TBR",96.166,375.087,341.062,74.5824,44.9791,15.0287,1.81014,12.7645,43.4574,43.2907,27.6113,0.530354,129.299,3.61196,1.98111,0.820963,4.54376,8.46539,2.5279,0.218677,0.0736131,0.344718,0.213546,0.282702,0.385633,0.290885,0.668335,0.166956,5.52401,0.307584,,0.158297,37.5677,-6.75168,84.0411,0.158297,-0.05,-6.896864265203476,4.402129840105772,1.0656,746.5499877929688,,,,,,,358.9,3.738541666,358.9,3.738541666,,,,,,,,,,,,,,,,,,,"Carson Williams","30038",700246
"Carter Jensen","KCR",102.042,383.234,341.813,80.2649,49.0177,17.5304,2.75168,10.9651,44.7292,44.0238,36.2553,1.31213,99.9851,2.07946,2.51695,0.568843,5.50855,4.57789,1.35885,0.234821,0.0946036,0.260898,0.362607,0.309931,0.398445,0.308284,0.708376,0.163625,4.93635,0.29694,,-0.208906,43.7977,-1.48437,93.8927,-0.208906,-2.27,-2.9674706161022186,0.027545452117919922,1.04874,999,,,,,,,399.4,3.915686274,399.4,3.915686274,,,,,,,,,,,,,,,,,,,"Carter Jensen","29478",695600
"TJ Friedl","CIN",133.237,576.755,497.786,119.941,82.6972,20.1513,2.83419,14.2584,68.4731,53.2174,57.6584,0.261455,96.101,11.5752,4.05741,5.67764,10.6385,11.6113,3.43778,0.240949,0.0999704,0.166624,0.599977,0.331259,0.378749,0.314972,0.710008,0.1378,4.94683,0.269954,,-0.0868331,69.0457,0.897679,96.4711,-0.0868331,-6.14,-2.4991189390420914,-6.486538112163544,1.04391,263.3900146484375,,,,,,,605.1,4.54962406,605.1,4.54962406,,,,,,,,,,,,,,,,,,,"TJ Friedl","19522",670770
"Jesús Sánchez","TOR",104.06,416.362,375.554,91.0962,58.6935,17.323,1.41148,13.6682,51.6694,46.7205,34.5136,0.961792,100.116,3.14382,2.14396,1.0062,7.65825,8.63149,2.39005,0.242564,0.0828932,0.240455,0.344736,0.309984,0.405392,0.31138,0.715375,0.162827,4.84822,0.293383,,0.117803,48.63,-0.566358,99.6453,0.117803,0.87,-0.05625913292169571,-4.161707758903503,1.03464,556.1099853515625,,,,,,,445.7,4.285576923,445.7,4.285576923,,,,,,,,,,,,,,,,,,,"Jesus Sanchez","19913",660821
"Freddy Fermin","SDP",117.949,434.63,398.266,91.4768,67.2414,14.4991,1.65744,8.07884,41.4333,39.1631,26.4381,0.766718,88.6613,2.961,3.18759,3.67499,9.06964,2.50609,0.914923,0.229688,0.060829,0.203993,0.298192,0.28055,0.335272,0.270788,0.615822,0.105584,3.46065,0.273693,,-0.506387,36.4397,-14.9152,74.8221,-0.506387,0,-13.476185977458954,9.10100269317627,1.03183,714.5900268554688,,,,,,,328.7,2.78559322,328.7,2.78559322,,,,,,,,,,,,,,,,,,,"Freddy Fermin","21840",666023
"Ernie Clement","TOR",139.493,553.591,516.607,129.783,93.9837,24.9855,2.02916,8.78516,56.9491,51.9892,23.4836,0.881001,59.5263,3.52334,4.81098,5.16589,8.79386,10.3826,3.22944,0.251223,0.0424205,0.107528,0.394508,0.285892,0.35846,0.280342,0.644352,0.107237,4.7003,0.267042,,-0.0389156,50.7078,-14.7032,78.2647,-0.0389156,2.93,-14.2205705717206,5.176264047622681,1.02409,338.6000061035156,,,,,,,471.1,3.389208633,471.1,3.389208633,,,,,,,,,,,,,,,,,,,"Ernie Clement","20352",676391
"Parker Meadows","DET",98.881,396.763,355.503,78.0084,49.4164,14.6428,4.03369,9.91543,47.4008,35.8044,35.0795,0.737567,101.133,2.58771,2.60317,0.990013,4.28577,10.7358,2.9629,0.219431,0.0884143,0.254894,0.346867,0.292278,0.366987,0.288952,0.659265,0.147556,6.55389,0.275616,,0.363777,39.116,-7.76457,83.3409,0.363777,2.17,-7.426523864269257,3.6959413290023804,1.01549,999,,,,,,,367.6,3.713131313,367.6,3.713131313,,,,,,,,,,,,,,,,,,,"Parker Meadows","23800",678009
"Addison Barger","TOR",114.816,470.267,427.7,100.58,58.7194,24.1642,0.755408,16.941,54.6596,58.0142,35.0666,1.89948,117.627,4.18022,2.89135,0.428709,7.51237,4.23979,1.13034,0.235165,0.0745674,0.250128,0.298117,0.297606,0.414024,0.307161,0.71163,0.178859,3.75108,0.282542,,-0.249139,53.3151,-2.25062,96.7389,-0.249139,-2.07,-2.056669592857361,-4.799609661102295,0.954529,197.72999572753906,,,,,,,494.5,4.3,494.5,4.3,,,,,,,,,,,,,,,,,,,"Addison Barger","24598",680718
"Miguel Amaya","CHC",78.634,293.129,263.089,59.2264,39.4896,11.6985,0.518952,7.51934,29.1929,30.7829,19.7161,0.500785,64.5071,5.44419,2.11819,2.76127,5.73771,0.655891,0.198702,0.225119,0.0672609,0.220064,0.305642,0.29062,0.359273,0.285831,0.649893,0.134154,2.68232,0.267661,,-0.373685,28.1563,-6.47911,83.1809,-0.373685,1.52,-6.216941982507706,5.7935872077941895,0.954486,729.0900268554688,,,,,,,260,3.29113924,260,3.29113924,,,,,,,,,,,,,,,,,,,"Miguel Amaya","21693",665804
"Victor Scott II","STL",131.79,512.24,458.908,99.6501,72.5636,18.086,2.94151,6.05901,57.5898,31.7788,36.7637,0.542206,117.373,7.19695,3.71553,5.65585,7.34523,29.983,6.10161,0.217146,0.0717705,0.229137,0.313221,0.283488,0.308986,0.264648,0.592474,0.0918398,7.01623,0.275924,,2.73221,40.3932,-20.1319,69.0257,2.73221,6.32,-16.072612285614014,8.353796243667603,0.953914,362.7799987792969,,,,,,,398.9,3.021969696,398.9,3.021969696,,,,,,,,,,,,,,,,,,,"Victor Scott II","31349",687363
"Luis Campusano","SDP",71.803,261.236,236.412,55.3039,37.8704,9.52938,0.410974,7.49312,27.1611,28.7255,20.183,0.157434,53.8737,2.27876,2.00272,0.359263,5.65335,0.267919,0.0819349,0.23393,0.0772598,0.206226,0.374636,0.298093,0.3728,0.294409,0.670894,0.13887,2.27662,0.270044,,-0.377224,26.9122,-3.95481,91.0034,-0.377224,0,-3.162728428840637,3.6408047676086426,0.938151,999,,,,,,,232.8,3.233333333,232.8,3.233333333,,,,,,,,,,,,,,,,,,,"Luis Campusano","22217",669134
"José Caballero","NYY",95.062,360.446,317.725,68.1374,46.6158,14.0087,0.709331,6.80346,48.1701,23.3953,31.6468,0.347077,93.9124,6.52215,2.20591,2.34638,3.87955,34.1171,7.5976,0.214454,0.0877991,0.260545,0.336982,0.296863,0.327249,0.279555,0.624112,0.112795,7.06667,0.279789,,3.15463,32.7857,-9.80373,78.247,3.15463,0,-6.086634397506714,2.7339658737182617,0.926266,205.10000610351562,,,,,,,334.1,3.516842105,334.1,3.516842105,,,,,,,,,,,,,,,,,,,"Jose Caballero","23401",676609
"Harry Ford","WSN",97.991,288.325,255.155,58.3014,39.4375,12.0537,0.70377,6.10652,29.8539,28.2074,26.9433,0.475817,66.8042,3.92699,1.79745,0.501825,4.97481,5.67633,1.69948,0.228494,0.0934476,0.231697,0.403317,0.309814,0.353048,0.294365,0.662863,0.124555,4.25484,0.283603,,-0.0217074,29.6926,-4.3752,87.2548,-0.0217074,2.6,-4.377069856971502,3.785243034362793,0.920896,690.0499877929688,,,,,,,265.5,2.709183673,265.5,2.709183673,,,,,,,,,,,,,,,,,,,"Harry Ford","29958",695670
"Garrett Mitchell","MIL",93.976,361.43,321.643,70.6293,47.1568,12.9929,2.28342,8.1962,41.0225,32.4887,32.5953,0.693588,112.51,3.45259,1.5725,2.16663,5.63222,12.0217,2.91288,0.219589,0.0901843,0.311291,0.289711,0.296933,0.35063,0.286549,0.647563,0.131041,6.18991,0.308297,,0.666764,34.9276,-7.7781,82.6351,0.666764,2.55,-6.771820604801178,3.6949316263198853,0.91549,688.030029296875,,,,,,,322.3,3.428723404,322.3,3.428723404,,,,,,,,,,,,,,,,,,,"Garrett Mitchell","27555",669003
"Wenceel Pérez","DET",115.186,468.943,423.543,98.4355,62.3243,19.1609,4.42099,12.5293,56.4981,45.9505,37.1542,0.700249,101.874,3.38314,3.64388,1.21854,5.69911,12.1368,3.14605,0.232409,0.0792296,0.217242,0.364708,0.297125,0.387272,0.297985,0.684397,0.154862,6.24681,0.27465,,0.464566,49.6716,-5.73762,89.564,0.464566,2.71,-5.303466886281967,-2.1323232650756836,0.890576,999,,,,,,,459.3,3.993913043,459.3,3.993913043,,,,,,,,,,,,,,,,,,,"Wenceel Perez","22857",672761
"Spencer Horwitz","PIT",117.756,486.051,427.747,110.413,74.8228,24.4121,0.642083,10.5363,54.1072,52.9541,49.1363,1.41535,86.2746,5.01666,3.56143,0.589222,9.91053,2.02294,0.725676,0.258127,0.101093,0.177501,0.569535,0.338989,0.392097,0.321647,0.731086,0.13397,2.62895,0.298588,,-0.734701,60.8213,3.39058,104.04,-0.734701,0.22,1.5927090644836426,-9.07086780667305,0.88939,733.1300048828125,,,,,,,529.7,4.48898305,529.7,4.48898305,,,,,,,,,,,,,,,,,,,"Spencer Horwitz","26477",687462
"Marcell Ozuna","PIT",123.475,517.141,449.015,107.983,68.1374,18.9696,0.23054,20.6452,60.6296,68.2316,60.6095,1.10467,124.552,3.14926,3.86319,0.503788,9.3017,0.36096,0.111465,0.240488,0.117201,0.240847,0.48662,0.332422,0.421699,0.329219,0.754121,0.181211,1.54514,0.283858,,-0.836898,67.8908,6.78658,109.227,-0.836898,0,4.818504333496094,-13.338348388671875,0.888642,372.29998779296875,,,,,,,600.3,4.880487804,600.3,4.880487804,,,,,,,,,,,,,,,,,,,"Marcell Ozuna","10324",542303
"Colt Emerson","SEA",72.349,288.591,260.145,62.3664,42.8536,13.4425,0.635023,5.43526,30.6711,28.732,22.3728,1.32134,59.9792,3.75634,1.82843,0.488099,5.68313,4.73492,1.49416,0.239737,0.0775242,0.207835,0.373009,0.307166,0.358972,0.292882,0.666138,0.119235,4.18653,0.289639,,-0.111577,29.3725,-4.72671,92.8307,-0.111577,0,-2.5501132011413574,1.2590283155441284,0.884159,999,,,,,,,262.3,3.643055555,262.3,3.643055555,,,,,,,,,,,,,,,,,,,"Colt Emerson","sa3022923",806068
"Chase DeLauter","CLE",102.436,439.775,400.652,95.8913,63.8226,20.1388,0.962023,10.9679,45.5589,47.2148,32.6304,1.28827,84.0551,2.76877,3.01456,0.709443,8.41468,3.59736,1.33146,0.239338,0.074198,0.191132,0.388203,0.299023,0.376531,0.294836,0.675554,0.137193,3.40241,0.275151,,-0.47231,45.4575,-6.50532,88.8297,-0.47231,0,-6.262184262275696,-0.23951555788516998,0.883432,999,,,,,,,416.5,4.083333333,416.5,4.083333333,,,,,,,,,,,,,,,,,,,"Chase DeLauter","32127",800050
"Gabriel Arias","CLE",113.519,450.908,415.492,93.0449,62.1475,18.2779,1.14092,11.4786,48.1444,44.4867,27.3731,0.820292,141.201,4.84039,2.39748,0.804656,8.21683,9.36899,2.85188,0.223939,0.0607066,0.313149,0.193859,0.278288,0.356301,0.277716,0.634589,0.132362,4.87267,0.307554,,0.0883776,40.3408,-12.9375,77.0364,0.0883776,0.46,-12.115563794970512,5.004619091749191,0.860303,999,,,,,,,371.8,3.261403508,371.8,3.261403508,,,,,,,,,,,,,,,,,,,"Gabriel Arias","22563",672356
"Trevor Larnach","MIN",106.49,439.897,388.043,96.0939,63.4094,17.8959,1.16953,13.6191,51.7449,49.955,43.2768,1.35843,101.182,4.17648,3.9542,0.44695,8.22123,3.94322,1.41467,0.247638,0.0983793,0.230013,0.427711,0.326652,0.405074,0.319477,0.731726,0.157437,3.74814,0.297533,,-0.513601,54.271,2.29376,103.862,-0.513601,-0.79,1.488671064376831,-8.257216036319733,0.85656,746.6300048828125,,,,,,,484.9,4.574528301,484.9,4.574528301,,,,,,,,,,,,,,,,,,,"Trevor Larnach","21501",663616
"Henry Davis","PIT",75.972,281.592,251.714,54.3626,35.5581,10.9655,0.604682,7.23434,29.3492,28.1024,21.0116,0.836508,73.4994,5.57982,1.67905,1.48028,4.39147,3.97491,1.28939,0.21597,0.0746171,0.261014,0.285874,0.289137,0.350558,0.282226,0.639696,0.134589,4.14097,0.272955,,-0.137812,26.224,-7.04822,77.0358,-0.137812,0.81,-7.801983013749123,6.672037184238434,0.842921,746.3699951171875,,,,,,,239.6,3.152631578,239.6,3.152631578,,,,,,,,,,,,,,,,,,,"Henry Davis","29617",680779
"Jordan Beck","COL",131.42,542.093,492.905,124.719,78.7635,26.683,2.54634,16.7257,68.4795,62.9118,41.2827,0.268981,155.021,3.69914,3.73201,0.47373,7.55786,16.148,4.22821,0.253027,0.0761543,0.285967,0.266304,0.31332,0.419292,0.317817,0.732613,0.166265,5.54473,0.332397,,0.682924,66.1482,2.09572,89.6469,0.682924,2.23,-5.968868672847748,-3.8542590141296387,0.840235,232.1199951171875,,,,,,,616.4,4.705343511,616.4,4.705343511,,,,,,,,,,,,,,,,,,,"Jordan Beck","31431",687597
"Connor Norby","MIA",115.607,449.981,411.827,98.6468,62.8601,21.6809,1.53553,12.5703,48.4441,50.9647,30.3536,0.566963,124.466,4.09593,3.26301,0.441409,6.39303,7.78679,2.38077,0.239535,0.0674554,0.276603,0.243871,0.296073,0.391207,0.298927,0.68728,0.151672,4.48525,0.309568,,-0.0562736,48.0071,-5.16158,89.0187,-0.0562736,-2.39,-5.912808112800121,-0.8537274599075317,0.839417,723.969970703125,,,,,,,451.4,3.89137931,451.4,3.89137931,,,,,,,,,,,,,,,,,,,"Connor Norby","29592",681393
"Isaac Collins","KCR",107.973,411.063,357.881,85.8308,56.9258,18.4924,2.713,7.69954,50.3574,37.8613,43.7247,0.941877,84.0597,4.88309,2.85223,1.72181,7.14633,12.5351,4.24834,0.23983,0.10637,0.204493,0.520162,0.328427,0.371207,0.309695,0.699633,0.131376,5.65199,0.290479,,0.0767749,47.4489,-1.12137,94.8645,0.0767749,1.36,-2.41131279617548,-3.6387497186660767,0.828533,637.8599853515625,,,,,,,428.6,3.968518518,428.6,3.968518518,,,,,,,,,,,,,,,,,,,"Isaac Collins","25477",686555
"Davis Schneider","TOR",86.345,327.046,283.636,59.3707,33.9622,12.3227,0.930406,12.1554,38.6793,38.1749,37.1033,0.0138667,94.0928,3.59451,2.40951,0.302306,3.24179,3.6343,1.03562,0.20932,0.11345,0.287705,0.394327,0.30626,0.387892,0.305691,0.694152,0.178572,4.1116,0.262602,,-0.190032,36.6876,-1.95545,95.7264,-0.190032,0.55,-1.837335079908371,-1.3618257641792297,0.824356,999,,,,,,,327.5,3.808139534,327.5,3.808139534,,,,,,,,,,,,,,,,,,,"Davis Schneider","23565",676914
"Edgar Quero","CHW",109.096,426.794,381.523,97.7777,69.2616,18.7648,0.556855,9.19443,45.0956,43.9224,35.2539,0.757256,76.0124,5.49412,3.96469,0.55833,10.0731,1.08796,0.285542,0.256283,0.0826018,0.178101,0.463792,0.324998,0.380683,0.310348,0.705681,0.124401,2.38218,0.295001,,-0.62059,49.4909,-0.93812,98.0736,-0.62059,-3.13,-1.589625060558319,-5.0941771268844604,0.819089,526.510009765625,,,,,,,434.1,3.982568807,434.1,3.982568807,,,,,,,,,,,,,,,,,,,"Edgar Quero","28022",700337
"Christian Walker","HOU",135.286,568.424,509.666,113.638,66.8994,20.9272,0.540633,25.2707,66.1259,73.5538,46.1829,1.14032,145.672,7.38749,4.56868,0.618523,8.57052,4.05923,1.06382,0.222965,0.0812472,0.256274,0.317033,0.294482,0.414896,0.30716,0.709378,0.191931,3.21852,0.257411,,-0.41158,64.4432,-2.72049,96.7104,-0.41158,1.49,-2.6154830157756805,-8.997857809066772,0.813476,207.3800048828125,,,,,,,593.8,4.398518518,593.8,4.398518518,,,,,,,,,,,,,,,,,,,"Christian Walker","13419",572233
"Ke'Bryan Hayes","CIN",126.982,505.427,465.078,112.181,83.1076,18.6111,2.47722,7.98472,52.7455,45.0269,32.6309,0.675488,98.6602,3.45005,3.37465,0.89359,10.4321,10.5728,3.2472,0.241208,0.0645611,0.195202,0.33074,0.293859,0.343384,0.280667,0.637243,0.102176,4.97576,0.287987,,0.00239985,46.4292,-13.2909,72.9707,0.00239985,5.04,-16.189124658703804,6.9995986223220825,0.780251,999,,,,,,,424.4,3.341732283,424.4,3.341732283,,,,,,,,,,,,,,,,,,,"Ke'Bryan Hayes","18577",663647
"Joc Pederson","TEX",101.017,398.682,342.894,78.7896,47.0002,13.9911,1.32053,16.4778,49.0688,49.5062,44.1461,1.86366,89.489,7.24882,3.29618,0.723273,6.61973,3.02151,0.91,0.229778,0.11073,0.224462,0.493313,0.327438,0.422449,0.326307,0.749887,0.19267,3.70161,0.259391,,-0.405627,51.397,4.28964,110.73,-0.405627,0,4.6363824009895325,-10.756439208984375,0.777773,999,,,,,,,452,4.475247524,452,4.475247524,,,,,,,,,,,,,,,,,,,"Joc Pederson","11899",592626
"Travis d'Arnaud","LAA",60.3,221.003,198.685,44.0319,27.4897,8.85308,0.330413,7.35873,22.4117,25.0566,14.4073,0.00937053,62.2232,2.94948,1.2687,0.28208,3.88278,0.744521,0.219337,0.221617,0.0651904,0.281549,0.231542,0.282493,0.380613,0.289658,0.663106,0.158996,2.86921,0.281297,,-0.236918,21.915,-4.19822,82.9002,-0.236918,0.27,-4.691031813621521,4.612592726945877,0.770221,999,,,,,,,192.2,3.203333333,192.2,3.203333333,,,,,,,,,,,,,,,,,,,"Travis d'Arnaud","7739",518595
"Chandler Simpson","TBR",108.575,447.832,414.655,120.954,101.751,15.5628,2.9416,0.698273,56.5535,31.1203,23.8876,0.74689,45.5568,1.14671,2.90713,5.13833,9.59693,36.672,7.54507,0.291697,0.0533405,0.101727,0.524348,0.329844,0.348469,0.299157,0.678313,0.056772,6.85064,0.32387,,3.41249,47.8614,-5.0534,89.7395,3.41249,-1.48,-2.0032460689544678,-5.8879594802856445,0.76964,182.72000122070312,,,,,,,458.4,4.205504587,458.4,4.205504587,,,,,,,,,,,,,,,,,,,"Chandler Simpson","31912",802415
"Samuel Basallo","BAL",108.491,423.048,385.493,92.1739,56.9617,18.5486,0.590643,16.073,48.4376,52.1623,31.0613,2.12054,100.073,2.87987,2.91369,0.699837,7.87223,3.07355,1.06998,0.239106,0.0734227,0.236553,0.310386,0.298605,0.415371,0.307595,0.713976,0.176265,3.14501,0.279515,,-0.409575,48.1109,-1.87545,97.8788,-0.409575,-2.53,-1.4672446250915527,-5.62481427192688,0.764128,174.0399932861328,,,,,,,446.3,4.132407407,446.3,4.132407407,,,,,,,,,,,,,,,,,,,"Samuel Basallo","28824",694212
"Mike Yastrzemski","ATL",114.647,461.596,402.621,91.3669,53.3955,21.5089,1.54678,14.9157,54.1053,52.5415,49.3294,2.04783,105.028,4.26824,3.21355,2.16399,6.23164,4.1286,1.47804,0.22693,0.106867,0.227533,0.469678,0.31553,0.399176,0.311908,0.714706,0.172245,3.83455,0.267414,,-0.472379,54.1111,-0.430027,98.781,-0.472379,-1.47,-1.1392779350280762,-6.777731657028198,0.761246,672.77001953125,,,,,,,486.6,4.231304347,486.6,4.231304347,,,,,,,,,,,,,,,,,,,"Mike Yastrzemski","14854",573262
"Austin Hays","CHW",111.377,448.664,410.681,100.96,64.542,20.7674,1.19816,14.4529,49.5714,51.4316,28.5354,0.8374,106.719,5.38412,3.26316,0.800733,7.88638,3.59448,1.02774,0.245837,0.0636009,0.23786,0.267388,0.301163,0.407818,0.307225,0.708981,0.161981,3.79014,0.295478,,-0.346462,50.8895,-2.1236,95.9227,-0.346462,0.31,-2.50256484746933,-5.543818891048431,0.756693,628.97998046875,,,,,,,459.6,4.14054054,459.6,4.14054054,,,,,,,,,,,,,,,,,,,"Austin Hays","19363",669720
"Austin Hedges","CLE",42.219,141.845,124.397,23.1234,16.166,3.69633,0.0793106,3.18168,12.4264,10.577,10.2918,0.214,38.2305,1.53818,0.951086,3.43069,2.26725,1.99511,0.566182,0.185884,0.0725564,0.269523,0.269203,0.254803,0.293604,0.245176,0.548407,0.10772,3.60443,0.237583,,-0.0162474,8.94282,-7.81726,54.621,-0.0162474,6.74,-7.602749519050121,9.997638702392578,0.744524,999,,,,,,,81.6,1.942857142,81.6,1.942857142,,,,,,,,,,,,,,,,,,,"Austin Hedges","12976",595978
"Dalton Rushing","LAD",55.662,200.458,177.977,39.5531,23.6322,8.59063,0.516444,6.81389,23.8976,24.0291,17.6167,0.545462,56.3235,3.43276,1.19368,0.237536,3.15303,0.671532,0.254081,0.222237,0.0878821,0.280974,0.312776,0.302679,0.391164,0.303457,0.693843,0.168927,3.34421,0.282153,,-0.261116,22.1236,-1.56209,93.9722,-0.261116,-1.14,-1.693216621875763,2.163774847984314,0.730495,741.8900146484375,,,,,,,208.5,3.723214285,208.5,3.723214285,,,,,,,,,,,,,,,,,,,"Dalton Rushing","31382",687221
"Kyle Karros","COL",64.673,257.366,232.276,62.3112,43.2587,13.1395,0.86935,5.04363,28.6287,28.3763,20.3898,1.31625,59.1435,2.59541,1.76691,0.337752,5.09178,1.88996,0.721556,0.268263,0.0792251,0.229803,0.344752,0.331856,0.397459,0.318086,0.729315,0.129196,3.57588,0.337154,,-0.346129,31.461,1.05124,89.8314,-0.346129,1,-3.4478898644447327,1.9980400204658508,0.727726,999,,,,,,,275.6,4.24,275.6,4.24,,,,,,,,,,,,,,,,,,,"Kyle Karros","33252",691720
"Josh Lowe","LAA",113.253,464.616,421.493,98.7076,61.3689,21.2594,2.09429,13.985,57.1381,46.2459,36.7642,1.81077,127.97,2.28909,3.38655,0.68308,5.09674,21.3006,4.13091,0.234186,0.0791282,0.275431,0.287288,0.296942,0.394101,0.299492,0.691042,0.159915,6.24171,0.299453,,1.91744,49.7817,-5.11624,89.6746,1.91744,0,-3.7367724180221558,-5.144730567932129,0.727424,306.70001220703125,,,,,,,483,4.274336283,483,4.274336283,,,,,,,,,,,,,,,,,,,"Josh Lowe","19953",666139
"Casey Schmitt","SFG",72.06,280.932,256.049,60.1469,38.3225,11.9767,0.637248,9.21045,31.0505,32.3544,18.457,0.633502,66.2168,3.11455,2.11493,1.19629,4.43555,1.92805,0.651794,0.234903,0.0656991,0.235704,0.278736,0.292127,0.39457,0.297952,0.686697,0.159667,3.44821,0.278742,,-0.272529,29.7495,-3.44476,92.0855,-0.272529,-0.51,-2.9077537655830383,0.525344729423523,0.712532,999,,,,,,,269.1,3.7375,269.1,3.7375,,,,,,,,,,,,,,,,,,,"Casey Schmitt","27577",669477
"Nolan Gorman","STL",121.842,496.776,442.529,93.5226,53.6196,18.058,0.810271,21.0347,54.2926,65.1694,47.4694,1.61295,163.509,3.01289,3.36214,0.402281,5.38673,4.12658,1.20963,0.211337,0.095555,0.329141,0.290317,0.290114,0.398404,0.299027,0.688518,0.187067,3.39749,0.277362,,-0.346649,53.0399,-5.658,92.5763,-0.346649,-0.8,-4.7176081240177155,-4.85744172334671,0.711359,687.510009765625,,,,,,,493.5,4.045081967,493.5,4.045081967,,,,,,,,,,,,,,,,,,,"Nolan Gorman","22263",669357
"Lourdes Gurriel Jr.","ARI",80.119,336.537,310.385,83.0138,55.8678,16.0354,0.79223,10.3184,39.7571,43.3782,19.3272,0.337728,52.7027,3.32128,3.12268,0.376162,6.26973,4.76039,1.42956,0.267454,0.0574296,0.156603,0.366721,0.314325,0.423954,0.319163,0.738278,0.156499,4.08364,0.290217,,-0.149459,41.4334,1.66892,103.238,-0.149459,0.19,1.1420184671878815,-5.39255291223526,0.710676,711.3499755859375,,,,,,,373.6,4.67,373.6,4.67,,,,,,,,,,,,,,,,,,,"Lourdes Gurriel Jr.","19238",666971
"Keibert Ruiz","WSN",86.236,335.318,311.28,74.175,52.9521,14.0551,0.206505,6.96129,28.938,36.5119,16.6313,0.382789,38.6536,3.92521,3.0535,0.427531,6.72858,1.41142,0.389552,0.23829,0.0495984,0.115274,0.430264,0.282873,0.351859,0.277727,0.634732,0.11357,2.29037,0.250126,,-0.359998,30.0025,-9.61786,75.8574,-0.359998,-0.91,-9.954790860414505,5.744012176990509,0.710594,737.5800170898438,,,,,,,274.7,3.194186046,274.7,3.194186046,,,,,,,,,,,,,,,,,,,"Keibert Ruiz","19610",660688
"Cole Young","SEA",96.032,369.422,328.711,77.0065,53.5663,16.7247,0.968348,5.74714,38.7013,33.6545,32.4149,0.732604,63.0421,4.2471,2.58841,1.46042,6.898,5.83309,1.86473,0.234268,0.087745,0.170651,0.514179,0.308914,0.343491,0.289804,0.652405,0.109223,4.12829,0.271453,,-0.187844,36.6761,-6.97393,90.7102,-0.187844,-3.16,-4.232704818248749,-1.572169542312622,0.706983,999,,,,,,,327.4,3.410416666,327.4,3.410416666,,,,,,,,,,,,,,,,,,,"Cole Young","31680",702284
"Brayan Rocchio","CLE",121.486,468.299,423.235,96.0952,66.872,20.2979,1.41905,7.50623,48.6151,39.6724,32.8887,0.589321,91.1042,6.181,3.56125,2.4329,8.27778,12.0899,4.03745,0.227049,0.0702301,0.194543,0.361001,0.290137,0.33492,0.276739,0.625057,0.107871,5.01803,0.269935,,0.0690789,41.5253,-13.8078,76.3636,0.0690789,-0.15,-12.976916827261448,3.6516452729701996,0.69499,999,,,,,,,382.1,3.157851239,382.1,3.157851239,,,,,,,,,,,,,,,,,,,"Brayan Rocchio","23690",677587
"Andrew Vaughn","MIL",129.194,537.402,488.505,122.703,81.0346,24.1939,0.492927,16.9812,55.6031,70.6947,36.4136,0.356169,104.861,6.62144,5.0502,0.811282,10.9366,0.715902,0.204503,0.25118,0.0677586,0.195126,0.347255,0.308872,0.407009,0.311223,0.71588,0.155829,2.00584,0.284417,,-0.757283,62.6988,-0.799359,99.5376,-0.757283,-0.15,-1.0518306493759155,-10.118672758340836,0.686414,287.5799865722656,,,,,,,560.1,4.341860465,560.1,4.341860465,,,,,,,,,,,,,,,,,,,"Andrew Vaughn","26197",683734
"Josh Bell","MIN",130.945,543.883,480.278,116.407,78.5176,18.3752,1.3835,18.1303,62.7693,62.6296,54.1925,1.31519,101.961,4.05873,4.31549,0.615654,12.89,1.70791,0.58245,0.242373,0.09964,0.187468,0.531503,0.321746,0.399643,0.315616,0.721389,0.15727,2.73742,0.269618,,-0.791162,65.3947,1.13074,101.202,-0.791162,-0.92,-0.020804941654205322,-12.009515702724457,0.684394,638.989990234375,,,,,,,571.7,4.364122137,571.7,4.364122137,,,,,,,,,,,,,,,,,,,"Josh Bell","13145",605137
"Luisangel Acuña","CHW",96.34,342.581,319.144,78.3467,59.905,14.1205,1.17618,3.14499,36.9337,24.5147,17.9291,0.302016,64.8637,1.72389,2.05065,1.73304,6.43009,16.1145,3.75728,0.24549,0.0523354,0.189338,0.276412,0.287517,0.326669,0.27087,0.614187,0.0811791,5.93163,0.297021,,1.16101,28.745,-11.7336,70.8786,1.16101,3.76,-10.597400665283203,5.455391883850098,0.680283,444.0799865722656,,,,,,,271.5,2.828125,271.5,2.828125,,,,,,,,,,,,,,,,,,,"Luisangel Acuna","26548",682668
"Giancarlo Stanton","NYY",96.078,392.295,350.948,77.7665,42.0205,11.7641,0.0648053,23.9171,48.4501,59.1017,36.3104,1.71337,124.985,2.06348,2.28597,0.40766,6.46846,0.092903,0.0244127,0.22159,0.0925589,0.3186,0.290518,0.296573,0.459929,0.323298,0.756502,0.23834,1.40214,0.263538,,-0.510843,49.615,3.26231,108.38,-0.510843,0,3.3636226654052734,-10.278275489807129,0.673984,256.2099914550781,,,,,,,460.2,4.79375,460.2,4.79375,,,,,,,,,,,,,,,,,,,"Giancarlo Stanton","4949",519317
"Edmundo Sosa","PHI",66.162,245.504,225.766,55.313,36.4791,9.43164,1.79717,7.60512,28.4253,27.6981,10.5981,0.261329,56.9371,5.41491,1.65034,1.77655,4.53212,3.17573,1.16977,0.245001,0.0431689,0.231919,0.186138,0.293005,0.403755,0.30184,0.69676,0.158754,5.24554,0.292912,,-0.188706,26.7728,-2.23539,90.745,-0.188706,1.18,-2.881664887070656,1.3001197502017021,0.673874,999,,,,,,,245.6,3.721212121,245.6,3.721212121,,,,,,,,,,,,,,,,,,,"Edmundo Sosa","17022",624641
"Zach McKinstry","DET",102.785,397.51,356.634,81.6932,54.1369,15.6656,4.35083,7.53992,47.8517,33.3893,33.123,0.608413,89.0925,3.64623,2.7643,1.34229,4.56011,13.8688,3.96682,0.229067,0.0833261,0.224126,0.371782,0.299021,0.360819,0.290109,0.659839,0.131751,6.86608,0.282203,,0.553166,39.5633,-7.40555,84.1384,0.553166,0.42,-6.878165185451508,-0.34574612975120544,0.660707,483.8800048828125,,,,,,,373,3.621359223,373,3.621359223,,,,,,,,,,,,,,,,,,,"Zach McKinstry","19392",656716
"Austin Martin","MIN",85.468,331.143,289.47,73.0402,53.8071,15.3001,0.83962,3.09344,38.7787,24.7465,31.7183,0.40108,55.2034,5.67991,2.08049,2.19448,6.74073,11.7033,3.37776,0.252324,0.0957843,0.166706,0.574571,0.335732,0.34304,0.304447,0.678772,0.0907163,5.09437,0.299875,,0.357942,36.8126,-2.31445,93.5077,0.357942,-0.97,-2.1759294271469116,-2.9770989418029785,0.638878,746.7100219726562,,,,,,,325.6,3.830588235,325.6,3.830588235,,,,,,,,,,,,,,,,,,,"Austin Martin","27462",668885
"Gary Sánchez","MIL",44.308,166.061,147.694,31.3062,18.1737,5.18532,0.18197,7.76528,17.4823,24.4367,13.1956,0.0858701,45.8446,2.89214,1.18613,0.198491,2.77848,0.149963,0.0446205,0.211967,0.0794621,0.276071,0.287832,0.287293,0.407271,0.301984,0.694564,0.195304,1.85842,0.247098,,-0.213896,18.1287,-1.49264,93.2086,-0.213896,0.25,-1.5505470782518387,2.1769752502441406,0.629357,999,,,,,,,163.3,3.711363636,163.3,3.711363636,,,,,,,,,,,,,,,,,,,"Gary Sanchez","11442",596142
"Lane Thomas","KCR",94.744,386.994,348.524,81.9358,50.8189,17.3665,1.39946,12.351,50.1556,42.5017,31.0121,0.133377,97.1948,4.31446,2.71801,0.425007,5.00794,16.7495,4.45826,0.235093,0.0801359,0.251153,0.319071,0.303341,0.399266,0.306478,0.702608,0.164173,6.17382,0.287902,,0.956333,43.6599,-2.06646,92.6485,0.956333,-2.46,-2.3968247175216675,-4.799358129501343,0.626513,725.0700073242188,,,,,,,404.1,4.25368421,404.1,4.25368421,,,,,,,,,,,,,,,,,,,"Lane Thomas","16939",657041
"Javier Sanoja","MIA",60.796,222.903,207.065,55.3183,38.7305,11.8037,1.46094,3.32314,24.8109,21.8698,12.0752,0.831301,21.0855,0.921915,1.67472,1.16614,4.32116,6.56399,2.0128,0.267154,0.0541723,0.0945952,0.572675,0.308092,0.386416,0.300941,0.694508,0.119262,5.37337,0.282075,,0.152518,24.1453,-2.19243,90.3981,0.152518,0.02,-2.3841677755117416,1.0876181311905384,0.6261,999,,,,,,,216.4,3.547540983,216.4,3.547540983,,,,,,,,,,,,,,,,,,,"Javier Sanoja","28253",691594
"Luis Torrens","NYM",62.197,223.557,205.039,46.752,32.9353,8.32143,0.956354,4.53888,22.1876,21.392,14.3781,0.347448,50.285,1.91181,1.60426,0.621414,4.626,1.05441,0.395833,0.228014,0.0643152,0.224931,0.285932,0.282783,0.344337,0.275515,0.627121,0.116323,3.62558,0.278047,,-0.273894,19.6012,-6.81383,77.6227,-0.273894,0,-6.203012138605118,4.7991509437561035,0.617347,999,,,,,,,184,2.967741935,184,2.967741935,,,,,,,,,,,,,,,,,,,"Luis Torrens","15905",620443
"Christian Moore","LAA",105.515,410.203,368.799,81.094,53.2257,14.3248,1.6013,11.9422,44.0535,40.3338,34.4886,0.821054,131.179,3.28549,2.41842,1.21166,5.70582,6.85185,2.14828,0.219887,0.0840769,0.319791,0.262912,0.290637,0.364557,0.28768,0.655194,0.14467,4.68446,0.30317,,-0.104719,40.0175,-8.45117,81.5374,-0.104719,-0.9,-9.030857421457767,0.7283178567886353,0.595048,746.3300170898438,,,,,,,368.1,3.472641509,368.1,3.472641509,,,,,,,,,,,,,,,,,,,"Christian Moore","34979",695681
"Mauricio Dubón","ATL",108.226,407.864,380.367,95.694,71.1795,18.0127,1.69118,4.81061,40.0817,37.8771,19.715,0.291839,52.2404,2.2056,3.36936,2.20663,8.52568,3.08125,1.16591,0.251583,0.0483372,0.128083,0.37739,0.289936,0.345773,0.278426,0.635709,0.0941903,3.73321,0.278198,,-0.4739,36.7249,-11.4673,75.845,-0.4739,2.89,-12.150526404380798,4.395876884460449,0.594956,746.6099853515625,,,,,,,337.1,3.121296296,337.1,3.121296296,,,,,,,,,,,,,,,,,,,"Mauricio Dubon","16530",643289
"Andrew Benintendi","CHW",119.638,494.807,444.013,109.767,74.0048,19.4941,0.948685,15.3197,53.1297,55.9614,42.1676,1.86783,83.0613,2.51485,5.19327,0.918003,8.48727,3.34491,1.07702,0.247216,0.0852203,0.167866,0.507669,0.312721,0.398902,0.309145,0.711624,0.151686,3.15546,0.269215,,-0.543282,56.8946,-1.57066,97.2453,-0.543282,-2.46,-2.1497817039489746,-9.096575736999512,0.591785,742,,,,,,,511.7,4.264166666,511.7,4.264166666,,,,,,,,,,,,,,,,,,,"Andrew Benintendi","17901",643217
"Spencer Steer","CIN",101.082,416.624,368.53,85.7175,52.2155,17.736,1.48043,14.2855,49.2477,47.2053,39.3013,0.341744,90.3518,5.23099,2.93599,0.625234,5.79364,7.69595,2.22354,0.232593,0.0943328,0.216867,0.434981,0.313101,0.405044,0.313837,0.718145,0.172451,4.58233,0.267707,,-0.00782965,49.492,0.26465,95.6938,-0.00782965,0.55,-2.134161213412881,-5.944887340068817,0.591585,323.2200012207031,,,,,,,443.7,4.393069306,443.7,4.393069306,,,,,,,,,,,,,,,,,,,"Spencer Steer","26323",668715
"Romy Gonzalez","BOS",61.371,237.347,219.114,56.6536,38.3834,10.8252,0.930435,6.51455,28.7595,26.8811,13.9234,0.411465,59.2932,1.91355,1.74437,0.652045,4.88316,7.17217,2.1579,0.258558,0.0586625,0.249816,0.234823,0.306261,0.405649,0.308504,0.71191,0.147091,5.50795,0.323373,,0.195508,27.1674,-0.877018,92.8645,0.195508,-0.42,-1.8005711436271667,-0.6486063301563263,0.585219,746.72998046875,,,,,,,259.3,4.250819672,259.3,4.250819672,,,,,,,,,,,,,,,,,,,"Romy Gonzalez","21562",663853
"Amed Rosario","NYY",65.689,248.709,233.071,61.1472,45.106,9.92062,1.36148,4.75903,28.1653,23.6851,10.8214,0.0352023,44.8018,1.78697,1.78831,0.349076,5.05544,5.82666,1.51752,0.262354,0.0435102,0.180137,0.241539,0.298041,0.377859,0.294319,0.6759,0.115504,5.29611,0.30431,,0.163102,25.6036,-3.78329,88.4175,0.163102,0,-3.2320921272039413,0.3167872130870819,0.577539,999,,,,,,,235.1,3.562121212,235.1,3.562121212,,,,,,,,,,,,,,,,,,,"Amed Rosario","15518",642708
"Rob Refsnyder","SEA",62.141,232.935,203.139,49.0273,31.6274,9.18729,0.581467,7.63111,28.1034,26.7853,23.5986,0.670168,60.854,3.18071,1.47124,0.5669,4.23368,2.82642,0.846428,0.241348,0.10131,0.261249,0.38779,0.327614,0.404997,0.32087,0.732611,0.163649,4.13739,0.304103,,-0.162501,29.0011,1.47799,112.111,-0.162501,-0.15,3.1623770892620087,-5.600964933633804,0.570766,999,,,,,,,262.3,4.230645161,262.3,4.230645161,,,,,,,,,,,,,,,,,,,"Rob Refsnyder","13770",608701
"Ramón Urías","STL",73.175,283.419,257.436,61.6193,42.0267,11.7015,0.749805,7.14132,29.4564,30.2621,20.2188,0.0683663,62.1438,3.40858,1.93536,0.403528,5.78484,1.68473,0.562525,0.239358,0.071339,0.219265,0.325356,0.301227,0.373858,0.296425,0.675085,0.1345,3.46326,0.286596,,-0.326394,29.6613,-3.82683,90.7935,-0.326394,-1.58,-3.418939769268036,-0.4507561922073364,0.568829,999,,,,,,,266.5,3.650684931,266.5,3.650684931,,,,,,,,,,,,,,,,,,,"Ramon Urias","18795",602104
"Nasim Nuñez","WSN",95.231,345.505,308.711,70.0192,53.8137,10.9016,1.08082,4.22312,37.9367,22.005,28.9608,0.489629,82.1092,1.54637,2.14632,4.14011,5.82451,21.5691,4.80542,0.226811,0.0838217,0.23765,0.352711,0.294484,0.310166,0.27064,0.60465,0.0833548,6.19566,0.293045,,1.79249,28.926,-11.898,71.0027,1.79249,1.87,-10.081777930259705,4.141221880912781,0.568293,633.25,,,,,,,279,2.936842105,279,2.936842105,,,,,,,,,,,,,,,,,,,"Nasim Nunez","25979",683083
"Brady House","WSN",122.667,493.486,463.056,109.928,76.0188,20.7081,1.20583,11.9957,46.8543,54.3375,22.5699,1.02477,138.049,4.2318,3.0645,0.563408,9.10589,5.37768,1.95234,0.237398,0.0457357,0.279743,0.163492,0.277387,0.365043,0.279143,0.642429,0.127645,3.65401,0.30984,,-0.396006,44.7217,-13.5875,76.8269,-0.396006,1.19,-13.949564576148987,3.0830092430114746,0.568023,728.7999877929688,,,,,,,417.3,3.392682926,417.3,3.392682926,,,,,,,,,,,,,,,,,,,"Brady House","29993",691781
"Jake Burger","TEX",130.059,531.516,491.484,115.945,69.9283,21.539,1.08383,23.3939,60.253,71.5076,28.6953,0.702776,133.529,7.49155,3.29109,0.55431,9.3705,1.9998,0.716504,0.235908,0.0539877,0.251224,0.214899,0.286522,0.426939,0.307053,0.713461,0.191031,2.97913,0.27394,,-0.58936,60.2128,-2.58996,97.4668,-0.58936,-0.47,-2.1762702465057373,-10.599867552518845,0.564538,240.72000122070312,,,,,,,553.3,4.256153846,553.3,4.256153846,,,,,,,,,,,,,,,,,,,"Jake Burger","22275",669394
"Jasson Domínguez","NYY",60.683,238.469,213.118,50.7877,33.0502,9.64587,1.00421,7.08743,30.568,23.4981,22.0241,0.894566,61.4644,1.71065,1.35091,0.26489,3.66705,10.1352,2.22682,0.238307,0.0923564,0.257746,0.358324,0.312851,0.392759,0.308108,0.705611,0.154452,6.03981,0.299486,,0.746142,27.2192,-0.957763,97.9163,0.746142,-0.36,0.16049987077713013,-2.88125479221344,0.561385,327.1000061035156,,,,,,,258.5,4.237704918,258.5,4.237704918,,,,,,,,,,,,,,,,,,,"Jasson Dominguez","28080",691176
"Braxton Fulford","COL",54.86,200.498,181.88,43.6717,27.3367,9.8879,0.930604,5.51649,22.5593,22.5676,13.1988,0.0413848,54.652,3.37676,1.42582,0.616388,2.87459,2.58765,0.8497,0.240113,0.0658302,0.272581,0.241507,0.301415,0.395702,0.304002,0.697117,0.155589,4.59673,0.309859,,-0.120058,22.2168,-1.47363,80.1837,-0.120058,-0.59,-4.829035587608814,3.6430246233940125,0.561144,999,,,,,,,206.4,3.752727272,206.4,3.752727272,,,,,,,,,,,,,,,,,,,"Braxton Fulford","29704",690924
"Victor Robles","SEA",85.066,333.992,297.119,69.8238,49.2177,12.8737,2.24778,5.4846,41.3378,24.7592,21.5246,0.320903,75.2065,8.07872,2.01265,5.25753,5.42318,17.8218,4.43366,0.235003,0.0644463,0.225175,0.286206,0.302454,0.34884,0.288599,0.651294,0.113837,6.96456,0.294539,,1.23047,32.8321,-6.63168,89.8805,1.23047,0.43,-2.753056764602661,-3.258193790912628,0.561103,696.47998046875,,,,,,,304.1,3.577647058,304.1,3.577647058,,,,,,,,,,,,,,,,,,,"Victor Robles","18363",645302
"James McCann","ARI",52.745,194.042,175.774,42.0689,28.833,7.72742,0.467798,5.04074,20.1906,22.4326,10.7858,0.110109,50.6089,2.12519,1.50731,1.16343,3.77122,1.20898,0.414223,0.239335,0.0555848,0.260814,0.21312,0.289075,0.374652,0.289584,0.663728,0.135317,3.38137,0.304429,,-0.202689,19.2298,-3.69771,82.9753,-0.202689,0,-4.1180290430784225,3.1245791912078857,0.558869,999,,,,,,,170.3,3.213207547,170.3,3.213207547,,,,,,,,,,,,,,,,,,,"James McCann","12859",543510
"Rhys Hoskins","CLE",95.695,386.917,335.008,73.1151,43.1662,14.3483,0.572972,15.0276,44.4021,47.0789,43.4275,0.72309,101.067,4.8156,2.98809,0.409594,5.27639,2.74933,0.796752,0.218249,0.11224,0.261211,0.42969,0.314205,0.399071,0.312791,0.713275,0.180822,3.31185,0.261771,,-0.375099,45.6343,-0.0829561,101.198,-0.375099,-0.34,0.17139753699302673,-8.06845411658287,0.554534,741.5399780273438,,,,,,,408,4.25,408,4.25,,,,,,,,,,,,,,,,,,,"Rhys Hoskins","16472",656555
"Carson Benge","NYM",93.031,371.092,334.646,79.9566,53.4353,17.1225,0.759139,8.6397,41.0932,37.715,29.8318,1.6832,80.3975,3.63986,2.1733,0.80058,6.64074,6.43776,2.13341,0.238929,0.0803893,0.216651,0.371054,0.306322,0.372084,0.297026,0.678405,0.133155,4.24044,0.287821,,-0.148735,39.0181,-4.82929,92.3589,-0.148735,0,-3.50945608317852,-3.4235053062438965,0.553854,999,,,,,,,360.4,3.875268817,360.4,3.875268817,,,,,,,,,,,,,,,,,,,"Carson Benge","sa3025452",701807
"Jake Rogers","DET",54.499,194.795,174.373,35.4462,21.437,7.23427,0.456119,6.31883,19.7371,21.2748,16.1532,0.135492,56.6058,2.01905,1.42975,0.624711,2.76296,0.758721,0.250457,0.203278,0.0829243,0.290591,0.285364,0.276419,0.358709,0.279117,0.635128,0.155431,3.20214,0.258042,,-0.211415,17.6491,-5.36748,76.5663,-0.211415,0,-5.59152527153492,4.205169677734375,0.544116,999,,,,,,,154.6,2.862962962,154.6,2.862962962,,,,,,,,,,,,,,,,,,,"Jake Rogers","19452",668670
"Blaze Alexander","BAL",83.238,324.922,289.798,63.415,42.9819,11.4086,1.32315,7.70131,36.9128,28.4487,25.7579,0.0642078,104.132,5.81131,1.84556,1.70935,5.63016,6.71657,2.17104,0.218825,0.0792742,0.320484,0.247357,0.293875,0.347048,0.28458,0.640924,0.128223,5.18965,0.309848,,-0.0375015,30.8802,-7.51182,82.0249,-0.0375015,-0.16,-6.921226665377617,1.0551025569438934,0.544012,999,,,,,,,279.3,3.36506024,279.3,3.36506024,,,,,,,,,,,,,,,,,,,"Blaze Alexander","23789",677942
"Connor Wong","BOS",60.385,220.657,201.375,46.407,31.8218,9.54447,0.728134,4.31259,22.7163,20.8097,14.0709,0.140647,54.4926,2.55314,1.33595,1.27985,3.83095,4.04298,1.32611,0.23045,0.0637683,0.246956,0.258217,0.287373,0.349325,0.280324,0.636698,0.118875,4.63384,0.292513,,-0.0533657,20.2085,-5.86387,73.4524,-0.0533657,0.02,-6.957610074430704,4.679336089640856,0.543932,999,,,,,,,184.7,3.078333333,184.7,3.078333333,,,,,,,,,,,,,,,,,,,"Connor Wong","19896",657136
"Luke Raley","SEA",81.655,307.683,270.887,59.6162,37.0671,11.3501,0.555494,10.6435,36.3855,34.0069,22.7184,0.309772,92.748,10.5935,1.70739,1.77717,5.48312,6.0613,1.58705,0.220078,0.0738369,0.30144,0.244947,0.30378,0.383953,0.303112,0.687733,0.163875,4.77785,0.289432,,0.0997604,33.8711,-2.484,99.8774,0.0997604,-0.25,0.055316951125860214,-5.340836524963379,0.54271,999,,,,,,,313.8,3.826829268,313.8,3.826829268,,,,,,,,,,,,,,,,,,,"Luke Raley","19354",670042
"Mitch Garver","SEA",30.126,114.026,99.2227,20.064,12.3058,3.54032,0.207925,4.00998,12.2069,13.1703,12.2612,0.0924477,32.4349,1.26663,0.781203,0.13245,1.56984,0.525287,0.157128,0.202212,0.10753,0.284452,0.378026,0.295881,0.363325,0.29196,0.659206,0.161113,3.00078,0.252584,,-0.129224,11.5201,-1.95295,92.1955,-0.129224,0.16,-1.1780885010957718,2.484537035226822,0.535201,999,,,,,,,103.1,3.436666666,103.1,3.436666666,,,,,,,,,,,,,,,,,,,"Mitch Garver","15161",641598
"Mickey Moniak","COL",117.78,472.832,438.831,112.359,64.454,22.759,4.68474,20.4615,61.7594,66.3082,26.5447,0.911086,117.886,4.01394,2.98581,0.456498,5.25606,9.02451,2.85713,0.256042,0.0561397,0.249319,0.225172,0.302551,0.469138,0.32898,0.771689,0.213096,5.86771,0.302824,,0.0136283,61.9823,6.11351,97.2942,0.0136283,-0.45,-1.50273353792727,-9.063808619976044,0.528413,247.3000030517578,,,,,,,573.1,4.856779661,573.1,4.856779661,,,,,,,,,,,,,,,,,,,"Mickey Moniak","19956",666160
"Joe Mack","MIA",63.416,241.711,219.841,47.5485,30.9662,9.46867,0.457296,6.6564,22.9649,26.4061,17.5105,0.645794,68.4442,2.41999,1.42428,0.515532,4.19335,1.6092,0.590524,0.216286,0.0724441,0.283165,0.255837,0.279769,0.354352,0.278008,0.634121,0.138066,3.18775,0.279768,,-0.25173,21.6822,-6.87784,74.6886,-0.25173,-0.08,-7.502873957157135,4.519617483019829,0.517551,999,,,,,,,201.7,3.201587301,201.7,3.201587301,,,,,,,,,,,,,,,,,,,"Joe Mack","sa3017374",691788
"Nick Fortes","TBR",89.811,308.161,280.323,61.0633,43.0947,11.0564,0.665031,6.2472,27.7712,28.367,16.5619,0.267786,55.9388,5.0361,2.06626,4.05708,6.28883,2.22589,0.733903,0.217832,0.0537442,0.181525,0.296071,0.271924,0.328876,0.265229,0.6008,0.111044,3.42834,0.248935,,-0.280679,24.4457,-11.9659,66.368,-0.280679,0,-12.495960354804993,6.929860591888428,0.515686,999,,,,,,,222.6,2.473333333,222.6,2.473333333,,,,,,,,,,,,,,,,,,,"Nick Fortes","21538",663743
"Jorge Soler","LAA",115.886,474.825,414.292,91.0203,52.4432,17.6143,0.304712,20.6581,53.6596,59.1635,49.7669,0.436207,128.317,4.97512,3.27268,0.464171,7.50621,0.768944,0.206653,0.219701,0.104811,0.27024,0.387844,0.308618,0.41328,0.314927,0.721898,0.193579,2.103,0.261969,,-0.635561,56.8259,0.721653,100.307,-0.635561,-1.81,-0.46369776129722595,-10.898809909820557,0.509537,675.2100219726562,,,,,,,512.1,4.414655172,512.1,4.414655172,,,,,,,,,,,,,,,,,,,"Jorge Soler","14221",624585
"Brett Baty","NYM",111.594,442.909,401.304,92.9765,62.2818,15.8118,0.348811,14.5342,48.6535,49.6301,34.5397,0.731544,113.619,3.21674,2.309,1.19491,9.2882,3.63455,1.3143,0.231686,0.0779838,0.256528,0.303997,0.296199,0.381478,0.296431,0.677676,0.149791,3.21084,0.284769,,-0.466912,46.3552,-5.9779,91.9512,-0.466912,0.34,-4.692038387060165,-5.215256839990616,0.494005,298.45001220703125,,,,,,,426,3.803571428,426,3.803571428,,,,,,,,,,,,,,,,,,,"Brett Baty","26123",683146
"Vaughn Grissom","LAA",65.215,256.871,234.023,57.8758,41.8522,10.849,0.586091,4.58848,26.6277,23.6124,17.3105,0.349792,51.1685,3.51463,1.68358,0.339115,5.18567,4.6185,1.20703,0.247308,0.0673899,0.199199,0.338304,0.306788,0.357497,0.292982,0.664285,0.110188,4.2922,0.296124,,0.0179348,26.1649,-4.18639,85.1898,0.0179348,-0.66,-4.465882334858179,0.4470446705818176,0.493376,999,,,,,,,245.1,3.77076923,245.1,3.77076923,,,,,,,,,,,,,,,,,,,"Vaughn Grissom","26031",687093
"Edouard Julien","COL",80.564,311.59,270.394,66.063,44.6858,13.1667,0.957493,7.25297,36.2415,32.2506,36.0572,1.18635,89.821,2.74842,1.62636,0.764091,5.96644,3.44504,1.17615,0.244321,0.11572,0.288267,0.401434,0.337387,0.380569,0.317489,0.717956,0.136248,3.91898,0.33616,,-0.335995,37.9383,1.12157,89.4221,-0.335995,-1.56,-4.242409527301788,-1.3200703710317612,0.491529,746.7000122070312,,,,,,,328.7,4.058024691,328.7,4.058024691,,,,,,,,,,,,,,,,,,,"Edouard Julien","27534",666397
"Tyler Freeman","COL",77.728,315.797,279.233,78.4368,57.2234,15.7693,1.35091,4.09323,40.2827,28.8765,23.0397,0.245153,39.9977,8.80701,2.35167,2.36567,7.25672,13.2896,3.87352,0.280901,0.0729572,0.126656,0.576025,0.351859,0.391027,0.328365,0.742885,0.110126,5.66518,0.313034,,0.485247,41.2393,3.92547,96.873,0.485247,-0.89,-0.6851537227630615,-5.0216323137283325,0.491085,999,,,,,,,357,4.576923076,357,4.576923076,,,,,,,,,,,,,,,,,,,"Tyler Freeman","22532",671289
"Bryce Eldridge","SFG",99.213,395.418,356.179,85.3234,50.7168,17.2659,0.649313,16.6913,46.5043,53.1,33.1406,3.57061,118.12,2.66931,3.12343,0.306019,6.02587,1.78699,0.495312,0.239552,0.0838115,0.298721,0.280568,0.30658,0.43226,0.316134,0.73884,0.192708,3.02442,0.305723,,-0.39309,47.71,0.988305,104.54,-0.39309,-0.02,1.734655112028122,-10.125027198344469,0.487548,999,,,,,,,446.6,4.511111111,446.6,4.511111111,,,,,,,,,,,,,,,,,,,"Bryce Eldridge","33390",805811
"Jake Fraley","TBR",95.968,359.364,321.848,76.5905,52.2536,15.1032,1.10416,8.12945,41.3609,35.5669,31.2994,1.08524,75.2159,3.56818,2.14739,0.500578,5.4642,12.6238,3.66336,0.237971,0.0870967,0.209303,0.416127,0.310586,0.367534,0.298507,0.678121,0.129564,5.30448,0.284483,,0.456571,38.217,-4.24462,89.292,0.456571,1.24,-4.078808695077896,-3.611511468887329,0.478659,999,,,,,,,352.1,3.667708333,352.1,3.667708333,,,,,,,,,,,,,,,,,,,"Jake Fraley","19260",641584
"Luis Rengifo","MIL",106.809,424.513,390.442,94.8999,69.4521,15.0794,2.32616,8.04226,45.6086,41.7711,26.3678,0.410232,78.3621,3.85001,2.71935,1.13409,8.15509,12.3328,3.90944,0.243058,0.0621131,0.184593,0.336487,0.295522,0.355388,0.285989,0.65091,0.112331,5.32916,0.283148,,0.21029,40.8307,-9.32876,82.2513,0.21029,-2.41,-8.719706282019615,-0.7617131471633911,0.474958,608.6500244140625,,,,,,,373.7,3.492523364,373.7,3.492523364,,,,,,,,,,,,,,,,,,,"Luis Rengifo","19858",650859
"Jake McCarthy","COL",92.822,367.194,332.401,86.6934,62.9099,14.7214,4.10635,4.95574,45.9112,30.7246,23.2492,0.495536,62.5275,5.57666,2.20658,3.76073,7.10837,16.0824,3.64288,0.26081,0.0633158,0.170285,0.371823,0.317856,0.374532,0.303928,0.692387,0.113722,7.00354,0.305991,,1.12233,40.6659,-2.72091,80.133,1.12233,3.02,-7.523825526237488,-0.131364107131958,0.466693,638.489990234375,,,,,,,374.7,4.029032258,374.7,4.029032258,,,,,,,,,,,,,,,,,,,"Jake McCarthy","21622",664983
"Brooks Baldwin","CHW",99.156,378.527,346.315,80.7567,51.7846,15.7377,1.31563,11.9188,41.5015,39.333,24.3478,0.860888,91.7835,2.02571,2.5967,3.24161,5.13467,7.25989,2.04471,0.233188,0.0643226,0.242476,0.265275,0.285463,0.389477,0.292367,0.674941,0.156289,4.69296,0.280731,,0.104344,38.3678,-6.35813,85.6871,0.104344,-1.53,-6.281203292310238,-2.2362393140792847,0.461516,746.1199951171875,,,,,,,358.2,3.618181818,358.2,3.618181818,,,,,,,,,,,,,,,,,,,"Brooks Baldwin","31394",681460
"Jonny DeLuca","TBR",72.375,279.267,255.806,58.3836,38.1588,12.0439,1.68967,6.49131,30.8694,27.4094,17.7086,0.71761,56.6317,2.95153,1.79698,1.00399,3.66041,8.97487,1.97387,0.228234,0.0634112,0.202787,0.312698,0.284061,0.364655,0.282956,0.648716,0.13642,6.04522,0.266826,,0.603074,26.1728,-6.82472,78.5791,0.603074,2.66,-6.447599828243256,1.3303594589233398,0.459862,999,,,,,,,245.9,3.415277777,245.9,3.415277777,,,,,,,,,,,,,,,,,,,"Jonny DeLuca","26365",676356
"Thomas Saggese","STL",63.054,247.247,228.107,55.5961,37.6626,12.0926,0.911241,4.92963,24.8938,25.2033,14.1598,0.36235,64.7657,2.51866,1.83009,0.631619,3.63868,2.91358,0.909496,0.243728,0.0572699,0.261947,0.218631,0.293066,0.369564,0.289215,0.66263,0.125836,4.11317,0.316188,,-0.146089,24.4285,-4.78567,85.8548,-0.146089,0.06,-4.2911907732486725,0.5465277396142483,0.458494,999,,,,,,,227,3.603174603,227,3.603174603,,,,,,,,,,,,,,,,,,,"Thomas Saggese","27883",695336
"Jacob Young","WSN",82.968,312.293,280.666,67.2823,53.2171,11.0083,1.41939,1.63751,32.6538,17.8364,19.7488,0.491874,58.4608,4.00639,1.84071,6.03081,6.65716,15.5335,4.18273,0.239723,0.063238,0.187199,0.337812,0.297253,0.306563,0.269926,0.603816,0.0668395,6.16068,0.295154,,0.888905,25.9645,-10.9354,70.5135,0.888905,2.81,-10.024975717067719,4.090370297431946,0.455849,999,,,,,,,241.8,2.913253012,241.8,2.913253012,,,,,,,,,,,,,,,,,,,"Jacob Young","29931",696285
"Matt Shaw","CHC",77.21,297.441,268.773,64.3762,42.7137,11.9111,1.41439,8.33702,36.7536,31.1038,23.3231,0.389255,61.9597,2.78079,1.97017,0.593556,4.65205,10.2091,2.79179,0.239519,0.0784124,0.208309,0.376423,0.304803,0.387416,0.30256,0.692219,0.147898,5.7481,0.279571,,0.446784,32.6105,-2.53444,94.6409,0.446784,0.14,-1.442456305027008,-4.030293330550194,0.452547,331.95001220703125,,,,,,,293.7,3.814285714,293.7,3.814285714,,,,,,,,,,,,,,,,,,,"Matt Shaw","33322",807713
"Coby Mayo","BAL",45.118,171.029,153.895,34.4651,20.6385,7.30475,0.627551,5.89429,19.4888,19.4418,14.0883,0.473557,48.7379,1.93113,0.940129,0.174315,2.2844,1.34118,0.399022,0.223952,0.0823738,0.284968,0.289063,0.295482,0.394475,0.300321,0.689957,0.170523,4.10599,0.285129,,-0.134047,18.4402,-1.76819,92.8684,-0.134047,-0.4,-1.5716277062892914,-0.01318591833114624,0.44012,576.7000122070312,,,,,,,168.7,3.748888888,168.7,3.748888888,,,,,,,,,,,,,,,,,,,"Coby Mayo","28312",691723
"Tyler Heineman","TOR",42.049,145.363,129.15,26.9744,20.1486,4.4866,0.351866,1.98735,13.4778,10.2724,10.3101,0.216148,30.4276,2.37863,0.92437,2.49533,2.7029,1.90367,0.556208,0.20886,0.0709262,0.209322,0.338838,0.277824,0.295212,0.257462,0.573036,0.0863518,4.08939,0.255858,,-0.0623977,10.6146,-6.56114,62.5035,-0.0623977,2.5,-6.486577268689871,5.744521617889404,0.435964,999,,,,,,,89.6,2.133333333,89.6,2.133333333,,,,,,,,,,,,,,,,,,,"Tyler Heineman","13897",623168
"Adolis García","PHI",134.949,562.594,514.45,119.309,72.0337,23.0235,1.63639,22.6158,66.1804,72.0032,37.0612,0.846417,144.938,5.3016,5.19704,0.584166,7.83166,10.9862,2.77271,0.231916,0.0658755,0.257625,0.255703,0.287668,0.414915,0.302814,0.702583,0.182998,4.82404,0.274625,,0.312155,61.7968,-4.67802,91.4117,0.312155,-2.88,-5.4144183695316315,-9.127639293670654,0.427214,218.41000366210938,,,,,,,585.2,4.334814814,585.2,4.334814814,,,,,,,,,,,,,,,,,,,"Adolis Garcia","19287",666969
"Jonah Heim","ATL",36.533,134.745,123.124,27.0865,18.5279,4.97035,0.119407,3.46883,12.9334,14.3323,9.46667,0.15566,27.3883,0.688294,1.03255,0.225291,2.44546,0.583262,0.202064,0.219994,0.0702562,0.20326,0.345647,0.277277,0.346823,0.274039,0.624101,0.126829,2.67724,0.253139,,-0.154424,11.6528,-4.2684,72.8395,-0.154424,1.26,-4.491969659924507,4.078904390335083,0.416405,999,,,,,,,102.8,2.778378378,102.8,2.778378378,,,,,,,,,,,,,,,,,,,"Jonah Heim","16930",641680
"Liam Hicks","MIA",81.508,309.411,270.247,64.2972,47.7679,12.0827,0.68372,3.76289,29.482,27.0442,29.8128,0.400786,48.2178,5.59443,2.61491,1.14168,6.72491,1.43576,0.407136,0.23792,0.0963534,0.155837,0.618294,0.323433,0.329462,0.293651,0.652895,0.0915415,2.93981,0.274058,,-0.426026,31.6849,-4.87442,85.4048,-0.426026,0.67,-5.778307318687439,-0.5306649804115295,0.407737,746.6599731445312,,,,,,,276.4,3.370731707,276.4,3.370731707,,,,,,,,,,,,,,,,,,,"Liam Hicks","29844",689414
"Ryan Ritter","COL",56.954,218.916,197.312,49.2966,32.8478,10.0889,1.19587,5.16406,25.2473,22.3811,14.8259,0.446297,59.3908,3.52547,1.3413,1.91093,3.98131,3.61513,1.12426,0.249841,0.0677242,0.271295,0.249633,0.311735,0.39161,0.307175,0.703345,0.141769,5.10877,0.329105,,-0.0724328,24.8214,-1.04518,82.3568,-0.0724328,0.65,-4.650161571800709,1.2275757789611816,0.395008,999,,,,,,,220.9,3.875438596,220.9,3.875438596,,,,,,,,,,,,,,,,,,,"Ryan Ritter","31500",690022
"Leo Rivas","SEA",47.082,157.656,135.47,29.547,21.509,5.37719,0.428644,2.23219,17.7313,11.062,18.2109,0.350766,38.6133,1.25376,0.967237,1.75434,2.47568,5.99113,1.65103,0.218108,0.11551,0.244921,0.471622,0.314376,0.313561,0.284114,0.627937,0.0954534,5.39443,0.285746,,0.253923,14.9238,-3.70446,86.791,0.253923,-0.36,-2.200519233942032,0.6192954778671265,0.393396,999,,,,,,,129.1,2.74680851,129.1,2.74680851,,,,,,,,,,,,,,,,,,,"Leo Rivas","21009",660844
"Gavin Sheets","SDP",117.336,473.318,427.517,102.172,66.2604,21.4493,0.352401,14.1104,51.1081,53.994,38.2997,1.25903,93.6579,3.733,3.28947,0.479201,8.40069,2.08735,0.651914,0.238991,0.0809175,0.197875,0.408932,0.304977,0.389828,0.303104,0.694805,0.150837,2.72868,0.272606,,-0.556103,52.102,-3.82412,96.9597,-0.556103,0.03,-2.2616273164749146,-9.696264000609517,0.387715,728.8599853515625,,,,,,,462.7,3.954700854,462.7,3.954700854,,,,,,,,,,,,,,,,,,,"Gavin Sheets","19901",657757
"Ezequiel Duran","TEX",74.321,270.848,252.091,58.8143,40.0498,13.0619,0.823459,4.87913,29.0236,23.9911,13.6878,0.354109,65.9726,2.73861,1.52944,0.800773,3.73373,8.03791,2.21313,0.233305,0.0505368,0.243578,0.207477,0.278621,0.349716,0.274891,0.628337,0.116411,5.41808,0.2951,,0.330766,23.6104,-8.39242,75.3112,0.330766,0.52,-7.550524115562439,1.9946229457855225,0.385334,999,,,,,,,229.4,3.1,229.4,3.1,,,,,,,,,,,,,,,,,,,"Ezequiel Duran","23733",677649
"Nathan Lukes","TOR",80.575,315.196,284.467,72.4138,52.3576,13.4876,0.919028,5.64954,34.1976,30.0195,23.4506,1.07343,49.6408,2.22593,2.03618,3.01661,7.35021,3.01593,1.02921,0.25456,0.0744001,0.157492,0.472406,0.314212,0.368016,0.299364,0.682227,0.113456,3.90088,0.288757,,-0.326361,33.7392,-3.50364,91.3682,-0.326361,-0.5,-3.5330255031585693,-3.638209104537964,0.376234,999,,,,,,,296.9,3.665432098,296.9,3.665432098,,,,,,,,,,,,,,,,,,,"Nathan Lukes","18123",664770
"Triston Casas","BOS",45.938,188.132,163.403,39.0662,23.5361,7.63055,0.345233,7.55436,21.8249,25.6524,21.778,1.52676,46.823,1.42212,1.33088,0.198071,3.24234,0.276351,0.124282,0.239079,0.115759,0.248884,0.465114,0.331321,0.428697,0.328798,0.760018,0.189618,2.22896,0.285546,,-0.294084,24.6338,2.40459,106.844,-0.294084,-0.03,1.22348353266716,-4.022337464615703,0.376136,742.1400146484375,,,,,,,222.8,4.84347826,222.8,4.84347826,,,,,,,,,,,,,,,,,,,"Triston Casas","22514",671213
"Leo Jiménez","TOR",36.414,124.118,109.929,25.9719,18.3988,4.92194,0.22912,2.42207,13.2401,11.9183,9.15263,0.138791,26.8089,3.88638,0.837665,0.311934,2.68938,0.927625,0.302094,0.23626,0.0737413,0.215995,0.341403,0.315097,0.351301,0.297046,0.666398,0.115041,3.5879,0.288827,,-0.144813,13.0522,-1.61326,89.7714,-0.144813,-0.14,-1.641126662492752,1.0349747985601425,0.375056,999,,,,,,,109.8,3.05,109.8,3.05,,,,,,,,,,,,,,,,,,,"Leo Jimenez","23782",677870
"J.C. Escarra","NYY",42.94,147.907,132.494,27.3546,18.5339,5.80302,0.346555,2.67114,13.7019,12.6932,12.0478,0.309952,27.4017,1.94717,1.02557,0.392894,2.68523,0.908546,0.31256,0.20646,0.0814554,0.185263,0.439674,0.280309,0.315971,0.265846,0.596281,0.109511,3.26209,0.238611,,-0.158988,11.8072,-5.66916,68.8034,-0.158988,1.98,-5.597350314259529,4.166759252548218,0.374477,999,,,,,,,108.7,2.527906976,108.7,2.527906976,,,,,,,,,,,,,,,,,,,"J.C. Escarra","20084",641555
"Travis Bazzana","CLE",53.662,214.079,189.262,40.6208,26.6199,8.32107,0.797276,4.88253,22.586,19.8462,20.5358,0.328603,60.0556,2.42484,1.21997,0.63669,3.324,2.95199,0.899436,0.214628,0.0959261,0.28053,0.341946,0.297886,0.344412,0.285492,0.642298,0.129784,4.52961,0.284668,,-0.103082,20.5043,-4.79075,82.3933,-0.103082,0,-4.545561693608761,0.8281172513961792,0.373523,999,,,,,,,188.4,3.488888888,188.4,3.488888888,,,,,,,,,,,,,,,,,,,"Travis Bazzana","sa3025129",683953
"Mark Vientos","NYM",106.623,438.359,400.533,94.6708,58.4871,16.9815,1.30287,17.8994,49.9178,56.0464,30.3561,0.754753,115.611,3.53681,3.51563,0.417961,8.05425,0.773078,0.289085,0.236362,0.0692494,0.263736,0.26257,0.293564,0.419333,0.307477,0.712897,0.18297,2.78369,0.283774,,-0.568649,49.8104,-1.98513,99.5181,-0.568649,-0.05,-0.8190130889415741,-10.15755920484662,0.369117,524.7000122070312,,,,,,,459.1,4.290654205,459.1,4.290654205,,,,,,,,,,,,,,,,,,,"Mark Vientos","22184",668901
"Jett Williams","MIL",36.641,149.976,134.638,30.324,19.3049,6.80729,0.589769,3.62204,16.3539,15.52,12.3978,0.132549,38.6169,1.68749,0.999207,0.253356,1.75811,4.28203,1.01755,0.225226,0.0826651,0.257487,0.321046,0.29661,0.365253,0.29127,0.661863,0.140027,5.43945,0.285893,,0.220146,15.0681,-2.65273,85.8688,0.220146,0,-2.29170423746109,0.8885603547096252,0.366953,999,,,,,,,143.4,3.875675675,143.4,3.875675675,,,,,,,,,,,,,,,,,,,"Jett Williams","sa3020134",702518
"Moisés Ballesteros","CHC",89.728,345.236,312.215,80.0089,54.3667,15.6488,0.9666,9.02684,37.8701,40.634,27.4929,1.65794,64.7456,2.18044,2.76949,0.577985,6.97408,1.35734,0.431852,0.256262,0.079635,0.18754,0.424629,0.318235,0.399313,0.31174,0.717548,0.14305,3.13408,0.294272,,-0.449243,40.4236,-0.368662,100.929,-0.449243,0,-0.06902441382408142,-7.9353461265563965,0.356223,653.969970703125,,,,,,,361.6,4.017777777,361.6,4.017777777,,,,,,,,,,,,,,,,,,,"Moises Ballesteros","28820",694208
"Jimmy Crooks","STL",27.336,99.769,90.349,21.6094,14.8107,4.38337,0.331194,2.08415,10.0393,10.0448,7.05765,0.267191,24.8292,1.355,0.623971,0.383423,1.96626,0.418039,0.149556,0.239177,0.07074,0.248867,0.284249,0.302077,0.364228,0.292599,0.666304,0.125051,3.21829,0.304798,,-0.129187,10.1314,-1.65704,88.1725,-0.129187,-0.13,-1.5277490764856339,1.641777753829956,0.351276,999,,,,,,,87.6,3.244444444,87.6,3.244444444,,,,,,,,,,,,,,,,,,,"Jimmy Crooks","31354",699625
"Ben Williamson","TBR",60.503,235.028,216.962,54.6817,41.2389,10.5749,0.768806,2.09915,23.3404,20.4496,13.9271,0.413894,49.6522,2.15743,1.24756,0.734118,5.45256,4.18034,1.40009,0.252034,0.0592573,0.211261,0.280494,0.302041,0.336887,0.282306,0.638928,0.0848533,4.47446,0.315891,,-0.112991,21.9028,-5.86753,78.1317,-0.112991,0.15,-6.170679502189159,1.4797983467578888,0.347699,999,,,,,,,200.2,3.281967213,200.2,3.281967213,,,,,,,,,,,,,,,,,,,"Ben Williamson","33197",810938
"Zach Cole","HOU",86.94,342.069,307.782,63.5475,36.9245,12.87,2.3198,11.4332,41.2855,35.9305,27.5261,1.65444,135.74,4.57931,1.78427,0.397518,3.85645,7.39982,2.19328,0.206469,0.0804694,0.39682,0.202786,0.279956,0.374801,0.284873,0.654756,0.168331,6.1989,0.320915,,0.136987,32.5913,-7.82683,81.3578,0.136987,1.03,-7.37897402048111,-1.0073456764221191,0.346547,746.6599731445312,,,,,,,309.6,3.558620689,309.6,3.558620689,,,,,,,,,,,,,,,,,,,"Zach Cole","31583",805904
"Austin Wynns","ATH",43.27,152.801,139.47,31.226,21.3513,5.30219,0.0746837,4.49783,15.3557,15.7215,9.32109,0.130021,42.5044,1.37624,0.88166,1.32273,2.8432,0.62,0.186537,0.223891,0.0610015,0.278168,0.219297,0.277549,0.359728,0.279026,0.637277,0.135836,2.50924,0.286325,,-0.163106,13.833,-4.22163,73.935,-0.163106,-0.37,-4.857251167297363,2.968734622001648,0.344859,999,,,,,,,118.6,2.758139534,118.6,2.758139534,,,,,,,,,,,,,,,,,,,"Austin Wynns","15271",642851
"Darell Hernaiz","ATH",50.688,196.523,179.232,45.3535,33.6048,8.91248,0.530576,2.30568,21.0598,16.5452,12.8831,0.249354,29.5699,1.31401,1.51659,1.57708,4.20933,3.85932,1.04638,0.253044,0.0655554,0.150465,0.435684,0.305473,0.347283,0.287803,0.652756,0.094239,4.49402,0.289158,,0.0294286,19.1915,-4.02917,79.9811,0.0294286,-0.06,-4.607456121593714,1.1303381361067295,0.336289,999,,,,,,,170.4,3.34117647,170.4,3.34117647,,,,,,,,,,,,,,,,,,,"Darell Hernaiz","26224",687231
"Thairo Estrada","BAL",33.041,131.742,122.747,30.3286,21.3213,5.10299,0.469348,3.43493,15.0631,13.5402,5.86102,0.0390075,25.4089,1.99926,0.916288,0.218179,2.59442,2.86774,0.842525,0.247082,0.0444886,0.192868,0.230668,0.290357,0.380253,0.292159,0.670611,0.133172,5.02354,0.283629,,0.0361286,13.3312,-2.2351,87.2455,0.0361286,0.08,-1.9443090073764324,0.5898919254541397,0.325346,999,,,,,,,114.6,3.472727272,114.6,3.472727272,,,,,,,,,,,,,,,,,,,"Thairo Estrada","16426",642731
"Jake Mangum","PIT",83.439,327.092,307.243,81.7689,63.2771,15.5505,1.48403,1.45729,35.3074,26.5584,13.9189,0.261739,55.347,3.06116,2.17157,0.697669,6.90726,11.9094,3.36945,0.266138,0.0425533,0.169209,0.251483,0.302545,0.34064,0.28295,0.643185,0.0745027,5.75577,0.317927,,0.473932,30.6535,-7.99498,77.5314,0.473932,3.23,-8.236523509025574,0.5332467555999756,0.325267,660.72998046875,,,,,,,279.1,3.362650602,279.1,3.362650602,,,,,,,,,,,,,,,,,,,"Jake Mangum","26202",663968
"Tyler Austin","CHC",39.879,156.71,139.086,33.2414,19.3395,6.91234,0.218975,6.77056,19.1012,21.4763,15.1842,0.437475,43.8843,1.16459,1.00578,0.26972,2.71705,0.378152,0.116793,0.239,0.0968937,0.280035,0.346006,0.316991,0.437884,0.326268,0.754875,0.198884,2.65293,0.295973,,-0.204913,20.1976,1.6811,110.881,-0.204913,0,1.8161154687404633,-3.879800796508789,0.322294,999,,,,,,,179.9,4.4975,179.9,4.4975,,,,,,,,,,,,,,,,,,,"Tyler Austin","11850",592122
"Zack Gelof","ATH",41.791,160.633,145.632,31.7336,19.5652,6.44149,0.308594,5.41832,19.7823,16.4245,12.4823,0.135105,53.7614,1.07793,0.907357,0.533057,1.95236,5.85693,1.41423,0.217902,0.0777069,0.334685,0.232179,0.28291,0.377988,0.288647,0.660897,0.160085,5.5314,0.301228,,0.374443,15.7968,-3.18324,80.5627,0.374443,0.26,-3.305523633956909,0.9049227833747864,0.320046,999,,,,,,,145.2,3.457142857,145.2,3.457142857,,,,,,,,,,,,,,,,,,,"Zack Gelof","29766",680869
"Miguel Rojas","LAD",48.624,177.402,159.513,39.5081,28.58,7.82693,0.471955,2.62915,20.1017,16.8522,11.016,0.301706,24.9921,1.4217,1.0824,1.3489,4.00582,2.71723,0.879393,0.247679,0.0620964,0.140879,0.44078,0.300207,0.352112,0.286908,0.652319,0.104432,4.41185,0.277339,,-0.0854755,17.1953,-3.76607,82.6354,-0.0854755,0.2,-3.736514136195183,0.9503703266382217,0.318812,999,,,,,,,154.3,3.148979591,154.3,3.148979591,,,,,,,,,,,,,,,,,,,"Miguel Rojas","7802",500743
"Max Muncy","ATH",87.49,341.357,312.604,72.2102,46.3266,15.2402,0.60315,10.0403,37.9685,35.1303,20.4134,0.563768,101.138,4.22108,1.98727,2.1312,5.67581,4.62497,1.35796,0.230996,0.0598007,0.296284,0.201836,0.285487,0.379962,0.289801,0.665449,0.148966,4.23482,0.305635,,-0.0958569,33.8891,-6.44483,81.3575,-0.0958569,-2.57,-7.596272177994251,-1.036773920059204,0.318796,741.6599731445312,,,,,,,312.1,3.587356321,312.1,3.587356321,,,,,,,,,,,,,,,,,,,"Max Muncy","29779",691777
"César Salazar","HOU",39.73,115.131,102.053,20.8481,14.4877,4.22854,0.209234,1.92262,10.5286,9.81948,8.47169,0.213731,23.3754,2.84263,1.069,0.694798,2.102,0.56176,0.164814,0.204287,0.0735831,0.203033,0.36242,0.281051,0.306341,0.263433,0.587392,0.102054,3.22126,0.243183,,-0.124068,8.96517,-4.63844,66.5883,-0.124068,0.67,-4.657880999147892,3.7355863451957703,0.311064,999,,,,,,,80.9,2.0225,80.9,2.0225,,,,,,,,,,,,,,,,,,,"Cesar Salazar","21587",663967
"Drew Millas","WSN",35.73,126.41,115.615,27.6758,20.2165,5.39359,0.431449,1.63421,11.9718,11.205,8.76979,0.673806,21.803,0.658616,0.831378,0.534885,2.41961,2.64294,0.823797,0.239378,0.0693758,0.172479,0.402228,0.29477,0.335897,0.276983,0.630667,0.0965192,4.52987,0.279988,,-0.0000299795,11.2342,-3.70216,75.3476,-0.0000299795,-0.28,-3.693497834950904,2.4769444167613983,0.305826,999,,,,,,,107,2.972222222,107,2.972222222,,,,,,,,,,,,,,,,,,,"Drew Millas","25643",686452
"Nathaniel Lowe","CIN",51.355,201.471,176.869,44.3077,30.5687,7.00397,0.398631,6.33632,23.1248,22.9122,21.9238,0.520911,48.4365,1.22518,1.24057,0.212396,4.44328,0.54764,0.166317,0.250511,0.108819,0.240414,0.45263,0.335174,0.402093,0.323649,0.737267,0.151582,2.58053,0.307867,,-0.30977,25.5382,1.73289,102.415,-0.30977,0.13,0.2668936848640442,-4.129770398139954,0.290579,999,,,,,,,217,4.25490196,217,4.25490196,,,,,,,,,,,,,,,,,,,"Nathaniel Lowe","19566",663993
"Daniel Schneemann","CLE",51.388,194.607,173.942,37.1967,24.5312,7.31901,0.578746,4.7677,20.7988,18.2659,17.816,0.218668,52.5989,1.04703,1.18181,0.620198,3.36638,3.58923,1.15564,0.213845,0.0915485,0.270283,0.338714,0.288987,0.344806,0.280565,0.633793,0.130961,4.56626,0.275389,,-0.0404413,17.8609,-5.13344,78.9994,-0.0404413,0.46,-4.85728482156992,0.9992567598819733,0.29057,999,,,,,,,168,3.294117647,168,3.294117647,,,,,,,,,,,,,,,,,,,"Daniel Schneemann","25180",682177
"Alex Call","LAD",45.972,173.248,150.71,34.6633,23.5386,7.07061,0.459933,3.59419,20.7237,15.9702,17.3401,0.17623,31.9043,2.29505,1.35782,1.5453,3.14035,2.93528,1.04551,0.230001,0.100088,0.184154,0.543503,0.316235,0.354565,0.298498,0.6708,0.124564,4.61791,0.26653,,-0.124954,18.423,-2.04763,90.575,-0.124954,-0.02,-2.060241498053074,-0.8713333196938038,0.289793,999,,,,,,,162.8,3.539130434,162.8,3.539130434,,,,,,,,,,,,,,,,,,,"Alex Call","19296",669743
"Will Benson","CIN",61.949,228.898,203.226,43.9609,25.0833,9.26642,1.25025,8.36096,28.2723,25.6528,21.861,0.773726,71.0697,1.93266,1.4786,0.400195,2.57089,6.76259,1.86572,0.216316,0.0955054,0.310486,0.3076,0.296522,0.39764,0.301802,0.694162,0.181325,5.82097,0.284178,,0.270913,24.9547,-2.09132,87.4491,0.270913,0.57,-3.1340381801128387,-1.7005073428153992,0.284526,999,,,,,,,230.1,3.711290322,230.1,3.711290322,,,,,,,,,,,,,,,,,,,"Will Benson","21853",666181
"Tom Murphy",,16.905,63.698,56.9434,12.5212,7.60995,2.46396,0.110473,2.33684,7.04937,7.80497,5.28262,0.00934704,18.7244,0.51665,0.385854,0.085319,1.04617,0.380787,0.116266,0.219889,0.0829323,0.293955,0.282125,0.29021,0.390154,0.297144,0.680364,0.170265,3.29973,0.280809,,-0.0599173,6.70352,-0.822886,88.8305,-0.0599173,0.21,-0.9008203074336052,1.5143981724977493,0.283344,999,,,,,,,58.4,3.435294117,58.4,3.435294117,,,,,,,,,,,,,,,,,,,"Tom Murphy","13499",608596
"Rafael Marchán","PHI",44.971,159.568,144.319,32.0521,22.7652,6.49832,0.357875,2.43071,14.7015,14.6397,11.4336,0.281623,27.2163,1.92452,1.09003,0.801069,3.19678,0.742936,0.256516,0.222093,0.0716534,0.170562,0.420101,0.286018,0.322608,0.270337,0.608626,0.100515,3.04623,0.255882,,-0.193076,13.3199,-5.53432,69.1641,-0.193076,0,-6.024793818593025,3.469984531402588,0.281774,999,,,,,,,112.3,2.495555555,112.3,2.495555555,,,,,,,,,,,,,,,,,,,"Rafael Marchan","21646",665561
"Anthony Santander","TOR",29.318,125.112,111.429,25.6778,14.3473,4.98106,0.113542,6.23586,15.1625,17.579,11.2554,0.374127,27.3116,1.37479,0.936493,0.116444,1.86037,0.355282,0.0906796,0.230441,0.0899628,0.218297,0.412112,0.306475,0.445069,0.323365,0.751543,0.214628,2.48741,0.246669,,-0.141705,15.8302,1.04723,107.901,-0.141705,0,1.0234022289514542,-2.60152006149292,0.279112,727.7100219726562,,,,,,,141.5,4.879310344,141.5,4.879310344,,,,,,,,,,,,,,,,,,,"Anthony Santander","14551",623993
"Andrew Knizner","SEA",30.169,107.887,97.2766,20.392,14.733,3.64643,0.227705,1.78478,9.6697,9.46829,7.46725,0.0696896,23.1288,1.92103,0.63357,0.45336,2.19691,0.413377,0.128095,0.209629,0.0692136,0.21438,0.322855,0.277546,0.306838,0.261735,0.584383,0.0972091,2.96924,0.254905,,-0.128563,8.25235,-4.49533,71.3747,-0.128563,0.42,-3.768477439880371,2.747854858636856,0.275494,999,,,,,,,72.4,2.413333333,72.4,2.413333333,,,,,,,,,,,,,,,,,,,"Andrew Knizner","19514",668800
"Christian Vázquez","HOU",31.015,114.121,103.194,23.1606,17.336,3.8394,0.0507811,1.93451,10.8074,10.1124,7.04384,0.0821238,22.4815,0.775745,0.795633,0.905791,2.22843,1.39174,0.429817,0.224438,0.0617226,0.196997,0.313317,0.277081,0.318867,0.264037,0.595949,0.0944289,3.42476,0.266749,,-0.0631958,8.94248,-4.54179,67.0043,-0.0631958,0.87,-4.501276567578316,3.263132691383362,0.275192,999,,,,,,,82.1,2.648387096,82.1,2.648387096,,,,,,,,,,,,,,,,,,,"Christian Vazquez","9774",543877
"Walker Jenkins","MIN",26.006,106.674,95.9605,23.7382,16.0059,4.90224,0.539493,2.29058,12.3789,10.5126,8.64295,0.196215,22.8553,1.16494,0.73732,0.168323,1.8282,2.02568,0.597336,0.247375,0.0810221,0.214254,0.37816,0.31497,0.381315,0.30538,0.696286,0.13394,4.94382,0.29975,,-0.00860362,11.9396,-0.664709,94.1509,-0.00860362,0,-0.7439964292570949,-0.2407963126897812,0.274888,999,,,,,,,108.4,4.169230769,108.4,4.169230769,,,,,,,,,,,,,,,,,,,"Walker Jenkins","sa3022894",805805
"Ryan Waldschmidt","ARI",40.074,161.21,143.684,35.4813,24.2866,7.14554,0.657335,3.39179,18.837,16.7712,14.0212,0.533531,35.1545,2.13429,1.08845,0.282199,2.7397,3.67147,1.2128,0.24694,0.0869747,0.218067,0.398844,0.320869,0.376639,0.306722,0.697508,0.129699,5.05306,0.302087,,-0.0258313,18.2192,-0.828958,94.7152,-0.0258313,0,-1.0355920400470495,-1.7097657918930054,0.267868,999,,,,,,,159,3.975,159,3.975,,,,,,,,,,,,,,,,,,,"Ryan Waldschmidt","sa3025261",814439
"Colby Thomas","ATH",67.856,262.209,241.794,55.3275,32.7086,12.8156,0.709272,9.09404,30.7802,29.2976,14.2309,0.0111177,81.6969,3.75376,1.82282,0.607809,3.33135,4.78256,1.20805,0.228821,0.0542731,0.311572,0.174191,0.280244,0.400522,0.294745,0.680766,0.171701,5.00924,0.302524,,0.12721,27.084,-3.89802,84.7632,0.12721,0.18,-4.58164219558239,-1.8294160962104797,0.267419,746.75,,,,,,,254.7,3.745588235,254.7,3.745588235,,,,,,,,,,,,,,,,,,,"Colby Thomas","31855",687515
"Everson Pereira","CHW",56.962,218.843,198.808,43.8718,27.4228,8.28393,0.598674,7.56641,24.4953,24.0627,16.3152,0.175094,69.1374,2.25625,1.14225,0.321075,3.40995,3.55782,0.996693,0.220674,0.0745521,0.315922,0.235982,0.285753,0.382541,0.291846,0.668294,0.161867,4.56074,0.294575,,0.000917249,22.0895,-3.76845,85.3283,0.000917249,0.69,-3.783386416034773,-1.1531551480293274,0.26557,999,,,,,,,210.3,3.689473684,210.3,3.689473684,,,,,,,,,,,,,,,,,,,"Everson Pereira","23695",677592
"Andy Ibáñez","ATH",53.693,185.52,170.258,40.7679,27.6999,8.60153,0.382064,4.08446,19.8678,18.3119,11.8187,0.0477139,36.5128,1.7696,1.24513,0.428505,3.09065,2.52762,0.857276,0.239448,0.0637058,0.196813,0.323687,0.293672,0.366426,0.289421,0.660098,0.126978,4.06729,0.280227,,-0.117802,18.3608,-3.55984,81.0958,-0.117802,0.36,-4.251335024833679,0.4117872156202793,0.260462,999,,,,,,,168.2,3.114814814,168.2,3.114814814,,,,,,,,,,,,,,,,,,,"Andy Ibanez","18819",628451
"Sam Haggerty","TEX",59.191,216.975,194.483,47.1028,33.9222,8.90357,1.4803,2.79671,26.9263,15.9178,17.5148,0.380097,47.704,2.5211,1.25343,1.20272,3.53078,11.5366,2.88526,0.242195,0.0807225,0.219859,0.367155,0.311155,0.346339,0.291527,0.657494,0.104144,6.67801,0.305063,,0.772048,21.8448,-3.79251,86.771,0.772048,-0.17,-2.6109989881515503,-2.333413764834404,0.258187,999,,,,,,,206.6,3.501694915,206.6,3.501694915,,,,,,,,,,,,,,,,,,,"Sam Haggerty","18054",664059
"José Fermín","STL",46.244,160.199,141.71,33.7486,24.163,6.77243,0.360752,2.45242,17.2514,13.5086,13.6537,0.544649,20.5744,2.52156,1.14223,1.17178,3.2522,4.53522,1.43948,0.238153,0.0852294,0.12843,0.663624,0.313933,0.342953,0.291858,0.656886,0.1048,4.75387,0.261182,,0.0548449,16.1717,-2.75708,87.665,0.0548449,-0.31,-2.287193287163973,-0.5240926146507263,0.257682,999,,,,,,,145.2,3.156521739,145.2,3.156521739,,,,,,,,,,,,,,,,,,,"Jose Fermin","21746",665877
"Alan Roden","MIN",48.413,178.847,160.175,39.9867,28.7367,7.90215,0.742064,2.6058,19.7026,15.9704,13.7738,0.534508,30.4209,3.49294,1.16662,0.23853,4.0284,2.86666,0.870534,0.249644,0.0770143,0.170094,0.452774,0.320553,0.357049,0.299948,0.677602,0.107405,4.75172,0.291321,,-0.0833373,19.2288,-1.9033,90.4085,-0.0833373,0.9,-2.105148769915104,-1.5341461896896362,0.257452,999,,,,,,,175,3.645833333,175,3.645833333,,,,,,,,,,,,,,,,,,,"Alan Roden","31564",702176
"Jose Iglesias",,45.698,159.418,145.188,37.5713,28.6148,7.09972,0.319319,1.53751,16.1138,14.4097,7.72994,0.102271,27.4177,2.29842,0.892537,0.830797,4.09951,1.80642,0.672625,0.258777,0.0484885,0.171987,0.281932,0.304913,0.343845,0.286598,0.648759,0.0850682,3.8896,0.307652,,-0.168603,15.412,-3.42444,81.586,-0.168603,-0.46,-3.6381338834762573,0.7153600752353668,0.25298,999,,,,,,,137.9,2.997826086,137.9,2.997826086,,,,,,,,,,,,,,,,,,,"Jose Iglesias","10231",578428
"Kyle Isbel","KCR",117.837,443.761,401.58,92.1673,63.935,17.3379,4.37289,6.52146,48.2855,35.1836,27.9448,0.564855,88.3762,3.90915,2.75118,7.57602,8.32887,9.3985,2.91964,0.229512,0.0629727,0.199153,0.316203,0.284332,0.343183,0.275686,0.627515,0.113671,6.05075,0.276783,,0.0554199,38.9699,-13.4639,71.4367,0.0554199,0.25,-14.883893992751837,2.068472146987915,0.251495,999,,,,,,,355.8,3.015254237,355.8,3.015254237,,,,,,,,,,,,,,,,,,,"Kyle Isbel","21614",664728
"Matt Vierling","DET",63.99,252.663,228.365,54.0994,37.3171,10.3162,0.874426,5.59165,27.1593,24.5849,19.4497,0.18479,56.5282,2.34886,2.00984,0.489702,4.57805,2.95607,0.911289,0.236899,0.076979,0.223729,0.344072,0.300975,0.363188,0.292235,0.664163,0.126289,4.13636,0.288299,,-0.171018,25.5831,-4.27101,85.6027,-0.171018,-0.7,-4.458419039845467,-1.8109375834465027,0.248302,999,,,,,,,231.4,3.615625,231.4,3.615625,,,,,,,,,,,,,,,,,,,"Matt Vierling","21558",663837
"Sung-Mun Song","SDP",65.831,261.882,240.744,53.9329,35.8898,11.6521,0.511606,5.87936,26.3771,26.0574,18.1212,0.760717,53.7175,0.814604,1.75121,0.450637,4.23813,4.19693,1.18166,0.224026,0.069196,0.205121,0.337342,0.27873,0.349941,0.274826,0.628671,0.125915,4.20239,0.262733,,-0.00144332,22.815,-8.12842,77.5884,-0.00144332,0,-6.95766776567325,0.6690142154693604,0.248028,999,,,,,,,220.1,3.334848484,220.1,3.334848484,,,,,,,,,,,,,,,,,,,"Sung-Mun Song","sa3012529",823550
"Taylor Walls","TBR",85.159,324.396,288.564,60.3971,40.7515,13.023,1.61142,5.01116,35.3287,25.3375,29.9346,0.361773,76.9186,1.26554,2.71093,1.56804,3.71856,14.6822,4.03943,0.209302,0.0922778,0.237113,0.389172,0.284044,0.317699,0.268196,0.601743,0.108396,6.05601,0.264568,,0.809616,26.515,-11.8149,68.4118,0.809616,-0.75,-11.267760157585144,2.5201737880706787,0.24735,999,,,,,,,253.4,2.98117647,253.4,2.98117647,,,,,,,,,,,,,,,,,,,"Taylor Walls","22458",670764
"Blake Perkins","MIL",55.289,212.158,189.481,40.402,27.6337,7.83662,1.12286,3.80878,22.2165,18.3812,19.2236,0.319489,58.1512,1.36048,1.33445,0.758611,3.00618,6.69332,1.86609,0.213225,0.0906098,0.274094,0.330579,0.288488,0.326739,0.273777,0.615226,0.113514,5.72614,0.283987,,0.258261,18.3024,-6.76574,73.8858,0.258261,0.8,-6.308192610740662,1.653225302696228,0.245916,999,,,,,,,169.2,3.076363636,169.2,3.076363636,,,,,,,,,,,,,,,,,,,"Blake Perkins","19921",663368
"Jeremiah Jackson","BAL",56.535,227.231,212.415,49.1278,32.0062,9.96057,0.884704,6.2763,24.9334,23.8327,11.5743,0.050009,54.0206,1.38303,1.57211,0.286895,3.71907,4.07198,1.34071,0.231282,0.0509363,0.237734,0.214257,0.27357,0.375147,0.281493,0.648717,0.143864,5.00549,0.278818,,-0.0311537,21.0263,-5.8228,79.8985,-0.0311537,-0.49,-5.414698671549559,-0.053773194551467896,0.240685,999,,,,,,,197.3,3.461403508,197.3,3.461403508,,,,,,,,,,,,,,,,,,,"Jeremiah Jackson","22239",669236
"Juan Brito","CLE",28.416,113.407,101.419,23.3079,15.3058,5.35678,0.296793,2.34854,11.7401,11.0029,9.80358,0.430683,22.4353,0.940044,0.86395,0.380696,1.84013,1.55331,0.555341,0.229818,0.086446,0.19783,0.436971,0.301271,0.35796,0.289777,0.659231,0.128142,3.90734,0.270447,,-0.0858865,11.2565,-2.14339,85.3445,-0.0858865,0,-2.044785253703594,0.4385184943675995,0.235014,999,,,,,,,95.1,3.396428571,95.1,3.396428571,,,,,,,,,,,,,,,,,,,"Juan Brito","sa3009808",682877
"Noelvi Marte","CIN",123.242,508.631,469.625,116.649,76.9635,22.5734,1.39886,15.7128,59.8038,56.8959,30.5093,1.26522,117.465,4.72127,3.1582,0.616889,8.71596,14.4416,4.31268,0.248386,0.0599832,0.230944,0.259731,0.298966,0.402785,0.303967,0.701751,0.154398,5.15321,0.297215,,0.389893,56.3455,-3.75322,88.9319,0.389893,-2.71,-6.282327711582184,-8.415647983551025,0.227574,139.57000732421875,,,,,,,531.4,4.320325203,531.4,4.320325203,,,,,,,,,,,,,,,,,,,"Noelvi Marte","26517",682622
"Joshua Báez","STL",29.661,92.966,83.4875,19.7924,11.6209,4.78939,0.299888,3.08228,11.4859,10.7534,7.26857,0.318175,26.794,1.38973,0.686112,0.134111,0.902902,3.70194,0.581039,0.237071,0.0781852,0.288212,0.271276,0.306476,0.412378,0.311469,0.718854,0.175308,5.89742,0.307752,,0.370667,10.8649,-0.119733,101.099,0.370667,0,0.49178915470838547,-1.3731944561004639,0.226274,999,,,,,,,100.5,3.35,100.5,3.35,,,,,,,,,,,,,,,,,,,"Joshua Baez","sa3017022",695491
"Javier Báez","DET",92.3,353.908,329.838,75.3342,52.0057,13.9038,0.660749,8.76397,35.5007,36.9437,13.2154,0.0890503,88.8212,4.59743,2.51119,0.537015,6.91913,5.37999,1.52907,0.228398,0.0373413,0.250973,0.148786,0.266011,0.354269,0.270219,0.62028,0.125872,4.37042,0.283562,,-0.0105157,29.5085,-12.3084,70.437,-0.0105157,0.03,-12.341885107569396,2.3273914139717817,0.221654,746.7000122070312,,,,,,,278.8,3.030434782,278.8,3.030434782,,,,,,,,,,,,,,,,,,,"Javier Baez","12979",595879
"Nick Castellanos","SDP",82.957,334.475,308.852,76.513,50.957,13.7189,2.01945,9.81763,37.2713,38.3764,19.4893,0.300874,77.7601,2.84063,2.92188,0.371156,5.56456,2.64367,0.777867,0.247733,0.0582684,0.232484,0.250634,0.295845,0.400592,0.301562,0.696437,0.152859,4.3496,0.297486,,-0.271647,36.3996,-3.12121,95.9032,-0.271647,-0.41,-1.895723670721054,-7.1491691172122955,0.213135,581.3900146484375,,,,,,,337.1,4.061445783,337.1,4.061445783,,,,,,,,,,,,,,,,,,,"Nick Castellanos","11737",592206
"Riley Adams","WSN",24.409,91.1,82.1337,16.9514,10.6369,3.2862,0.249378,2.77897,8.73004,10.0669,6.43178,0.0705588,31.1304,1.83352,0.472254,0.222077,1.54717,0.288816,0.101401,0.206388,0.0706013,0.341716,0.206608,0.277499,0.353975,0.278413,0.631474,0.147587,3.0314,0.291036,,-0.108083,8.20192,-2.56225,76.3274,-0.108083,-0.17,-2.6640663892030716,1.7134104520082474,0.212837,999,,,,,,,74.1,3.0875,74.1,3.0875,,,,,,,,,,,,,,,,,,,"Riley Adams","19864",656180
"David Hamilton","MIL",53.401,186.475,169.852,35.2905,22.681,6.61012,1.41801,4.58128,23.5539,15.4953,13.6721,0.265555,50.3659,1.00818,1.04107,0.902151,1.10903,14.7726,3.00218,0.207772,0.0733187,0.270095,0.271456,0.269278,0.344303,0.269113,0.613582,0.136531,7.98015,0.264859,,1.48018,15.3806,-6.65285,70.6908,1.48018,-0.02,-4.997501373291016,0.8651331476867199,0.211961,737.47998046875,,,,,,,164.1,3.096226415,164.1,3.096226415,,,,,,,,,,,,,,,,,,,"David Hamilton","27531",666152
"Michael Massey","KCR",70.822,280.666,260.061,61.1158,40.289,13.0444,0.83579,6.9467,27.3244,31.9559,13.9163,0.454811,52.2515,2.86132,2.73882,1.08838,4.02687,2.12446,0.61911,0.235006,0.0495832,0.18617,0.266333,0.278611,0.371728,0.282078,0.650339,0.136722,3.73011,0.266054,,-0.202377,26.1039,-7.05894,75.8399,-0.202377,-0.06,-8.1944899559021,0.5471844710409641,0.205931,999,,,,,,,242.8,3.419718309,242.8,3.419718309,,,,,,,,,,,,,,,,,,,"Michael Massey","27684",686681
"Hyeseong Kim","LAD",47.1,164.611,152.755,37.0261,27.043,6.70338,1.02311,2.25657,19.8611,14.2845,9.54,0.283961,37.501,0.850493,1.08092,0.384429,2.79504,6.19976,1.34132,0.242389,0.0579548,0.227816,0.254393,0.288727,0.343985,0.277465,0.632711,0.101596,6.44092,0.304786,,0.445406,14.6935,-4.75653,76.1669,0.445406,0,-4.204382807016373,0.7268518209457397,0.204535,724.3400268554688,,,,,,,140.6,2.991489361,140.6,2.991489361,,,,,,,,,,,,,,,,,,,"Hyeseong Kim","35322",808975
"Pavin Smith","ARI",98.925,398.331,349.118,80.6996,51.5039,16.2602,1.22736,11.7082,45.3292,46.5758,43.953,1.32597,100.488,2.05772,2.80689,0.395281,7.26193,2.18724,0.687931,0.231153,0.110343,0.252273,0.437395,0.318419,0.385368,0.309032,0.703787,0.154215,3.38296,0.287789,,-0.479279,45.7648,-1.30109,96.2978,-0.479279,-0.22,-2.227113723754883,-9.02742549777031,0.204423,999,,,,,,,408.5,4.126262626,408.5,4.126262626,,,,,,,,,,,,,,,,,,,"Pavin Smith","19892",656976
"Jesus Rodriguez","SFG",13.029,49.896,45.6053,12.0423,8.92903,2.21161,0.195752,0.70595,5.60471,4.70719,3.49019,0.263334,7.75972,0.397085,0.325991,0.0774114,1.07378,0.898854,0.294759,0.264056,0.0699493,0.155518,0.449783,0.319753,0.367574,0.300965,0.687326,0.103518,4.53063,0.302581,,-0.0238086,5.40581,-0.489783,94.1492,-0.0238086,-0.15,-0.36981068924069405,0.6944722235202789,0.203061,999,,,,,,,47.3,3.638461538,47.3,3.638461538,,,,,,,,,,,,,,,,,,,"Jesus Rodriguez","sa3008916",683679
"Derek Hill","CHW",36.666,135.839,125.046,28.5141,19.4494,5.24931,0.606307,3.20907,15.0508,11.6332,7.53926,0.0661088,39.2904,1.25998,0.688398,1.30524,2.1988,4.02293,1.16925,0.228029,0.0555014,0.289242,0.191886,0.277353,0.356694,0.277468,0.634047,0.128665,5.66406,0.304019,,0.139706,12.1256,-3.92485,75.4239,0.139706,1.08,-3.794984057545662,1.0800000245823433,0.200571,999,,,,,,,117.6,3.178378378,117.6,3.178378378,,,,,,,,,,,,,,,,,,,"Derek Hill","16947",656537
"Joey Loperfido","HOU",95.51,350.993,319.707,73.7255,49.0375,14.6354,2.07146,7.98119,39.3205,33.2082,22.0824,1.25233,100.747,5.30116,2.25983,1.64221,5.53819,6.7066,1.95591,0.230603,0.0629142,0.287035,0.219187,0.28942,0.364231,0.285462,0.653651,0.133628,5.41795,0.308313,,0.0441014,33.6094,-7.86316,81.7635,0.0441014,1.54,-7.500080417841673,-2.6319422721862793,0.199365,999,,,,,,,313.2,3.2625,313.2,3.2625,,,,,,,,,,,,,,,,,,,"Joey Loperfido","29630",694388
"Max Kepler",,34.082,134.902,120.509,27.7397,17.3013,5.79297,0.359286,4.28621,14.4639,15.9062,11.8777,0.515299,27.4525,1.26032,1.03571,0.211539,2.27256,0.424556,0.133614,0.230188,0.0880469,0.203499,0.432664,0.303511,0.390924,0.30252,0.694435,0.160736,2.99687,0.261157,,-0.167354,14.7858,-1.15392,92.5235,-0.167354,0.32,-1.3594287931919098,-1.257870376110077,0.199342,999,,,,,,,129.8,3.817647058,129.8,3.817647058,,,,,,,,,,,,,,,,,,,"Max Kepler","12144",596146
"Dane Myers","CIN",63.302,236.008,216.516,51.4747,36.6839,8.75917,0.57531,5.45632,25.9816,22.4733,15.0406,0.0746257,58.6023,2.59742,1.53383,0.320508,4.0881,7.43323,2.06757,0.237741,0.0637292,0.248307,0.256655,0.293239,0.359113,0.286865,0.652352,0.121371,5.02101,0.298839,,0.281815,22.8677,-5.01848,77.2167,0.281815,-0.13,-6.0911016166210175,0.15731841325759888,0.196262,999,,,,,,,209.1,3.319047619,209.1,3.319047619,,,,,,,,,,,,,,,,,,,"Dane Myers","22054",667472
"Nathan Church","STL",53.092,184.762,169.916,40.9755,30.0908,7.67066,0.699778,2.51428,18.2147,16.1769,10.39,0.562951,27.4434,2.08132,1.31864,1.05647,3.94593,3.60436,1.14448,0.241152,0.0562348,0.148534,0.378599,0.290938,0.338924,0.276753,0.629862,0.0977725,4.63613,0.272241,,-0.0250791,16.3854,-5.44563,77.3179,-0.0250791,1.97,-4.992028066888452,0.7551448345184326,0.195437,999,,,,,,,157.5,2.971698113,157.5,2.971698113,,,,,,,,,,,,,,,,,,,"Nathan Church","31357",701675
"Dylan Moore","PHI",45.867,162.558,143.12,29.6815,17.103,6.01224,0.69381,5.87245,21.4909,16.8195,14.7275,0.157746,49.6194,3.18196,1.02633,0.347043,1.32333,8.63256,2.22372,0.207389,0.0905984,0.305241,0.296809,0.29367,0.382188,0.296826,0.675858,0.174799,6.69706,0.26856,,0.58576,17.0656,-2.14189,87.3103,0.58576,-0.23,-1.8590981364250183,-1.64564810693264,0.194762,999,,,,,,,170,3.695652173,170,3.695652173,,,,,,,,,,,,,,,,,,,"Dylan Moore","18042",664238
"Jesse Winker",,58.054,229.273,197.446,45.8657,30.7116,8.77091,0.430039,5.95313,26.531,22.9021,27.0645,0.946411,49.7747,2.58534,1.45289,0.723788,4.21949,3.60547,1.02464,0.232294,0.118045,0.217098,0.54374,0.330413,0.371524,0.31115,0.701936,0.139229,4.05873,0.278774,,-0.0907551,26.7358,-0.354598,98.4521,-0.0907551,-0.49,-0.5102047324180603,-5.3495519161224365,0.194376,999,,,,,,,237.9,4.101724137,237.9,4.101724137,,,,,,,,,,,,,,,,,,,"Jesse Winker","13590",608385
"Heriberto Hernández","MIA",83.2,334.705,296.926,66.6177,40.3749,14.2085,0.984652,11.0497,36.305,38.4469,30.6844,1.05569,100.831,3.44741,2.24654,1.40059,5.54651,2.90781,0.903972,0.224358,0.0916758,0.301253,0.304316,0.302275,0.390483,0.302381,0.692758,0.166125,3.75068,0.296692,,-0.273529,36.6473,-2.90068,91.3848,-0.273529,0.95,-3.691134423017502,-5.5767486691474915,0.191103,999,,,,,,,332.8,4.009638554,332.8,4.009638554,,,,,,,,,,,,,,,,,,,"Heriberto Hernandez","24878",681715
"CJ Kayfus","CLE",75.936,295.242,264.899,61.2857,38.9555,13.0214,1.60255,7.70619,32.7519,30.6047,24.0946,0.332682,82.6512,3.70576,1.8653,0.677738,4.60479,2.96093,1.00298,0.231355,0.0816095,0.279944,0.291521,0.302433,0.379884,0.299165,0.682317,0.148529,4.53045,0.303727,,-0.257054,31.5556,-3.32955,91.812,-0.257054,-0.46,-3.1062943637371063,-5.209083527326584,0.188907,999,,,,,,,287.8,3.786842105,287.8,3.786842105,,,,,,,,,,,,,,,,,,,"CJ Kayfus","33704",692216
"Justyn-Henry Malloy","TBR",39.198,142.891,124.489,29.7344,19.885,5.90407,0.246926,3.6984,15.7605,15.5749,15.6694,0.0737375,37.5778,1.61841,0.965484,0.148336,2.42263,0.937589,0.342484,0.238851,0.10966,0.262982,0.416986,0.329419,0.37937,0.314137,0.708789,0.140519,3.1631,0.309294,,-0.197651,17.0092,0.125542,100.059,-0.197651,-0.38,-0.18772294744849205,-2.8860450983047485,0.188696,999,,,,,,,154.9,3.971794871,154.9,3.971794871,,,,,,,,,,,,,,,,,,,"Justyn-Henry Malloy","29606",669234
"Eli White","ATL",43.713,153.743,141.919,33.547,22.7978,5.45361,1.2451,4.05052,19.1101,14.8532,8.90641,0.166072,42.138,1.67224,0.846414,0.398717,2.20208,5.48312,1.45503,0.236381,0.0579305,0.274081,0.211363,0.287755,0.377978,0.289998,0.665734,0.141597,6.82656,0.305419,,0.281521,15.2878,-2.8781,83.7722,0.281521,1.17,-2.6754715740680695,-0.640723705291748,0.184047,999,,,,,,,145.9,3.31590909,145.9,3.31590909,,,,,,,,,,,,,,,,,,,"Eli White","19346",642201
"David Fry","CLE",54.603,196.172,175.749,39.6975,24.4886,8.06676,0.256536,6.88567,21.5473,22.9732,15.5945,0.372052,51.222,3.20051,1.38058,0.247767,3.10208,1.76875,0.494181,0.225877,0.079494,0.261108,0.304449,0.298547,0.392233,0.301612,0.69078,0.166356,3.38711,0.27568,,-0.131914,21.3567,-1.82251,93.4979,-0.131914,0.03,-1.6352839022874832,-3.34055563993752,0.181715,999,,,,,,,197.8,3.596363636,197.8,3.596363636,,,,,,,,,,,,,,,,,,,"David Fry","24934",681807
"Nick Yorke","PIT",39.44,152.612,140.475,35.1963,25.4169,6.77608,0.490891,2.51243,16.3541,14.8136,9.77483,0.520653,34.3982,1.20317,0.948323,0.210279,2.89291,3.31928,1.20302,0.250551,0.0640502,0.225397,0.284167,0.302977,0.359432,0.2902,0.66241,0.108881,4.68132,0.312725,,-0.0656313,15.2004,-2.83188,82.498,-0.0656313,-0.14,-3.231331005692482,-0.09942388907074928,0.178708,999,,,,,,,140.4,3.6,140.4,3.6,,,,,,,,,,,,,,,,,,,"Nick Yorke","27504",694377
"Kody Clemens","MIN",74.201,286.746,260.812,57.3606,33.8326,11.3603,1.58579,10.5819,32.2674,33.6895,20.4219,0.47219,70.7399,2.2301,2.55878,0.723587,3.9759,3.28733,1.00552,0.219931,0.0712195,0.246699,0.28869,0.279742,0.397368,0.292608,0.677111,0.177437,4.73689,0.256957,,-0.124086,29.1209,-4.76034,85.3524,-0.124086,0.18,-5.074433632194996,-3.0531588196754456,0.178202,693.0999755859375,,,,,,,273.8,3.7,273.8,3.7,,,,,,,,,,,,,,,,,,,"Kody Clemens","20572",665019
"Reese McGuire","MIL",19.886,67.164,61.3658,13.4782,9.08226,2.40677,0.133174,1.85601,6.25982,7.52567,4.06567,0.0942546,16.0053,0.595208,0.410034,0.48709,1.20765,0.451115,0.13414,0.219637,0.0605335,0.238302,0.25402,0.273028,0.353933,0.274272,0.626961,0.134296,3.25744,0.264655,,-0.0548149,5.82107,-2.11487,74.2249,-0.0548149,0.07,-2.1065984964370728,1.6044135764241219,0.177244,999,,,,,,,51.4,2.57,51.4,2.57,,,,,,,,,,,,,,,,,,,"Reese McGuire","15674",624512
"Dom Keegan","TBR",17.342,68.583,62.6632,14.298,9.46874,2.94038,0.178124,1.71078,6.57237,7.67234,4.66274,0.113541,18.7229,0.692552,0.475315,0.0891916,1.19673,0.0977121,0.0380535,0.228173,0.0679868,0.272997,0.249039,0.286936,0.362685,0.28444,0.649621,0.134512,2.59053,0.29475,,-0.0931551,6.51026,-1.59335,79.6019,-0.0931551,-0.23,-1.7419989556074142,1.108117237687111,0.176656,999,,,,,,,60.9,3.582352941,60.9,3.582352941,,,,,,,,,,,,,,,,,,,"Dom Keegan","sa3020194",681371
"Angel Martínez","CLE",65.712,258.537,235.474,54.6051,36.8518,11.2093,0.977037,5.56697,26.7805,24.4037,16.1371,0.324314,55.2167,2.64099,2.05573,2.22876,4.11706,4.49157,1.36591,0.231894,0.062417,0.213574,0.29225,0.286308,0.35872,0.282375,0.645028,0.126826,4.6059,0.277449,,-0.0261581,24.1082,-6.43996,80.246,-0.0261581,-2,-6.045521019026637,-1.1460429430007935,0.174633,999,,,,,,,228.8,3.466666666,228.8,3.466666666,,,,,,,,,,,,,,,,,,,"Angel Martinez","26540",682657
"Ryan Mountcastle","BAL",45.736,183.831,168.965,43.1797,29.2198,8.10543,0.411441,5.44301,20.6703,21.0859,11.5916,0.109784,44.4392,1.41985,1.65595,0.198823,3.43926,0.969052,0.314858,0.255554,0.0630558,0.241739,0.260842,0.305998,0.405037,0.308614,0.711036,0.149483,3.1914,0.312549,,-0.213202,21.0582,-0.662809,98.581,-0.213202,0.04,-0.520651713013649,-4.161205254495144,0.168335,999,,,,,,,182.9,3.976086956,182.9,3.976086956,,,,,,,,,,,,,,,,,,,"Ryan Mountcastle","18373",663624
"JJ Bleday","CIN",84.991,332.356,294.024,66.085,37.6026,14.6574,0.746781,13.0783,37.524,41.4477,33.9977,0.913221,76.1489,1.65188,2.28854,0.393532,4.58685,2.11184,0.744793,0.22476,0.102293,0.229119,0.446464,0.306464,0.413131,0.312432,0.719596,0.188371,3.1463,0.255965,,-0.360196,39.1021,-0.168271,94.7307,-0.360196,-3.26,-2.435839295387268,-6.980631351470947,0.167904,746.739990234375,,,,,,,356,4.188235294,356,4.188235294,,,,,,,,,,,,,,,,,,,"JJ Bleday","26368",668709
"Luke Maile","KCR",32.766,99.049,87.1894,18.4266,12.8753,3.51335,0.102894,1.93509,9.65828,9.18493,8.512,0.0524118,27.6492,1.3756,0.586369,0.701719,1.79267,0.963809,0.318542,0.21134,0.0859372,0.279146,0.307857,0.289916,0.320578,0.273622,0.610495,0.109238,3.42245,0.283401,,-0.0876138,8.5323,-3.17111,70.0154,-0.0876138,0,-3.5880444273352623,1.819683313369751,0.167869,999,,,,,,,76.1,2.306060606,76.1,2.306060606,,,,,,,,,,,,,,,,,,,"Luke Maile","13355",571912
"Elias Díaz","KCR",23.06,82.005,74.4424,16.3205,11.1582,3.00274,0.122609,2.03691,7.72541,8.84582,5.41327,0.0957802,19.5691,0.538891,0.471331,0.359774,1.62794,0.176614,0.0565298,0.219236,0.0660115,0.238633,0.276623,0.275427,0.344954,0.272573,0.62038,0.125717,2.56878,0.267945,,-0.100152,6.99421,-2.69531,69.2924,-0.100152,0.09,-3.0681187510490417,1.869320958852768,0.166123,999,,,,,,,61.1,2.656521739,61.1,2.656521739,,,,,,,,,,,,,,,,,,,"Elias Diaz","11680",553869
"Nacho Alvarez Jr.","ATL",16.053,55.109,49.614,12.1214,8.92678,2.18707,0.178493,0.829018,5.91782,4.91857,4.20628,0.137541,11.4062,0.847908,0.293799,0.147002,1.1061,0.805498,0.243629,0.244313,0.0763266,0.206975,0.368772,0.312499,0.345718,0.292075,0.658217,0.101405,4.38099,0.299749,,-0.0300604,5.57283,-0.93872,85.195,-0.0300604,0.01,-0.9970600698143244,0.7531944010406733,0.162638,999,,,,,,,49.3,3.08125,49.3,3.08125,,,,,,,,,,,,,,,,,,,"Nacho Alvarez Jr.","31765",805373
"Luis Urías",,29.483,111.609,98.4036,21.9092,15.0114,3.94142,0.167993,2.78837,11.6107,11.3483,9.72891,0.0464874,20.387,2.35846,0.805017,0.13729,2.13825,0.731907,0.230929,0.222646,0.0871696,0.182664,0.477212,0.30546,0.351122,0.292374,0.656582,0.128476,3.08847,0.251479,,-0.126778,11.3134,-1.87404,85.5539,-0.126778,-0.63,-2.032391846179962,-0.17501544952392578,0.160623,999,,,,,,,102.9,3.548275862,102.9,3.548275862,,,,,,,,,,,,,,,,,,,"Luis Urias","16622",649966
"Alex Freeland","LAD",20.596,78.517,69.8903,15.2197,9.88901,3.17136,0.19894,1.9604,9.38489,7.80621,7.21545,0.136033,21.4573,0.781253,0.484534,0.145416,1.21418,1.69062,0.475702,0.217766,0.0918967,0.273282,0.33627,0.296235,0.352984,0.28715,0.649219,0.135218,5.04161,0.28237,,0.0261388,7.62601,-1.65138,82.8016,0.0261388,0.12,-1.574324183166027,0.5286507830023766,0.160283,999,,,,,,,69.3,3.3,69.3,3.3,,,,,,,,,,,,,,,,,,,"Alex Freeland","31665",690976
"Leo De Vries","ATH",8.035,30.845,27.7979,6.80553,3.86932,1.59523,0.170849,1.17014,3.86764,3.77058,2.46141,0.157088,6.97334,0.281549,0.240893,0.0631989,0.354094,0.520667,0.157257,0.244821,0.0797993,0.226077,0.352975,0.310199,0.440783,0.322057,0.750983,0.195962,5.12754,0.283252,,-0.00288113,3.87002,0.225444,103.578,-0.00288113,0,0.12717998772859573,0.37199074029922485,0.15969,999,,,,,,,34.3,4.2875,34.3,4.2875,,,,,,,,,,,,,,,,,,,"Leo De Vries","sa3023363",815888
"Kristian Campbell","BOS",31.895,124.757,111.073,27.7816,19.7141,4.85555,0.347284,2.86466,14.2203,12.7945,11.077,0.198315,32.7309,1.77237,0.66052,0.174519,2.77437,1.70471,0.545053,0.250121,0.0887885,0.262358,0.338426,0.326137,0.377462,0.310843,0.703599,0.127341,4.20432,0.327262,,-0.0959302,14.517,-0.224038,94.476,-0.0959302,-0.76,-0.9081819802522659,-1.8579998016357422,0.156308,737.969970703125,,,,,,,128.5,4.015625,128.5,4.015625,,,,,,,,,,,,,,,,,,,"Kristian Campbell","33644",692225
"Owen Caissie","MIA",112.907,418.829,377.01,85.4367,55.3907,18.4271,1.00015,10.6188,42.8147,43.734,35.8062,1.17773,133.473,3.0454,2.14781,0.819685,6.4901,4.26023,1.49123,0.226617,0.0854912,0.318682,0.268265,0.297334,0.365297,0.29103,0.66263,0.13868,3.82758,0.318285,,-0.373019,41.9983,-7.48956,83.6091,-0.373019,1.83,-8.509430021047592,-3.9779728651046753,0.148061,650.760009765625,,,,,,,382.1,3.381415929,382.1,3.381415929,,,,,,,,,,,,,,,,,,,"Owen Caissie","27496",683357
"Mickey Gasper","BOS",12.772,38.031,33.772,7.78736,5.31205,1.63959,0.0733109,0.76241,3.80634,3.8604,3.2762,0.0916266,7.12665,0.620795,0.265677,0.0963406,0.727109,0.283573,0.0934492,0.230586,0.0861456,0.18739,0.459712,0.308013,0.351203,0.29226,0.659215,0.120616,3.35619,0.268655,,-0.0417447,3.85156,-0.642099,81.6748,-0.0417447,0.01,-0.8631549254059792,0.9954938385635614,0.147463,999,,,,,,,38,2.923076923,38,2.923076923,,,,,,,,,,,,,,,,,,,"Mickey Gasper","24759",681508
"Adael Amador","COL",38.961,145.748,130.623,32.2442,22.5614,6.27378,0.439544,2.96952,17.1446,14.1925,12.1276,0.260246,24.7072,1.23845,0.93799,0.820889,2.94926,4.66439,1.54319,0.246849,0.0832093,0.16952,0.490853,0.314712,0.36981,0.30145,0.684521,0.12296,5.18557,0.281801,,0.0654517,15.8479,-1.37332,78.4349,0.0654517,-0.35,-3.659742273390293,0.25124993920326233,0.147389,999,,,,,,,136.7,3.505128205,136.7,3.505128205,,,,,,,,,,,,,,,,,,,"Adael Amador","27962",691182
"Esteury Ruiz","MIA",34.292,108.706,98.0307,22.9354,16.0219,4.54379,0.408726,1.96094,13.7804,8.34143,7.08647,0.11187,25.3359,2.22238,0.651398,0.625124,1.45834,9.04903,1.88972,0.233961,0.0651893,0.233068,0.279701,0.298583,0.348661,0.286406,0.647244,0.114699,7.14388,0.293821,,0.869447,10.4924,-2.35204,80.4413,0.869447,-0.66,-1.650481939315796,-0.527700662612915,0.147176,746.7100219726562,,,,,,,102.6,3.017647058,102.6,3.017647058,,,,,,,,,,,,,,,,,,,"Esteury Ruiz","21780",665923
"Ryan Bliss","SEA",26.778,99.096,89.8022,18.8837,12.4815,3.81634,0.562464,2.02342,11.9839,7.8872,7.27081,0.104198,26.6026,0.934316,0.611992,0.47665,1.04507,5.69222,1.62147,0.210281,0.0733714,0.268453,0.273312,0.274681,0.332901,0.268342,0.607582,0.12262,7.03077,0.272873,,0.338545,8.11146,-3.59749,75.9258,0.338545,0.08,-2.473235934972763,0.49324072897434235,0.146381,999,,,,,,,82.3,3.048148148,82.3,3.048148148,,,,,,,,,,,,,,,,,,,"Ryan Bliss","29547",669208
"Jon Berti",,40.767,142.264,129.557,31.1079,24.0667,4.98107,0.758485,1.30165,16.3777,10.0289,9.69116,0.174098,31.4825,1.21384,0.734375,0.852595,2.83442,6.83002,1.74362,0.24011,0.0681209,0.221297,0.307826,0.29755,0.320407,0.275021,0.617957,0.0802967,6.24514,0.305683,,0.42224,12.4164,-4.39318,73.6331,0.42224,-0.21,-4.011176645755768,0.5988690108060837,0.143495,999,,,,,,,113.9,2.77804878,113.9,2.77804878,,,,,,,,,,,,,,,,,,,"Jon Berti","12037",542932
"Curtis Mead","CHW",24.925,91.692,83.8555,20.0595,13.5129,4.37692,0.248422,1.92129,9.43113,8.88455,5.61774,0.189058,18.7915,1.47437,0.636428,0.107934,1.47402,1.32456,0.395606,0.239215,0.0612675,0.204941,0.298952,0.296466,0.366072,0.290281,0.662538,0.126857,4.3672,0.284391,,-0.0318743,9.13867,-1.69545,84.2501,-0.0318743,-0.04,-1.733963593840599,-0.04000001041449508,0.141388,999,,,,,,,81.3,3.252,81.3,3.252,,,,,,,,,,,,,,,,,,,"Curtis Mead","23986",678554
"José Tena","WSN",57.133,218.196,200.6,48.0833,34.4411,9.76649,0.682072,3.1936,21.975,19.1533,14.0025,0.281678,56.0849,1.32761,1.2711,0.994986,4.11325,5.73105,2.13433,0.239698,0.0641738,0.257039,0.249666,0.291957,0.342945,0.279606,0.634902,0.103248,4.83363,0.314811,,-0.0545503,19.8559,-5.92567,77.1443,-0.0545503,-0.91,-5.965211547911167,0.08544743061065674,0.141158,999,,,,,,,181.5,3.184210526,181.5,3.184210526,,,,,,,,,,,,,,,,,,,"Jose Tena","23691",677588
"Cody Freeman","TEX",45.031,174.673,162.247,38.1563,26.6037,7.29884,0.405324,3.84839,17.5301,17.5775,9.35637,0.354424,27.3487,1.29423,1.27953,0.496321,3.55636,2.3344,0.749091,0.235175,0.0535651,0.156571,0.342114,0.280215,0.356315,0.277613,0.63653,0.121141,4.01093,0.259262,,-0.0834874,15.6126,-5.02634,77.1863,-0.0834874,-0.57,-4.780195139348507,0.12492281198501587,0.138806,999,,,,,,,139.7,3.104444444,139.7,3.104444444,,,,,,,,,,,,,,,,,,,"Cody Freeman","25629",683227
"Chris Taylor","LAA",45.978,160.723,142.741,30.5728,19.7774,5.89017,0.817542,4.08765,17.6405,14.525,13.8668,0.111757,51.2673,2.13479,0.890715,0.402958,1.87946,3.83225,0.997848,0.214184,0.0862776,0.31898,0.27048,0.291759,0.352815,0.285246,0.644574,0.138631,5.53429,0.300026,,0.122351,15.3618,-3.62891,79.8607,0.122351,0,-3.692655734717846,-0.5068122148513794,0.136317,999,,,,,,,144.1,3.132608695,144.1,3.132608695,,,,,,,,,,,,,,,,,,,"Chris Taylor","13757",621035
"Kyle Farmer","ATL",23.161,87.643,79.652,18.638,12.8299,3.28666,0.44922,2.07225,9.46594,9.01303,5.16822,0.0430371,19.7077,1.72672,0.616327,0.138676,1.6489,0.756153,0.321561,0.233993,0.0589691,0.224863,0.262244,0.292933,0.364584,0.288805,0.657517,0.130591,4.21856,0.283232,,-0.110387,8.63012,-1.72557,82.955,-0.110387,-0.09,-1.8809355944395065,0.26742279529571533,0.133251,999,,,,,,,76.8,3.339130434,76.8,3.339130434,,,,,,,,,,,,,,,,,,,"Kyle Farmer","14813",571657
"Jahmai Jones","DET",41.298,135.438,119.049,28.7017,17.6844,6.3082,0.31111,4.39797,16.9678,14.4686,12.6584,0.121866,31.6014,2.03918,0.84645,0.844772,2.16249,2.93354,0.854943,0.241091,0.0934626,0.233328,0.400564,0.322447,0.410133,0.320494,0.73258,0.169042,4.62525,0.289688,,0.0236245,16.8211,0.818012,105.069,0.0236245,0,0.8328519891947508,-4.1928606033325195,0.133165,999,,,,,,,146.3,3.568292682,146.3,3.568292682,,,,,,,,,,,,,,,,,,,"Jahmai Jones","18872",663330
"Christopher Morel","MIA",92.097,351.796,314.096,69.2757,40.3929,12.6454,2.50605,13.7314,42.8651,41.866,31.2631,0.661239,107.07,3.68606,2.27829,0.472939,4.88903,7.61474,2.22194,0.220556,0.0888672,0.304353,0.291987,0.296664,0.407925,0.305834,0.704589,0.187369,5.65776,0.284009,,0.120004,39.5049,-2.06251,93.7503,0.120004,-0.55,-2.4858282059431076,-7.924410164356232,0.132403,999,,,,,,,373.4,4.058695652,373.4,4.058695652,,,,,,,,,,,,,,,,,,,"Christopher Morel","21897",666624
"Graham Pauley","MIA",81.072,304.772,274.532,59.9486,38.1839,13.2794,0.752504,7.7328,29.9178,31.9142,24.5783,0.776666,64.5937,2.83719,2.10136,0.722811,4.55909,4.11386,1.17119,0.218366,0.0806449,0.211941,0.380506,0.287335,0.356721,0.282826,0.644057,0.138355,3.90543,0.255575,,-0.0847869,28.5311,-7.48002,77.9891,-0.0847869,0.82,-8.035503834486008,-0.8583198189735413,0.127483,999,,,,,,,268.4,3.313580246,268.4,3.313580246,,,,,,,,,,,,,,,,,,,"Graham Pauley","31363",688363
"Aidan Miller","PHI",13.611,53.94,48.4906,11.0412,7.33284,2.30075,0.170605,1.23699,6.32359,5.06462,4.39861,0.0410025,14.136,0.654081,0.319911,0.0768184,0.751777,2.0222,0.51893,0.227698,0.0815464,0.262069,0.311164,0.298792,0.358711,0.290347,0.657503,0.131014,5.64005,0.29321,,0.110434,5.37896,-0.994463,82.872,0.110434,0,-0.9845616370439529,0.4200925827026367,0.125857,999,,,,,,,44.8,3.2,44.8,3.2,,,,,,,,,,,,,,,,,,,"Aidan Miller","sa3022609",805795
"Luis Matos","SFG",47.337,180.895,167.83,40.9233,26.4844,8.65768,0.401757,5.37948,20.3499,20.1207,9.32794,0.329837,25.5994,1.68226,1.45446,0.600692,2.95051,3.03315,0.749676,0.243838,0.0515655,0.141515,0.364382,0.288049,0.396372,0.29585,0.68442,0.152533,4.46169,0.256996,,0.0542749,18.8473,-2.52688,90.6454,0.0542749,-1,-1.951336245983839,-2.8668570518493652,0.122798,999,,,,,,,170.6,3.629787234,170.6,3.629787234,,,,,,,,,,,,,,,,,,,"Luis Matos","26467",682641
"Rafael Flores Jr.","PIT",21.024,71.613,65.4688,15.2057,10.3627,2.96469,0.111042,1.76727,7.1797,7.68682,5.11895,0.12557,20.6123,0.554294,0.38792,0.0830417,1.28404,0.348446,0.118935,0.232259,0.0714807,0.287829,0.248344,0.291891,0.361917,0.286894,0.653808,0.129658,3.02978,0.309092,,-0.0840517,6.94052,-1.5211,80.233,-0.0840517,0.17,-1.7618002519011497,0.5755555480718613,0.1224,999,,,,,,,64.5,3.071428571,64.5,3.071428571,,,,,,,,,,,,,,,,,,,"Rafael Flores Jr.","31991",804668
"Masataka Yoshida","BOS",52.503,212.754,192.545,51.7913,37.0202,10.1825,0.316958,4.27163,23.1741,23.7659,15.0201,0.679392,26.2769,3.22437,1.62564,0.338494,5.63076,1.87889,0.547793,0.268982,0.0705985,0.123508,0.571609,0.329711,0.391713,0.315794,0.721424,0.122731,3.28259,0.290422,,-0.208907,25.6117,0.473155,97.8866,-0.208907,-0.01,-0.7388603389263153,-5.422345886006951,0.11883,999,,,,,,,219.8,4.147169811,219.8,4.147169811,,,,,,,,,,,,,,,,,,,"Masataka Yoshida","31837",807799
"Emmanuel Rodriguez","MIN",13.042,52.164,44.725,9.57369,6.07097,1.85052,0.346771,1.30543,6.40693,4.58116,6.64315,0.109122,17.443,0.441016,0.281404,0.0734456,0.681428,1.1934,0.341314,0.214057,0.127351,0.334387,0.38085,0.319786,0.358503,0.302409,0.678289,0.144446,5.89657,0.314885,,0.0127796,5.71269,-0.450887,92.1041,0.0127796,0,-0.4726718757301569,-0.20126543939113617,0.11474,999,,,,,,,49.1,3.776923076,49.1,3.776923076,,,,,,,,,,,,,,,,,,,"Emmanuel Rodriguez","sa3014693",691181
"James Outman","MIN",54.941,197.878,175.675,35.7741,21.2252,6.96843,0.868687,6.71176,22.8626,21.1457,17.9023,0.491268,70.0198,2.92883,1.18378,0.187785,2.17608,3.96936,1.2085,0.203638,0.0904712,0.353854,0.255674,0.286333,0.36781,0.28732,0.654143,0.164173,5.38536,0.290253,,0.0245684,19.2462,-4.13462,81.7095,0.0245684,0,-4.241172460839152,-1.4495584964752197,0.114581,999,,,,,,,185.2,3.367272727,185.2,3.367272727,,,,,,,,,,,,,,,,,,,"James Outman","24770",681546
"Starling Marte","KCR",61.985,253.637,230.313,59.8942,43.6303,10.3764,1.28038,4.60707,30.3001,24.19,15.5623,0.253021,51.8005,4.48387,1.528,1.74994,5.59295,8.41014,1.83676,0.260056,0.0613567,0.204231,0.300429,0.317366,0.376239,0.304927,0.693605,0.116183,5.79184,0.315146,,0.511142,28.2954,-1.67375,91.5801,0.511142,-0.48,-2.0059074759483337,-5.606173485517502,0.114354,999,,,,,,,257.3,4.15,257.3,4.15,,,,,,,,,,,,,,,,,,,"Starling Marte","9241",516782
"Jacob Stallings","BAL",30.999,102.798,91.1994,18.4418,13.0864,3.24952,0.1651,1.94079,9.35989,8.86921,8.12953,0.0804991,28.6301,1.27047,0.583965,0.741712,2.03264,0.22106,0.0728775,0.202214,0.0790826,0.278508,0.283951,0.275162,0.305308,0.260278,0.580469,0.103094,2.63922,0.269569,,-0.133549,7.74149,-4.40488,65.284,-0.133549,0,-4.33971606194973,1.8885581493377686,0.111212,999,,,,,,,64.3,2.074193548,64.3,2.074193548,,,,,,,,,,,,,,,,,,,"Jacob Stallings","13723",607732
"Jorge Mateo","ATL",48.454,166.877,153.946,34.3364,22.4618,7.01229,1.32166,3.5407,22.63,12.5824,8.5323,0.205748,44.7112,1.24882,1.01777,1.68796,1.44133,13.0757,2.95412,0.223042,0.0511292,0.267929,0.190831,0.267793,0.354762,0.270859,0.622556,0.13172,8.27758,0.288588,,1.19388,14.0007,-5.71708,70.6613,1.19388,-0.25,-4.608831405639648,0.14167693257331848,0.110997,999,,,,,,,146.3,3.047916666,146.3,3.047916666,,,,,,,,,,,,,,,,,,,"Jorge Mateo","17273",622761
"Endy Rodríguez","PIT",23.787,87.905,79.9009,18.9203,12.2639,4.53562,0.3867,1.73404,8.92216,9.21343,6.48539,0.150515,18.1267,0.729443,0.677339,0.111965,1.34557,0.521295,0.17757,0.236797,0.0737773,0.206208,0.357781,0.29769,0.368349,0.291559,0.666039,0.131552,3.74831,0.283053,,-0.0960577,8.85248,-1.53418,83.429,-0.0960577,0.14,-1.8225151523947716,-0.043541669845581055,0.108304,999,,,,,,,82.6,3.441666666,82.6,3.441666666,,,,,,,,,,,,,,,,,,,"Endy Rodriguez","25332",682848
"Garrett Stubbs","PHI",18.049,29.82,26.882,5.69163,4.13997,1.02989,0.0969138,0.424856,2.85124,2.3782,2.23688,0.0706111,7.17533,0.320959,0.158533,0.19427,0.506652,0.499564,0.15106,0.211727,0.0750127,0.240622,0.311745,0.278714,0.304662,0.260481,0.583375,0.0929352,4.5349,0.27092,,-0.00569949,2.25058,-1.27288,62.4123,-0.00569949,0,-1.3341582752764225,1.392669677734375,0.107493,999,,,,,,,15.5,0.861111111,15.5,0.861111111,,,,,,,,,,,,,,,,,,,"Garrett Stubbs","18067",596117
"Tommy Pham",,58.904,236.363,211.56,49.6862,33.9432,9.7231,0.909799,5.11003,26.6497,23.07,21.1132,0.375375,53.6793,1.70809,1.61624,0.308407,4.82765,3.92012,1.15698,0.234856,0.0893253,0.227105,0.393321,0.307238,0.361878,0.295179,0.669116,0.127022,4.76493,0.28873,,-0.0620429,24.4976,-3.43052,87.4808,-0.0620429,-0.69,-3.5594200901687145,-3.4170369505882263,0.104674,999,,,,,,,223.5,3.788135593,223.5,3.788135593,,,,,,,,,,,,,,,,,,,"Tommy Pham","2967",502054
"Jack Suwinski","LAD",33.894,115.446,101.238,20.5953,11.642,4.12514,0.435916,4.39227,14.6713,13.603,11.9917,0.43046,36.0481,1.23004,0.761066,0.225569,1.4,2.1219,0.676619,0.203435,0.103873,0.31225,0.33266,0.293499,0.382952,0.295843,0.676451,0.179516,5.13813,0.263214,,-0.0140075,12.0275,-1.61335,88.756,-0.0140075,0,-1.5524953799322248,-1.2725528478622437,0.103936,999,,,,,,,105.8,3.111764705,105.8,3.111764705,,,,,,,,,,,,,,,,,,,"Jack Suwinski","22244",669261
"Paul DeJong","NYY",17.819,67.625,61.7422,12.6914,7.70353,2.26075,0.0575651,2.66956,6.94213,7.90841,3.87438,0.0028673,21.4306,0.882258,0.526873,0.0730216,0.81063,0.680459,0.213058,0.205555,0.0572921,0.316904,0.180787,0.260318,0.373747,0.275614,0.634065,0.168192,3.56584,0.262565,,-0.0333981,5.93469,-2.05573,75.532,-0.0333981,0.02,-1.9835978634655476,0.6616306491196156,0.102883,999,,,,,,,61.7,3.427777777,61.7,3.427777777,,,,,,,,,,,,,,,,,,,"Paul DeJong","18015",657557
"Austin Slater","DET",24.703,88.822,78.3526,18.391,12.8804,3.31253,0.217464,1.9806,9.96194,8.27122,8.58561,0.00376605,24.6948,1.116,0.529521,0.238261,1.85656,1.05852,0.31201,0.234721,0.0966609,0.278026,0.347668,0.31713,0.358383,0.300665,0.675513,0.123662,4.14473,0.314335,,-0.0651242,9.60151,-0.893492,91.4101,-0.0651242,0.04,-0.9643773585557938,-1.103657327592373,0.101195,999,,,,,,,82.2,3.288,82.2,3.288,,,,,,,,,,,,,,,,,,,"Austin Slater","16153",596103
"Ronny Mauricio","NYM",40.592,154.982,143.716,33.2577,22.2392,6.50252,0.246818,4.26917,17.3089,16.0382,9.27248,1.03817,37.9736,0.924718,0.861601,0.206763,2.41312,4.4817,1.51782,0.231412,0.0598294,0.24502,0.244182,0.280762,0.369209,0.2811,0.649971,0.137797,4.92973,0.283271,,0.0674834,14.2914,-4.02088,81.449,0.0674834,0.05,-3.340066507458687,-0.8401754014194012,0.0998618,999,,,,,,,130.7,3.187804878,130.7,3.187804878,,,,,,,,,,,,,,,,,,,"Ronny Mauricio","23698",677595
"Otto Kemp","PHI",59,227.554,204.753,47.7354,30.0004,10.3344,0.912989,6.48765,25.8292,25.2762,15.3698,0.98433,63.318,5.59013,1.59839,0.243138,3.37115,4.07621,1.33897,0.233137,0.0675434,0.278255,0.242739,0.302209,0.387583,0.300715,0.689792,0.154446,4.97444,0.302081,,-0.0630156,24.6075,-2.2798,89.9743,-0.0630156,-1.06,-2.7669240832328796,-3.8450398445129395,0.0980986,999,,,,,,,222.7,3.774576271,222.7,3.774576271,,,,,,,,,,,,,,,,,,,"Otto Kemp","31792",805249
"Brice Matthews","HOU",17.715,65.655,58.9762,12.2977,7.74413,2.29669,0.117553,2.13937,8.14018,6.42575,5.28548,0.0152326,22.4878,0.848084,0.334273,0.210958,0.773338,2.78712,0.700369,0.20852,0.0805038,0.342515,0.235037,0.281635,0.360275,0.282912,0.64191,0.151755,5.81337,0.29289,,0.179095,6.15087,-1.60677,80.007,0.179095,0.18,-1.3680080622434616,0.05573653429746628,0.0969377,999,,,,,,,53.7,2.983333333,53.7,2.983333333,,,,,,,,,,,,,,,,,,,"Brice Matthews","33280",694728
"Trey Sweeney","DET",19.485,71.287,64.7448,13.5206,8.77883,2.56463,0.481335,1.69585,7.66441,6.57023,5.47271,0.120934,19.7481,0.588792,0.400338,0.0803189,1.0751,1.28858,0.37999,0.20883,0.07677,0.277023,0.277125,0.275004,0.341888,0.271517,0.616893,0.133059,5.54331,0.270583,,0.00493041,6.01893,-2.40418,71.3306,0.00493041,-0.01,-2.4038737644441426,0.8920833375304937,0.0963571,999,,,,,,,60.8,3.2,60.8,3.2,,,,,,,,,,,,,,,,,,,"Trey Sweeney","29575",700242
"Maximo Acosta","MIA",22.416,81.422,74.8567,17.2241,11.6598,3.57757,0.305435,1.68131,8.75653,7.66118,5.07113,0.0615697,20.0475,0.718393,0.519873,0.255927,1.28874,2.77693,0.778281,0.230095,0.062282,0.246218,0.252955,0.283538,0.353429,0.279391,0.636967,0.123334,5.45027,0.28972,,0.121879,7.39523,-2.22541,75.6362,0.121879,-0.21,-2.2292787805199623,0.4434156268835068,0.0944413,999,,,,,,,71.5,3.25,71.5,3.25,,,,,,,,,,,,,,,,,,,"Maximo Acosta","27963",691185
"Santiago Espinal","LAD",33.97,123.204,112.43,28.0756,21.4951,5.28822,0.19276,1.09946,13.028,10.5704,7.8955,0.125544,16.1432,0.747835,0.938552,1.1926,2.57066,1.59518,0.532388,0.249717,0.0640848,0.131029,0.48909,0.300947,0.329519,0.279329,0.630466,0.0798022,3.82514,0.280635,,-0.0971214,11.1839,-3.37358,77.4439,-0.0971214,-0.31,-3.390809252858162,0.21422839164733887,0.0943778,999,,,,,,,96.7,2.844117647,96.7,2.844117647,,,,,,,,,,,,,,,,,,,"Santiago Espinal","19997",669289
"Alex Jackson","MIN",14.835,50.144,45.6789,8.92592,5.2467,1.96041,0.0622977,1.6565,4.80182,5.59113,3.2672,0.0566156,15.9227,0.773291,0.297258,0.127327,0.720518,0.170408,0.0565338,0.195406,0.0651564,0.317539,0.205192,0.259242,0.349843,0.266939,0.609084,0.154437,2.66709,0.255992,,-0.0500073,4.04741,-1.87749,67.6701,-0.0500073,0,-1.9607234671711922,1.1446759700775146,0.0930867,999,,,,,,,41,2.733333333,41,2.733333333,,,,,,,,,,,,,,,,,,,"Alex Jackson","17276",656577
"DJ LeMahieu",,30.636,108.484,97.3224,22.4484,17.0571,3.52052,0.329395,1.54139,10.8309,9.34187,9.82786,0.0678264,23.3146,0.443179,0.596819,0.293763,2.96556,0.379631,0.125842,0.230661,0.0905927,0.214913,0.421532,0.302425,0.321117,0.279222,0.623543,0.0904569,3.10677,0.28615,,-0.155572,9.83824,-2.97998,76.5192,-0.155572,0,-3.1662409603595734,0.39860376715660095,0.0924832,999,,,,,,,86.6,2.793548387,86.6,2.793548387,,,,,,,,,,,,,,,,,,,"DJ LeMahieu","9874",518934
"Max Schuemann","NYY",20.307,69.342,61.0531,13.1095,9.46866,2.52256,0.170134,0.948158,7.14218,4.98674,5.9898,0.0708398,15.7716,1.18795,0.519571,0.59163,1.19927,1.8426,0.491513,0.214723,0.0863805,0.227447,0.379784,0.295086,0.308204,0.271777,0.60329,0.093481,4.87829,0.271139,,0.0578111,5.86939,-2.32391,72.8892,0.0578111,0.04,-2.157890673726797,0.666759230196476,0.0916216,999,,,,,,,54.7,2.735,54.7,2.735,,,,,,,,,,,,,,,,,,,"Max Schuemann","24488",680474
"Nolan Jones","CLE",37.627,143.532,125.974,28.2112,18.7718,5.8257,0.420216,3.1935,15.9295,13.1983,15.1171,0.583792,41.6429,1.27311,0.840166,0.327934,2.36689,2.99857,0.910277,0.223945,0.105322,0.29013,0.363017,0.311454,0.352914,0.294482,0.664367,0.128969,4.64918,0.305178,,-0.00133445,14.795,-2.1644,88.586,-0.00133445,-0.67,-1.9322302595246583,-2.1387372612953186,0.088927,999,,,,,,,127.3,3.35,127.3,3.35,,,,,,,,,,,,,,,,,,,"Nolan Jones","20529",666134
"Johan Rojas","PHI",26.311,93.855,85.9478,20.1276,14.9937,3.52486,0.61977,0.989236,10.728,5.99441,4.72082,0.13816,20.3212,0.758123,0.552878,1.87535,1.59443,4.97003,1.05138,0.234183,0.0502991,0.216517,0.23231,0.278393,0.324146,0.26521,0.602539,0.0899629,6.97155,0.293577,,0.429205,7.44382,-3.64588,65.6519,0.429205,0.73,-3.391597241163254,1.1360339522361755,0.0887065,999,,,,,,,77.4,2.976923076,77.4,2.976923076,,,,,,,,,,,,,,,,,,,"Johan Rojas","24336",679032
"Jeferson Quero","MIL",6.722,22.693,20.9408,5.0567,3.37739,1.05351,0.0617331,0.564059,2.22483,2.69107,1.35691,0.032262,4.24773,0.177933,0.183203,0.0341728,0.376244,0.200832,0.0624093,0.241476,0.0597941,0.187182,0.319443,0.290904,0.378489,0.29128,0.669393,0.137013,3.46795,0.275416,,-0.0176073,2.28015,-0.4012,85.8758,-0.0176073,-0.02,-0.39749019779264927,0.49867282435297966,0.0875984,999,,,,,,,22.3,3.185714285,22.3,3.185714285,,,,,,,,,,,,,,,,,,,"Jeferson Quero","sa3015407",691620
"Oswald Peraza","LAA",68.066,241.646,220.515,46.6649,31.9457,8.13018,0.461673,6.12733,25.8783,21.1809,16.3245,0.315007,64.1191,3.16102,1.19005,0.455638,4.04124,8.68336,2.03714,0.211618,0.0675554,0.265343,0.254596,0.274266,0.336034,0.269584,0.6103,0.124416,5.38185,0.267648,,0.564976,20.0237,-8.52867,69.0723,0.564976,0.33,-8.243491232395172,0.770490825176239,0.0863581,999,,,,,,,190.3,2.798529411,190.3,2.798529411,,,,,,,,,,,,,,,,,,,"Oswald Peraza","22823",672724
"Bryce Teodosio","LAA",58.975,216.705,200.365,40.9367,28.6698,8.13027,0.996216,3.14047,21.5605,14.4647,11.0058,0.00918829,68.6132,2.89147,1.11418,1.32872,2.81327,8.11575,1.95342,0.204311,0.0507869,0.31662,0.160403,0.254596,0.301854,0.24677,0.55645,0.0975426,6.18447,0.291356,,0.542238,13.9429,-11.6624,53.3563,0.542238,4.04,-11.371122121810913,4.747861683368683,0.0854692,999,,,,,,,138.3,2.344067796,138.3,2.344067796,,,,,,,,,,,,,,,,,,,"Bryce Teodosio","29524",669326
"Alejandro Osuna","TEX",18.98,68.701,61.1546,14.5935,10.1091,3.00284,0.258155,1.22343,7.76509,5.95444,5.58766,0.197568,14.848,0.915607,0.541227,0.501904,1.17208,1.93189,0.614928,0.238632,0.081333,0.216125,0.376324,0.30934,0.356194,0.293666,0.665535,0.117562,5.11806,0.293046,,0.02619,7.03608,-1.08147,88.2451,0.02619,0.26,-0.9256326276808977,-0.6187036633491516,0.0839209,999,,,,,,,63.1,3.321052631,63.1,3.321052631,,,,,,,,,,,,,,,,,,,"Alejandro Osuna","27915",696030
"Jacob Melton","TBR",42.5,146.754,134.898,29.0453,18.5962,6.07022,0.591051,3.78786,17.0458,13.9202,9.87013,0.165211,40.0068,0.87152,0.833848,0.280443,1.81124,7.00193,1.54471,0.215313,0.0672563,0.272611,0.246711,0.271632,0.353313,0.273416,0.624945,0.138,6.4611,0.274725,,0.575213,12.6171,-4.72306,72.0074,0.575213,0.99,-4.266581416130066,0.02181953191757202,0.0824917,695.6699829101562,,,,,,,128.8,3.066666666,128.8,3.066666666,,,,,,,,,,,,,,,,,,,"Jacob Melton","31661",689200
"Tommy Troy","ARI",13.495,51.866,47.3091,11.3564,7.99778,2.28207,0.163151,0.913356,5.59553,5.13446,3.51037,0.0324235,11.4103,0.558172,0.336564,0.151797,1.00136,1.00919,0.30485,0.240046,0.0676815,0.219997,0.307648,0.298272,0.353099,0.287176,0.651371,0.113053,4.73397,0.295652,,-0.00244813,5.03858,-1.08979,81.3256,-0.00244813,0,-1.1504029468633235,0.20825615525245667,0.0801565,999,,,,,,,46.7,3.592307692,46.7,3.592307692,,,,,,,,,,,,,,,,,,,"Tommy Troy","sa3022561",694371
"Mike Tauchman","NYM",44.298,168.925,146.548,32.9634,23.2441,6.41879,0.143883,3.15666,17.8559,15.0877,19.3647,0.10823,38.8064,1.7233,0.959865,0.329231,3.2867,1.21744,0.389264,0.224933,0.114635,0.229726,0.499006,0.320598,0.335317,0.295371,0.655914,0.110384,3.06888,0.282409,,-0.207873,17.5344,-2.42544,91.2246,-0.207873,-0.46,-1.964802771806717,-2.875426024198532,0.0797984,999,,,,,,,148.3,3.370454545,148.3,3.370454545,,,,,,,,,,,,,,,,,,,"Mike Tauchman","15274",643565
"James Triantos","CHC",8.459,28.229,26.3077,6.90073,5.00972,1.32832,0.107312,0.455371,3.20461,2.82881,1.41557,0.0560004,3.97713,0.250309,0.205104,0.0503455,0.544881,0.879029,0.222758,0.262309,0.050146,0.140888,0.355928,0.304011,0.372887,0.295217,0.676898,0.110578,5.35399,0.291906,,0.040882,2.92663,-0.40884,89.6104,0.040882,0,-0.3067236430943012,0.13054011762142181,0.0780647,999,,,,,,,21,2.625,21,2.625,,,,,,,,,,,,,,,,,,,"James Triantos","sa3017295",701649
"Enmanuel Valdez","PIT",12.742,43.846,39.4874,8.91272,5.56387,1.97504,0.114452,1.25936,4.61031,4.92861,3.56866,0.0906196,9.46266,0.275037,0.389064,0.125796,0.62895,0.43778,0.135386,0.22571,0.0813907,0.215816,0.37713,0.291774,0.377202,0.291844,0.668976,0.151492,3.91453,0.262511,,-0.0293944,4.42565,-0.755098,83.624,-0.0293944,-0.03,-0.8803993333131075,0.1666357833892107,0.0762232,999,,,,,,,38.6,2.969230769,38.6,2.969230769,,,,,,,,,,,,,,,,,,,"Enmanuel Valdez","21716",665839
"Korey Lee","CHW",33.663,107.313,100.297,21.6892,14.7733,4.13899,0.178466,2.59846,10.0983,10.1963,5.5744,0.0336823,29.3848,0.682074,0.508466,0.25064,1.83496,1.37582,0.395043,0.216249,0.0519452,0.273823,0.189703,0.261022,0.338797,0.26272,0.59982,0.122549,3.99223,0.27739,,-0.0252214,8.29425,-4.3856,65.2645,-0.0252214,-1.13,-4.418598212301731,1.4674535989761353,0.0759562,999,,,,,,,85.9,2.526470588,85.9,2.526470588,,,,,,,,,,,,,,,,,,,"Korey Lee","25543",686676
"Ty France","SDP",41.068,162.917,146.646,36.3721,26.8615,6.31682,0.289352,2.90448,16.5883,16.0015,9.49482,0.1439,29.6318,5.28747,1.27858,0.20984,4.09909,0.372664,0.112376,0.248026,0.0582801,0.181883,0.320427,0.314396,0.354466,0.296943,0.668861,0.10644,2.7664,0.290043,,-0.245456,17.1187,-2.13118,92.7394,-0.245456,-0.03,-1.6474135965108871,-3.040385751053691,0.0749428,999,,,,,,,142.2,3.468292682,142.2,3.468292682,,,,,,,,,,,,,,,,,,,"Ty France","17982",664034
"Matt Thaiss","BOS",8.298,25.636,22.1765,4.64163,3.26875,0.907864,0.0396304,0.425384,2.48362,2.21676,2.96916,0.046215,6.18185,0.264235,0.156906,0.0691528,0.491129,0.186115,0.0567528,0.209304,0.11582,0.241139,0.480304,0.308017,0.311361,0.280654,0.619378,0.102057,3.26964,0.268103,,-0.0286383,2.35469,-0.674402,73.6796,-0.0286383,0.01,-0.8239107839763165,0.6502778027206659,0.0725106,999,,,,,,,17.9,2.2375,17.9,2.2375,,,,,,,,,,,,,,,,,,,"Matt Thaiss","19318",642136
"Andruw Monasterio","BOS",35.047,120.328,108.744,25.0755,17.5129,4.81209,0.267202,2.48332,12.5345,11.7301,9.42286,0.080846,29.0158,1.10666,0.896066,0.158421,1.69296,2.78065,0.857445,0.230592,0.0783098,0.241139,0.324749,0.29629,0.348268,0.284956,0.644558,0.117675,4.50392,0.289121,,0.0203988,11.4725,-2.74516,76.6431,0.0203988,-0.12,-3.29209260456264,-0.15605659782886505,0.0709379,999,,,,,,,97.2,2.777142857,97.2,2.777142857,,,,,,,,,,,,,,,,,,,"Andruw Monasterio","19455",655316
"Jonah Bride","TEX",12.254,42.088,36.9738,8.07198,5.67216,1.51313,0.0611776,0.825512,4.20085,3.80363,4.20298,0.0585061,9.39276,0.528999,0.279837,0.102348,0.911193,0.145859,0.0489729,0.218316,0.0998617,0.223169,0.44747,0.30496,0.32953,0.284452,0.634491,0.111214,2.56664,0.268036,,-0.059182,3.99561,-0.977412,81.8975,-0.059182,0.01,-0.9571683518588543,0.19910492934286594,0.0706506,999,,,,,,,38,3.166666666,38,3.166666666,,,,,,,,,,,,,,,,,,,"Jonah Bride","24703",681146
"Brett Harris","ATH",41.81,151.541,136.374,31.1158,21.679,6.03227,0.287333,3.11717,16.2387,13.5262,11.4684,0.0958179,32.4757,2.0721,0.833835,0.793069,3.16328,1.99128,0.716375,0.228166,0.0756786,0.214303,0.353138,0.296232,0.345186,0.28442,0.641417,0.11702,4.04472,0.275538,,-0.126988,14.3826,-3.52318,77.6507,-0.126988,0,-4.118778184056282,-0.41059204936027527,0.0702299,999,,,,,,,123.2,2.933333333,123.2,2.933333333,,,,,,,,,,,,,,,,,,,"Brett Harris","29788",695391
"Michael Arroyo","SEA",7.654,19.952,17.804,4.09315,2.64329,0.851181,0.11099,0.487688,2.23994,2.08083,1.55284,0.0178489,4.81742,0.444513,0.126773,0.0239112,0.292175,0.283993,0.0857308,0.229901,0.0778287,0.241451,0.322338,0.305624,0.372354,0.298843,0.677978,0.142453,4.99291,0.285567,,-0.00882777,2.12726,-0.230227,96.9369,-0.00882777,0,-0.08085975702852011,0.07330981642007828,0.0694871,999,,,,,,,13.3,1.6625,13.3,1.6625,,,,,,,,,,,,,,,,,,,"Michael Arroyo","sa3018429",703197
"Sam Antonacci","CHW",6.278,23.216,20.456,5.04497,3.61341,1.01715,0.12073,0.293686,2.62993,1.80016,1.87373,0.0920716,4.27166,0.557422,0.154317,0.174549,0.455848,0.678142,0.206363,0.246626,0.0807085,0.183996,0.438642,0.324464,0.351224,0.300058,0.675688,0.104598,5.45003,0.296123,,0.0118227,2.49816,-0.24499,90.9851,0.0118227,0,-0.23484857007861137,0.09688270837068558,0.0676379,999,,,,,,,21.8,3.633333333,21.8,3.633333333,,,,,,,,,,,,,,,,,,,"Sam Antonacci","sa3025363",803011
"Manuel Margot",,12.812,47.335,43.4837,10.7196,7.90112,2.03199,0.0840247,0.702463,4.87848,4.46203,2.88882,0.0318399,8.19317,0.473042,0.375405,0.113997,1.02879,0.732546,0.190056,0.24652,0.0610294,0.173089,0.352589,0.298203,0.345578,0.283909,0.643781,0.0990583,4.22751,0.286503,,-0.00546649,4.47288,-1.12011,79.7393,-0.00546649,0,-1.1389664746820927,0.19771604239940643,0.067605,999,,,,,,,44.7,3.438461538,44.7,3.438461538,,,,,,,,,,,,,,,,,,,"Manuel Margot","14712",622534
"Will Wagner","SDP",24.086,87.355,78.808,18.9817,13.7004,4.05704,0.11127,1.11298,8.70683,7.76913,7.044,0.111577,15.533,0.720378,0.515373,0.267274,2.00575,0.587424,0.212174,0.24086,0.0806365,0.177815,0.453485,0.307116,0.337532,0.286588,0.644648,0.0966719,3.04698,0.28509,,-0.110371,8.44448,-1.87719,85.6455,-0.110371,-0.04,-1.5965505987405777,-0.6594959273934364,0.0665313,999,,,,,,,74.3,3.095833333,74.3,3.095833333,,,,,,,,,,,,,,,,,,,"Will Wagner","29634",695238
"Dominic Canzone","SEA",104.93,414.384,378.31,86.6526,55.5456,17.0822,0.417427,13.6074,43.5373,50.2749,30.0497,1.61713,96.693,2.75805,2.75668,0.509935,7.66047,3.49398,1.13318,0.229052,0.0725165,0.233342,0.310774,0.288639,0.38432,0.292141,0.672959,0.155268,3.21114,0.269773,,-0.337864,41.9264,-7.03629,92.3204,-0.337864,-0.03,-4.088589698076248,-9.52983501367271,0.0658892,476.2900085449219,,,,,,,392,3.733333333,392,3.733333333,,,,,,,,,,,,,,,,,,,"Dominic Canzone","26438",686527
"Gabriel Gonzalez","MIN",12.491,48.997,45.3395,11.8506,8.22151,2.61399,0.104636,0.91046,5.28865,5.09884,2.59554,0.05364,8.65924,0.658415,0.322956,0.0805683,1.0641,0.512287,0.170745,0.261375,0.0529735,0.17673,0.299743,0.308783,0.383887,0.302505,0.69267,0.122512,3.81187,0.303112,,-0.042869,5.36967,-0.419705,92.17,-0.042869,0,-0.49504029378294945,-0.5782870650291443,0.0627247,999,,,,,,,54.2,4.516666666,54.2,4.516666666,,,,,,,,,,,,,,,,,,,"Gabriel Gonzalez","sa3015723",694224
"Willie MacIver","TEX",9.504,32.933,30.0426,6.31421,4.36,1.259,0.076912,0.618294,3.22741,2.88553,2.18609,0.0104954,8.89,0.414474,0.199161,0.090661,0.592032,0.551242,0.173954,0.210175,0.0663798,0.269942,0.245904,0.271441,0.318944,0.262209,0.590386,0.108769,4.35911,0.274721,,-0.00687088,2.53174,-1.35955,66.5751,-0.00687088,0.05,-1.304270761553198,0.7833332903683186,0.0626728,999,,,,,,,23.8,2.38,23.8,2.38,,,,,,,,,,,,,,,,,,,"Willie MacIver","24641",680862
"Eric Haase","SFG",6.868,23.86,21.8574,4.61998,3.05937,0.791136,0.0525743,0.7169,2.4378,2.46017,1.54719,0.00253775,7.85096,0.17177,0.133976,0.112525,0.380911,0.144605,0.0504884,0.211369,0.0648445,0.329043,0.19707,0.267349,0.350772,0.271056,0.618121,0.139403,3.62037,0.290764,,-0.0232832,2.00563,-0.813617,73.6603,-0.0232832,0.04,-0.7681445982307196,0.5699382796883583,0.0609396,999,,,,,,,24.3,3.471428571,24.3,3.471428571,,,,,,,,,,,,,,,,,,,"Eric Haase","14111",606992
"Hao-Yu  Lee","DET",5.947,19.802,18.1033,4.52086,3.08163,0.935418,0.0427492,0.461063,2.20132,2.07172,1.29595,0.0465198,3.905,0.223008,0.148075,0.0316524,0.353051,0.395689,0.117773,0.249726,0.0654456,0.197203,0.33187,0.305499,0.382525,0.30027,0.688024,0.132799,4.4514,0.292381,,0.000843493,2.1342,-0.205557,91.1375,0.000843493,0,-0.2059980806079693,0.09177468717098236,0.0580449,999,,,,,,,15.9,2.65,15.9,2.65,,,,,,,,,,,,,,,,,,,"Hao-Yu  Lee","sa3017863",701678
"Leody Taveras","BAL",24.728,93.166,85.4918,19.7854,13.4969,3.97015,0.30339,2.01495,10.7819,8.17418,6.05866,0.171748,20.3678,0.283255,0.721023,0.611278,1.20971,3.68328,1.01793,0.231431,0.0650308,0.218619,0.297462,0.282291,0.355674,0.278637,0.637965,0.124243,5.75968,0.278403,,0.18996,8.40487,-2.60342,77.9311,0.18996,-0.38,-2.2333595603704453,-0.41469136625528336,0.0571489,999,,,,,,,80.2,3.208,80.2,3.208,,,,,,,,,,,,,,,,,,,"Leody Taveras","18900",665750
"Austin Barnes","NYM",13.858,45.693,40.9527,8.52769,6.59934,1.29097,0.0877694,0.549611,4.11209,3.36862,3.20091,0.0223293,10.7721,0.391083,0.279779,0.382932,0.993235,0.54926,0.17342,0.208233,0.0700524,0.23575,0.297148,0.270381,0.284304,0.249514,0.554685,0.0760717,3.93318,0.266729,,-0.0282989,3.04171,-2.35727,59.8114,-0.0282989,0.16,-2.2047414742410183,1.2292900383472443,0.0557364,999,,,,,,,32.6,2.328571428,32.6,2.328571428,,,,,,,,,,,,,,,,,,,"Austin Barnes","12158",605131
"Jhonny Pereda","SEA",12.816,37.026,33.4516,7.09445,5.31798,1.30629,0.0500003,0.420183,3.22507,3.05702,3.08518,0.0199859,9.29903,0.199264,0.18439,0.105565,0.823671,0.0308629,0.0120867,0.212081,0.0833246,0.251149,0.331774,0.281115,0.291803,0.258175,0.572919,0.0797222,1.95059,0.279062,,-0.0554356,2.72512,-1.64979,68.9222,-0.0554356,0,-1.4116519056260586,0.6802248954772949,0.0555504,999,,,,,,,18.1,1.392307692,18.1,1.392307692,,,,,,,,,,,,,,,,,,,"Jhonny Pereda","19802",640902
"Lenyn Sosa","CHW",98.929,400.274,375.902,91.9794,60.8734,17.137,0.46947,13.4995,40.3328,46.8722,16.2993,0.577287,90.1295,2.79766,2.71625,2.55866,6.22749,2.25036,0.793783,0.24469,0.0407204,0.22517,0.180843,0.279286,0.400514,0.292868,0.6798,0.155824,2.85963,0.285393,,-0.399124,40.7351,-6.56038,86.0326,-0.399124,-0.07,-6.988501399755478,-6.25181133300066,0.0548873,516.5399780273438,,,,,,,368.7,3.724242424,368.7,3.724242424,,,,,,,,,,,,,,,,,,,"Lenyn Sosa","22896",672820
"Kyren Paris","LAA",18.255,67.783,60.7096,12.1195,7.64907,2.36156,0.257728,1.85112,7.61902,5.79607,5.7188,0.0220044,23.6458,0.784566,0.332555,0.237436,0.78243,2.59923,0.532068,0.19963,0.0843693,0.348845,0.241853,0.275708,0.338495,0.272377,0.614203,0.138864,6.10403,0.288881,,0.20867,5.77044,-2.23864,70.9961,0.20867,0.02,-2.1084579825401306,0.3017129488289356,0.0538405,999,,,,,,,54.7,3.038888888,54.7,3.038888888,,,,,,,,,,,,,,,,,,,"Kyren Paris","26420",677347
"Christian Koss","SFG",31.345,112.426,104.022,24.0961,16.8283,4.7355,0.588701,1.94366,11.9593,9.45401,5.25199,0.157274,27.8601,1.23845,0.702929,1.21042,1.96111,2.25842,0.707905,0.231644,0.0467151,0.247808,0.188513,0.275021,0.344542,0.270921,0.619563,0.112898,5.26484,0.295676,,0.00887958,9.43805,-3.84594,73.5683,0.00887958,-0.05,-3.5130971260368824,0.295513641089201,0.0534948,999,,,,,,,88.4,2.851612903,88.4,2.851612903,,,,,,,,,,,,,,,,,,,"Christian Koss","27653",683766
"Eduardo Valencia","DET",3.706,12.701,11.6086,2.83658,1.89358,0.562368,0.0160549,0.36458,1.32555,1.43789,0.840793,0.0651089,2.7475,0.101975,0.090565,0.0590216,0.260338,0.0481267,0.0178865,0.244351,0.066199,0.216321,0.306021,0.298952,0.389778,0.298422,0.688731,0.145428,2.5988,0.287873,,-0.0159943,1.34982,-0.150902,89.8644,-0.0159943,-0.05,-0.16771980747580528,0.2359567992389202,0.0517072,999,,,,,,,10.7,2.675,10.7,2.675,,,,,,,,,,,,,,,,,,,"Eduardo Valencia","sa3006622",680664
"Enrique Hernández","LAD",52.37,195.345,178.028,39.1271,24.4382,8.55865,0.232843,5.89742,21.0352,22.3989,13.5953,0.0742311,43.8005,1.30285,1.61538,0.515795,3.06293,0.494851,0.18309,0.21978,0.0695963,0.224221,0.310391,0.277705,0.36985,0.282588,0.647555,0.15007,2.61067,0.25572,,-0.235204,18.2494,-4.83213,79.6762,-0.235204,-0.87,-4.94066359102726,-1.0565028637647629,0.0513618,999,,,,,,,167.9,3.228846153,167.9,3.228846153,,,,,,,,,,,,,,,,,,,"Enrique Hernandez","10472",571771
"Josh Rojas","KCR",15.932,60.907,54.1291,12.221,8.61751,2.49033,0.256278,0.856859,6.31447,5.2993,5.66242,0.1209,13.6513,0.240125,0.485349,0.28279,0.995679,1.31891,0.418139,0.225775,0.0929683,0.224133,0.414791,0.299478,0.328741,0.279472,0.628219,0.102966,4.94033,0.28335,,-0.00251187,5.53592,-1.66071,74.0449,-0.00251187,0,-1.865727678174153,0.24586418271064758,0.0487475,999,,,,,,,48.3,3.01875,48.3,3.01875,,,,,,,,,,,,,,,,,,,"Josh Rojas","19734",668942
"Daniel Susac","SFG",22.913,88.52,82.3596,18.4829,12.6779,3.34668,0.28211,2.17621,9.07958,8.88363,4.60019,0.0692678,26.4727,0.909354,0.517045,0.133772,1.61752,0.814526,0.270392,0.224417,0.0519678,0.29906,0.173771,0.27145,0.351173,0.272287,0.622623,0.126755,4.05187,0.300708,,-0.0674356,7.52931,-2.93001,74.5037,-0.0674356,-1.51,-2.7423675805330276,0.2579784393310547,0.0471346,999,,,,,,,66.2,2.878260869,66.2,2.878260869,,,,,,,,,,,,,,,,,,,"Daniel Susac","sa3019997",691740
"Michael Helman","TEX",28.287,100.86,93.0522,18.8721,11.9418,4.10592,0.294658,2.52979,10.1954,9.28991,5.79092,0.102696,23.9525,0.907891,0.618588,0.490356,1.21963,2.38225,0.663939,0.202812,0.0574154,0.237483,0.241767,0.254768,0.334831,0.25819,0.589598,0.132018,5.1876,0.243231,,0.082175,7.42455,-4.49284,63.8066,0.082175,0.7,-4.220328144729137,1.209282398223877,0.0471038,999,,,,,,,75.2,2.685714285,75.2,2.685714285,,,,,,,,,,,,,,,,,,,"Michael Helman","24605",680737
"Nelson Rada","LAA",18.949,74.356,66.2639,15.7037,12.0101,2.6569,0.339594,0.69714,8.29671,4.57869,5.82731,0.144695,16.8037,0.984044,0.387418,0.893312,1.55834,3.35255,0.834237,0.236987,0.0783704,0.22599,0.346787,0.306483,0.318895,0.279913,0.625378,0.0819075,6.06943,0.305319,,0.205578,6.78494,-2.00079,76.1872,0.205578,0,-1.8813096731901169,-0.2274399846792221,0.046088,999,,,,,,,65.6,3.452631578,65.6,3.452631578,,,,,,,,,,,,,,,,,,,"Nelson Rada","sa3018421",703185
"Brandon Lockridge","MIL",19.661,65.597,59.8544,13.8346,10.2132,2.78792,0.250402,0.583099,6.86423,4.60561,4.19527,0.124263,16.9789,0.515236,0.387855,0.644193,1.0937,3.21053,0.73665,0.231138,0.0639553,0.258837,0.247087,0.285517,0.315309,0.266463,0.600826,0.0841712,6.2488,0.310483,,0.242735,5.26936,-2.48144,68.8754,0.242735,1.05,-2.177081808447838,0.44317901134490967,0.0458898,999,,,,,,,54.4,2.72,54.4,2.72,,,,,,,,,,,,,,,,,,,"Brandon Lockridge","21496",663604
"Jordan Walker","STL",125.314,502.67,458.378,104.452,68.5988,22.7323,1.38113,11.7402,52.5291,50.6536,35.6653,0.976205,138.482,5.24762,2.90977,0.46968,8.7051,8.04551,2.44887,0.227874,0.0709517,0.275493,0.257545,0.289457,0.360331,0.285055,0.649788,0.132457,4.47111,0.298048,,-0.110268,47.9668,-11.4276,83.0047,-0.110268,0.06,-10.235510855913162,-6.042954865843058,0.045579,377.3299865722656,,,,,,,442.2,3.5376,442.2,3.5376,,,,,,,,,,,,,,,,,,,"Jordan Walker","27475",691023
"Ben Rortvedt","NYM",11.546,40.445,36.1418,6.99564,4.99795,1.36678,0.0218147,0.609093,3.47444,3.20091,3.38578,0.0341667,10.7466,0.520828,0.213695,0.182893,0.778115,0.126738,0.0426963,0.193561,0.0837133,0.265709,0.315056,0.270782,0.283144,0.250837,0.553926,0.089583,2.28012,0.255464,,-0.0506967,2.7358,-2.04309,60.7175,-0.0506967,0.13,-1.933729648590088,1.020895004272461,0.0442788,999,,,,,,,27.5,2.291666666,27.5,2.291666666,,,,,,,,,,,,,,,,,,,"Ben Rortvedt","20287",666163
"Blake Dunn","CIN",10.948,36.015,31.9921,7.29062,5.24576,1.25788,0.116934,0.670052,3.9655,2.85863,2.74976,0.0182589,10.4204,0.786816,0.182558,0.303798,0.672055,1.073,0.274195,0.227888,0.0763504,0.289336,0.263882,0.303188,0.33735,0.286085,0.640538,0.109462,5.33409,0.314007,,0.0444558,3.46682,-0.788633,76.6823,0.0444558,0.24,-0.9508653916418552,0.1836831197142601,0.0441014,999,,,,,,,33.4,3.036363636,33.4,3.036363636,,,,,,,,,,,,,,,,,,,"Blake Dunn","29487",694362
"Nick Madrigal","LAA",14.18,57.546,52.9141,13.5435,10.9177,2.29916,0.153962,0.172726,5.58791,4.10897,2.8594,0.109581,6.39085,0.964253,0.338555,0.469747,1.62086,1.35131,0.413302,0.255953,0.0496889,0.111056,0.44742,0.30428,0.315016,0.275704,0.619296,0.0590631,4.6027,0.28638,,0.00441318,5.05441,-1.7451,73.288,0.00441318,0.03,-1.8073164853267372,0.2488271575421095,0.0431913,999,,,,,,,45.1,3.221428571,45.1,3.221428571,,,,,,,,,,,,,,,,,,,"Nick Madrigal","20521",663611
"Victor Mesa Jr.","TBR",10.641,36.015,33.1512,7.65458,5.09537,1.6141,0.127167,0.817947,3.54475,3.8466,2.23817,0.0562237,7.53939,0.21249,0.266372,0.146797,0.642913,0.362399,0.121661,0.230899,0.0621455,0.20934,0.296864,0.281733,0.36128,0.280553,0.643013,0.130381,3.9202,0.272809,,-0.0267878,3.30506,-0.950393,76.9239,-0.0267878,0.02,-1.006320670247078,0.18421295657753944,0.0427124,999,,,,,,,33,3,33,3,,,,,,,,,,,,,,,,,,,"Victor Mesa Jr.","25999",683748
"Jose Siri","LAA",10.828,34.243,31.2031,6.281,3.66952,1.15904,0.0927181,1.35972,4.0169,3.69488,2.34863,0.0014519,12.5208,0.362417,0.187447,0.141454,0.371532,1.18278,0.291204,0.201294,0.0685871,0.365644,0.187579,0.263684,0.375112,0.278329,0.638796,0.173818,5.79046,0.281055,,0.0751892,3.08062,-0.965455,75.0961,0.0751892,0,-0.9299154356122017,0.1670987606048584,0.0425386,999,,,,,,,22.8,2.072727272,22.8,2.072727272,,,,,,,,,,,,,,,,,,,"Jose Siri","17452",642350
"Brock Wilken","MIL",12.166,46.466,41.4841,8.20707,4.90796,1.6829,0.0819309,1.53428,4.46161,5.56552,4.2954,0.0251841,15.3162,0.36944,0.263921,0.0531444,0.640805,0.102438,0.0341225,0.197837,0.0924418,0.329623,0.280447,0.277335,0.353308,0.278373,0.630643,0.155471,2.4445,0.268011,,-0.0565164,4.1819,-1.30842,77.0342,-0.0565164,0,-1.3212850168347359,0.18774691224098206,0.0421934,999,,,,,,,40.4,3.366666666,40.4,3.366666666,,,,,,,,,,,,,,,,,,,"Brock Wilken","sa3022499",694385
"Edwin Arroyo","CIN",7.337,29.132,26.9364,6.71878,4.60983,1.44338,0.161025,0.504544,3.12448,2.82624,1.64482,0.0481599,6.2031,0.265922,0.200496,0.0843557,0.476884,0.61485,0.185426,0.249431,0.056461,0.212931,0.265161,0.297082,0.371164,0.291521,0.668246,0.121733,5.07117,0.304183,,0.00430612,2.93284,-0.509325,80.4065,0.00430612,0,-0.6722062397748232,0.1132253035902977,0.0419735,999,,,,,,,32.4,4.628571428,32.4,4.628571428,,,,,,,,,,,,,,,,,,,"Edwin Arroyo","sa3017626",695490
"Miles Mastrobuoni","SEA",13.046,44.868,40.2892,9.12443,6.87842,1.85948,0.090104,0.296426,4.5219,3.12747,3.77577,0.0999542,8.77236,0.109358,0.281526,0.412192,0.774278,1.55573,0.464299,0.226474,0.0841528,0.195515,0.430416,0.29264,0.299172,0.26524,0.591813,0.0726987,5.02472,0.280237,,0.0506104,3.55968,-1.74182,73.7894,0.0506104,0,-1.3354614488780499,0.2013271450996399,0.0419634,999,,,,,,,32,2.461538461,32,2.461538461,,,,,,,,,,,,,,,,,,,"Miles Mastrobuoni","20017",670156
"Jace Jung","DET",19.43,68.703,60.5815,12.5565,8.12282,2.51405,0.263914,1.65568,6.97564,6.5562,7.06482,0.159737,18.1671,0.551941,0.417129,0.0876594,1.06207,0.317991,0.105154,0.207266,0.102831,0.264429,0.38888,0.294005,0.339467,0.281641,0.633471,0.132201,3.52261,0.264737,,-0.0823171,6.36551,-1.75228,78.3051,-0.0823171,-0.06,-1.8390494734048843,-0.11996914446353912,0.0415007,999,,,,,,,63.3,3.331578947,63.3,3.331578947,,,,,,,,,,,,,,,,,,,"Jace Jung","31437",690291
"Jake Bauers","MIL",86.159,312.675,272.856,55.6633,32.9719,10.8174,0.822203,11.0519,35.3061,37.1527,35.1548,0.75829,95.5563,2.61741,1.66403,0.383003,3.51289,7.48491,2.0768,0.204003,0.112433,0.305609,0.367897,0.299193,0.371187,0.295738,0.67038,0.167185,4.78829,0.265684,,0.184471,32.5487,-4.39624,88.9296,0.184471,-0.37,-3.918056845664978,-6.09043276309967,0.0403401,999,,,,,,,303.3,3.526744186,303.3,3.526744186,,,,,,,,,,,,,,,,,,,"Jake Bauers","15194",641343
"Alex Verdugo","SDP",24.962,92.58,83.894,20.5257,14.6983,4.35244,0.0879897,1.38695,9.1963,8.85158,7.15796,0.150931,13.7314,0.605026,0.685955,0.237063,2.10689,0.455292,0.170174,0.244662,0.0773165,0.148319,0.521286,0.306343,0.348236,0.289247,0.65458,0.103575,2.77699,0.275529,,-0.125916,9.14944,-1.7896,87.467,-0.125916,-0.03,-1.5011188089847565,-1.1856481116265059,0.040249,999,,,,,,,78.6,3.144,78.6,3.144,,,,,,,,,,,,,,,,,,,"Alex Verdugo","17027",657077
"Max Anderson","DET",5.036,18.03,16.7676,4.22374,2.94077,0.841918,0.0221311,0.418921,1.77361,2.0171,0.946206,0.135854,3.19243,0.155966,0.131044,0.0291458,0.393472,0.0661842,0.0248105,0.251898,0.0524795,0.177062,0.296391,0.29587,0.379701,0.291662,0.675571,0.127802,2.54748,0.286349,,-0.0227168,1.81722,-0.313168,85.208,-0.0227168,0,-0.3370537534356117,0.07771604508161545,0.0369579,999,,,,,,,11.3,2.26,11.3,2.26,,,,,,,,,,,,,,,,,,,"Max Anderson","sa3022567",801194
"Nelson Velázquez","STL",15.99,58.402,52.8415,11.9266,7.22788,2.40799,0.20703,2.08368,6.44832,7.02704,4.54973,0.205587,15.3739,0.520898,0.419736,0.0701804,0.809472,0.775233,0.241286,0.225705,0.0779036,0.263242,0.295939,0.291388,0.397409,0.29842,0.688797,0.171704,4.46245,0.274914,,-0.0235978,6.20668,-0.693964,92.1602,-0.0235978,-0.28,-0.5662543009966612,-1.0202777683734894,0.0364761,999,,,,,,,58.7,3.66875,58.7,3.66875,,,,,,,,,,,,,,,,,,,"Nelson Velazquez","23359",676369
"Jhostynxon Garcia","PIT",72.625,250.698,230.48,53.6597,34.8686,10.894,1.12439,6.77275,26.6733,27.6929,15.5593,0.309384,70.1964,2.41933,1.78758,0.452129,3.6505,3.1025,0.984612,0.232818,0.0620638,0.280004,0.221653,0.286272,0.377998,0.289192,0.664269,0.14518,4.48965,0.301916,,-0.129553,24.7647,-4.85724,81.8072,-0.129553,0.08,-5.535161137580872,-2.477623149752617,0.0335584,999,,,,,,,232.7,3.187671232,232.7,3.187671232,,,,,,,,,,,,,,,,,,,"Jhostynxon Garcia","28142",691373
"Tre' Morgan","TBR",9.846,39.509,35.3872,8.94758,6.28024,1.78861,0.149142,0.729597,4.28559,4.08091,3.40886,0.178467,7.29986,0.403111,0.245245,0.0646016,0.802801,0.536013,0.188281,0.252848,0.0862805,0.184765,0.466976,0.323482,0.373674,0.306338,0.697156,0.120826,4.10756,0.297721,,-0.0353489,4.45282,-0.215472,94.6863,-0.0353489,0,-0.2827882207930088,-0.7597221732139587,0.0324663,999,,,,,,,41.5,4.15,41.5,4.15,,,,,,,,,,,,,,,,,,,"Tre' Morgan","sa3022919",691003
"Michael Conforto","CHC",40.693,158.078,138.116,29.7336,19.3862,5.90192,0.283959,4.16158,16.4173,16.8262,16.3138,0.430973,39.5482,2.44621,0.980508,0.222004,3.02943,0.261924,0.0867713,0.215281,0.103201,0.250182,0.412503,0.307202,0.352518,0.293305,0.659719,0.137237,2.45603,0.26809,,-0.232133,16.1434,-2.53478,88.301,-0.232133,-0.65,-2.424008771777153,-2.5339351892471313,0.0308318,999,,,,,,,139,3.390243902,139,3.390243902,,,,,,,,,,,,,,,,,,,"Michael Conforto","16376",624424
"Brandon Valenzuela","TOR",5.997,22.856,20.859,4.39569,2.89917,0.923905,0.0455278,0.527087,2.19108,2.26062,1.69387,0.061175,6.2935,0.120724,0.140109,0.0422793,0.341997,0.150437,0.0563987,0.210733,0.0741103,0.275354,0.269146,0.272217,0.335198,0.267096,0.607415,0.124465,3.29794,0.272849,,-0.0237238,1.84775,-0.852867,69.1396,-0.0237238,-0.1,-0.8550557419657707,0.3627314791083336,0.0301149,999,,,,,,,19.7,3.283333333,19.7,3.283333333,,,,,,,,,,,,,,,,,,,"Brandon Valenzuela","sa3005729",678218
"Kahlil Watson","CLE",5.232,17.407,15.7678,3.36498,2.09535,0.681676,0.0647724,0.523187,1.95937,1.80505,1.30284,0.0199921,5.36974,0.191345,0.114378,0.0306432,0.228328,0.477581,0.121981,0.213409,0.074846,0.308482,0.242627,0.279643,0.364399,0.282098,0.644041,0.15099,5.5581,0.284485,,0.0219979,1.61926,-0.437506,80.0554,0.0219979,0,-0.3871897682547569,0.08074073493480682,0.029944,999,,,,,,,16.1,3.22,16.1,3.22,,,,,,,,,,,,,,,,,,,"Kahlil Watson","sa3017513",696135
"Shane McGuire","ATH",7.132,26.403,23.5704,5.09421,3.57187,1.05135,0.0707869,0.400209,2.61946,2.16435,2.29626,0.0503822,6.60592,0.244983,0.172226,0.1191,0.491652,0.244152,0.0866485,0.216127,0.0869695,0.250196,0.347606,0.290499,0.317676,0.271619,0.608175,0.101549,3.90136,0.280464,,-0.0266777,2.23147,-0.888246,68.8328,-0.0266777,-0.17,-0.9965709410607815,0.3803086429834366,0.029925,999,,,,,,,12.9,1.842857142,12.9,1.842857142,,,,,,,,,,,,,,,,,,,"Shane McGuire","sa3017284",676063
"Tim Tawa","ARI",47.889,178.044,162.721,36.0382,23.8852,7.05184,0.506248,4.59493,19.1025,19.0591,12.4074,0.038559,45.4926,1.27545,1.1868,0.453321,3.09698,3.09792,1.04583,0.221473,0.0696875,0.255513,0.272736,0.279976,0.355746,0.279033,0.635722,0.134274,4.60495,0.276254,,-0.0564588,16.1191,-4.91812,75.7472,-0.0564588,0.15,-5.174265239387751,-0.4658564627170563,0.029,999,,,,,,,153.5,3.197916666,153.5,3.197916666,,,,,,,,,,,,,,,,,,,"Tim Tawa","29571",694374
"Tyler Fitzgerald","SFG",23.144,86.755,79.6506,17.3206,11.2637,3.67468,0.314407,2.06778,9.44484,8.00737,4.97495,0.00875705,26.7808,1.13648,0.524053,0.468874,1.06115,2.07774,0.57353,0.217457,0.0573448,0.308695,0.185765,0.271562,0.349368,0.272442,0.62093,0.131911,5.5253,0.297175,,0.0660296,7.39009,-2.86068,74.6098,0.0660296,0.05,-2.544654592871666,-0.06905350461602211,0.0278957,999,,,,,,,64.6,2.808695652,64.6,2.808695652,,,,,,,,,,,,,,,,,,,"Tyler Fitzgerald","26208",666149
"Petey Halpin","CLE",14.827,35.593,32.6904,6.99223,4.6427,1.48761,0.161955,0.699968,3.44487,3.24625,2.38668,0.0255216,10.308,0.202387,0.235233,0.0783283,0.468512,0.525698,0.175182,0.213893,0.0670547,0.289606,0.231537,0.269784,0.333543,0.265454,0.603327,0.119651,4.63167,0.287086,,-0.0141739,2.83,-1.37559,68.5895,-0.0141739,0.14,-1.3318580333143473,0.3688117116689682,0.0268066,999,,,,,,,26.4,1.76,26.4,1.76,,,,,,,,,,,,,,,,,,,"Petey Halpin","27931",690984
"Jared Serna","MIA",7.795,29.277,26.9084,6.33355,4.4686,1.34996,0.0817159,0.433274,2.83271,2.73694,1.83618,0.0958347,5.4223,0.285754,0.193353,0.0533009,0.61247,0.56412,0.169993,0.235374,0.0627176,0.185207,0.338636,0.289337,0.339922,0.276547,0.629259,0.104548,4.33468,0.27771,,0.000332803,2.59149,-0.867814,73.6874,0.000332803,0,-0.9126967480697203,0.20048868656158447,0.02679,999,,,,,,,17.4,2.175,17.4,2.175,,,,,,,,,,,,,,,,,,,"Jared Serna","sa3015579",691858
"Trei Cruz","DET",4.986,19.443,17.2675,3.68017,2.42967,0.793433,0.0989901,0.35808,2.00809,1.67697,1.92489,0.0689493,5.02756,0.0893066,0.117841,0.0434564,0.297584,0.250641,0.0908543,0.213127,0.0990017,0.258579,0.382868,0.293531,0.332754,0.277878,0.626285,0.119627,4.6509,0.276848,,-0.01596,1.74203,-0.555308,75.7125,-0.01596,0,-0.5725287329405546,0.15388888120651245,0.0256351,999,,,,,,,14.3,2.86,14.3,2.86,,,,,,,,,,,,,,,,,,,"Trei Cruz","sa3014420",669360
"Dylan Carlson","CHC",23.539,90.834,80.354,17.9619,12.1732,3.72007,0.311392,1.75721,9.50755,8.75183,8.37351,0.126663,21.0687,1.23657,0.703655,0.166306,1.53682,0.98028,0.31215,0.223535,0.0921848,0.231947,0.397439,0.3041,0.343187,0.287917,0.647286,0.119652,4.04078,0.27828,,-0.0747452,8.87882,-1.85392,84.6096,-0.0747452,-0.39,-1.731628641486168,-1.0438610911369324,0.0252282,999,,,,,,,80.1,3.3375,80.1,3.3375,,,,,,,,,,,,,,,,,,,"Dylan Carlson","20126",666185
"Anthony Seigler","BOS",5.29,15.883,13.9349,3.08203,2.00006,0.761333,0.0356796,0.284962,1.70075,1.47929,1.67596,0.038103,3.34056,0.108592,0.117842,0.0457567,0.234601,0.419863,0.126614,0.221174,0.105519,0.210323,0.5017,0.307287,0.342279,0.289009,0.649567,0.121105,4.64165,0.268248,,0.00738897,1.56662,-0.31008,79.4355,0.00738897,-0.01,-0.3775773108936846,0.07163579575717449,0.0246292,999,,,,,,,11.7,2.34,11.7,2.34,,,,,,,,,,,,,,,,,,,"Anthony Seigler","23802",678011
"Drew Gilbert","SFG",42.282,156.038,141.225,31.2153,20.2726,6.84209,0.613426,3.48716,16.5179,15.0343,11.4554,0.271386,32.1057,2.11731,1.01658,0.223185,2.51159,1.8269,0.602849,0.221032,0.0734145,0.205755,0.356804,0.287444,0.352243,0.281555,0.639687,0.131212,4.50883,0.259994,,-0.103142,14.4464,-3.99067,80.8528,-0.103142,0.41,-3.6441688388586044,-1.3102273643016815,0.0242507,999,,,,,,,126.8,3.019047619,126.8,3.019047619,,,,,,,,,,,,,,,,,,,"Drew Gilbert","31545",687551
"Jorge Alfaro","KCR",10.424,27.331,25.566,5.63806,3.93642,1.00654,0.0536578,0.641431,2.64209,2.85577,1.06405,0.00115883,9.25385,0.407271,0.149474,0.0374287,0.50565,0.326425,0.104569,0.220529,0.038932,0.338585,0.114985,0.261501,0.339365,0.263177,0.600865,0.118836,4.07446,0.315838,,-0.0132302,2.12256,-1.1068,62.8199,-0.0132302,0,-1.2109052771702409,0.5021126866340637,0.0237259,999,,,,,,,22.9,2.29,22.9,2.29,,,,,,,,,,,,,,,,,,,"Jorge Alfaro","12180",595751
"Rodolfo Durán","SDP",4.683,15.127,14.1315,3.08988,2.06605,0.627146,0.0494145,0.347271,1.42111,1.49939,0.717798,0.00690608,3.65875,0.104345,0.0997227,0.0735963,0.264001,0.0823955,0.028617,0.218651,0.0474515,0.241869,0.196187,0.259876,0.343746,0.26325,0.603623,0.125095,3.52611,0.268219,,-0.0142614,1.17568,-0.611691,69.6585,-0.0142614,-0.08,-0.5582430846989155,0.28134261071681976,0.0231614,999,,,,,,,8.7,1.74,8.7,1.74,,,,,,,,,,,,,,,,,,,"Rodolfo Duran","sa877500",660710
"Adrian Del Castillo","ARI",61.429,231.473,209.355,47.8117,28.9269,11.0744,0.588608,7.22174,24.5083,29.0077,18.0841,0.67873,64.8586,1.98117,1.68663,0.366147,3.36782,0.520499,0.16028,0.228376,0.0781262,0.280199,0.278824,0.293704,0.390382,0.297283,0.684086,0.162006,2.87725,0.292095,,-0.280488,24.3862,-2.96416,88.2492,-0.280488,0.39,-3.504250228404999,-3.9707006216049194,0.0231444,999,,,,,,,225.1,3.690163934,225.1,3.690163934,,,,,,,,,,,,,,,,,,,"Adrian Del Castillo","29554",680728
"Cavan Biggio","HOU",7.362,22.077,19.2499,3.91401,2.62378,0.781111,0.0667115,0.442413,2.25762,1.85288,2.20369,0.0189131,6.38399,0.33724,0.165512,0.109468,0.312558,0.252696,0.0726409,0.203326,0.0998183,0.289169,0.34519,0.29399,0.319783,0.275991,0.613772,0.116456,4.1656,0.275764,,-0.0131794,1.94422,-0.664351,75.2391,-0.0131794,0,-0.6574667049571872,0.11361110210418701,0.0220994,999,,,,,,,12.3,1.757142857,12.3,1.757142857,,,,,,,,,,,,,,,,,,,"Cavan Biggio","19252",624415
"Liover Peguero","PHI",10.25,29.354,27.1546,6.02807,4.1018,1.17239,0.0900773,0.663804,3.07541,2.82062,1.65571,0.0171876,7.55603,0.180442,0.189087,0.17413,0.509029,0.663098,0.18474,0.22199,0.056405,0.257411,0.219125,0.269508,0.345135,0.269032,0.614644,0.123145,5.04454,0.280501,,0.0178785,2.41921,-1.04919,68.2702,0.0178785,0,-1.0860204119235277,0.3235670328140259,0.0219114,999,,,,,,,26.8,2.68,26.8,2.68,,,,,,,,,,,,,,,,,,,"Liover Peguero","24273",678894
"Isiah Kiner-Falefa","BOS",53.392,207.926,192.882,48.8347,39.5611,6.93963,0.708974,1.62501,21.1806,16.4628,9.25632,0.147765,34.9163,2.47718,1.29025,1.52516,5.02482,6.34247,1.89106,0.253184,0.0445174,0.167926,0.265101,0.294154,0.321788,0.27274,0.615943,0.0686045,5.21899,0.299494,,0.156419,17.7623,-6.80578,68.2283,0.156419,0.06,-7.629705503582954,0.6862024031579494,0.0217897,999,,,,,,,165,3.113207547,165,3.113207547,,,,,,,,,,,,,,,,,,,"Isiah Kiner-Falefa","16512",643396
"Nick Loftin","KCR",30.519,111.615,101.163,23.3837,16.4114,4.84372,0.269591,1.85901,11.1319,10.7483,8.20684,0.118285,18.0217,1.05649,0.829681,0.358743,2.26109,1.403,0.451008,0.231148,0.0735281,0.161463,0.455387,0.29344,0.339487,0.27998,0.632928,0.108339,3.91112,0.262138,,-0.0728103,10.1909,-2.9973,74.3948,-0.0728103,0.28,-3.4412096738815308,-0.1909722089767456,0.0214268,999,,,,,,,90,2.903225806,90,2.903225806,,,,,,,,,,,,,,,,,,,"Nick Loftin","27630",679845
"Brett Sullivan","COL",10.168,33.79,31.245,6.84104,4.6008,1.6194,0.152574,0.468268,3.04775,3.16704,1.99303,0.0555454,5.94105,0.223463,0.281701,0.0467636,0.481593,0.320683,0.104007,0.218948,0.0589827,0.175823,0.335467,0.268425,0.325504,0.26075,0.593929,0.106556,4.19803,0.253719,,-0.0230949,2.5576,-1.43495,50.5545,-0.0230949,0.3,-2.0032966304570436,1.084567904472351,0.0210224,999,,,,,,,20,2,20,2,,,,,,,,,,,,,,,,,,,"Brett Sullivan","18217",664954
"Kevin Alcántara","CHC",17.239,50.214,46.2217,10.8449,7.57316,1.98471,0.115491,1.17156,5.34247,5.16116,3.29995,0.106035,14.2916,0.3208,0.291606,0.0799828,0.918446,0.844974,0.237575,0.234629,0.0657178,0.284613,0.230902,0.28854,0.358604,0.283391,0.647144,0.123976,4.29604,0.31154,,-0.00149477,4.7238,-1.20937,81.5094,-0.00149477,-0.1,-1.1019434970803559,-0.3660339489579201,0.0207341,999,,,,,,,41.7,2.452941176,41.7,2.452941176,,,,,,,,,,,,,,,,,,,"Kevin Alcantara","25971",682634
"Brendan Rodgers","BOS",29.079,100.767,92.3868,20.9522,14.9593,3.48492,0.300554,2.20741,9.69995,10.3783,6.62298,0.0792784,27.357,0.934131,0.596866,0.22626,2.25382,0.24014,0.0942529,0.226788,0.0657257,0.271488,0.242094,0.28356,0.342695,0.276088,0.626255,0.115907,2.87901,0.29557,,-0.138693,8.88203,-3.02437,70.5347,-0.138693,0,-3.63816337287426,0.3702491223812103,0.0204955,999,,,,,,,77.1,2.658620689,77.1,2.658620689,,,,,,,,,,,,,,,,,,,"Brendan Rodgers","17907",663898
"Bryan Ramos","BAL",9.833,37.319,34.1974,7.31077,4.81201,1.43632,0.112382,0.950054,3.83109,3.66318,2.33374,0.0221541,9.29302,0.473819,0.249999,0.064018,0.54645,0.539182,0.179867,0.213781,0.0625348,0.249016,0.251128,0.271597,0.345699,0.27123,0.617296,0.131918,4.47237,0.262792,,-0.0159777,3.14226,-1.26727,72.8286,-0.0159777,-0.03,-1.2111047264188528,0.12174382992088795,0.019961,999,,,,,,,25.4,2.54,25.4,2.54,,,,,,,,,,,,,,,,,,,"Bryan Ramos","25621",682868
"Nate Furman","SFG",2.599,7.983,7.12709,1.74291,1.28436,0.312948,0.026658,0.11894,0.886783,0.694249,0.638573,0.0180347,1.44408,0.124083,0.0491295,0.0441214,0.169133,0.153709,0.0437223,0.244547,0.0799916,0.180894,0.442201,0.315607,0.346002,0.293959,0.661609,0.101455,4.72229,0.289312,,-0.000557942,0.819481,-0.123772,89.3497,-0.000557942,0,-0.10132598667405546,0.029332010075449944,0.0198079,999,,,,,,,7.2,2.4,7.2,2.4,,,,,,,,,,,,,,,,,,,"Nate Furman","sa3020763",801501
"Blake Hunt","SDP",6.164,16.954,15.619,3.21305,2.09106,0.688209,0.062941,0.370835,1.55192,1.65076,1.01437,0.00264431,4.54064,0.176956,0.121675,0.0220007,0.246739,0.0552032,0.0186988,0.205714,0.0598309,0.267821,0.223399,0.260121,0.329064,0.259279,0.589185,0.12335,3.4159,0.262458,,-0.0182686,1.26301,-0.740232,66.9381,-0.0182686,0,-0.6826137322932482,0.31147119402885437,0.0197383,999,,,,,,,6.7,1.116666666,6.7,1.116666666,,,,,,,,,,,,,,,,,,,"Blake Hunt","sa3004153",675448
"Maverick Handley","BAL",3.543,11.116,9.95083,2.00997,1.45419,0.36338,0.0308437,0.161555,1.0699,0.819215,0.851509,0.000800463,3.01996,0.178588,0.0586159,0.0764608,0.222105,0.145129,0.0449534,0.20199,0.0766021,0.271677,0.28196,0.27538,0.293413,0.256676,0.568793,0.0914229,4.39149,0.270714,,-0.0057785,0.804613,-0.508828,62.8027,-0.0057785,0.03,-0.49311885982751846,0.30337962321937084,0.0197315,999,,,,,,,4.2,1.05,4.2,1.05,,,,,,,,,,,,,,,,,,,"Maverick Handley","26106",668974
"Seby Zavala","LAD",4.158,13.653,12.3055,2.26573,1.35246,0.485947,0.0132725,0.41405,1.37314,1.43577,1.021,0.000578887,5.04057,0.136598,0.0861692,0.0949952,0.156577,0.0635011,0.0220602,0.184124,0.0747818,0.369192,0.202555,0.252659,0.326715,0.256164,0.579373,0.14259,3.08054,0.266928,,-0.0129006,0.982572,-0.630635,61.5748,-0.0129006,0.05,-0.634682740084827,0.3708333261311054,0.0194792,999,,,,,,,2.2,0.55,2.2,0.55,,,,,,,,,,,,,,,,,,,"Seby Zavala","18887",664874
"Jorbit Vivas","NYY",8.711,26.051,23.2018,5.10136,3.67621,1.02936,0.0828543,0.312929,2.58918,2.01457,2.10255,0.0616411,3.7928,0.506192,0.190621,0.0498112,0.50432,0.48693,0.155789,0.219869,0.080709,0.145591,0.554353,0.296529,0.311838,0.272877,0.608367,0.0919692,4.64043,0.248276,,-0.00749677,2.22833,-0.8498,73.6469,-0.00749677,-0.04,-0.8166455584578216,0.09442900866270065,0.017845,999,,,,,,,16.9,1.877777777,16.9,1.877777777,,,,,,,,,,,,,,,,,,,"Jorbit Vivas","23917",678391
"Shay Whitcomb","HOU",8.772,28.178,25.9255,5.43227,3.44305,1.01492,0.021943,0.95236,3.04828,3.06381,1.7955,0.0809689,8.4796,0.269146,0.1557,0.0321407,0.388385,0.573617,0.159416,0.209534,0.0637199,0.30093,0.211743,0.266359,0.360577,0.273076,0.626937,0.151044,4.41308,0.269076,,0.013614,2.41481,-0.91464,73.2308,0.013614,-0.06,-0.8754183240234852,0.07537037506699562,0.0173719,999,,,,,,,22.2,2.466666666,22.2,2.466666666,,,,,,,,,,,,,,,,,,,"Shay Whitcomb","27789",694376
"Jonatan Clase","TOR",9.077,34.266,31.1892,6.74837,4.3818,1.53585,0.142476,0.688231,4.06786,2.86574,2.48937,0.0302723,9.95202,0.236154,0.219743,0.131542,0.35629,1.78253,0.352138,0.216369,0.0726484,0.290434,0.250137,0.277546,0.340947,0.272349,0.618493,0.124578,6.69089,0.291792,,0.16558,2.91633,-1.13246,72.7587,0.16558,0.06,-0.9345986396074295,-0.0800771601498127,0.0168513,999,,,,,,,33.2,3.688888888,33.2,3.688888888,,,,,,,,,,,,,,,,,,,"Jonatan Clase","26599",682729
"Denzer Guzman","LAA",8.855,35.043,32.1222,6.76792,4.33034,1.41906,0.0794148,0.939104,3.43702,3.32818,2.35404,0.0262672,10.6726,0.246466,0.185802,0.134468,0.441498,0.478379,0.137205,0.210693,0.0671758,0.304556,0.22057,0.268371,0.34752,0.270179,0.615891,0.136827,4.05678,0.281635,,-0.00609373,2.92072,-1.21988,69.4821,-0.00609373,-0.05,-1.2665506494231522,0.2233024351298809,0.0166641,999,,,,,,,25.5,2.833333333,25.5,2.833333333,,,,,,,,,,,,,,,,,,,"Denzer Guzman","28816",694203
"Luken Baker","ARI",3.321,8.679,7.76459,1.65124,0.980146,0.356381,0.01013,0.304581,0.910842,1.10199,0.77689,0.0174214,2.41857,0.0616454,0.0688089,0.00706858,0.127876,0.00730216,0.00231092,0.212663,0.0895138,0.278669,0.321219,0.287107,0.378851,0.29087,0.665958,0.166188,1.95988,0.263521,,-0.0113773,0.869165,-0.156325,83.8564,-0.0113773,0,-0.17743647191673517,0.05102292820811272,0.0166093,999,,,,,,,6.2,2.066666666,6.2,2.066666666,,,,,,,,,,,,,,,,,,,"Luken Baker","21497",663609
"Blake Sabol","TBR",3.685,10.403,9.38968,1.95657,1.30452,0.386421,0.0317933,0.233833,1.01433,0.996164,0.790507,0.0163361,3.24484,0.103299,0.0623677,0.0571509,0.16531,0.132227,0.0439019,0.208374,0.0759883,0.311914,0.24362,0.275509,0.33101,0.26832,0.606519,0.122635,4.19801,0.288403,,-0.00593792,0.85135,-0.377845,68.4971,-0.00593792,0,-0.3922000643797219,0.19111919403076172,0.0160604,999,,,,,,,5.2,1.3,5.2,1.3,,,,,,,,,,,,,,,,,,,"Blake Sabol","25805",666165
"Ben Cowles","CHC",5.076,17.075,15.5578,3.46093,2.34918,0.738361,0.052184,0.321207,1.7457,1.60197,1.17644,0.00766753,4.63326,0.19116,0.116704,0.0329429,0.253094,0.302562,0.0875481,0.222457,0.0688984,0.271348,0.253912,0.28333,0.338563,0.274778,0.621893,0.116106,4.66715,0.292885,,0.000173558,1.48689,-0.53065,75.609,0.000173558,0,-0.49343750976549927,0.07833333313465118,0.0156523,999,,,,,,,6.7,1.34,6.7,1.34,,,,,,,,,,,,,,,,,,,"Ben Cowles","sa3016976",701496
"Josh Kasevich","TOR",3.617,11.368,10.5098,2.51835,1.93826,0.447907,0.015201,0.11698,1.06025,0.993815,0.675591,0.0255981,1.73291,0.0814866,0.0820457,0.0190864,0.264007,0.12785,0.0399123,0.239619,0.0594292,0.152438,0.389859,0.288612,0.318522,0.268633,0.607133,0.0789025,3.51995,0.274695,,-0.00839959,0.933212,-0.410005,70.1987,-0.00839959,0,-0.40769337490200996,0.16745370626449585,0.0154521,999,,,,,,,8.8,2.2,8.8,2.2,,,,,,,,,,,,,,,,,,,"Josh Kasevich","sa3020203",688460
"Stuart Fairchild","CLE",7.683,25.369,22.6167,4.81173,3.12152,1.02515,0.0809951,0.58406,2.81111,2.13578,1.8898,0.0355351,6.89344,0.460344,0.144909,0.257295,0.347677,0.812827,0.238376,0.212751,0.0744924,0.271727,0.274144,0.2852,0.342714,0.277987,0.627914,0.129962,5.52358,0.276606,,0.0290587,2.27524,-0.722305,77.2232,0.0290587,0.04,-0.651974705979228,-0.07856481522321701,0.0145918,999,,,,,,,25.2,3.15,25.2,3.15,,,,,,,,,,,,,,,,,,,"Stuart Fairchild","20321",656413
"Jose Herrera","TEX",6.416,19.056,16.5217,3.21141,2.40758,0.551285,0.0287131,0.223835,1.61536,1.10935,1.72541,0.0385415,4.61505,0.131773,0.125554,0.551558,0.406937,0.108763,0.029518,0.194375,0.0905442,0.242183,0.373866,0.273912,0.271862,0.247905,0.545774,0.0774869,3.20282,0.253005,,-0.0182355,1.24364,-1.00798,56.7219,-0.0182355,-0.02,-0.990250326693058,0.47506172582507133,0.0143941,999,,,,,,,8.7,1.45,8.7,1.45,,,,,,,,,,,,,,,,,,,"Jose Herrera","17040",645444
"Tim Anderson",,16.767,54.685,50.9211,12.4511,10.0818,1.90466,0.065888,0.398835,5.23891,4.40925,2.32333,0.00851117,14.0854,0.432032,0.263052,0.140948,1.38654,1.13056,0.394816,0.244518,0.0424857,0.257573,0.164946,0.281918,0.308008,0.261638,0.589926,0.0634893,4.22655,0.328402,,-0.0202633,4.17858,-2.28288,64.44,-0.0202633,0,-2.3186076916754246,0.6027888059616089,0.0138078,999,,,,,,,29.9,1.758823529,29.9,1.758823529,,,,,,,,,,,,,,,,,,,"Tim Anderson","15172",641313
"Luis Vázquez","BAL",7.394,21.811,20.0023,4.34956,3.11157,0.753709,0.0597083,0.424571,2.16715,1.831,1.26141,0.029396,5.53297,0.241505,0.116176,0.189646,0.439238,0.299114,0.109285,0.217453,0.0578337,0.253678,0.227981,0.27068,0.324783,0.26284,0.595463,0.10733,4.39521,0.277171,,-0.0152006,1.68791,-0.889229,67.0489,-0.0152006,0.01,-0.8622676422819495,0.23820986784994602,0.012957,999,,,,,,,8.3,1.185714285,8.3,1.185714285,,,,,,,,,,,,,,,,,,,"Luis Vazquez","23442",676679
"Esmerlyn Valdez","PIT",13.503,36.961,33.6519,7.66996,4.88994,1.52337,0.0838391,1.17282,3.92871,4.35145,2.57574,0.0431815,10.9647,0.460955,0.226069,0.0463538,0.569854,0.21052,0.0759098,0.227921,0.069688,0.296656,0.234912,0.290038,0.382727,0.293684,0.672765,0.154806,3.22732,0.298851,,-0.0410263,3.78592,-0.581304,84.8846,-0.0410263,0,-0.7031782791018486,-0.4074184000492096,0.0121859,999,,,,,,,35,2.5,35,2.5,,,,,,,,,,,,,,,,,,,"Esmerlyn Valdez","sa3015768",699013
"Drew Waters","KCR",9.798,34.406,31.4881,7.03236,4.72566,1.50334,0.253043,0.550319,3.72263,3.04068,2.35454,0.0161691,10.2582,0.305615,0.194992,0.0627915,0.513955,0.883099,0.260097,0.223334,0.0684339,0.298151,0.229528,0.282225,0.339581,0.274182,0.621806,0.116247,5.96937,0.310523,,0.0214536,2.97944,-1.08589,70.4009,0.0214536,-0.04,-1.1788328774273396,0.11120370775461197,0.0119265,999,,,,,,,31.3,3.13,31.3,3.13,,,,,,,,,,,,,,,,,,,"Drew Waters","20505",671221
"Andrew McCutchen","TEX",47.983,200.994,175.361,38.2392,24.8042,7.68979,0.284031,5.46123,21.3501,20.7667,22.4701,0.421689,47.3382,1.54982,1.36238,0.250594,3.60955,1.05134,0.315466,0.21806,0.111795,0.23552,0.474671,0.310143,0.358579,0.296806,0.668722,0.140519,3.04974,0.264501,,-0.238457,21.0974,-2.65158,90.4081,-0.238457,-0.06,-2.510732963681221,-4.291305121034384,0.0118528,999,,,,,,,181.9,3.789583333,181.9,3.789583333,,,,,,,,,,,,,,,,,,,"Andrew McCutchen","9847",457705
"Bryan Torres","STL",9.79,39.38,35.8268,8.90959,6.81609,1.7798,0.148836,0.164868,3.91211,2.89258,2.80484,0.1093,7.04763,0.174038,0.249513,0.324836,0.851005,0.937736,0.320864,0.248685,0.0712249,0.178965,0.397983,0.304402,0.320477,0.277413,0.624879,0.071792,4.74669,0.302965,,-0.00779358,3.51347,-1.13958,77.7699,-0.00779358,0,-1.0453510652296245,-0.15108025074005127,0.0116381,999,,,,,,,31.1,3.11,31.1,3.11,,,,,,,,,,,,,,,,,,,"Bryan Torres","sa885119",663494
"Drew Romo","CHW",7.111,15.274,14.1628,3.01154,2.04859,0.584723,0.04788,0.33035,1.37348,1.41967,0.776047,0.0192066,3.90751,0.131798,0.122189,0.081196,0.246944,0.139585,0.0417568,0.212638,0.0508084,0.255828,0.198604,0.257976,0.330661,0.257498,0.588637,0.118023,3.91892,0.266862,,-0.00857373,1.11578,-0.688965,61.6674,-0.00857373,0,-0.6986451968550682,0.2806069850921631,0.0110158,999,,,,,,,8.7,1.242857142,8.7,1.242857142,,,,,,,,,,,,,,,,,,,"Drew Romo","27763",691011
"Ryan Clifford","NYM",12.838,45.64,40.2861,8.63598,5.19683,1.80071,0.0383577,1.60008,5.0289,5.23999,4.51341,0.19049,13.3868,0.528875,0.262584,0.049079,0.70679,0.306968,0.109929,0.214367,0.0988915,0.293313,0.337154,0.300022,0.380123,0.298061,0.680145,0.165757,3.03911,0.275251,,-0.0499618,4.83711,-0.55561,93.0676,-0.0499618,0,-0.42495565488934517,-0.9905864596366882,0.0105292,999,,,,,,,53,4.076923076,53,4.076923076,,,,,,,,,,,,,,,,,,,"Ryan Clifford","sa3020126",691775
"Kyle McCann","COL",9.94,33.491,30.2372,6.22409,4.03198,1.15879,0.051133,0.982182,3.29999,3.75483,2.71124,0.0537299,11.6309,0.335706,0.158872,0.0479458,0.59821,0.046139,0.0173135,0.205842,0.0809541,0.347285,0.233105,0.277218,0.344995,0.274662,0.622213,0.139153,2.39432,0.294771,,-0.0442404,2.91326,-1.04396,60.0847,-0.0442404,0,-1.62862903252244,0.6152814626693726,0.010324,999,,,,,,,24.9,2.49,24.9,2.49,,,,,,,,,,,,,,,,,,,"Kyle McCann","25575",668832
"Samad Taylor","SDP",6.304,19.403,17.5262,3.85609,2.80347,0.673955,0.114768,0.263901,2.17749,1.31264,1.35277,0.0194888,4.99397,0.14343,0.142513,0.238114,0.304578,0.851016,0.23033,0.220019,0.0697199,0.257381,0.270882,0.279276,0.316743,0.264429,0.596019,0.0967236,6.49006,0.28944,,0.047623,1.52659,-0.766024,70.4662,0.047623,-0.02,-0.6315521262586117,0.07728394493460655,0.00933851,999,,,,,,,12.2,2.033333333,12.2,2.033333333,,,,,,,,,,,,,,,,,,,"Samad Taylor","22274",669392
"Gustavo Campero","LAA",8.208,25.677,23.1475,5.41357,3.65521,1.04257,0.157992,0.557794,2.96176,2.25842,1.69732,0.0829295,5.04107,0.53338,0.179934,0.118911,0.451909,0.920613,0.248065,0.233873,0.0661028,0.196326,0.336699,0.299094,0.364857,0.291223,0.663951,0.130984,6.15889,0.273896,,0.0442261,2.57881,-0.45513,83.9786,0.0442261,0.02,-0.4406346008181572,-0.35999999567866325,0.00850483,999,,,,,,,28.2,3.525,28.2,3.525,,,,,,,,,,,,,,,,,,,"Gustavo Campero","22707",672569
"Jonathon Long","CHC",5.623,19.564,17.4007,4.08159,2.71676,0.740159,0.0261447,0.598528,2.09374,2.29171,1.77582,0.12898,4.78116,0.219897,0.122475,0.0450759,0.366978,0.0546045,0.0195238,0.234564,0.0907696,0.244385,0.37142,0.311354,0.383295,0.303372,0.69465,0.148731,2.38123,0.286825,,-0.0273331,2.15783,-0.153806,95.1971,-0.0273331,0,-0.13870101422071457,-0.4338734745979309,0.00801358,999,,,,,,,23.7,3.95,23.7,3.95,,,,,,,,,,,,,,,,,,,"Jonathon Long","sa3022864",675085
"RJ Schreck","TOR",3.243,11.098,9.77192,2.12397,1.3185,0.455876,0.0251286,0.32447,1.21641,1.17803,1.06452,0.0481055,2.59264,0.168126,0.0654402,0.0279881,0.174452,0.100028,0.0296998,0.217354,0.0959202,0.233614,0.410593,0.303217,0.368762,0.295714,0.671979,0.151407,3.65463,0.260034,,-0.00868131,1.15507,-0.156249,88.854,-0.00868131,0,-0.15447376016527414,-0.15013888478279114,0.00791515,999,,,,,,,4.2,1.4,4.2,1.4,,,,,,,,,,,,,,,,,,,"RJ Schreck","sa3022602",702302
"Hayden Senger","NYM",4.936,14.229,13.1279,2.61014,1.82746,0.510391,0.0444886,0.227801,1.21728,1.14787,0.719845,0.00060331,4.16687,0.211527,0.0856191,0.0840862,0.236024,0.0715881,0.0259538,0.198823,0.05059,0.292843,0.172754,0.250373,0.296537,0.242944,0.54691,0.0977133,3.52532,0.270141,,-0.0145198,0.871296,-0.80997,55.3104,-0.0145198,-0.01,-0.7681799000129104,0.37086417339742184,0.00778461,999,,,,,,,9.7,1.94,9.7,1.94,,,,,,,,,,,,,,,,,,,"Hayden Senger","21489",663584
"Tanner Murray","CHW",16.954,67.036,62.9808,14.5151,9.78752,3.37976,0.127854,1.21994,6.17203,6.32313,3.00627,0.0135359,15.6659,0.551323,0.354985,0.142619,1.22175,0.408782,0.135567,0.230468,0.0448456,0.233694,0.191899,0.270171,0.346302,0.269491,0.616473,0.115834,3.31469,0.286225,,-0.0617715,5.54974,-2.37108,69.9285,-0.0617715,0,-2.4377109184861183,0.19622685015201569,0.00673074,999,,,,,,,51.1,3.005882352,51.1,3.005882352,,,,,,,,,,,,,,,,,,,"Tanner Murray","sa3016805",695020
"Dom Nuñez","CLE",4.675,14.915,13.1591,2.24014,1.38641,0.488462,0.0323941,0.332873,1.2623,1.25796,1.42406,0.0155563,4.85264,0.1232,0.0924636,0.116165,0.198949,0.0487512,0.01453,0.170235,0.0954787,0.325353,0.293462,0.255926,0.288166,0.24537,0.544092,0.117931,3.00328,0.236456,,-0.0154645,0.942686,-0.819637,54.7546,-0.0154645,0,-0.8108368199318647,0.3607253134250641,0.00647009,999,,,,,,,1.2,0.24,1.2,0.24,,,,,,,,,,,,,,,,,,,"Dom Nunez","15055",624513
"Emmanuel Rivera",,3.485,10.37,9.48488,2.18011,1.60921,0.365625,0.0468124,0.158464,1.00503,0.920785,0.685798,0.00449861,2.22664,0.0995137,0.0763,0.0235044,0.218786,0.0377838,0.0124107,0.229851,0.0661329,0.214719,0.307997,0.286611,0.328391,0.272454,0.615002,0.0985401,3.47558,0.28172,,-0.0133038,0.88346,-0.341835,73.6719,-0.0133038,0,-0.3350931191816926,0.038102585822343826,0.00613139,999,,,,,,,5.2,1.733333333,5.2,1.733333333,,,,,,,,,,,,,,,,,,,"Emmanuel Rivera","19890",656896
"Blaze Jordan","STL",5.868,16.682,15.5137,3.97532,2.72241,0.866534,0.0314345,0.354944,1.66534,1.87015,0.89839,0.0588543,2.37581,0.131639,0.114655,0.0236637,0.348317,0.0604064,0.0201249,0.256247,0.0538539,0.142418,0.37814,0.300471,0.384794,0.297339,0.685265,0.128547,2.83343,0.280703,,-0.0205441,1.75825,-0.212859,91.4201,-0.0205441,0,-0.1901831179857254,-0.30647411942481995,0.00597065,999,,,,,,,12.3,2.05,12.3,2.05,,,,,,,,,,,,,,,,,,,"Blaze Jordan","sa3014537",691458
"Gio Urshela","MIN",30.614,116.014,107.62,26.3534,20.0725,4.91479,0.238893,1.12728,10.5966,10.1347,6.71896,0.125889,21.9366,0.510355,0.788519,0.376299,2.56817,0.369838,0.133339,0.244875,0.0579151,0.189086,0.30629,0.290414,0.326407,0.272421,0.616821,0.0815316,2.7752,0.29558,,-0.160044,9.88056,-3.82739,71.4467,-0.160044,-0.03,-4.064305171370506,0.12747942097485065,0.00574869,999,,,,,,,85.5,2.758064516,85.5,2.758064516,,,,,,,,,,,,,,,,,,,"Gio Urshela","10681",570482
"Héctor Rodríguez","CIN",4.876,17.171,16.1263,4.11757,2.76469,0.8015,0.0777533,0.473628,1.89572,1.9423,0.796064,0.0497859,2.93439,0.104447,0.108041,0.036134,0.317325,0.283842,0.100845,0.255332,0.046361,0.170892,0.271288,0.292858,0.402786,0.299831,0.695644,0.147454,4.71042,0.284098,,-0.00839708,1.84452,-0.184361,86.0989,-0.00839708,0,-0.29130158852785826,-0.2257407307624817,0.00554953,999,,,,,,,12.3,2.46,12.3,2.46,,,,,,,,,,,,,,,,,,,"Hector Rodriguez","sa3015828",699302
"Sam Huff","BAL",4.224,12.957,11.9267,2.32987,1.55641,0.425881,0.0148555,0.332721,1.15421,1.28363,0.869355,0.0170286,4.70778,0.0887541,0.0574214,0.0147541,0.21383,0.000993946,0.000372734,0.195349,0.0670954,0.363339,0.184663,0.25405,0.317239,0.252333,0.571289,0.121891,1.65715,0.287623,,-0.0164415,0.89218,-0.638789,59.8108,-0.0164415,0,-0.6301835253834724,0.23804011940956116,0.00550599,999,,,,,,,2.2,0.55,2.2,0.55,,,,,,,,,,,,,,,,,,,"Sam Huff","22209",669087
"Davis Wendzel","PIT",4.272,13.773,12.5372,2.57928,1.74176,0.525452,0.0168231,0.295244,1.21618,1.34283,0.91061,0.0101583,3.07185,0.197625,0.0994916,0.0280378,0.221644,0.06009,0.0215271,0.20573,0.0661156,0.223034,0.296437,0.268281,0.320973,0.261259,0.589254,0.115243,2.71424,0.2464,,-0.0155454,1.04819,-0.5792,62.6726,-0.0155454,0.02,-0.6248717149719596,0.21777776256203651,0.00523197,999,,,,,,,9.7,2.425,9.7,2.425,,,,,,,,,,,,,,,,,,,"Davis Wendzel","26469",673995
"Tsung-Che Cheng","BOS",6.798,19.144,17.1218,3.6989,2.5704,0.821995,0.063958,0.242547,1.93012,1.41191,1.48151,0.0277689,4.79338,0.126102,0.111655,0.302972,0.327981,0.500952,0.145527,0.216035,0.0773876,0.250385,0.309074,0.281647,0.314013,0.265187,0.59566,0.0979777,5.1174,0.283366,,0.0131959,1.518,-0.744012,63.0254,0.0131959,0,-0.8210775470361114,0.21102291345596313,0.00499804,999,,,,,,,13.2,1.885714285,13.2,1.885714285,,,,,,,,,,,,,,,,,,,"Tsung-Che Cheng","28344",691907
"Yohel Pozo","STL",48.338,170.992,162.816,38.4403,27.0702,7.60519,0.131297,3.63357,14.3792,18.4182,5.78985,0.358846,22.4411,0.88226,1.22845,0.275663,3.4146,0.151764,0.0508911,0.236097,0.0338604,0.131241,0.258002,0.264254,0.351371,0.266567,0.615625,0.115274,1.60034,0.252278,,-0.210875,13.7502,-6.45385,70.3404,-0.210875,0,-6.221724033355713,0.5801886320114136,0.00485068,999,,,,,,,131.6,2.741666666,131.6,2.741666666,,,,,,,,,,,,,,,,,,,"Yohel Pozo","18848",650968
"Tomás Nido","DET",5.962,21.024,19.254,4.15796,3.07741,0.738279,0.0167226,0.325547,1.73847,1.62984,0.953013,0.0346957,5.22479,0.142875,0.148128,0.487422,0.440834,0.0975352,0.0279435,0.215953,0.0453297,0.248515,0.182402,0.25631,0.306758,0.247651,0.563068,0.0908052,2.83348,0.276673,,-0.019258,1.36773,-1.11642,54.8903,-0.019258,0,-1.1370419096201658,0.46003085374832153,0.00476785,999,,,,,,,9.3,1.55,9.3,1.55,,,,,,,,,,,,,,,,,,,"Tomas Nido","13755",621512
"Vidal Bruján","NYM",12.351,38.311,34.9129,7.44167,5.31307,1.58083,0.0857001,0.462073,3.92579,2.89886,2.64998,0.121858,8.19471,0.349802,0.229044,0.169305,0.663765,1.29707,0.457705,0.21315,0.0691702,0.2139,0.323377,0.273754,0.303043,0.256324,0.576798,0.0898937,5.1802,0.263529,,0.017901,2.76212,-1.76462,64.4763,0.017901,-0.1,-1.5951029285788536,0.3447376415133476,0.00248118,999,,,,,,,20.9,1.741666666,20.9,1.741666666,,,,,,,,,,,,,,,,,,,"Vidal Brujan","20536",660644
"Steward Berroa","MIL",5.662,15.773,14.0925,2.81606,1.93788,0.576597,0.0804271,0.221159,1.68351,1.03406,1.31857,0.0201722,4.70617,0.0933517,0.0852893,0.183259,0.187129,0.857347,0.178345,0.199827,0.0835966,0.298369,0.280179,0.271203,0.299236,0.255314,0.570439,0.0994094,6.81241,0.280515,,0.0764529,1.12426,-0.739442,61.2381,0.0764529,0.06,-0.6481727212667465,0.14737654104828835,0.00245298,999,,,,,,,10.6,1.766666666,10.6,1.766666666,,,,,,,,,,,,,,,,,,,"Steward Berroa","22766",672642
"Will Banfield","CIN",8.402,21.775,20.3518,4.05534,2.6991,0.858626,0.0299983,0.467615,1.73047,2.11705,1.02568,0.00228463,6.18747,0.172802,0.176299,0.0483885,0.343265,0.0380594,0.01222,0.199262,0.0471034,0.284155,0.165767,0.241815,0.313328,0.243476,0.555143,0.114067,2.16493,0.258611,,-0.0231079,1.34278,-1.2301,47.494,-0.0231079,0.02,-1.378177622333169,0.6683024950325489,0.00149216,999,,,,,,,8.3,1.0375,8.3,1.0375,,,,,,,,,,,,,,,,,,,"Will Banfield","23790",677943
"César Prieto","STL",12.847,40.97,38.5728,9.26613,6.79747,1.85831,0.0978149,0.512532,3.63257,3.82833,1.55629,0.0699768,6.04125,0.410493,0.270358,0.160054,0.940774,0.369463,0.156132,0.240224,0.037986,0.147455,0.25761,0.275249,0.333335,0.266275,0.608584,0.0931107,3.52357,0.271098,,-0.0474431,3.28485,-1.55607,70.1403,-0.0474431,-0.05,-1.4973678812384605,0.14825616404414177,0.00142933,999,,,,,,,32.6,2.507692307,32.6,2.507692307,,,,,,,,,,,,,,,,,,,"Cesar Prieto","30163",693409
"Nick Morabito","NYM",4.41,11.938,10.992,2.68894,2.06252,0.425494,0.0554223,0.145504,1.36142,0.928467,0.740217,0.0195211,2.89751,0.123706,0.05988,0.0221558,0.232402,0.477204,0.12812,0.244626,0.0620051,0.242713,0.255467,0.298163,0.333131,0.279467,0.631294,0.0885049,5.95434,0.317576,,0.023783,1.08502,-0.32555,80.3303,0.023783,0,-0.2545233853161335,-0.13159170746803284,0.0011321,999,,,,,,,8.8,2.2,8.8,2.2,,,,,,,,,,,,,,,,,,,"Nick Morabito","sa3020418",703492
"Billy Cook","PIT",5.723,17.375,15.93,3.38063,2.22603,0.720873,0.0594365,0.374298,1.74284,1.61153,1.0807,0.0499549,5.00313,0.194862,0.111499,0.0579825,0.192854,0.407166,0.103792,0.212219,0.0621987,0.28795,0.216005,0.26888,0.335423,0.265071,0.604303,0.123204,5.08299,0.281914,,0.016142,1.37608,-0.676905,65.2837,0.016142,0.04,-0.6987689062952995,0.12831790000200272,0.000779568,999,,,,,,,6.7,1.116666666,6.7,1.116666666,,,,,,,,,,,,,,,,,,,"Billy Cook","29573",695257
"Tirso Ornelas","SDP",31.226,92.848,84.6883,19.5478,13.379,4.212,0.0911995,1.86561,9.42224,9.14734,6.78608,0.192002,19.1448,0.578449,0.649029,0.146143,1.90477,0.986987,0.320471,0.230821,0.0730881,0.206195,0.354461,0.290311,0.348797,0.281071,0.639108,0.117977,3.49978,0.27488,,-0.0695154,8.55961,-2.41109,81.8663,-0.0695154,0,-2.0650169104337692,-1.0234568119049072,0.000061568,999,,,,,,,83.3,2.687096774,83.3,2.687096774,,,,,,,,,,,,,,,,,,,"Tirso Ornelas","22566",672359
"Randal Grichuk","NYY",41,157.014,144.753,33.04,20.5259,6.85488,0.318309,5.34086,16.2173,17.9737,9.39731,0.244118,32.9628,1.4966,1.17132,0.195984,2.65425,0.41248,0.137056,0.228251,0.0598502,0.209936,0.285088,0.280159,0.390694,0.290534,0.670853,0.162443,2.70587,0.257378,,-0.179443,15.6814,-2.87098,85.8101,-0.179443,-0.56,-2.8054102957248688,-2.5987516045570374,5.05388e-7,999,,,,,,,137.1,3.343902439,137.1,3.343902439,,,,,,,,,,,,,,,,,,,"Randal Grichuk","10243",545341
"Alek Thomas","ARI",106.484,408.091,375.063,89.101,59.6086,18.6952,2.48959,8.30772,45.3548,40.854,23.8896,0.856448,96.5074,3.42541,2.3644,3.34889,8.37733,7.3067,2.62698,0.237563,0.0585399,0.236485,0.247542,0.28763,0.367135,0.285417,0.654765,0.129572,5.24916,0.296367,,-0.182639,39.0617,-9.1574,80.1207,-0.182639,-1.97,-9.797723665833473,-3.7862476110458374,-0.000683928,999,,,,,,,351,3.311320754,351,3.311320754,,,,,,,,,,,,,,,,,,,"Alek Thomas","23792",677950
"Jared Young","NYM",11.937,36.947,33.2299,7.24747,4.59381,1.53732,0.0519289,1.06441,3.95428,3.81983,2.8569,0.0608669,9.42656,0.495763,0.216116,0.148348,0.60051,0.474195,0.16412,0.218101,0.0773242,0.255137,0.303069,0.288057,0.363584,0.28637,0.651642,0.145484,3.74927,0.269355,,-0.0244292,3.5651,-0.800473,85.0591,-0.0244292,-0.01,-0.6786874309182167,-0.5626388881355524,-0.00123703,999,,,,,,,30.4,2.533333333,30.4,2.533333333,,,,,,,,,,,,,,,,,,,"Jared Young","20404",676724
"Ryan Fitzgerald","LAD",5.163,11.369,10.3193,2.11061,1.31809,0.473428,0.0537581,0.265335,1.22027,1.12888,0.802736,0.0222918,2.92788,0.128912,0.0806022,0.0374209,0.169167,0.120736,0.0531874,0.20453,0.0706074,0.257532,0.27417,0.268476,0.337964,0.266536,0.60644,0.133434,4.54797,0.256049,,-0.0123388,0.913938,-0.429397,68.68,-0.0123388,0,-0.43436335027217865,0.041773222386837006,-0.00146724,999,,,,,,,4.2,0.84,4.2,0.84,,,,,,,,,,,,,,,,,,,"Ryan Fitzgerald","24622",680837
"Orlando Arcia","MIN",35.591,131.615,120.76,26.1496,18.2319,4.84844,0.0823117,2.98699,11.8963,13.0794,8.33766,0.0777529,28.5115,0.658364,0.84555,0.26765,2.90485,0.259155,0.0939643,0.216542,0.0633489,0.216628,0.292431,0.269106,0.33226,0.264787,0.601365,0.115718,1.98273,0.257057,,-0.165885,10.3935,-5.15785,66.1879,-0.165885,0,-5.410942927002907,0.8630974292755127,-0.0018284,999,,,,,,,94.3,2.619444444,94.3,2.619444444,,,,,,,,,,,,,,,,,,,"Orlando Arcia","13185",606115
"Marco Luciano","NYY",6.221,18.145,16.3357,3.03687,1.96823,0.59407,0.0281439,0.446426,1.71833,1.64526,1.59017,0.00905635,6.41349,0.0927507,0.106558,0.0197754,0.256507,0.198159,0.0615074,0.185904,0.0876367,0.353458,0.247941,0.260399,0.3077,0.253639,0.568099,0.121796,3.80563,0.270334,,-0.00960049,1.26865,-0.87532,60.3944,-0.00960049,0,-0.8566055623814464,0.20001102983951569,-0.00328148,999,,,,,,,9.7,1.616666666,9.7,1.616666666,,,,,,,,,,,,,,,,,,,"Marco Luciano","25616",682617
"Luke Williams","ATL",13.925,22.831,21.0778,4.34424,2.91155,0.896199,0.112014,0.42448,2.49856,1.86748,1.38399,0.0167207,6.7342,0.164564,0.143488,0.0611242,0.263848,0.85924,0.237931,0.206105,0.060619,0.294958,0.205517,0.258798,0.319668,0.254812,0.578466,0.113563,6.44348,0.278736,,0.0450776,1.61802,-1.07964,59.6684,0.0450776,0,-1.0462749116122723,0.2516644597053528,-0.00358273,999,,,,,,,9.2,0.657142857,9.2,0.657142857,,,,,,,,,,,,,,,,,,,"Luke Williams","19931",663897
"Sebastián Rivero","LAA",9.205,27.021,25.1481,4.98716,3.39869,1.06747,0.0326305,0.488367,2.07365,2.28874,1.17984,0.00896476,6.56468,0.273339,0.191497,0.228179,0.419102,0.142907,0.0462104,0.198311,0.0436636,0.242947,0.179725,0.240376,0.301613,0.238546,0.541988,0.103301,2.85172,0.246016,,-0.0223138,1.55813,-1.63461,47.6912,-0.0223138,0.01,-1.6882137656211853,0.7202623579651117,-0.00388097,999,,,,,,,8.9,0.988888888,8.9,0.988888888,,,,,,,,,,,,,,,,,,,"Sebastian Rivero","21735",665861
"Joey Wiemer","WSN",32.701,111.928,101.115,20.9228,13.181,4.32087,0.215888,3.20501,11.0874,11.984,8.86993,0.249151,33.1602,1.14102,0.649448,0.152737,1.82547,1.91391,0.599671,0.206921,0.0792467,0.296264,0.267487,0.27675,0.349014,0.275251,0.625764,0.142093,4.17186,0.270918,,-0.0142538,9.78972,-3.43544,74.1611,-0.0142538,0.23,-3.4419891545549035,-0.3340150862932205,-0.00533379,999,,,,,,,87.4,2.648484848,87.4,2.648484848,,,,,,,,,,,,,,,,,,,"Joey Wiemer","27690",686894
"Garrett Hampson","CIN",18.072,55.16,49.5759,10.7476,7.74454,1.94483,0.331291,0.726984,5.69288,3.77128,4.19023,0.0410848,15.0585,0.383128,0.332693,0.678063,0.805147,1.64088,0.460636,0.216792,0.075965,0.272998,0.278262,0.281213,0.313378,0.264884,0.594591,0.0965866,5.79884,0.293663,,0.0584907,4.36024,-2.15734,62.1589,0.0584907,0.06,-2.4154093712568283,0.524814810603857,-0.00566893,999,,,,,,,42.6,2.366666666,42.6,2.366666666,,,,,,,,,,,,,,,,,,,"Garrett Hampson","19262",641658
"LaMonte Wade Jr.","CHW",37.831,122.428,104.228,22.2455,15.0033,3.89013,0.492722,2.85931,12.6618,10.9214,14.927,0.689702,26.5423,1.44148,0.955027,0.876571,1.88164,0.572158,0.217895,0.213431,0.121925,0.2168,0.562384,0.317676,0.342509,0.294564,0.660185,0.129078,3.41001,0.255817,,-0.177353,12.6278,-1.83798,87.2009,-0.177353,0,-2.024202600121498,-2.2491917610168457,-0.00610003,999,,,,,,,108.9,2.865789473,108.9,2.865789473,,,,,,,,,,,,,,,,,,,"LaMonte Wade Jr.","18126",664774
"Leandro Cedeño","SDP",1.461,6.411,5.94077,1.42035,0.958479,0.290732,0.0124738,0.158666,0.635766,0.767806,0.35109,0.0298494,1.73901,0.0658001,0.0452329,0.00810396,0.117267,0.0175453,0.00692232,0.239085,0.0547637,0.271254,0.201891,0.286939,0.372347,0.285959,0.659286,0.133262,2.71052,0.308607,,-0.00820843,0.61647,-0.141039,80.492,-0.00820843,0,-0.1564375553280115,-0.11777997761964798,-0.00623308,999,,,,,,,-0.4,-0.4,-0.4,-0.4,,,,,,,,,,,,,,,,,,,"Leandro Cedeno","sa873307",660681
"Kameron Misner","KCR",13.594,50.268,44.8903,9.21938,5.76128,2.07387,0.2645,1.11973,5.51522,4.65971,4.55481,0.0596892,15.9726,0.366631,0.323806,0.13243,0.610154,1.42826,0.314855,0.205376,0.0906105,0.317749,0.285164,0.282052,0.33819,0.274657,0.620241,0.132814,5.86894,0.288021,,0.0865836,4.3724,-1.56715,70.7278,0.0865836,0.15,-1.6476968377828598,-0.14369753003120422,-0.00626679,999,,,,,,,37.5,2.678571428,37.5,2.678571428,,,,,,,,,,,,,,,,,,,"Kameron Misner","26374",670224
"Jason Delay","BOS",4.218,12.679,11.6938,2.53988,1.90024,0.500534,0.0236064,0.115504,1.03469,1.04116,0.678998,0.00281486,2.79061,0.122696,0.0848011,0.0946849,0.245893,0.0675482,0.0221249,0.217198,0.053553,0.220097,0.243315,0.265619,0.293671,0.249042,0.55929,0.0764725,3.14771,0.273245,,-0.0133696,0.839163,-0.658959,51.9035,-0.0133696,0,-0.7321081729605794,0.23293283581733704,-0.00642367,999,,,,,,,10.7,2.675,10.7,2.675,,,,,,,,,,,,,,,,,,,"Jason Delay","19806",641511
"Vimael Machín","COL",4.918,16.186,14.7693,3.58926,2.59016,0.69865,0.0572453,0.243202,1.59718,1.59721,1.17125,0.0746532,2.9854,0.0861325,0.114515,0.0448487,0.338998,0.145558,0.056753,0.243022,0.072362,0.184443,0.392327,0.300266,0.347479,0.284251,0.647745,0.104457,3.72177,0.287088,,-0.0190371,1.53398,-0.378523,66.6536,-0.0190371,-0.02,-0.658746438100934,0.055895064026117325,-0.0065827,999,,,,,,,13.3,2.66,13.3,2.66,,,,,,,,,,,,,,,,,,,"Vimael Machin","17684",605353
"Taylor Trammell","HOU",12.741,40.753,36.0072,7.37238,4.50564,1.52472,0.143286,1.19872,4.726,3.95202,3.98915,0.0593417,11.9533,0.386538,0.284876,0.0852416,0.519982,0.955534,0.272836,0.204747,0.0978861,0.293312,0.333727,0.288879,0.354925,0.284438,0.643804,0.150177,5.30438,0.266796,,0.0211357,3.86841,-0.946876,81.0577,0.0211357,0.01,-0.8887038435786963,-0.5798610951751471,-0.00674372,999,,,,,,,32.3,2.484615384,32.3,2.484615384,,,,,,,,,,,,,,,,,,,"Taylor Trammell","19960",666211
"Spencer Jones","NYY",9.503,35.9,32.7833,6.8418,4.13794,1.32941,0.130483,1.24397,4.18644,3.73953,2.65524,0.0743809,13.8807,0.261214,0.162383,0.0378209,0.425502,0.932425,0.250752,0.208698,0.073962,0.386648,0.19129,0.272104,0.371045,0.280268,0.643149,0.162347,5.56421,0.314113,,0.0377178,3.2862,-0.955664,78.738,0.0377178,0,-0.8619254045188427,-0.4399537146091461,-0.00677917,999,,,,,,,29.4,2.94,29.4,2.94,,,,,,,,,,,,,,,,,,,"Spencer Jones","sa3019969",682987
"Vinny Capra","BOS",3.803,10.169,9.28915,2.07669,1.50843,0.407666,0.0280331,0.132566,0.940585,0.883335,0.658887,0.0149863,2.28175,0.0962457,0.0692982,0.0554155,0.18733,0.132066,0.0417938,0.223561,0.0647937,0.224383,0.288764,0.280002,0.316296,0.264461,0.596299,0.0927351,4.20334,0.279967,,-0.00554648,0.800341,-0.401205,62.525,-0.00554648,0,-0.4546970156952739,0.03736405074596405,-0.00688896,999,,,,,,,5.2,1.3,5.2,1.3,,,,,,,,,,,,,,,,,,,"Vinny Capra","25040",681962
"Christian Franklin","WSN",5.323,20.86,18.5113,4.16778,3.00115,0.773646,0.0631292,0.329858,2.10788,1.74959,1.91036,0.0156037,5.174,0.250026,0.108088,0.0802351,0.434121,0.418499,0.146432,0.225148,0.0915801,0.248035,0.369223,0.304535,0.32722,0.283163,0.631755,0.102072,4.5034,0.292625,,-0.0102385,1.95852,-0.506254,79.5813,-0.0102385,0,-0.5150578608736396,-0.24643518030643463,-0.00690361,999,,,,,,,12.3,2.46,12.3,2.46,,,,,,,,,,,,,,,,,,,"Christian Franklin","sa3017510",681047
"Chad Wallach","ATH",4.622,12.208,11.1815,2.13608,1.44339,0.386385,0.0162052,0.290097,1.08122,1.12249,0.760454,0.000517619,3.96993,0.122553,0.0701737,0.0610983,0.20734,0.032094,0.0116534,0.191037,0.0622915,0.325191,0.191554,0.248799,0.306325,0.246256,0.555124,0.115288,2.77649,0.264028,,-0.0137082,0.780376,-0.662093,51.3611,-0.0137082,0,-0.7135521220043302,0.22427983582019806,-0.00706905,999,,,,,,,3.2,0.64,3.2,0.64,,,,,,,,,,,,,,,,,,,"Chad Wallach","17161",595453
"Sandy León","ATL",3.735,8.853,7.85208,1.38481,0.930875,0.235777,0.00702984,0.211127,0.756942,0.802562,0.6755,0.0037457,2.98116,0.0854487,0.0522898,0.0817379,0.144033,0.0263442,0.00770358,0.176362,0.0763018,0.33674,0.22659,0.247626,0.288844,0.240615,0.53647,0.112482,2.56047,0.249079,,-0.00903005,0.525364,-0.520687,49.943,-0.00903005,0,-0.5342596266418695,0.16264329850673676,-0.00788572,999,,,,,,,0.6,0.15,0.6,0.15,,,,,,,,,,,,,,,,,,,"Sandy Leon","5273",506702
"Juan Yepez","TOR",8.747,26.24,23.9715,5.61234,3.73303,1.12743,0.0309604,0.720919,2.74098,2.91146,1.76953,0.0356948,4.45364,0.211485,0.235512,0.051973,0.501665,0.137186,0.0394058,0.234125,0.0674362,0.169727,0.397322,0.289955,0.373963,0.28965,0.663917,0.139837,2.94014,0.257004,,-0.0261866,2.60183,-0.498628,84.6766,-0.0261866,0,-0.5000916048884392,-0.48206937313079834,-0.00808503,999,,,,,,,27.9,3.1,27.9,3.1,,,,,,,,,,,,,,,,,,,"Juan Yepez","18400",660766
"Cristian Pache","NYM",2.741,8.619,7.86103,1.55027,1.05245,0.290123,0.0527381,0.154959,0.858104,0.667422,0.618208,0.00103566,2.7105,0.0594893,0.042539,0.0377386,0.139826,0.12953,0.0456209,0.19721,0.0717262,0.314479,0.228079,0.259632,0.306671,0.251848,0.566302,0.109461,5.34457,0.276951,,-0.0041916,0.590083,-0.428318,61.4099,-0.0041916,-0.01,-0.3984007444232702,0.032299378886818886,-0.008118,999,,,,,,,6.2,2.066666666,6.2,2.066666666,,,,,,,,,,,,,,,,,,,"Cristian Pache","19948",665506
"Patrick Wisdom","SEA",1.925,6.941,6.21358,1.12188,0.563242,0.204845,0.0282493,0.325546,0.783859,0.91205,0.598064,0.00388897,2.7103,0.0757811,0.0365308,0.0161841,0.0608469,0.0742143,0.0202401,0.180553,0.086164,0.390477,0.220663,0.25935,0.379791,0.278478,0.639141,0.199238,4.80211,0.247751,,-0.00158699,0.625276,-0.194857,82.9083,-0.00158699,-0.03,-0.14141031098552048,-0.17853393964469433,-0.00829205,999,,,,,,,2.6,1.3,2.6,1.3,,,,,,,,,,,,,,,,,,,"Patrick Wisdom","13602",621550
"Braden Montgomery","CHW",31.742,125.418,114.12,25.5949,16.8989,5.22406,0.389403,3.08261,12.8816,12.1337,8.97704,0.454144,36.2595,1.33396,0.69887,0.287876,2.1928,1.46479,0.510056,0.22428,0.071577,0.289109,0.247578,0.286949,0.357917,0.282382,0.644866,0.133637,4.09879,0.298267,,-0.092551,11.6957,-3.12338,78.8089,-0.092551,0,-3.225014239549637,-1.1756296157836914,-0.00859017,999,,,,,,,103.4,3.23125,103.4,3.23125,,,,,,,,,,,,,,,,,,,"Braden Montgomery","sa3038253",695731
"Jack Winkler","HOU",3.588,6.329,5.83105,1.17039,0.81812,0.243507,0.00613549,0.102627,0.621355,0.499347,0.381217,0.00487371,1.74589,0.0633698,0.035684,0.0176746,0.0914853,0.17957,0.0437079,0.200717,0.0602334,0.275855,0.218351,0.255886,0.297382,0.246032,0.553267,0.0966651,4.95786,0.26573,,0.00971113,0.403418,-0.344402,54.6012,0.00971113,0,-0.3289395133033395,0.023254703730344772,-0.00898825,999,,,,,,,-0.4,-0.1,-0.4,-0.1,,,,,,,,,,,,,,,,,,,"Jack Winkler","29830",676466
"Justin Dean","CHC",15.185,25.085,22.7888,4.63189,3.4947,0.763133,0.0779568,0.296094,2.59732,1.70311,1.79794,0.0010636,7.80497,0.281706,0.134334,0.0822421,0.410585,1.07852,0.270486,0.203253,0.071674,0.311141,0.230359,0.268432,0.282561,0.248459,0.550992,0.0793079,5.93976,0.292523,,0.0681429,1.64839,-1.3156,57.5801,0.0681429,0.03,-1.1930409967899323,0.2643364202231169,-0.0096297,999,,,,,,,15.8,1.053333333,15.8,1.053333333,,,,,,,,,,,,,,,,,,,"Justin Dean","25005",681909
"Oliver Dunn","CHW",4.011,11.625,10.4574,2.04787,1.37499,0.414848,0.0573209,0.20071,1.17716,0.852545,0.931286,0.013842,3.86678,0.12238,0.0601533,0.0537951,0.173148,0.274934,0.0827946,0.19583,0.0801106,0.332626,0.240843,0.268039,0.304042,0.255699,0.572082,0.108213,5.60353,0.286379,,0.00513915,0.83223,-0.541353,60.4278,0.00513915,0,-0.5370558123104274,0.042713843286037445,-0.00964074,999,,,,,,,4.2,1.05,4.2,1.05,,,,,,,,,,,,,,,,,,,"Oliver Dunn","26295",686554
"Sergio Alcántara","WSN",3.711,11.357,10.2297,2.05621,1.53509,0.403227,0.0337831,0.0841105,0.875645,0.815011,0.947851,0.00874046,2.91235,0.0528222,0.0734255,0.0532001,0.21052,0.0685489,0.0273137,0.201004,0.0834597,0.256437,0.325459,0.27043,0.271693,0.245401,0.542123,0.0706888,3.26519,0.269905,,-0.0141583,0.718091,-0.623826,53.7127,-0.0141583,-0.01,-0.6372034167870879,0.1618055459111929,-0.00998035,999,,,,,,,4.2,1.05,4.2,1.05,,,,,,,,,,,,,,,,,,,"Sergio Alcantara","16417",642727
"Ronny Simon","PIT",3.732,11.503,10.4551,2.43845,1.72904,0.513035,0.0464058,0.149968,1.2376,0.945047,0.819925,0.0224602,2.24226,0.0679842,0.0840947,0.075864,0.202655,0.35799,0.111548,0.23323,0.0712792,0.194928,0.36567,0.291093,0.334209,0.275993,0.625302,0.100979,5.2858,0.280899,,0.00878915,1.01303,-0.346137,72.7656,0.00878915,0,-0.36250915843993425,-0.12679673731327057,-0.0109063,999,,,,,,,7.1,1.775,7.1,1.775,,,,,,,,,,,,,,,,,,,"Ronny Simon","25346",682927
"Kristian Robinson","ARI",4.013,13.523,12.148,2.61307,1.74169,0.497688,0.048907,0.324791,1.52733,1.31911,1.16553,0.0297668,4.62955,0.117077,0.0708245,0.0215699,0.211559,0.353834,0.105615,0.215103,0.0861889,0.342346,0.251759,0.288539,0.344332,0.279779,0.632871,0.129229,5.385,0.314996,,0.00774673,1.2325,-0.365346,76.2588,0.00774673,0,-0.3727660486474633,-0.18578703701496124,-0.0111152,999,,,,,,,7.8,1.95,7.8,1.95,,,,,,,,,,,,,,,,,,,"Kristian Robinson","sa3006884",677565
"Michael Siani","LAD",10.296,26.51,23.7107,4.84588,3.55319,0.824266,0.128629,0.339796,3.01857,1.76178,2.09324,0.0517253,6.58942,0.210321,0.151714,0.343984,0.443174,1.01119,0.257765,0.204375,0.0789605,0.248564,0.317667,0.273234,0.292981,0.253769,0.566215,0.0886059,6.22853,0.266109,,0.0583565,1.8563,-1.27606,59.9339,0.0583565,0.05,-1.200513869524002,0.20888887718319893,-0.0112166,999,,,,,,,14.8,1.48,14.8,1.48,,,,,,,,,,,,,,,,,,,"Michael Siani","22557",672279
"Matt Koperniak","STL",9.529,37.484,34.5828,7.97415,5.80557,1.40884,0.0935203,0.66622,3.52104,3.49134,2.20416,0.0460281,7.93313,0.338864,0.232619,0.125578,0.837262,0.368053,0.148722,0.230581,0.0588026,0.21164,0.277842,0.281521,0.334522,0.271471,0.616042,0.10394,3.56896,0.278758,,-0.0421046,3.16347,-1.26555,73.6995,-0.0421046,0,-1.2105401642620564,-0.14705248177051544,-0.0113046,999,,,,,,,28.1,2.81,28.1,2.81,,,,,,,,,,,,,,,,,,,"Matt Koperniak","sa3014834",689288
"MJ Melendez","NYM",26.135,98.151,87.6663,17.6619,10.0504,4.1616,0.129532,3.32037,10.407,10.9858,9.07081,0.270545,27.199,0.638769,0.666934,0.108233,1.21729,1.05884,0.41408,0.201467,0.0924168,0.277114,0.333498,0.279179,0.365519,0.282241,0.644698,0.164052,3.46751,0.248064,,-0.0864677,9.14175,-2.45555,82.2304,-0.0864677,-0.02,-2.153592526912689,-1.2299536652863026,-0.0120768,999,,,,,,,84.5,3.25,84.5,3.25,,,,,,,,,,,,,,,,,,,"MJ Melendez","22197",669004
"Brett Wisely","ATL",14.324,48.146,43.6925,9.30384,6.46502,2.05825,0.0774909,0.703078,4.51087,4.05339,3.32844,0.157775,11.5679,0.35208,0.356194,0.416791,0.723986,0.816038,0.296254,0.212939,0.0691322,0.240267,0.287731,0.272042,0.311868,0.258213,0.583911,0.0989293,4.23002,0.270654,,-0.0240495,3.54503,-2.14379,61.9982,-0.0240495,0.1,-2.1925456803292036,0.46841562539339066,-0.0125129,999,,,,,,,32.5,2.321428571,32.5,2.321428571,,,,,,,,,,,,,,,,,,,"Brett Wisely","27735",689172
"Weston Wilson","BAL",9.085,23.673,21.3495,4.38084,2.78946,0.798835,0.0736158,0.718934,2.6654,2.2797,1.94982,0.0568954,6.77672,0.139745,0.1284,0.105585,0.309043,0.636737,0.191514,0.205197,0.0823647,0.286264,0.287723,0.274549,0.350534,0.274463,0.625083,0.145337,5.20438,0.261898,,0.017085,2.05541,-0.74174,75.0558,0.017085,0,-0.678892882540822,-0.26094576716423035,-0.0127944,999,,,,,,,21.6,2.4,21.6,2.4,,,,,,,,,,,,,,,,,,,"Weston Wilson","19358",642215
"Connor Joe","SEA",10.186,27.774,24.5182,4.99298,3.42297,1.00853,0.150766,0.410715,2.83523,2.22334,2.70926,0.0116934,6.60747,0.354184,0.15011,0.0422638,0.449892,0.38615,0.135801,0.203644,0.0975465,0.237901,0.41003,0.290513,0.307331,0.269837,0.597843,0.103687,4.84817,0.259617,,-0.0211268,2.30714,-0.974569,76.9556,-0.0211268,0,-0.7754816226661205,-0.30615079402923584,-0.0128603,999,,,,,,,14.9,1.49,14.9,1.49,,,,,,,,,,,,,,,,,,,"Connor Joe","16572",656582
"Ji Hwan Bae","NYM",9.73,25.172,22.7173,5.21982,3.85236,1.08695,0.0603317,0.220176,2.79687,1.70976,2.00656,0.066587,6.31468,0.180594,0.134281,0.133219,0.428307,1.15962,0.329772,0.229773,0.0797139,0.250861,0.317761,0.29582,0.312007,0.27135,0.607827,0.0822341,5.57896,0.306411,,0.0574451,2.12193,-0.852331,74.7699,0.0574451,0,-0.6952699571847916,-0.2774691581726074,-0.0138388,999,,,,,,,15.8,1.58,15.8,1.58,,,,,,,,,,,,,,,,,,,"Ji Hwan Bae","23818",678225
"Trey Mancini","LAA",2.925,9.511,8.60787,1.94311,1.33505,0.342034,0.0130664,0.252966,0.921788,0.971958,0.709889,0.0302863,2.43374,0.119968,0.0597505,0.0135194,0.188932,0.0337494,0.0108486,0.225737,0.0746387,0.255887,0.291686,0.291969,0.356671,0.285083,0.64864,0.130934,2.50741,0.28259,,-0.0117848,0.907798,-0.216,79.7488,-0.0117848,0,-0.23879762459546328,-0.2256944328546524,-0.014031,999,,,,,,,5.2,1.733333333,5.2,1.733333333,,,,,,,,,,,,,,,,,,,"Trey Mancini","15149",641820
"Kemp Alderman","MIA",4.023,13.717,12.8027,2.95467,2.01811,0.54515,0.0386942,0.352715,1.38016,1.4485,0.674931,0.00474869,3.80575,0.141253,0.0752795,0.022834,0.273271,0.202173,0.0630869,0.230785,0.049204,0.277448,0.177345,0.275362,0.36206,0.278219,0.637422,0.131276,4.38872,0.298406,,-0.00408036,1.2328,-0.387969,74.8329,-0.00408036,0,-0.4132340019568801,-0.1862499862909317,-0.0146426,999,,,,,,,9.7,2.425,9.7,2.425,,,,,,,,,,,,,,,,,,,"Kemp Alderman","sa3022562",694580
"Ryan Ward","LAD",5.269,17.359,15.9734,3.41322,2.08199,0.666725,0.0603921,0.604114,1.99057,2.06659,1.15747,0.0647968,4.52463,0.0975642,0.110003,0.0205422,0.26753,0.208143,0.0812167,0.213681,0.0666781,0.260651,0.255814,0.269243,0.376442,0.279292,0.645685,0.162761,4.37505,0.25643,,-0.0132333,1.57524,-0.475855,77.4182,-0.0132333,0,-0.47783220559358597,-0.24393518269062042,-0.0147565,999,,,,,,,16.1,3.22,16.1,3.22,,,,,,,,,,,,,,,,,,,"Ryan Ward","sa1169792",669899
"Donovan Solano",,7.006,20.468,18.7231,4.58781,3.35867,0.864934,0.0460033,0.318206,2.01237,1.98368,1.22431,0.00627426,4.58719,0.360015,0.128585,0.0319815,0.43712,0.0352045,0.0123881,0.245035,0.0598158,0.224115,0.266898,0.302022,0.347131,0.287328,0.649153,0.102096,2.56765,0.306146,,-0.0306228,1.99091,-0.427542,82.0873,-0.0306228,0,-0.46395444869995117,-0.37602880597114563,-0.0150663,999,,,,,,,14.9,2.128571428,14.9,2.128571428,,,,,,,,,,,,,,,,,,,"Donovan Solano","8623",456781
"Dominic Fletcher","PIT",5.163,16.166,14.8943,3.3439,2.36706,0.696983,0.0516311,0.228226,1.45996,1.44546,0.863858,0.0266379,3.49948,0.178158,0.115942,0.113747,0.285291,0.136038,0.0517892,0.224509,0.0534367,0.216472,0.246853,0.273227,0.324206,0.263058,0.597433,0.0996975,3.80117,0.27615,,-0.0163306,1.25392,-0.656219,63.9051,-0.0163306,-0.06,-0.707910805940628,0.01967592164874077,-0.0153866,999,,,,,,,7.7,1.54,7.7,1.54,,,,,,,,,,,,,,,,,,,"Dominic Fletcher","26149",666150
"Gabriel Rincones Jr.","PHI",11.752,45.095,40.2962,8.69266,5.57789,1.84849,0.109023,1.15726,4.96,4.54147,3.99285,0.206513,12.1147,0.516724,0.230095,0.0591355,0.696801,1.07013,0.32757,0.215719,0.088543,0.268648,0.329588,0.293149,0.353159,0.284592,0.646308,0.13744,4.91876,0.276484,,0.0146501,4.28622,-1.0421,78.9296,0.0146501,0,-1.1114963591098785,-0.5440740585327148,-0.0158839,999,,,,,,,42.5,3.541666666,42.5,3.541666666,,,,,,,,,,,,,,,,,,,"Gabriel Rincones Jr.","sa3020758",687282
"Rhylan Thomas","SEA",5.7,18.387,16.9975,4.23208,3.29328,0.798979,0.022479,0.117337,1.79835,1.48613,0.966359,0.0421816,1.76669,0.0930084,0.140725,0.189363,0.368963,0.522274,0.174354,0.248982,0.0525567,0.0960837,0.546989,0.290776,0.319342,0.269185,0.610118,0.0703601,4.50756,0.269744,,0.00459748,1.51766,-0.65491,76.5069,0.00459748,-0.02,-0.5045262007042766,-0.28388886526227,-0.0159162,999,,,,,,,13.2,2.2,13.2,2.2,,,,,,,,,,,,,,,,,,,"Rhylan Thomas","31793",689041
"Mark Canha","TEX",27.612,103.528,90.5341,20.3516,14.5197,4.05536,0.232017,1.54451,10.729,8.7511,9.1255,0.122458,20.8915,2.98015,0.718977,0.169249,2.29836,1.15107,0.311585,0.224795,0.0881452,0.201796,0.436804,0.314025,0.325894,0.288481,0.63992,0.101099,3.94268,0.273291,,-0.07235,10.1671,-2.06555,84.6731,-0.07235,-0.03,-1.9425318166613579,-1.7817900460213423,-0.0164781,999,,,,,,,89.3,3.189285714,89.3,3.189285714,,,,,,,,,,,,,,,,,,,"Mark Canha","11445",592192
"Dustin Harris","CHW",15.361,39.14,35.5087,7.93182,5.37698,1.58256,0.160634,0.811641,4.26259,3.42029,2.83354,0.148444,9.08994,0.371203,0.321338,0.1052,0.45477,1.42865,0.374178,0.223377,0.072395,0.232242,0.311723,0.285298,0.345565,0.276676,0.630863,0.122188,5.80995,0.274608,,0.0768234,3.46863,-1.15607,74.878,0.0768234,0,-1.0820789337158203,-0.4314373731613159,-0.0170229,999,,,,,,,34.9,2.326666666,34.9,2.326666666,,,,,,,,,,,,,,,,,,,"Dustin Harris","25705",687957
"Grae Kessinger","NYM",3.881,12.762,11.5415,2.19959,1.52747,0.402615,0.0306683,0.238829,1.16507,1.04867,0.981506,0.0238583,3.36661,0.107114,0.0885955,0.0432926,0.182211,0.181526,0.0585865,0.190581,0.0769085,0.2638,0.291541,0.258533,0.292859,0.246293,0.551392,0.102278,4.10077,0.244342,,-0.00480009,0.816167,-0.691761,57.6046,-0.00480009,0,-0.6460568429902196,0.046891532838344574,-0.0178607,999,,,,,,,2.2,0.55,2.2,0.55,,,,,,,,,,,,,,,,,,,"Grae Kessinger","25813",666197
"Tristin English","ATL",1.947,6.957,6.47996,1.45257,1.02182,0.275088,0.0133244,0.142345,0.644825,0.70704,0.325719,0.00256289,1.60546,0.0907341,0.0489985,0.0115877,0.14211,0.0167632,0.00697008,0.224164,0.0468188,0.230769,0.202882,0.269102,0.336629,0.265909,0.605732,0.112465,2.72571,0.27404,,-0.00897981,0.55572,-0.266303,67.2702,-0.00897981,0,-0.278853096999228,-0.12781083583831787,-0.0179254,999,,,,,,,-0.4,-0.2,-0.4,-0.2,,,,,,,,,,,,,,,,,,,"Tristin English","26148",663536
"Trey Lipscomb","WSN",7.415,22.83,21.3469,4.86722,3.62238,0.89467,0.0488738,0.301297,2.00751,1.98324,1.1626,0.0789292,4.87973,0.128215,0.129143,0.0631122,0.467044,0.435981,0.154578,0.228006,0.0509243,0.213742,0.238251,0.270482,0.316838,0.257833,0.587321,0.0888328,4.20119,0.280203,,-0.00802027,1.67396,-1.02358,62.2295,-0.00802027,-0.03,-1.030026188120246,0.08442900516092777,-0.019034,999,,,,,,,12.9,1.842857142,12.9,1.842857142,,,,,,,,,,,,,,,,,,,"Trey Lipscomb","31567",702358
"Ethan Murray","MIL",3.816,14.908,13.5466,2.71448,1.87377,0.576944,0.0333661,0.230402,1.28228,1.27954,1.04385,0.00124869,4.29404,0.137605,0.0873833,0.0925955,0.267475,0.169589,0.0536485,0.200381,0.0700191,0.288036,0.243092,0.262965,0.298921,0.250999,0.561886,0.0985403,3.79979,0.27269,,-0.00821341,1.01037,-0.751124,58.2819,-0.00821341,0,-0.7453339165076613,0.058888886123895645,-0.0194856,999,,,,,,,8.7,2.175,8.7,2.175,,,,,,,,,,,,,,,,,,,"Ethan Murray","sa3017051",696140
"Nick Sogard","BOS",24.16,89.77,80.6542,18.5386,13.54,3.79569,0.224675,0.97826,8.80645,7.4342,7.53725,0.148673,19.5312,0.628387,0.6271,0.323088,1.52131,1.88301,0.596868,0.229853,0.0839618,0.217569,0.385908,0.298549,0.318873,0.275613,0.617422,0.0890198,4.35502,0.288956,,-0.0101382,7.87808,-2.72894,70.2073,-0.0101382,0,-3.1623336486518383,-0.12427984178066254,-0.0201429,999,,,,,,,74.4,3.1,74.4,3.1,,,,,,,,,,,,,,,,,,,"Nick Sogard","25483",686765
"Tyler Callihan","PIT",21.133,63.237,57.3321,12.5594,8.4699,2.63426,0.208471,1.24677,6.61154,5.43248,4.40595,0.128401,17.657,0.50419,0.359839,0.63489,0.889975,1.67022,0.451166,0.219064,0.0696736,0.279219,0.24953,0.279057,0.337523,0.271543,0.616579,0.118459,5.18155,0.291651,,0.0618006,5.3406,-2.13134,69.7172,0.0618006,-0.16,-2.207861263304949,-0.09477470070123672,-0.0203321,999,,,,,,,52.7,2.509523809,52.7,2.509523809,,,,,,,,,,,,,,,,,,,"Tyler Callihan","27497",682997
"Aaron Schunk","ATL",8.286,21.739,20.3183,4.48335,3.11997,0.914693,0.0968892,0.351803,2.05184,1.99747,1.0581,0.0386178,5.44985,0.145146,0.150926,0.0665144,0.333687,0.223709,0.0922518,0.220656,0.0486727,0.250695,0.194151,0.262388,0.327155,0.257849,0.589543,0.106499,4.32248,0.281679,,-0.0213224,1.59424,-0.974388,61.7491,-0.0213224,0,-1.0068660378456116,0.07987581193447113,-0.020844,999,,,,,,,8.3,1.0375,8.3,1.0375,,,,,,,,,,,,,,,,,,,"Aaron Schunk","25524",668845
"Sterlin Thompson","COL",6.728,26.517,24.194,5.90838,3.99252,1.22258,0.135723,0.557549,2.94986,2.73675,1.73893,0.03753,6.38393,0.394971,0.149821,0.0392407,0.493489,0.422705,0.14191,0.244208,0.0655781,0.240749,0.272392,0.303737,0.375095,0.297516,0.678832,0.130887,4.78168,0.307477,,-0.0137704,2.79864,-0.334553,75.74,-0.0137704,0,-0.776216366328299,-0.3114814758300781,-0.0210222,999,,,,,,,27.9,3.985714285,27.9,3.985714285,,,,,,,,,,,,,,,,,,,"Sterlin Thompson","sa3019999",694514
"Akil Baddoo","MIL",8.501,31.215,27.8936,5.76195,3.65122,1.18527,0.180326,0.745129,3.35479,2.98767,2.90375,0.100585,8.86172,0.150977,0.165797,0.100887,0.37032,0.959539,0.273569,0.206569,0.093024,0.283893,0.327673,0.283366,0.342131,0.275911,0.625497,0.135562,5.72549,0.271877,,0.03627,2.74693,-0.941363,75.3477,0.03627,0.02,-0.8757713176310062,-0.37356482073664665,-0.021568,999,,,,,,,28.8,3.2,28.8,3.2,,,,,,,,,,,,,,,,,,,"Akil Baddoo","22168",668731
"Rece Hinds","CIN",11.422,38.427,35.6545,7.7893,4.54401,1.69244,0.16725,1.3856,4.36411,4.4243,2.16157,0.0919723,13.2004,0.346286,0.222739,0.0418823,0.4329,0.891024,0.266026,0.218466,0.0562513,0.343518,0.163751,0.268259,0.391901,0.284586,0.66016,0.173435,5.4055,0.300766,,0.0233158,3.65223,-0.888214,75.6555,0.0233158,0.12,-1.0854286309331656,-0.4087963178753853,-0.0220739,746.6500244140625,,,,,,,31.9,2.9,31.9,2.9,,,,,,,,,,,,,,,,,,,"Rece Hinds","27493",677956
"Tyler Locklear","ARI",53.353,211.59,190.433,45.1563,29.6875,9.27625,0.569636,5.62291,24.0573,23.9988,15.8316,0.786158,58.3924,3.74831,1.33029,0.24715,3.97407,3.70174,1.1766,0.237125,0.0748219,0.27597,0.271124,0.306309,0.3804,0.300533,0.686708,0.143275,4.61444,0.309465,,-0.0615476,22.8498,-2.15114,90.4758,-0.0615476,-0.09,-2.449995808303356,-4.8055427968502045,-0.022088,999,,,,,,,215,4.056603773,215,4.056603773,,,,,,,,,,,,,,,,,,,"Tyler Locklear","31396",682988
"Heston Kjerstad","BAL",13.158,49.422,45.1231,10.2549,6.78961,2.08224,0.155295,1.22779,5.08391,5.09354,3.04611,0.131021,12.8937,0.839916,0.348362,0.0644885,0.876847,0.252332,0.101063,0.227266,0.0616346,0.260889,0.236248,0.286501,0.361924,0.283749,0.648425,0.134658,3.48339,0.287947,,-0.0605327,4.66365,-1.17594,81.4521,-0.0605327,-0.18,-1.1409403271973133,-0.7891666889190674,-0.023438,999,,,,,,,38.2,2.938461538,38.2,2.938461538,,,,,,,,,,,,,,,,,,,"Heston Kjerstad","31166",677008
"Tristan Peters","CHW",9.973,36.195,32.854,7.24016,4.85245,1.54021,0.189506,0.65799,3.56541,3.14907,2.73418,0.0830603,7.44818,0.247596,0.294953,0.0643062,0.553028,0.495239,0.162931,0.220374,0.0755403,0.205779,0.367094,0.282916,0.338874,0.273609,0.62179,0.1185,4.50674,0.262837,,-0.0188461,3.11752,-1.1592,72.7657,-0.0188461,-0.05,-1.1806630473583937,-0.3065071888267994,-0.024698,999,,,,,,,30.4,3.04,30.4,3.04,,,,,,,,,,,,,,,,,,,"Tristan Peters","30063",671976
"José Barrero","BAL",3.949,9.459,8.7031,1.64064,1.06292,0.293608,0.0308799,0.25323,0.964819,0.855383,0.537843,0.000401062,3.26318,0.140384,0.0550768,0.0225988,0.102826,0.231674,0.061152,0.188512,0.0568604,0.344982,0.164821,0.245736,0.316634,0.248346,0.56237,0.128122,5.67216,0.264683,,0.00980016,0.620697,-0.496956,57.0642,0.00980016,0,-0.46887126937508583,-0.10426586866378784,-0.0253299,999,,,,,,,5.2,1.3,5.2,1.3,,,,,,,,,,,,,,,,,,,"Jose Barrero","23378",676480
"Jhonkensy Noel","BAL",7.464,26.197,24.2042,5.17958,3.11631,0.93843,0.0626222,1.06222,2.79269,3.20097,1.46454,0.0411662,7.65232,0.349705,0.15215,0.026418,0.418015,0.0813154,0.0274215,0.213995,0.0559047,0.292107,0.191385,0.26724,0.389599,0.284159,0.656839,0.175603,3.17457,0.263228,,-0.0272447,2.48077,-0.614607,81.7346,-0.0272447,0,-0.5912105105817318,-0.5759259462356567,-0.0271617,999,,,,,,,19.3,2.757142857,19.3,2.757142857,,,,,,,,,,,,,,,,,,,"Jhonkensy Noel","24257",678877
"Nicky Lopez","COL",10.881,31.37,28.1246,6.9792,5.71837,1.04373,0.193638,0.0234551,3.19838,2.03109,2.35628,0.0457594,4.6172,0.243496,0.188207,0.422914,0.84108,0.661509,0.240872,0.248153,0.0751124,0.147185,0.510327,0.309873,0.301536,0.274754,0.611409,0.0533831,5.17589,0.293837,,-0.0209511,2.7311,-0.975512,60.1475,-0.0209511,0.02,-1.502666275948286,0.18791665509343147,-0.027733,999,,,,,,,22,2,22,2,,,,,,,,,,,,,,,,,,,"Nicky Lopez","19339",670032
"Richie Palacios","TBR",46.942,174.085,154.011,34.7752,24.3165,6.95215,0.55078,2.9557,18.3687,15.0689,16.27,0.49062,33.6841,1.79626,1.18469,0.823241,3.04438,4.68249,1.28162,0.225797,0.0934599,0.193492,0.483016,0.30498,0.335664,0.28514,0.640644,0.109868,4.96994,0.268392,,0.135094,16.6239,-3.94559,80.0835,0.135094,-0.49,-3.9513530880212784,-2.315522313117981,-0.0281515,999,,,,,,,156.9,3.338297872,156.9,3.338297872,,,,,,,,,,,,,,,,,,,"Richie Palacios","24589",680700
"Junior Perez","ATH",12.099,47.705,43.0866,8.71132,5.1861,2.06253,0.122549,1.34014,5.50812,4.31032,3.84418,0.061351,16.9157,0.227369,0.254999,0.291864,0.514081,1.55418,0.380379,0.202182,0.0805823,0.35459,0.227255,0.269606,0.34905,0.271647,0.618656,0.146868,5.69892,0.293839,,0.0943529,4.03289,-1.60383,68.8516,0.0943529,0,-1.6569947749376297,-0.2613981366157532,-0.0282857,999,,,,,,,38.4,3.2,38.4,3.2,,,,,,,,,,,,,,,,,,,"Junior Perez","sa3005744",678577
"A.J. Vukovich","ARI",7.451,28.815,26.7595,6.10317,4.13695,1.15731,0.0957688,0.713137,2.96282,3.18098,1.68833,0.0698922,9.16489,0.173075,0.154316,0.0397408,0.529196,0.271305,0.0940733,0.228074,0.0585922,0.31806,0.184218,0.276785,0.35843,0.276887,0.635215,0.130356,3.96629,0.316394,,-0.0234014,2.55857,-0.846147,74.2776,-0.0234014,0,-0.9018653333187103,-0.344953715801239,-0.02948,999,,,,,,,24.9,3.557142857,24.9,3.557142857,,,,,,,,,,,,,,,,,,,"A.J. Vukovich","sa3014525",691021
"Eloy Jiménez","TOR",7.174,27.439,25.147,6.10947,4.36959,0.99328,0.0091555,0.737443,2.84416,3.01824,1.86474,0.0443376,5.3591,0.189672,0.20466,0.0329017,0.714131,0.0703583,0.0190661,0.24295,0.0679596,0.195309,0.347958,0.297886,0.371153,0.292818,0.669039,0.128203,2.15614,0.278992,,-0.0358528,2.79129,-0.450836,86.8589,-0.0358528,0,-0.4608358070254326,-0.7749691009521484,-0.0298138,999,,,,,,,26.9,3.842857142,26.9,3.842857142,,,,,,,,,,,,,,,,,,,"Eloy Jimenez","17484",650391
"Chadwick Tromp","ATL",13.788,43.09,40.04,8.05907,5.73956,1.53123,0.0216054,0.766672,3.54969,3.97855,2.4551,0.00182702,11.1037,0.251734,0.271751,0.0714313,0.845254,0.0322642,0.0107706,0.201275,0.0569761,0.257687,0.221106,0.250262,0.29804,0.24307,0.548302,0.0967646,1.68773,0.256401,,-0.0537062,2.64299,-2.44843,51.625,-0.0537062,0,-2.5242462530732155,0.7916299104690552,-0.0305916,999,,,,,,,26,1.857142857,26,1.857142857,,,,,,,,,,,,,,,,,,,"Chadwick Tromp","16953",644433
"Kevin Newman","KCR",7.742,26.547,24.5154,5.69334,4.32146,1.07322,0.0722366,0.226415,2.39302,2.17493,1.26927,0.0443444,4.71371,0.143015,0.204569,0.322407,0.551976,0.394219,0.1278,0.232236,0.0478122,0.177561,0.269272,0.271911,0.309613,0.256171,0.581524,0.0773777,4.14435,0.276389,,-0.0110521,1.91066,-1.22607,57.9934,-0.0110521,-0.01,-1.3253858126699924,0.10947530530393124,-0.0309194,999,,,,,,,14.5,1.8125,14.5,1.8125,,,,,,,,,,,,,,,,,,,"Kevin Newman","17696",621028
"Jose Miranda","SDP",10.311,39.58,36.7191,8.36186,5.9002,1.56879,0.0973638,0.795506,3.69219,3.92601,2.03232,0.0523924,7.17716,0.476599,0.296772,0.0551737,0.818223,0.142796,0.0475689,0.227725,0.0513472,0.181333,0.283165,0.275037,0.340746,0.27003,0.615783,0.113021,2.92655,0.26052,,-0.0460895,3.29406,-1.38263,74.3029,-0.0460895,-0.05,-1.251552451401949,-0.36824073269963264,-0.0309963,999,,,,,,,29,2.9,29,2.9,,,,,,,,,,,,,,,,,,,"Jose Miranda","20538",669304
"Scott Kingery","CHC",6.205,14.195,13.0661,2.47091,1.66794,0.46402,0.0459421,0.293006,1.31108,1.14252,0.777542,0.0115834,4.57817,0.0776922,0.0858173,0.177055,0.170582,0.309943,0.0764076,0.189109,0.0547758,0.32252,0.169837,0.237461,0.29893,0.236379,0.536391,0.109821,5.14811,0.26301,,0.0141177,0.793556,-0.883693,49.3045,0.0141177,0,-0.8387833535671234,0.05215681716799736,-0.0321625,999,,,,,,,1.2,0.2,1.2,0.2,,,,,,,,,,,,,,,,,,,"Scott Kingery","17975",664068
"Chas McCormick","CHC",30.216,102.326,91.1835,19.4096,13.6085,2.98892,0.257995,2.55417,11.1393,9.18593,8.06228,0.207892,28.1853,1.34862,0.756209,0.975441,1.44554,3.18828,0.943133,0.212863,0.0787901,0.275446,0.286045,0.284365,0.335336,0.274544,0.6197,0.122472,5.31171,0.275415,,0.100833,8.89115,-3.19946,75.4489,0.100833,0.02,-2.876661792397499,-0.8459788374602795,-0.0325589,999,,,,,,,82.2,2.74,82.2,2.74,,,,,,,,,,,,,,,,,,,"Chas McCormick","19599",676801
"Alika Williams","PIT",14.967,45.228,41.4834,9.4815,7.00598,1.79283,0.131528,0.551161,4.07141,3.78594,2.4605,0.034295,9.68527,0.38908,0.345564,0.549452,0.832705,0.423247,0.157679,0.228561,0.0544022,0.214143,0.254046,0.275996,0.317979,0.262445,0.593975,0.0894181,3.87014,0.282672,,-0.0447598,3.48558,-1.85846,63.4847,-0.0447598,0,-2.0021462589502335,0.16618165373802185,-0.0338877,999,,,,,,,30.6,2.04,30.6,2.04,,,,,,,,,,,,,,,,,,,"Alika Williams","27604",675961
"Wilmer Flores",,53.128,207.195,186.181,43.0193,28.1151,7.44722,0.26667,7.19027,22.0683,24.7647,16.1868,0.119286,37.7569,2.60027,1.793,0.210253,3.34663,0.353961,0.0935625,0.231061,0.0781235,0.182229,0.428711,0.298926,0.389785,0.300969,0.688711,0.158724,2.19752,0.250505,,-0.276369,22.4486,-2.03313,91.4583,-0.276369,-0.06,-2.368107855319977,-4.979259070008993,-0.0342742,999,,,,,,,197.9,3.733962264,197.9,3.733962264,,,,,,,,,,,,,,,,,,,"Wilmer Flores","5827",527038
"Jorge Barrosa","ARI",36.493,126.775,115.373,25.8696,17.6008,6.07278,0.445354,1.75066,12.9648,11.0959,8.73806,0.22758,29.5061,0.99004,0.778238,0.895963,2.18329,2.59874,0.906015,0.224226,0.0689257,0.232744,0.296144,0.282793,0.330104,0.270638,0.612897,0.105878,4.80404,0.284106,,-0.0301957,10.6135,-4.36595,69.9967,-0.0301957,1.11,-4.538324810564518,-0.0163271427154541,-0.0344606,999,,,,,,,99.7,2.769444444,99.7,2.769444444,,,,,,,,,,,,,,,,,,,"Jorge Barrosa","23968",678489
"Dairon Blanco","TEX",7.583,16.052,14.6241,3.16672,2.25204,0.553439,0.0953924,0.265847,2.07813,0.962064,0.915271,0.0157414,4.28002,0.22295,0.0809278,0.208799,0.167733,1.31752,0.349231,0.216542,0.0570191,0.266635,0.213847,0.271722,0.321969,0.262576,0.59369,0.105427,7.86271,0.285544,,0.0982111,1.23879,-0.657882,66.8278,0.0982111,-0.03,-0.529378853738308,-0.3810648303478956,-0.0366238,999,,,,,,,9.6,1.2,9.6,1.2,,,,,,,,,,,,,,,,,,,"Dairon Blanco","19779",680118
"Tim Elko","CHW",5.685,18.675,17.4362,3.91992,2.63935,0.661111,0.0278009,0.591663,1.82687,2.04965,0.977856,0.0152422,6.29636,0.155221,0.0810001,0.0247145,0.353848,0.043732,0.0164173,0.224815,0.0523618,0.337155,0.155305,0.270934,0.367719,0.278179,0.638653,0.142904,2.59409,0.313125,,-0.0227804,1.6778,-0.528797,75.9139,-0.0227804,-0.01,-0.5529304407536983,-0.4486574027687311,-0.0367123,999,,,,,,,20.7,3.45,20.7,3.45,,,,,,,,,,,,,,,,,,,"Tim Elko","31522",671284
"Ben Gamel","ATL",17.597,74.431,65.6194,14.3279,9.56437,2.94725,0.188522,1.62774,7.82498,7.10836,7.58426,0.218314,20.2514,0.522899,0.429743,0.274715,1.2815,0.465799,0.206999,0.218348,0.101897,0.272084,0.374505,0.302537,0.343426,0.286938,0.645963,0.125078,3.46047,0.287529,,-0.10683,7.21632,-1.57828,81.676,-0.10683,-0.3,-1.7233052775263786,-1.1146759390830994,-0.0370007,999,,,,,,,66.9,3.716666666,66.9,3.716666666,,,,,,,,,,,,,,,,,,,"Ben Gamel","12160",592325
"Tyrone Taylor","NYM",75.6,281.335,259.308,57.2965,37.3506,11.8507,2.64244,5.45269,30.9578,24.1555,14.1406,0.434964,64.8582,4.77156,1.8834,1.23106,3.12008,7.54161,1.90661,0.220959,0.0502624,0.230537,0.218023,0.272072,0.350124,0.271801,0.622197,0.129165,6.5852,0.271603,,0.358975,23.8188,-9.42313,75.0787,0.358975,0.53,-7.9507977068424225,-1.773418664932251,-0.0372554,999,,,,,,,225.7,2.969736842,225.7,2.969736842,,,,,,,,,,,,,,,,,,,"Tyrone Taylor","13675",621438
"José Azocar","ATL",5.457,13.106,12.1832,2.82368,2.14967,0.466352,0.101009,0.10665,1.43404,0.879281,0.604549,0.017888,2.97429,0.103245,0.089045,0.126011,0.193869,0.538063,0.182383,0.231769,0.0461276,0.226941,0.203258,0.27207,0.312891,0.257542,0.584961,0.081122,6.65488,0.29561,,0.0141777,0.957872,-0.590703,61.5389,0.0141777,0.03,-0.5832511363551021,-0.22263887710869312,-0.0378403,999,,,,,,,9.7,1.94,9.7,1.94,,,,,,,,,,,,,,,,,,,"Jose Azocar","18821",640492
"Niko Kavadas","LAA",7.487,22.392,19.6189,3.59461,2.04272,0.731569,0.0425227,0.777795,2.18298,2.48261,2.25495,0.0498547,8.58762,0.361183,0.137488,0.0194751,0.242569,0.0435019,0.0168635,0.183222,0.100703,0.383513,0.262581,0.277606,0.343781,0.275778,0.621387,0.160559,2.69686,0.271083,,-0.0286326,1.96809,-0.677696,73.3391,-0.0286326,0,-0.7322562262415886,-0.41137567162513733,-0.038156,999,,,,,,,20.7,2.957142857,20.7,2.957142857,,,,,,,,,,,,,,,,,,,"Niko Kavadas","29782",694359
"Wade Meckler","LAA",19.473,58.969,53.2459,12.7287,9.63174,2.40112,0.259919,0.435906,5.78794,4.40956,4.88681,0.115037,12.3362,0.324593,0.351822,0.159846,1.31743,0.855821,0.279601,0.239055,0.0828708,0.209197,0.396137,0.305056,0.318473,0.278378,0.623529,0.079418,4.47613,0.301104,,-0.0405673,5.3074,-1.66024,75.1298,-0.0405673,0,-1.769089873880148,-0.6500110626220703,-0.0398491,999,,,,,,,42.5,2.236842105,42.5,2.236842105,,,,,,,,,,,,,,,,,,,"Wade Meckler","31490",685133
"Zach Dezenzo","HOU",30.05,114.862,104.955,23.595,15.6577,4.60684,0.13461,3.19589,12.3832,11.9636,8.14066,0.0487578,35.2247,0.962523,0.645352,0.158189,1.7787,1.50164,0.439117,0.22481,0.0708734,0.30667,0.231107,0.285067,0.362619,0.284323,0.647685,0.137809,3.82062,0.303649,,-0.0426392,10.8924,-2.67945,80.9788,-0.0426392,-0.29,-2.6176997795701027,-1.7474514544010162,-0.042131,999,,,,,,,102.9,3.43,102.9,3.43,,,,,,,,,,,,,,,,,,,"Zach Dezenzo","31562",701305
"Mason McCoy","SDP",22.177,65.626,60.1146,11.5421,8.04077,2.22619,0.344384,0.930739,6.16259,4.50289,4.18693,0.0770226,20.8166,0.375096,0.406094,0.543293,0.841619,1.57109,0.460299,0.192001,0.0637999,0.317201,0.201134,0.247441,0.28694,0.237473,0.53438,0.0949383,5.68541,0.273676,,0.0430263,3.72702,-4.02719,52.0001,0.0430263,0.06,-3.690421774983406,1.0867130123078823,-0.0430036,999,,,,,,,38.2,1.736363636,38.2,1.736363636,,,,,,,,,,,,,,,,,,,"Mason McCoy","22232",669200
"Pedro León","PHI",11.863,44.202,40.2371,8.16821,5.37517,1.57465,0.0745568,1.14384,4.63392,4.06483,2.76342,0.0627218,13.9351,0.682641,0.231644,0.287236,0.66357,1.17794,0.345475,0.203002,0.0625181,0.31526,0.198306,0.264473,0.331125,0.262783,0.595598,0.128122,5.07907,0.276662,,0.0362895,3.41864,-1.80416,63.9893,0.0362895,-0.02,-1.850256148725748,-0.08102366700768471,-0.0471322,999,,,,,,,33.9,2.825,33.9,2.825,,,,,,,,,,,,,,,,,,,"Pedro Leon","27781",694175
"Abraham Toro","KCR",12.626,37.673,34.392,7.93475,5.32735,1.6471,0.139866,0.820432,3.81672,4.02117,2.44981,0.0643903,7.28388,0.438909,0.31389,0.0783643,0.675201,0.380146,0.127111,0.230715,0.0650282,0.193345,0.336333,0.287899,0.358306,0.283041,0.646205,0.127591,3.99749,0.267439,,-0.0298395,3.5333,-0.918051,76.5032,-0.0298395,0,-1.0731472112238407,-0.6921112537384033,-0.0479452,999,,,,,,,32,2.461538461,32,2.461538461,,,,,,,,,,,,,,,,,,,"Abraham Toro","19844",647351
"Joey Meneses","ATH",15.233,46.977,43.4771,10.6881,7.48649,2.24,0.0378066,0.923798,4.70326,4.82978,2.68735,0.123672,9.19575,0.368968,0.387266,0.0563145,1.03021,0.112818,0.0326539,0.245833,0.0572056,0.19575,0.292238,0.292929,0.362837,0.286166,0.655765,0.117004,2.45587,0.289357,,-0.0595924,4.52512,-1.02558,78.8534,-0.0595924,0,-1.2304363399744034,-0.8630401492118835,-0.0487626,999,,,,,,,42.8,2.853333333,42.8,2.853333333,,,,,,,,,,,,,,,,,,,"Joey Meneses","14366",608841
"Johnathan Rodríguez","CLE",44.839,164.608,149.586,35.2604,23.9781,6.64469,0.312042,4.3256,17.1502,17.5615,12.798,0.608875,46.8762,1.20953,0.81425,0.200475,3.50431,0.889423,0.333614,0.235721,0.0777483,0.284775,0.273017,0.29967,0.371065,0.293572,0.670735,0.135344,3.08295,0.311849,,-0.205486,16.8459,-2.60383,87.9592,-0.205486,-1.23,-2.541527032852173,-3.6252458095550537,-0.0512824,999,,,,,,,147.8,3.284444444,147.8,3.284444444,,,,,,,,,,,,,,,,,,,"Johnathan Rodriguez","22530",671286
"Tyler Black","MIL",11.305,37.356,32.9687,7.07421,4.77483,1.41525,0.221437,0.662691,4.04443,3.27942,3.62834,0.100784,9.53849,0.509818,0.19364,0.0554978,0.550324,1.23463,0.348062,0.214573,0.0971286,0.25534,0.380389,0.300595,0.331235,0.282089,0.631831,0.116662,5.80108,0.279233,,0.0462133,3.47472,-0.939175,79.5801,0.0462133,-0.02,-0.8578708358108997,-0.892299372702837,-0.0519059,999,,,,,,,35.4,3.218181818,35.4,3.218181818,,,,,,,,,,,,,,,,,,,"Tyler Black","29949",672012
"Will Brennan","SFG",26.747,100.129,93.192,23.4143,17.175,4.69016,0.30578,1.24333,10.375,9.13947,5.17189,0.331291,14.4338,0.932013,0.672546,0.16052,1.94618,1.78407,0.602732,0.251248,0.0516523,0.144152,0.358318,0.295275,0.348163,0.281672,0.643437,0.0969149,4.5929,0.283562,,-0.0415087,9.27976,-2.55126,80.9332,-0.0415087,-0.2,-2.304232869297266,-1.535407617688179,-0.0520079,999,,,,,,,78.7,2.914814814,78.7,2.914814814,,,,,,,,,,,,,,,,,,,"Will Brennan","25660",686823
"Carlos Cortes","ATH",42.525,150.869,137.367,30.9825,18.9,7.33142,0.352227,4.39885,15.8396,16.6235,11.0529,0.225493,32.5313,0.93226,1.32022,0.196669,2.41236,0.545482,0.213257,0.225545,0.0732616,0.215626,0.339762,0.285173,0.380112,0.289381,0.665285,0.154567,2.92347,0.261246,,-0.180641,14.9265,-2.89986,81.0682,-0.180641,-0.21,-3.5470405369997025,-2.178749993443489,-0.0545453,999,,,,,,,132.4,3.079069767,132.4,3.079069767,,,,,,,,,,,,,,,,,,,"Carlos Cortes","21842",666126
"Miguel Andujar","SDP",89.9,353.711,330.952,86.2481,63.4429,13.889,1.44759,7.46867,37.172,37.2737,17.6588,1.0561,52.1854,1.89354,2.74702,0.459416,7.98987,2.5132,0.779804,0.260606,0.0499244,0.147537,0.338386,0.299505,0.379022,0.29452,0.678527,0.118416,3.6551,0.287469,,-0.357639,36.4709,-5.32279,91.0797,-0.357639,-0.13,-4.0971976816654205,-8.209248423576355,-0.0550845,741.9099731445312,,,,,,,325.6,3.617777777,325.6,3.617777777,,,,,,,,,,,,,,,,,,,"Miguel Andujar","15878",609280
"Eric Wagaman","MIN",29.929,116.958,108.062,25.9294,17.2371,5.90656,0.212029,2.57375,12.0319,12.1822,7.29994,0.089984,22.8805,0.548318,0.912458,0.135395,2.12935,1.11717,0.361073,0.239949,0.062415,0.19563,0.319046,0.289136,0.369985,0.287546,0.659121,0.130036,3.67342,0.279641,,-0.0894425,11.3971,-2.42235,81.8652,-0.0894425,-0.09,-2.5892932265996933,-1.9952026307582855,-0.0571918,999,,,,,,,109.1,3.636666666,109.1,3.636666666,,,,,,,,,,,,,,,,,,,"Eric Wagaman","23395",676572
"Grant McCray","SFG",22.16,65.817,60.2408,12.5848,8.30459,2.68498,0.314927,1.28031,7.27065,5.38193,4.51323,0.0345105,21.5915,0.458349,0.368387,0.23624,0.877105,2.15429,0.531401,0.208908,0.0685724,0.328054,0.209028,0.267706,0.327694,0.26279,0.595401,0.118786,6.22213,0.299557,,0.125823,5.09078,-2.686,67.9984,0.125823,0.06,-2.370519295334816,-0.379682544618845,-0.0573415,999,,,,,,,46.9,2.131818181,46.9,2.131818181,,,,,,,,,,,,,,,,,,,"Grant McCray","25690",687529
"Nick Allen","HOU",36.908,134.401,122.096,26.9171,21.0541,4.84628,0.155789,0.860975,12.6534,8.38451,8.90753,0.0879681,27.7839,0.765316,0.764545,1.8681,2.64574,3.25032,1.00906,0.22046,0.0662758,0.206724,0.3206,0.276082,0.283859,0.251409,0.559941,0.0633994,4.44498,0.27656,,0.0345672,9.15361,-6.7269,58.3052,0.0345672,0.49,-6.570188160985708,1.3759945034980774,-0.0581473,999,,,,,,,86,2.324324324,86,2.324324324,,,,,,,,,,,,,,,,,,,"Nick Allen","22277",669397
"Bryan De La Cruz","PHI",12.403,43.606,40.4691,9.17951,6.19277,1.7457,0.0819506,1.1591,4.27769,4.85695,2.52062,0.0239785,11.7801,0.22358,0.34614,0.046584,0.704306,0.29657,0.10757,0.226828,0.0578045,0.270148,0.213973,0.273735,0.359939,0.27631,0.633673,0.133111,3.3118,0.287717,,-0.0435785,3.85147,-1.30092,73.2559,-0.0435785,-0.04,-1.425768580287695,-0.6142129674553871,-0.0602825,999,,,,,,,34.6,2.883333333,34.6,2.883333333,,,,,,,,,,,,,,,,,,,"Bryan De La Cruz","19600",650559
"Kris Bryant","COL",16.893,67.385,59.9149,14.8998,9.90408,2.96043,0.173312,1.862,7.45575,7.86698,5.75955,0.0187728,16.2682,1.09841,0.53193,0.0802497,1.17256,0.12309,0.0345875,0.248683,0.0854723,0.241422,0.354038,0.323273,0.397112,0.316217,0.720384,0.148428,2.78015,0.308102,,-0.10008,8.13502,0.172962,88.5507,-0.10008,0,-1.0144789665937424,-1.8248610496520996,-0.061124,999,,,,,,,72.5,4.264705882,72.5,4.264705882,,,,,,,,,,,,,,,,,,,"Kris Bryant","15429",592178
"Myles Straw","TOR",47.409,158.434,142.666,32.8391,25.3168,6.17736,0.435493,0.909363,16.1917,10.0439,11.5148,0.426828,29.9864,0.608001,1.19277,2.452,2.68693,6.14003,1.346,0.230181,0.0726791,0.189268,0.384002,0.288251,0.298707,0.261788,0.586958,0.0685266,5.3969,0.282655,,0.432447,12.1255,-6.59469,65.4833,0.432447,1.12,-6.012961685657501,-0.06184828281402588,-0.0636147,999,,,,,,,116.2,2.472340425,116.2,2.472340425,,,,,,,,,,,,,,,,,,,"Myles Straw","17620",664702
"Ryan Kreidler","MIN",23.566,82.633,74.0701,14.0323,9.40989,3.16248,0.131088,1.3288,7.87932,6.24069,6.72833,0.00350364,25.8282,0.959983,0.519555,0.355027,1.10093,2.0019,0.62234,0.189446,0.0814242,0.312565,0.260503,0.26399,0.2895,0.249422,0.553491,0.100055,4.78728,0.267821,,0.0326676,5.49456,-4.26916,55.6033,0.0326676,-0.01,-4.291247837245464,0.790080239996314,-0.0672269,999,,,,,,,47.5,1.979166666,47.5,1.979166666,,,,,,,,,,,,,,,,,,,"Ryan Kreidler","25867",668952
"Orelvis Martinez","WSN",19.375,76.852,70.0574,14.0297,8.20944,3.27944,0.16228,2.37857,6.73184,9.08619,5.30096,0.233762,22.2768,0.871111,0.543679,0.0788676,0.989549,0.181591,0.0643433,0.20026,0.0689762,0.289866,0.237959,0.263136,0.353559,0.268959,0.616695,0.153299,2.43813,0.253585,,-0.0834303,6.32922,-2.75144,69.8509,-0.0834303,-0.09,-2.829579569399357,-0.3889969289302826,-0.0676994,999,,,,,,,53.9,2.836842105,53.9,2.836842105,,,,,,,,,,,,,,,,,,,"Orelvis Martinez","25967",682619
"Tyler Wade","TEX",19.749,58.173,51.9105,10.8382,8.53369,1.83674,0.219832,0.247972,5.88002,2.79727,4.52283,0.101656,14.4355,0.459956,0.329127,0.935607,1.00974,2.51346,0.734424,0.208787,0.0777479,0.248148,0.313313,0.276483,0.26697,0.246365,0.543453,0.0581832,6.05636,0.281984,,0.113373,3.72377,-3.14982,55.6611,0.113373,-0.14,-2.926666684448719,0.25184522569179535,-0.0688155,999,,,,,,,33.3,1.665,33.3,1.665,,,,,,,,,,,,,,,,,,,"Tyler Wade","15730",642180
"DaShawn Keirsey Jr.","ATL",13.878,26.675,24.6734,5.19043,3.69539,1.01398,0.07852,0.402549,2.81651,2.10309,1.5221,0.0258222,7.53194,0.257718,0.160856,0.060924,0.397693,1.02279,0.288293,0.210366,0.0570609,0.28236,0.202086,0.261901,0.306772,0.251826,0.568673,0.0964061,5.86968,0.283311,,0.0505213,1.82579,-1.32607,57.6233,0.0505213,0,-1.2892362400889397,-0.2940365970134735,-0.0711879,999,,,,,,,13.8,0.985714285,13.8,0.985714285,,,,,,,,,,,,,,,,,,,"DaShawn Keirsey Jr.","24496",680577
"Yanquiel Fernández","NYY",22.794,76.673,71.017,15.6506,10.2668,3.10857,0.165451,2.10975,7.26578,8.23647,4.65451,0.377963,17.5496,0.417305,0.483817,0.100367,1.46347,0.140553,0.0502078,0.220378,0.060706,0.228889,0.26522,0.270624,0.357933,0.272596,0.628558,0.137555,2.46363,0.261198,,-0.0912161,6.54086,-2.51865,73.453,-0.0912161,0,-2.490216463804245,-0.8451609015464783,-0.0712522,999,,,,,,,61.1,2.656521739,61.1,2.656521739,,,,,,,,,,,,,,,,,,,"Yanquiel Fernandez","28552",692585
"Michael Toglia","CIN",20.03,66.359,59.5701,12.1455,6.87598,2.34084,0.146688,2.78196,7.27405,8.30851,5.97519,0.247468,22.8422,0.343583,0.415282,0.054824,0.814015,0.62992,0.199833,0.203885,0.0900434,0.344221,0.261586,0.278478,0.388208,0.289254,0.666686,0.184322,3.86084,0.272502,,-0.0413249,6.55849,-1.28234,78.8533,-0.0413249,0,-1.7044916115701199,-1.2191174030303955,-0.0732383,999,,,,,,,61.1,3.055,61.1,3.055,,,,,,,,,,,,,,,,,,,"Michael Toglia","25845",669911
"Justin Foscue","TEX",12.24,42.921,38.9179,8.30072,5.25042,1.93455,0.0760961,1.03965,4.22904,4.2863,3.0841,0.025444,8.10602,0.55548,0.292302,0.0712121,0.677022,0.413147,0.142333,0.213288,0.0718553,0.188859,0.380471,0.278655,0.347049,0.275775,0.625703,0.133761,3.69555,0.241516,,-0.0341793,3.77233,-1.29912,75.9205,-0.0341793,-0.01,-1.2523000352084637,-0.9544444177299738,-0.0746342,999,,,,,,,33,2.75,33,2.75,,,,,,,,,,,,,,,,,,,"Justin Foscue","27501",679822
"Oswaldo Cabrera","NYY",40.907,155.248,140.578,31.0047,21.3679,6.11592,0.302466,3.21842,15.6565,13.6929,11.2549,0.302158,33.328,1.02109,1.09896,1.29522,2.84006,2.6182,0.758966,0.220552,0.0724962,0.214676,0.337701,0.28113,0.337043,0.272433,0.618173,0.116491,4.28647,0.264303,,-0.00728141,13.2235,-5.1203,73.3408,-0.00728141,-0.11,-4.885319820605218,-1.2322771400213242,-0.0792117,999,,,,,,,117.1,2.85609756,117.1,2.85609756,,,,,,,,,,,,,,,,,,,"Oswaldo Cabrera","21707",665828
"Matt Mervis","WSN",10.281,37.578,34.2125,6.88408,4.11541,1.39431,0.0474161,1.32695,3.45935,4.55876,2.63973,0.0833405,11.3674,0.427545,0.264671,0.0335957,0.509606,0.198576,0.0553,0.201216,0.0702467,0.302502,0.232219,0.265056,0.361099,0.273142,0.626155,0.159883,2.73452,0.255116,,-0.0297987,3.2224,-1.21773,72.7165,-0.0297987,-0.04,-1.244941582903266,-0.8332870379090309,-0.0847147,999,,,,,,,26.5,2.65,26.5,2.65,,,,,,,,,,,,,,,,,,,"Matt Mervis","27845",670223
"Tyler Tolbert","KCR",57.224,130.738,119.321,25.8978,18.5298,5.32362,0.543374,1.501,14.6005,8.45015,7.13162,0.142549,34.3263,1.40898,0.764415,2.11181,1.86822,7.81327,1.42697,0.217043,0.0545489,0.262558,0.20776,0.26774,0.308505,0.25517,0.576246,0.0914622,7.04731,0.289548,,0.800515,9.30342,-6.14428,57.3044,0.800515,0.05,-5.778448522090912,0.41362376883625984,-0.0885039,999,,,,,,,102,1.789473684,102,1.789473684,,,,,,,,,,,,,,,,,,,"Tyler Tolbert","25779",686475
"George Valera","CLE",88.883,343.039,305.809,67.2729,43.9219,12.3393,0.962294,10.0495,36.7367,36.411,31.9881,0.40033,91.812,2.57333,2.12746,0.540591,6.3401,2.32375,0.789277,0.219983,0.0932493,0.267643,0.348409,0.297328,0.365211,0.292038,0.662539,0.145228,3.55618,0.277682,,-0.37395,34.679,-5.85367,86.9022,-0.37395,-0.82,-5.6695535480976105,-7.045186340808868,-0.092889,746.27001953125,,,,,,,309.7,3.47977528,309.7,3.47977528,,,,,,,,,,,,,,,,,,,"George Valera","22541",671655
"Tristan Gray","MIN",21.016,75.603,69.4295,13.8613,8.7362,3.0109,0.260676,1.8535,6.78594,7.44989,4.73083,0.184616,21.9604,0.654977,0.579748,0.207917,0.983049,0.273111,0.104199,0.199645,0.0625747,0.29047,0.215425,0.255283,0.330609,0.256405,0.585892,0.130964,3.14969,0.259935,,-0.0800591,5.45578,-3.4773,60.4139,-0.0800591,-0.13,-3.607456296682358,0.050178319215774536,-0.0977233,999,,,,,,,54.9,2.614285714,54.9,2.614285714,,,,,,,,,,,,,,,,,,,"Tristan Gray","19877",656484
"John Rave","KCR",31.774,109.631,98.4622,20.9724,14.0193,4.0793,0.683714,2.19011,11.7405,9.45256,8.98931,0.209909,29.5642,0.575012,0.646867,0.957605,1.76291,2.42501,0.791936,0.213,0.0819961,0.26967,0.304061,0.280996,0.335047,0.272067,0.616043,0.122048,5.41621,0.278856,,0.00638435,9.30537,-3.64837,68.9437,0.00638435,0.71,-4.006494546774775,-0.7610185742378235,-0.101718,999,,,,,,,86.7,2.709375,86.7,2.709375,,,,,,,,,,,,,,,,,,,"John Rave","26284",670231
"Zac Veen","COL",33.01,121.976,110.918,26.6331,17.9091,5.47236,0.656072,2.59556,14.3178,11.7817,8.69522,0.244208,30.1355,0.904683,0.789611,0.668921,1.98399,4.2218,1.19285,0.240116,0.0712863,0.247061,0.288537,0.298688,0.371486,0.293063,0.670174,0.13137,6.00757,0.304365,,0.175873,12.4325,-1.97993,72.6895,0.175873,0.24,-3.7723241299390793,-1.288240686058998,-0.102557,742.3400268554688,,,,,,,123.4,3.739393939,123.4,3.739393939,,,,,,,,,,,,,,,,,,,"Zac Veen","27770",691728
"Rowdy Tellez",,59.257,224.116,203.021,44.5335,26.9693,7.6157,0.184655,9.76387,23.7918,30.063,17.4666,1.00274,55.8666,1.84401,1.587,0.1971,3.7949,0.444879,0.152652,0.219354,0.0779357,0.249276,0.312649,0.285122,0.402963,0.297126,0.688085,0.18361,2.15429,0.250181,,-0.272443,23.5825,-2.89855,88.818,-0.272443,-0.11,-3.2343873977661133,-5.35967718064785,-0.103235,999,,,,,,,223.2,3.783050847,223.2,3.783050847,,,,,,,,,,,,,,,,,,,"Rowdy Tellez","15679",642133
"Matthew Lugo","LAA",15.527,53.853,50.1416,10.8586,6.94779,2.32058,0.207469,1.38272,5.51335,5.07215,2.76609,0.0565817,16.9816,0.518412,0.282524,0.144335,0.671918,1.157,0.333403,0.216558,0.0513637,0.315332,0.162888,0.263329,0.353842,0.268952,0.617171,0.137285,5.2487,0.295567,,0.0276892,4.43482,-1.92833,68.6368,0.0276892,-0.19,-1.9629975948482752,-0.9088426232337952,-0.104186,999,,,,,,,40.7,2.54375,40.7,2.54375,,,,,,,,,,,,,,,,,,,"Matthew Lugo","25980",683090
"Yohandy Morales","WSN",14.762,57.961,53.2397,12.13,8.48538,2.37231,0.166934,1.10536,5.32011,5.66716,3.82962,0.103821,17.4606,0.494364,0.300623,0.0966773,1.14041,0.378717,0.154437,0.227837,0.0660723,0.301247,0.21933,0.284354,0.340953,0.275404,0.625307,0.113116,3.40542,0.315219,,-0.0713793,5.07671,-1.77183,74.2657,-0.0713793,0,-1.8392197638750076,-1.1390432119369507,-0.107417,999,,,,,,,41.4,2.76,41.4,2.76,,,,,,,,,,,,,,,,,,,"Yohandy Morales","sa3022672",691002
"Ildemaro Vargas","ARI",26.02,99.263,91.7499,21.1454,15.8255,4.00186,0.504019,0.814042,9.26558,8.18297,4.99871,0.126469,12.9136,0.661589,0.696893,1.15589,2.52677,1.09181,0.381229,0.230468,0.0503583,0.130095,0.387089,0.273229,0.311689,0.257996,0.584919,0.081221,4.4282,0.258278,,-0.0787653,7.29136,-4.43733,61.3364,-0.0787653,-0.02,-4.627424173057079,0.2579914443194866,-0.10916,999,,,,,,,72.2,2.776923076,72.2,2.776923076,,,,,,,,,,,,,,,,,,,"Ildemaro Vargas","13324",545121
"Robert Hassell III","WSN",69.841,263.911,242.196,57.4138,42.1896,10.593,0.518871,4.11228,25.178,24.0292,17.7091,0.742413,64.5795,1.44876,1.53763,1.01974,5.45527,5.48008,1.57402,0.237055,0.0671025,0.244702,0.274222,0.291267,0.336015,0.276443,0.627283,0.0989598,4.30989,0.304508,,0.051333,23.3382,-7.84492,74.9775,0.051333,-0.73,-7.775433983653784,-2.084150552749634,-0.110416,999,,,,,,,213.3,3.047142857,213.3,3.047142857,,,,,,,,,,,,,,,,,,,"Robert Hassell III","27482",690987
"Paul Goldschmidt","NYY",88.716,361.561,330.532,78.905,52.6023,16.6257,0.567136,9.10989,38.398,37.3775,25.7533,0.837516,82.1682,1.86892,2.42886,0.500975,6.35166,4.5233,1.1957,0.238721,0.0712281,0.22726,0.313422,0.29543,0.375136,0.292619,0.670566,0.136415,3.94121,0.288788,,-0.109086,36.7221,-5.99907,87.2463,-0.109086,-0.29,-5.543957561254501,-7.981707125902176,-0.110633,742.1099853515625,,,,,,,341.7,3.839325842,341.7,3.839325842,,,,,,,,,,,,,,,,,,,"Paul Goldschmidt","9218",502671
"Warming Bernabel","WSN",32.654,103.703,97.3393,23.798,16.4239,4.95367,0.240173,2.1802,9.86692,11.229,4.59007,0.143628,17.0531,0.809881,0.84122,0.122523,1.79563,1.20344,0.317721,0.244485,0.0442617,0.164442,0.269163,0.281886,0.367504,0.282068,0.64939,0.123019,3.82158,0.273826,,-0.03255,9.64431,-2.609,78.831,-0.03255,0,-2.6344166733324528,-1.9051845073699951,-0.111457,999,,,,,,,90.6,2.745454545,90.6,2.745454545,,,,,,,,,,,,,,,,,,,"Warming Bernabel","26536",682653
"Nate Eaton","BOS",24.102,81.322,74.7764,16.5422,11.4051,3.28217,0.332295,1.52264,8.5783,6.99437,4.60311,0.104088,20.7544,0.853225,0.551165,0.538054,1.14351,2.9169,0.687347,0.221222,0.0566036,0.255212,0.22179,0.272313,0.335091,0.266844,0.607404,0.113869,5.96673,0.283118,,0.191274,6.55772,-3.0511,64.1667,0.191274,0.3,-3.2432526648044586,-0.6505246162414551,-0.112012,999,,,,,,,68.6,2.858333333,68.6,2.858333333,,,,,,,,,,,,,,,,,,,"Nate Eaton","25055",681987
"Christian Encarnacion-Strand","CIN",25.671,89.285,82.8987,19.9292,12.3887,3.89612,0.232271,3.41215,9.57025,11.4018,4.53498,0.134657,23.3656,1.09841,0.644586,0.108323,1.30913,0.474244,0.144364,0.240405,0.0507922,0.261696,0.194088,0.286651,0.416488,0.302841,0.70314,0.176084,3.4087,0.29097,,-0.082358,9.80925,-0.740463,88.1606,-0.082358,0,-1.3352226689457893,-2.773101806640625,-0.11641,999,,,,,,,86.8,3.338461538,86.8,3.338461538,,,,,,,,,,,,,,,,,,,"Christian Encarnacion-Strand","30011",687952
"Deyvison De Los Santos","MIA",20.229,81.654,76.1607,18.0489,12.5314,3.2285,0.209841,2.07922,7.92714,8.95687,4.30572,0.441291,21.3134,0.594363,0.461812,0.131448,1.72043,0.906759,0.327009,0.236985,0.0527312,0.261021,0.202019,0.281505,0.366788,0.280826,0.648293,0.129802,3.90172,0.300015,,-0.0647274,7.51144,-2.13661,76.6193,-0.0647274,0,-2.3274405896663666,-1.704960823059082,-0.134618,999,,,,,,,69.2,3.46,69.2,3.46,,,,,,,,,,,,,,,,,,,"Deyvison De Los Santos","sa3015168",691277
"Bryce Johnson","SDP",52.169,157.149,140.979,30.467,22.7661,5.80482,0.450439,1.44574,16.016,9.70434,11.2298,0.146928,42.7726,1.95727,0.855672,2.12761,2.66327,5.25234,1.58738,0.216111,0.0714597,0.272179,0.262547,0.281601,0.294441,0.258872,0.576042,0.0783304,5.47026,0.297301,,0.164029,11.6552,-6.91316,66.6598,0.164029,0.58,-6.0457271337509155,-0.547107994556427,-0.1396,999,,,,,,,96.7,1.859615384,96.7,1.859615384,,,,,,,,,,,,,,,,,,,"Bryce Johnson","20002",669369
"Jarred Kelenic","CHW",28.676,102.073,92.7386,19.4266,12.0713,4.31379,0.342409,2.69912,10.4828,9.84666,7.86655,0.316831,29.5881,0.604709,0.679601,0.183535,1.26693,1.8595,0.629754,0.209477,0.0770679,0.289872,0.265869,0.273805,0.350691,0.273217,0.624496,0.141214,4.58481,0.273633,,-0.0195188,8.75915,-3.30156,72.4953,-0.0195188,-0.16,-3.328475160524249,-1.6842730343341827,-0.153424,999,,,,,,,81.2,2.8,81.2,2.8,,,,,,,,,,,,,,,,,,,"Jarred Kelenic","22558",672284
"Jerar Encarnacion","SFG",32.309,121.059,110.976,24.5542,16.1806,4.33119,0.130058,3.9124,12.8939,13.5391,8.24701,0.17381,39.8811,1.01082,0.669224,0.155852,2.22167,0.842941,0.312303,0.221257,0.0681239,0.329435,0.20679,0.279662,0.368392,0.283195,0.648055,0.147135,3.165,0.304219,,-0.126094,11.3692,-2.93489,81.9763,-0.126094,0.01,-2.7121361941099167,-2.866513242945075,-0.158685,999,,,,,,,107.1,3.346875,107.1,3.346875,,,,,,,,,,,,,,,,,,,"Jerar Encarnacion","21871",666464
"Blaine Crim","COL",45.607,178.953,162.479,40.6643,26.792,8.45676,0.30816,5.1074,19.11,21.733,12.8254,0.827103,38.2198,1.9119,1.56016,0.176588,3.34077,0.629301,0.194663,0.250274,0.0716694,0.213574,0.335571,0.309893,0.400419,0.307954,0.710312,0.150144,2.816,0.29456,,-0.22256,20.4036,-0.741089,82.8909,-0.22256,-0.18,-3.851333424448967,-3.8331179022789,-0.177066,999,,,,,,,184.7,4.015217391,184.7,4.015217391,,,,,,,,,,,,,,,,,,,"Blaine Crim","25714",688760
"Ryan Vilade","TBR",44.292,146.996,134.38,29.9867,20.5231,6.07951,0.440926,2.94315,14.315,14.4579,9.84822,0.330616,37.0734,1.35108,1.02203,0.394361,2.62432,2.06525,0.688221,0.223148,0.0669965,0.252207,0.265641,0.280938,0.340656,0.27328,0.621594,0.117508,4.26025,0.283518,,-0.0760272,12.6217,-4.74703,71.9139,-0.0760272,-0.09,-4.941996395587921,-1.9218296706676483,-0.184619,999,,,,,,,113.6,2.581818181,113.6,2.581818181,,,,,,,,,,,,,,,,,,,"Ryan Vilade","22165",668723
"Jac Caglianone","KCR",121.724,495.752,448.228,102.073,64.6746,19.9027,2.41436,15.0816,54.3601,57.689,38.0638,2.04116,117.636,5.93062,2.6819,0.847669,9.91331,3.27521,1.16713,0.227726,0.0767799,0.237289,0.323572,0.295143,0.383844,0.295683,0.678987,0.156118,3.89407,0.273394,,-0.526841,51.5847,-6.99218,85.2123,-0.526841,-3.15,-9.167313992977142,-9.71014928817749,-0.185644,188.75,,,,,,,468.5,3.840163934,468.5,3.840163934,,,,,,,,,,,,,,,,,,,"Jac Caglianone","35041",695506
"Jeimer Candelario","LAA",30.709,118.618,107.59,22.2095,13.6734,4.92894,0.296414,3.31075,11.4972,11.9598,8.65294,0.0864642,33.6036,1.4211,0.824792,0.129433,1.87602,0.901174,0.252102,0.206428,0.0729479,0.283293,0.2575,0.272461,0.350066,0.273654,0.622528,0.143638,3.73855,0.264318,,-0.0792076,10.221,-3.79461,71.8754,-0.0792076,-0.06,-4.011165343225002,-2.034601267427206,-0.200853,999,,,,,,,89.8,2.896774193,89.8,2.896774193,,,,,,,,,,,,,,,,,,,"Jeimer Candelario","13621",600869
"TJ Rumfield","COL",37.502,149.01,135.175,33.2624,22.6417,7.19916,0.394543,3.02701,15.403,16.2863,10.9119,0.389891,29.6173,1.67594,1.06298,0.183985,2.92279,0.896712,0.344689,0.246069,0.0732294,0.19876,0.368431,0.30808,0.372344,0.298247,0.680424,0.126275,3.19655,0.291865,,-0.191814,15.8152,-1.79147,76.2413,-0.191814,0,-4.387790575623512,-3.0865843296051025,-0.257498,999,,,,,,,139.2,3.663157894,139.2,3.663157894,,,,,,,,,,,,,,,,,,,"TJ Rumfield","sa3017330",681198
"Andrés Chaparro","WSN",74.382,279.626,254.208,57.1284,36.6242,11.3957,0.384484,8.72399,26.5288,33.4549,20.273,0.990038,66.1916,2.69713,2.17872,0.268716,4.67393,1.0182,0.30618,0.224731,0.0725005,0.236715,0.306278,0.286724,0.375539,0.288286,0.662263,0.150808,2.42428,0.266733,,-0.308633,27.4167,-5.62326,83.0906,-0.308633,-0.1,-5.91265469789505,-5.963446237146854,-0.263237,999,,,,,,,252.6,3.413513513,252.6,3.413513513,,,,,,,,,,,,,,,,,,,"Andres Chaparro","21797",665953
"Charlie Condon","COL",51.288,201.055,182.901,44.3557,29.233,8.59937,0.86444,5.6589,22.2784,22.9458,13.5116,0.0312259,57.5842,2.99116,1.26351,0.387989,3.49592,1.41917,0.540247,0.242513,0.0672036,0.28641,0.234641,0.303281,0.391801,0.303745,0.695082,0.149288,3.94502,0.320017,,-0.239133,22.2365,-1.51969,80.0076,-0.239133,0,-5.00315922498703,-4.309176921844482,-0.268385,999,,,,,,,201.7,3.95490196,201.7,3.95490196,,,,,,,,,,,,,,,,,,,"Charlie Condon","sa3025257",809707
"Adam Frazier","LAA",60.093,230.851,210.021,47.3267,34.507,8.01059,1.51476,3.29435,22.4147,18.017,14.6957,0.536604,43.5661,2.6028,1.70318,1.82797,3.87673,3.61401,1.362,0.225342,0.0636588,0.18872,0.337319,0.282178,0.324966,0.268115,0.607144,0.0996239,4.90429,0.267083,,-0.173419,18.8537,-8.42311,68.0599,-0.173419,-1.29,-8.863831922411919,-1.7985528111457825,-0.27797,999,,,,,,,174.8,2.913333333,174.8,2.913333333,,,,,,,,,,,,,,,,,,,"Adam Frazier","15223",624428
"Dominic Smith","ATL",61.904,233.459,210.158,50.384,35.2632,9.96322,0.223368,4.93421,23.8546,24.561,17.8172,0.548479,46.8734,3.10279,2.10686,0.274124,4.63746,1.11403,0.343593,0.239743,0.0763184,0.200778,0.380114,0.305783,0.359713,0.29307,0.665496,0.11997,2.81393,0.283252,,-0.285183,23.7969,-3.78812,85.8765,-0.285183,0,-4.193106293678284,-6.518576622009277,-0.301254,999,,,,,,,210.9,3.401612903,210.9,3.401612903,,,,,,,,,,,,,,,,,,,"Dominic Smith","15653",642086
"Abimelec Ortiz","WSN",57.856,231.188,210.308,45.7664,28.7886,9.49577,0.579865,6.90214,21.8164,26.6823,16.5473,0.468059,60.7741,2.23557,1.57204,0.525394,3.68592,1.06221,0.419143,0.217616,0.071575,0.262877,0.272275,0.279842,0.36674,0.282394,0.646583,0.149124,3.10701,0.269509,,-0.270165,21.5615,-5.7551,79.0545,-0.270165,0,-6.0093629360198975,-4.738917350769043,-0.312728,999,,,,,,,204.1,3.518965517,204.1,3.518965517,,,,,,,,,,,,,,,,,,,"Abimelec Ortiz","sa3016926",694673
"Justin Turner",,45.743,167.038,152.196,36.0273,25.2935,7.61774,0.280179,2.83591,16.0855,16.69,10.6672,0.0493196,31.9271,2.42446,1.49086,0.259055,2.84483,0.789009,0.224543,0.236716,0.0638608,0.191137,0.334111,0.294515,0.346349,0.282919,0.640865,0.109634,3.10412,0.279097,,-0.187233,15.6498,-4.087,79.0591,-0.187233,-0.07,-4.321479469537735,-4.4683654978871346,-0.320909,999,,,,,,,141.9,3.084782608,141.9,3.084782608,,,,,,,,,,,,,,,,,,,"Justin Turner","5235",457759
"Troy Johnston","COL",63.896,239.82,219.956,55.155,37.7928,11.5205,0.904139,4.93747,26.8276,25.2792,14.7157,0.653876,48.5969,3.18314,1.48654,0.478094,4.09483,5.5985,1.71822,0.250754,0.0613616,0.202639,0.302813,0.305228,0.378694,0.298659,0.683922,0.12794,4.92544,0.299076,,0.0527169,25.5335,-2.80312,76.5231,0.0527169,-0.07,-6.6202672347426414,-5.259733505547047,-0.399134,746.4299926757812,,,,,,,235.3,3.6765625,235.3,3.6765625,,,,,,,,,,,,,,,,,,,"Troy Johnston","26143",687859
"Carlos Santana","ARI",82.783,339.301,303.642,65.3975,42.8207,13.711,0.454321,8.41143,34.4044,36.4942,30.2151,0.321206,61.4121,1.68034,2.58687,0.465156,6.3431,3.17041,0.709202,0.215377,0.089051,0.180996,0.492005,0.287743,0.34663,0.280319,0.634372,0.131253,3.41578,0.241052,,-0.147479,31.0728,-9.0182,76.6283,-0.147479,0.38,-9.546215385198593,-6.107774376869202,-0.446631,999,,,,,,,274.7,3.309638554,274.7,3.309638554,,,,,,,,,,,,,,,,,,,"Carlos Santana","2396",467793
"Griffin Conine","MIA",86.606,353.501,317.733,66.0868,42.4386,13.2424,0.784855,9.6209,33.4915,37.7845,30.1187,0.732132,116.285,3.25974,1.94086,0.448976,6.27051,0.911791,0.314081,0.207995,0.0852012,0.328953,0.259007,0.28173,0.345452,0.27687,0.627182,0.137458,2.81628,0.291411,,-0.44195,31.3833,-10.3856,73.9087,-0.44195,0.14,-11.373477160930634,-5.987783297896385,-0.57297,999,,,,,,,289.9,3.332183908,289.9,3.332183908,,,,,,,,,,,,,,,,,,,"Griffin Conine","21626",665052